001|CADEIRA GIRATÓRIA|1773|03/05/19|1050,00|117954|904182|31855/19
002|CADEIRA GIRATÓRIA|1773|03/05/19|1050,00|117954|904182|31855/19
003|CADEIRA GIRATÓRIA|1773|03/05/19|1050,00|117954|904182|31855/19
004|CADEIRA GIRATÓRIA|1773|03/05/19|1050,00|117954|904182|31855/19
005|CADEIRA GIRATÓRIA|1773|03/05/19|1050,00|117954|904182|31855/19
006|CADEIRA GIRATÓRIA|1773|03/05/19|1050,00|117954|904182|31855/19
007|CADEIRA GIRATÓRIA|1773|03/05/19|1050,00|117954|904182|31855/19
008|CADEIRA GIRATÓRIA|1773|03/05/19|1050,00|117954|904182|31855/19
009|CADEIRA GIRATÓRIA|1773|03/05/19|1050,00|117954|904182|31855/19
010|CADEIRA GIRATÓRIA|1773|03/05/19|1050,00|117954|904182|31855/19
011|CADEIRA GIRATÓRIA|1773|03/05/19|1050,00|117954|904182|31855/19
012|CADEIRA GIRATÓRIA|1773|03/05/19|1050,00|117954|904182|31855/19
013|CADEIRA GIRATÓRIA|1773|03/05/19|1050,00|117954|904182|31855/19
014|CADEIRA GIRATÓRIA|1773|03/05/19|1050,00|117954|904182|31855/19
015|CADEIRA GIRATÓRIA|1773|03/05/19|1050,00|117954|904182|31855/19
016|CADEIRA GIRATÓRIA|1773|03/05/19|1050,00|117954|904182|31855/19
017|CADEIRA GIRATÓRIA|1773|03/05/19|1050,00|117954|904182|31855/19
018|CADEIRA GIRATÓRIA|1773|03/05/19|1050,00|117954|904182|31855/19
019|CADEIRA GIRATÓRIA|1773|03/05/19|1050,00|117954|904182|31855/19
020|CADEIRA GIRATÓRIA|1773|03/05/19|1050,00|117954|904182|31855/19
021|CADEIRA GIRATÓRIA|1773|03/05/19|1050,00|117954|904182|31855/19
022|CADEIRA GIRATÓRIA|1773|03/05/19|1050,00|117954|904182|31855/19
023|CADEIRA GIRATÓRIA|1773|03/05/19|1050,00|117954|904182|31855/19
024|CADEIRA GIRATÓRIA|1773|03/05/19|1050,00|117954|904182|31855/19
025|CADEIRA GIRATÓRIA|1773|03/05/19|1050,00|117954|904182|31855/19
026|CADEIRA GIRATÓRIA|1773|03/05/19|1050,00|117954|904182|31855/19
027|CADEIRA GIRATÓRIA|1773|03/05/19|1050,00|117954|904182|31855/19
028|CADEIRA GIRATÓRIA|1773|03/05/19|1050,00|117954|904182|31855/19
029|CADEIRA GIRATÓRIA|1773|03/05/19|1050,00|117954|904182|31855/19
030|ARQUIVO DE AÇO 4 GAVETAS|1773|03/05/19|1292,00|117954|904182|31855/19
031|ARQUIVO DE AÇO 4 GAVETAS|1773|03/05/19|1292,00|117954|904182|31855/19
032|ARQUIVO DE AÇO 4 GAVETAS|1773|03/05/19|1292,00|117954|904182|31855/19
033|ARQUIVO DE AÇO 4 GAVETAS|1773|03/05/19|1292,00|117954|904182|31855/19
034|ARQUIVO DE AÇO 4 GAVETAS|1773|03/05/19|1292,00|117954|904182|31855/19
035|ARQUIVO DE AÇO 4 GAVETAS|1773|03/05/19|1292,00|117954|904182|31855/19
036|ARQUIVO DE AÇO 4 GAVETAS|1773|03/05/19|1292,00|117954|904182|31855/19
037|ARQUIVO DE AÇO 4 GAVETAS|1773|03/05/19|1292,00|117954|904182|31855/19
038|ARQUIVO DE AÇO 4 GAVETAS|1773|03/05/19|1292,00|117954|904182|31855/19
039|ARQUIVO DE AÇO 4 GAVETAS|1773|03/05/19|1292,00|117954|904182|31855/19
040|ARQUIVO DE AÇO 4 GAVETAS|1773|03/05/19|1292,00|117954|904182|31855/19
041|ARQUIVO DE AÇO 4 GAVETAS|1773|03/05/19|1292,00|117954|904182|31855/19
042|ARQUIVO DE AÇO 4 GAVETAS|1773|03/05/19|1292,00|117954|904182|31855/19
043|ARQUIVO DE AÇO 4 GAVETAS|1773|03/05/19|1292,00|117954|904182|31855/19
044|ARQUIVO DE AÇO 4 GAVETAS|1773|03/05/19|1292,00|117954|904182|31855/19
045|ARQUIVO DE AÇO 4 GAVETAS|1773|03/05/19|1292,00|117954|904182|31855/19
046|ARQUIVO DE AÇO 4 GAVETAS|1773|03/05/19|1292,00|117954|904182|31855/19
047|ARQUIVO DE AÇO 4 GAVETAS|1773|03/05/19|1292,00|117954|904182|31855/19
048|ARQUIVO DE AÇO 4 GAVETAS|1773|03/05/19|1292,00|117954|904182|31855/19
049|ARQUIVO DE AÇO 4 GAVETAS|1773|03/05/19|1292,00|117954|904182|31855/19
050|ARQUIVO DE AÇO 4 GAVETAS|1773|03/05/19|1292,00|117954|904182|31855/19
051|ARQUIVO DE AÇO 4 GAVETAS|1773|03/05/19|1292,00|117954|904182|31855/19
052|ARQUIVO DE AÇO 4 GAVETAS|1773|03/05/19|1292,00|117954|904182|31855/19
053|ARQUIVO DE AÇO 4 GAVETAS|1773|03/05/19|1292,00|117954|904182|31855/19
054|ARQUIVO DE AÇO 4 GAVETAS|1773|03/05/19|1292,00|117954|904182|31855/19
055|ARQUIVO DE AÇO 4 GAVETAS|1773|03/05/19|1292,00|117954|904182|31855/19
056|ARQUIVO DE AÇO 4 GAVETAS|1773|03/05/19|1292,00|117954|904182|31855/19
057|ARQUIVO DE AÇO 4 GAVETAS|1773|03/05/19|1292,00|117954|904182|31855/19
058|ARQUIVO DE AÇO 4 GAVETAS|1773|03/05/19|1292,00|117954|904182|31855/19
059|ARQUIVO DE AÇO 4 GAVETAS|1773|03/05/19|1292,00|117954|904182|31855/19
060|CAMA EMPILHAVEL|1773|08/01/19|244,00|117905|903965|2144/19
061|CAMA EMPILHAVEL|1773|08/01/19|244,00|117905|903965|2144/19
062|CAMA EMPILHAVEL|1773|08/01/19|244,00|117905|903965|2144/19
063|CAMA EMPILHAVEL|1773|08/01/19|244,00|117905|903965|2144/19
064|CAMA EMPILHAVEL|1773|08/01/19|244,00|117905|903965|2144/19
065|CAMA EMPILHAVEL|1773|08/01/19|244,00|117905|903965|2144/19
066|CAMA EMPILHAVEL|1773|08/01/19|244,00|117905|903965|2144/19
067|CAMA EMPILHAVEL|1773|08/01/19|244,00|117905|903965|2144/19
068|CAMA EMPILHAVEL|1773|08/01/19|244,00|117905|903965|2144/19
069|CAMA EMPILHAVEL|1773|08/01/19|244,00|117905|903965|2144/19
070|CAMA EMPILHAVEL|1773|08/01/19|244,00|117905|903965|2144/19
071|CAMA EMPILHAVEL|1773|08/01/19|244,00|117905|903965|2144/19
072|CAMA EMPILHAVEL|1773|08/01/19|244,00|117905|903965|2144/19
073|CAMA EMPILHAVEL|1773|08/01/19|244,00|117905|903965|2144/19
074|CAMA EMPILHAVEL|1773|08/01/19|244,00|117905|903965|2144/19
075|CAMA EMPILHAVEL|1773|08/01/19|244,00|117905|903965|2144/19
076|CAMA EMPILHAVEL|1773|08/01/19|244,00|117905|903965|2144/19
077|CAMA EMPILHAVEL|1773|08/01/19|244,00|117905|903965|2144/19
078|CAMA EMPILHAVEL|1773|08/01/19|244,00|117905|903965|2144/19
079|CAMA EMPILHAVEL|1773|08/01/19|244,00|117905|903965|2144/19
080|CAMA EMPILHAVEL|1773|08/01/19|244,00|117905|903965|2144/19
081|CAMA EMPILHAVEL|1773|08/01/19|244,00|117905|903965|2144/19
082|CAMA EMPILHAVEL|1773|08/01/19|244,00|117905|903965|2144/19
083|CAMA EMPILHAVEL|1773|08/01/19|244,00|117905|903965|2144/19
084|CAMA EMPILHAVEL|1773|08/01/19|244,00|117905|903965|2144/19
085|CAMA EMPILHAVEL|1773|08/01/19|244,00|117905|903965|2144/19
086|CAMA EMPILHAVEL|1773|08/01/19|244,00|117905|903965|2144/19
087|CAMA EMPILHAVEL|1773|08/01/19|244,00|117905|903965|2144/19
088|CAMA EMPILHAVEL|1773|08/01/19|244,00|117905|903965|2144/19
089|CAMA EMPILHAVEL|1773|08/01/19|244,00|117905|903965|2144/19
090|CAMA EMPILHAVEL|1773|08/01/19|244,00|117905|903965|2144/19
091|CAMA EMPILHAVEL|1773|08/01/19|244,00|117905|903965|2144/19
092|CAMA EMPILHAVEL|1773|08/01/19|244,00|117905|903965|2144/19
093|CAMA EMPILHAVEL|1773|08/01/19|244,00|117905|903965|2144/19
094|CAMA EMPILHAVEL|1773|08/01/19|244,00|117905|903965|2144/19
095|CAMA EMPILHAVEL|1773|08/01/19|244,00|117905|903965|2144/19
096|CAMA EMPILHAVEL|1773|08/01/19|244,00|117905|903965|2144/19
097|CAMA EMPILHAVEL|1773|08/01/19|244,00|117905|903965|2144/19
098|CAMA EMPILHAVEL|1773|08/01/19|244,00|117905|903965|2144/19
099|CAMA EMPILHAVEL|1773|08/01/19|244,00|117905|903965|2144/19
100|CAMA EMPILHAVEL|1773|08/01/19|244,00|117905|903965|2144/19
101|CAMA EMPILHAVEL|1773|08/01/19|244,00|117905|903965|2144/19
102|CAMA EMPILHAVEL|1773|08/01/19|244,00|117905|903965|2144/19
103|CAMA EMPILHAVEL|1773|08/01/19|244,00|117905|903965|2144/19
104|CAMA EMPILHAVEL|1773|08/01/19|244,00|117905|903965|2144/19
105|CAMA EMPILHAVEL|1773|08/01/19|244,00|117905|903965|2144/19
106|CAMA EMPILHAVEL|1773|08/01/19|244,00|117905|903965|2144/19
107|CAMA EMPILHAVEL|1773|08/01/19|244,00|117905|903965|2144/19
108|CAMA EMPILHAVEL|1773|08/01/19|244,00|117905|903965|2144/19
109|CAMA EMPILHAVEL|1773|08/01/19|244,00|117905|903965|2144/19
110|CAMA EMPILHAVEL|1773|08/01/19|244,00|117905|903965|2144/19
111|CAMA EMPILHAVEL|1773|08/01/19|244,00|117905|903965|2144/19
112|CAMA EMPILHAVEL|1773|08/01/19|244,00|117905|903965|2144/19
113|CAMA EMPILHAVEL|1773|08/01/19|244,00|117905|903965|2144/19
114|CAMA EMPILHAVEL|1773|08/01/19|244,00|117905|903965|2144/19
115|CAMA EMPILHAVEL|1773|08/01/19|244,00|117905|903965|2144/19
116|CAMA EMPILHAVEL|1773|08/01/19|244,00|117905|903965|2144/19
117|CAMA EMPILHAVEL|1773|08/01/19|244,00|117905|903965|2144/19
118|CAMA EMPILHAVEL|1773|08/01/19|244,00|117905|903965|2144/19
119|CAMA EMPILHAVEL|1773|08/01/19|244,00|117905|903965|2144/19
120|CAMA EMPILHAVEL|1773|08/01/19|244,00|117905|903965|2144/19
121|CAMA EMPILHAVEL|1773|08/01/19|244,00|117905|903965|2144/19
122|CAMA EMPILHAVEL|1773|08/01/19|244,00|117905|903965|2144/19
123|CAMA EMPILHAVEL|1773|08/01/19|244,00|117905|903965|2144/19
124|CAMA EMPILHAVEL|1773|08/01/19|244,00|117905|903965|2144/19
125|CAMA EMPILHAVEL|1773|08/01/19|244,00|117905|903965|2144/19
126|CAMA EMPILHAVEL|1773|08/01/19|244,00|117905|903965|2144/19
127|CAMA EMPILHAVEL|1773|08/01/19|244,00|117905|903965|2144/19
128|CAMA EMPILHAVEL|1773|08/01/19|244,00|117905|903965|2144/19
129|CAMA EMPILHAVEL|1773|08/01/19|244,00|117905|903965|2144/19
130|CAMA EMPILHAVEL|1773|08/01/19|244,00|117905|903965|2144/19
131|CAMA EMPILHAVEL|1773|08/01/19|244,00|117905|903965|2144/19
132|CAMA EMPILHAVEL|1773|08/01/19|244,00|117905|903965|2144/19
133|CAMA EMPILHAVEL|1773|08/01/19|244,00|117905|903965|2144/19
134|CAMA EMPILHAVEL|1773|08/01/19|244,00|117905|903965|2144/19
135|CAMA EMPILHAVEL|1773|08/01/19|244,00|117905|903965|2144/19
136|CAMA EMPILHAVEL|1773|08/01/19|244,00|117905|903965|2144/19
137|CAMA EMPILHAVEL|1773|08/01/19|244,00|117905|903965|2144/19
138|CAMA EMPILHAVEL|1773|08/01/19|244,00|117905|903965|2144/19
139|CAMA EMPILHAVEL|1773|08/01/19|244,00|117905|903965|2144/19
140|CAMA EMPILHAVEL|1773|08/01/19|244,00|117905|903965|2144/19
141|CAMA EMPILHAVEL|1773|08/01/19|244,00|117905|903965|2144/19
142|CAMA EMPILHAVEL|1773|08/01/19|244,00|117905|903965|2144/19
143|CAMA EMPILHAVEL|1773|08/01/19|244,00|117905|903965|2144/19
144|CAMA EMPILHAVEL|1773|08/01/19|244,00|117905|903965|2144/19
145|CAMA EMPILHAVEL|1773|08/01/19|244,00|117905|903965|2144/19
146|CAMA EMPILHAVEL|1773|08/01/19|244,00|117905|903965|2144/19
147|CAMA EMPILHAVEL|1773|08/01/19|244,00|117905|903965|2144/19
148|CAMA EMPILHAVEL|1773|08/01/19|244,00|117905|903965|2144/19
149|CAMA EMPILHAVEL|1773|08/01/19|244,00|117905|903965|2144/19
150|CAMA EMPILHAVEL|1773|08/01/19|244,00|117905|903965|2144/19
151|CAMA EMPILHAVEL|1773|08/01/19|244,00|117905|903965|2144/19
152|CAMA EMPILHAVEL|1773|08/01/19|244,00|117905|903965|2144/19
153|CAMA EMPILHAVEL|1773|08/01/19|244,00|117905|903965|2144/19
154|CAMA EMPILHAVEL|1773|08/01/19|244,00|117905|903965|2144/19
155|CAMA EMPILHAVEL|1773|08/01/19|244,00|117905|903965|2144/19
156|CAMA EMPILHAVEL|1773|08/01/19|244,00|117905|903965|2144/19
157|CAMA EMPILHAVEL|1773|08/01/19|244,00|117905|903965|2144/19
158|CAMA EMPILHAVEL|1773|08/01/19|244,00|117905|903965|2144/19
159|CAMA EMPILHAVEL|1773|08/01/19|244,00|117905|903965|2144/19
160|CAMA EMPILHAVEL|1773|08/01/19|244,00|117905|903965|2144/19
161|CAMA EMPILHAVEL|1773|08/01/19|244,00|117905|903965|2144/19
162|CAMA EMPILHAVEL|1773|08/01/19|244,00|117905|903965|2144/19
163|CAMA EMPILHAVEL|1773|08/01/19|244,00|117905|903965|2144/19
164|CAMA EMPILHAVEL|1773|08/01/19|244,00|117905|903965|2144/19
165|CAMA EMPILHAVEL|1773|08/01/19|244,00|117905|903965|2144/19
166|CAMA EMPILHAVEL|1773|08/01/19|244,00|117905|903965|2144/19
167|CAMA EMPILHAVEL|1773|08/01/19|244,00|117905|903965|2144/19
168|CAMA EMPILHAVEL|1773|08/01/19|244,00|117905|903965|2144/19
169|CAMA EMPILHAVEL|1773|08/01/19|244,00|117905|903965|2144/19
170|CAMA EMPILHAVEL|1773|08/01/19|244,00|117905|903965|2144/19
171|CAMA EMPILHAVEL|1773|08/01/19|244,00|117905|903965|2144/19
172|CAMA EMPILHAVEL|1773|08/01/19|244,00|117905|903965|2144/19
173|CAMA EMPILHAVEL|1773|08/01/19|244,00|117905|903965|2144/19
174|CAMA EMPILHAVEL|1773|08/01/19|244,00|117905|903965|2144/19
175|CAMA EMPILHAVEL|1773|08/01/19|244,00|117905|903965|2144/19
176|CAMA EMPILHAVEL|1773|08/01/19|244,00|117905|903965|2144/19
177|CAMA EMPILHAVEL|1773|08/01/19|244,00|117905|903965|2144/19
178|CAMA EMPILHAVEL|1773|08/01/19|244,00|117905|903965|2144/19
179|CAMA EMPILHAVEL|1773|08/01/19|244,00|117905|903965|2144/19
180|CAMA EMPILHAVEL|1773|08/01/19|244,00|117905|903965|2144/19
181|CAMA EMPILHAVEL|1773|08/01/19|244,00|117905|903965|2144/19
182|CAMA EMPILHAVEL|1773|08/01/19|244,00|117905|903965|2144/19
183|CAMA EMPILHAVEL|1773|08/01/19|244,00|117905|903965|2144/19
184|CAMA EMPILHAVEL|1773|08/01/19|244,00|117905|903965|2144/19
185|CAMA EMPILHAVEL|1773|08/01/19|244,00|117905|903965|2144/19
186|CAMA EMPILHAVEL|1773|08/01/19|244,00|117905|903965|2144/19
187|CAMA EMPILHAVEL|1773|08/01/19|244,00|117905|903965|2144/19
188|CAMA EMPILHAVEL|1773|08/01/19|244,00|117905|903965|2144/19
189|CAMA EMPILHAVEL|1773|08/01/19|244,00|117905|903965|2144/19
190|CAMA EMPILHAVEL|1773|08/01/19|244,00|117905|903965|2144/19
191|CAMA EMPILHAVEL|1773|08/01/19|244,00|117905|903965|2144/19
192|CAMA EMPILHAVEL|1773|08/01/19|244,00|117905|903965|2144/19
193|CAMA EMPILHAVEL|1773|08/01/19|244,00|117905|903965|2144/19
194|CAMA EMPILHAVEL|1773|08/01/19|244,00|117905|903965|2144/19
195|CAMA EMPILHAVEL|1773|08/01/19|244,00|117905|903965|2144/19
196|CAMA EMPILHAVEL|1773|08/01/19|244,00|117905|903965|2144/19
197|CAMA EMPILHAVEL|1773|08/01/19|244,00|117905|903965|2144/19
198|CAMA EMPILHAVEL|1773|08/01/19|244,00|117905|903965|2144/19
199|CAMA EMPILHAVEL|1773|08/01/19|244,00|117905|903965|2144/19
200|CAMA EMPILHAVEL|1773|08/01/19|244,00|117905|903965|2144/19
201|CAMA EMPILHAVEL|1773|08/01/19|244,00|117905|903965|2144/19
202|CAMA EMPILHAVEL|1773|08/01/19|244,00|117905|903965|2144/19
203|CAMA EMPILHAVEL|1773|08/01/19|244,00|117905|903965|2144/19
204|CAMA EMPILHAVEL|1773|08/01/19|244,00|117905|903965|2144/19
205|CAMA EMPILHAVEL|1773|08/01/19|244,00|117905|903965|2144/19
206|CAMA EMPILHAVEL|1773|08/01/19|244,00|117905|903965|2144/19
207|CAMA EMPILHAVEL|1773|08/01/19|244,00|117905|903965|2144/19
208|CAMA EMPILHAVEL|1773|08/01/19|244,00|117905|903965|2144/19
209|CAMA EMPILHAVEL|1773|08/01/19|244,00|117905|903965|2144/19
210|CAMA EMPILHAVEL|1773|08/01/19|244,00|117905|903965|2144/19
211|CAMA EMPILHAVEL|1773|08/01/19|244,00|117905|903965|2144/19
212|CAMA EMPILHAVEL|1773|08/01/19|244,00|117905|903965|2144/19
213|CAMA EMPILHAVEL|1773|08/01/19|244,00|117905|903965|2144/19
214|CAMA EMPILHAVEL|1773|08/01/19|244,00|117905|903965|2144/19
215|CAMA EMPILHAVEL|1773|08/01/19|244,00|117905|903965|2144/19
216|CAMA EMPILHAVEL|1773|08/01/19|244,00|117905|903965|2144/19
217|CAMA EMPILHAVEL|1773|08/01/19|244,00|117905|903965|2144/19
218|CAMA EMPILHAVEL|1773|08/01/19|244,00|117905|903965|2144/19
219|CAMA EMPILHAVEL|1773|08/01/19|244,00|117905|903965|2144/19
220|CAMA EMPILHAVEL|1773|08/01/19|244,00|117905|903965|2144/19
221|CAMA EMPILHAVEL|1773|08/01/19|244,00|117905|903965|2144/19
222|CAMA EMPILHAVEL|1773|08/01/19|244,00|117905|903965|2144/19
223|CAMA EMPILHAVEL|1773|08/01/19|244,00|117905|903965|2144/19
224|CAMA EMPILHAVEL|1773|08/01/19|244,00|117905|903965|2144/19
225|CAMA EMPILHAVEL|1773|08/01/19|244,00|117905|903965|2144/19
226|CAMA EMPILHAVEL|1773|08/01/19|244,00|117905|903965|2144/19
227|CAMA EMPILHAVEL|1773|08/01/19|244,00|117905|903965|2144/19
228|CAMA EMPILHAVEL|1773|08/01/19|244,00|117905|903965|2144/19
229|CAMA EMPILHAVEL|1773|08/01/19|244,00|117905|903965|2144/19
230|CAMA EMPILHAVEL|1773|08/01/19|244,00|117905|903965|2144/19
231|CAMA EMPILHAVEL|1773|08/01/19|244,00|117905|903965|2144/19
232|CAMA EMPILHAVEL|1773|08/01/19|244,00|117905|903965|2144/19
233|CAMA EMPILHAVEL|1773|08/01/19|244,00|117905|903965|2144/19
234|CAMA EMPILHAVEL|1773|08/01/19|244,00|117905|903965|2144/19
235|CAMA EMPILHAVEL|1773|08/01/19|244,00|117905|903965|2144/19
236|CAMA EMPILHAVEL|1773|08/01/19|244,00|117905|903965|2144/19
237|CAMA EMPILHAVEL|1773|08/01/19|244,00|117905|903965|2144/19
238|CAMA EMPILHAVEL|1773|08/01/19|244,00|117905|903965|2144/19
239|CAMA EMPILHAVEL|1773|08/01/19|244,00|117905|903965|2144/19
240|CAMA EMPILHAVEL|1773|08/01/19|244,00|117905|903965|2144/19
241|CAMA EMPILHAVEL|1773|08/01/19|244,00|117905|903965|2144/19
242|CAMA EMPILHAVEL|1773|08/01/19|244,00|117905|903965|2144/19
243|CAMA EMPILHAVEL|1773|08/01/19|244,00|117905|903965|2144/19
244|CAMA EMPILHAVEL|1773|08/01/19|244,00|117905|903965|2144/19
245|CAMA EMPILHAVEL|1773|08/01/19|244,00|117905|903965|2144/19
246|CAMA EMPILHAVEL|1773|08/01/19|244,00|117905|903965|2144/19
247|CAMA EMPILHAVEL|1773|08/01/19|244,00|117905|903965|2144/19
248|CAMA EMPILHAVEL|1773|08/01/19|244,00|117905|903965|2144/19
249|CAMA EMPILHAVEL|1773|08/01/19|244,00|117905|903965|2144/19
250|CAMA EMPILHAVEL|1773|08/01/19|244,00|117905|903965|2144/19
251|CAMA EMPILHAVEL|1773|08/01/19|244,00|117905|903965|2144/19
252|CAMA EMPILHAVEL|1773|08/01/19|244,00|117905|903965|2144/19
253|CAMA EMPILHAVEL|1773|08/01/19|244,00|117905|903965|2144/19
254|CAMA EMPILHAVEL|1773|08/01/19|244,00|117905|903965|2144/19
255|CAMA EMPILHAVEL|1773|08/01/19|244,00|117905|903965|2144/19
256|CAMA EMPILHAVEL|1773|08/01/19|244,00|117905|903965|2144/19
257|CAMA EMPILHAVEL|1773|08/01/19|244,00|117905|903965|2144/19
258|CAMA EMPILHAVEL|1773|08/01/19|244,00|117905|903965|2144/19
259|CAMA EMPILHAVEL|1773|08/01/19|244,00|117905|903965|2144/19
260|CAMA EMPILHAVEL|1773|08/01/19|244,00|117905|903965|2144/19
261|CAMA EMPILHAVEL|1773|08/01/19|244,00|117905|903965|2144/19
262|CAMA EMPILHAVEL|1773|08/01/19|244,00|117905|903965|2144/19
263|CAMA EMPILHAVEL|1773|08/01/19|244,00|117905|903965|2144/19
264|CAMA EMPILHAVEL|1773|08/01/19|244,00|117905|903965|2144/19
265|CAMA EMPILHAVEL|1773|08/01/19|244,00|117905|903965|2144/19
266|CAMA EMPILHAVEL|1773|08/01/19|244,00|117905|903965|2144/19
267|CAMA EMPILHAVEL|1773|08/01/19|244,00|117905|903965|2144/19
268|CAMA EMPILHAVEL|1773|08/01/19|244,00|117905|903965|2144/19
269|CAMA EMPILHAVEL|1773|08/01/19|244,00|117905|903965|2144/19
270|CAMA EMPILHAVEL|1773|08/01/19|244,00|117905|903965|2144/19
271|CAMA EMPILHAVEL|1773|08/01/19|244,00|117905|903965|2144/19
272|CAMA EMPILHAVEL|1773|08/01/19|244,00|117905|903965|2144/19
273|CAMA EMPILHAVEL|1773|08/01/19|244,00|117905|903965|2144/19
274|CAMA EMPILHAVEL|1773|08/01/19|244,00|117905|903965|2144/19
275|CAMA EMPILHAVEL|1773|08/01/19|244,00|117905|903965|2144/19
276|CAMA EMPILHAVEL|1773|08/01/19|244,00|117905|903965|2144/19
277|CAMA EMPILHAVEL|1773|08/01/19|244,00|117905|903965|2144/19
278|CAMA EMPILHAVEL|1773|08/01/19|244,00|117905|903965|2144/19
279|CAMA EMPILHAVEL|1773|08/01/19|244,00|117905|903965|2144/19
280|CAMA EMPILHAVEL|1773|08/01/19|244,00|117905|903965|2144/19
281|CAMA EMPILHAVEL|1773|08/01/19|244,00|117905|903965|2144/19
282|CAMA EMPILHAVEL|1773|08/01/19|244,00|117905|903965|2144/19
283|CAMA EMPILHAVEL|1773|08/01/19|244,00|117905|903965|2144/19
284|CAMA EMPILHAVEL|1773|08/01/19|244,00|117905|903965|2144/19
285|CAMA EMPILHAVEL|1773|08/01/19|244,00|117905|903965|2144/19
286|CAMA EMPILHAVEL|1773|08/01/19|244,00|117905|903965|2144/19
287|CAMA EMPILHAVEL|1773|08/01/19|244,00|117905|903965|2144/19
288|CAMA EMPILHAVEL|1773|08/01/19|244,00|117905|903965|2144/19
289|CAMA EMPILHAVEL|1773|08/01/19|244,00|117905|903965|2144/19
290|CAMA EMPILHAVEL|1773|08/01/19|244,00|117905|903965|2144/19
291|CAMA EMPILHAVEL|1773|08/01/19|244,00|117905|903965|2144/19
292|CAMA EMPILHAVEL|1773|08/01/19|244,00|117905|903965|2144/19
293|CAMA EMPILHAVEL|1773|08/01/19|244,00|117905|903965|2144/19
294|CAMA EMPILHAVEL|1773|08/01/19|244,00|117905|903965|2144/19
295|CAMA EMPILHAVEL|1773|08/01/19|244,00|117905|903965|2144/19
296|CAMA EMPILHAVEL|1773|08/01/19|244,00|117905|903965|2144/19
297|CAMA EMPILHAVEL|1773|08/01/19|244,00|117905|903965|2144/19
298|CAMA EMPILHAVEL|1773|08/01/19|244,00|117905|903965|2144/19
299|CAMA EMPILHAVEL|1773|08/01/19|244,00|117905|903965|2144/19
300|CAMA EMPILHAVEL|1773|08/01/19|244,00|117905|903965|2144/19
301|CAMA EMPILHAVEL|1773|08/01/19|244,00|117905|903965|2144/19
302|CAMA EMPILHAVEL|1773|08/01/19|244,00|117905|903965|2144/19
303|CAMA EMPILHAVEL|1773|08/01/19|244,00|117905|903965|2144/19
304|CAMA EMPILHAVEL|1773|08/01/19|244,00|117905|903965|2144/19
305|CAMA EMPILHAVEL|1773|08/01/19|244,00|117905|903965|2144/19
306|CAMA EMPILHAVEL|1773|08/01/19|244,00|117905|903965|2144/19
307|CAMA EMPILHAVEL|1773|08/01/19|244,00|117905|903965|2144/19
308|CAMA EMPILHAVEL|1773|08/01/19|244,00|117905|903965|2144/19
309|CAMA EMPILHAVEL|1773|08/01/19|244,00|117905|903965|2144/19
310|CAMA EMPILHAVEL|1773|08/01/19|244,00|117905|903965|2144/19
311|CAMA EMPILHAVEL|1773|08/01/19|244,00|117905|903965|2144/19
312|CAMA EMPILHAVEL|1773|08/01/19|244,00|117905|903965|2144/19
313|CAMA EMPILHAVEL|1773|08/01/19|244,00|117905|903965|2144/19
314|CAMA EMPILHAVEL|1773|08/01/19|244,00|117905|903965|2144/19
315|CAMA EMPILHAVEL|1773|08/01/19|244,00|117905|903965|2144/19
316|CAMA EMPILHAVEL|1773|08/01/19|244,00|117905|903965|2144/19
317|CAMA EMPILHAVEL|1773|08/01/19|244,00|117905|903965|2144/19
318|CAMA EMPILHAVEL|1773|08/01/19|244,00|117905|903965|2144/19
319|CAMA EMPILHAVEL|1773|08/01/19|244,00|117905|903965|2144/19
320|CAMA EMPILHAVEL|1773|08/01/19|244,00|117905|903965|2144/19
321|CAMA EMPILHAVEL|1773|08/01/19|244,00|117905|903965|2144/19
322|CAMA EMPILHAVEL|1773|08/01/19|244,00|117905|903965|2144/19
323|CAMA EMPILHAVEL|1773|08/01/19|244,00|117905|903965|2144/19
324|CAMA EMPILHAVEL|1773|08/01/19|244,00|117905|903965|2144/19
325|CAMA EMPILHAVEL|1773|08/01/19|244,00|117905|903965|2144/19
326|CAMA EMPILHAVEL|1773|08/01/19|244,00|117905|903965|2144/19
327|CAMA EMPILHAVEL|1773|08/01/19|244,00|117905|903965|2144/19
328|CAMA EMPILHAVEL|1773|08/01/19|244,00|117905|903965|2144/19
329|CAMA EMPILHAVEL|1773|08/01/19|244,00|117905|903965|2144/19
330|CAMA EMPILHAVEL|1773|08/01/19|244,00|117905|903965|2144/19
331|CAMA EMPILHAVEL|1773|08/01/19|244,00|117905|903965|2144/19
332|CAMA EMPILHAVEL|1773|08/01/19|244,00|117905|903965|2144/19
333|CAMA EMPILHAVEL|1773|08/01/19|244,00|117905|903965|2144/19
334|CAMA EMPILHAVEL|1773|08/01/19|244,00|117905|903965|2144/19
335|CAMA EMPILHAVEL|1773|08/01/19|244,00|117905|903965|2144/19
336|CAMA EMPILHAVEL|1773|08/01/19|244,00|117905|903965|2144/19
337|CAMA EMPILHAVEL|1773|08/01/19|244,00|117905|903965|2144/19
338|CAMA EMPILHAVEL|1773|08/01/19|244,00|117905|903965|2144/19
339|CAMA EMPILHAVEL|1773|08/01/19|244,00|117905|903965|2144/19
340|CAMA EMPILHAVEL|1773|08/01/19|244,00|117905|903965|2144/19
341|CAMA EMPILHAVEL|1773|08/01/19|244,00|117905|903965|2144/19
342|CAMA EMPILHAVEL|1773|08/01/19|244,00|117905|903965|2144/19
343|CAMA EMPILHAVEL|1773|08/01/19|244,00|117905|903965|2144/19
344|CAMA EMPILHAVEL|1773|08/01/19|244,00|117905|903965|2144/19
345|CAMA EMPILHAVEL|1773|08/01/19|244,00|117905|903965|2144/19
346|CAMA EMPILHAVEL|1773|08/01/19|244,00|117905|903965|2144/19
347|CAMA EMPILHAVEL|1773|08/01/19|244,00|117905|903965|2144/19
348|CAMA EMPILHAVEL|1773|08/01/19|244,00|117905|903965|2144/19
349|CAMA EMPILHAVEL|1773|08/01/19|244,00|117905|903965|2144/19
350|CAMA EMPILHAVEL|1773|08/01/19|244,00|117905|903965|2144/19
351|CAMA EMPILHAVEL|1773|08/01/19|244,00|117905|903965|2144/19
352|CAMA EMPILHAVEL|1773|08/01/19|244,00|117905|903965|2144/19
353|CAMA EMPILHAVEL|1773|08/01/19|244,00|117905|903965|2144/19
354|CAMA EMPILHAVEL|1773|08/01/19|244,00|117905|903965|2144/19
355|CAMA EMPILHAVEL|1773|08/01/19|244,00|117905|903965|2144/19
356|CAMA EMPILHAVEL|1773|08/01/19|244,00|117905|903965|2144/19
357|CAMA EMPILHAVEL|1773|08/01/19|244,00|117905|903965|2144/19
358|CAMA EMPILHAVEL|1773|08/01/19|244,00|117905|903965|2144/19
359|CAMA EMPILHAVEL|1773|08/01/19|244,00|117905|903965|2144/19
360|CAMA EMPILHAVEL|1773|08/01/19|244,00|117905|903965|2144/19
361|CAMA EMPILHAVEL|1773|08/01/19|244,00|117905|903965|2144/19
362|CAMA EMPILHAVEL|1773|08/01/19|244,00|117905|903965|2144/19
363|CAMA EMPILHAVEL|1773|08/01/19|244,00|117905|903965|2144/19
364|CAMA EMPILHAVEL|1773|08/01/19|244,00|117905|903965|2144/19
365|CAMA EMPILHAVEL|1773|08/01/19|244,00|117905|903965|2144/19
366|CAMA EMPILHAVEL|1773|08/01/19|244,00|117905|903965|2144/19
367|CAMA EMPILHAVEL|1773|08/01/19|244,00|117905|903965|2144/19
368|CAMA EMPILHAVEL|1773|08/01/19|244,00|117905|903965|2144/19
369|CAMA EMPILHAVEL|1773|08/01/19|244,00|117905|903965|2144/19
370|CAMA EMPILHAVEL|1773|08/01/19|244,00|117905|903965|2144/19
371|CAMA EMPILHAVEL|1773|08/01/19|244,00|117905|903965|2144/19
372|CAMA EMPILHAVEL|1773|08/01/19|244,00|117905|903965|2144/19
373|CAMA EMPILHAVEL|1773|08/01/19|244,00|117905|903965|2144/19
374|CAMA EMPILHAVEL|1773|08/01/19|244,00|117905|903965|2144/19
375|CAMA EMPILHAVEL|1773|08/01/19|244,00|117905|903965|2144/19
376|CAMA EMPILHAVEL|1773|08/01/19|244,00|117905|903965|2144/19
377|CAMA EMPILHAVEL|1773|08/01/19|244,00|117905|903965|2144/19
378|CAMA EMPILHAVEL|1773|08/01/19|244,00|117905|903965|2144/19
379|CAMA EMPILHAVEL|1773|08/01/19|244,00|117905|903965|2144/19
380|CAMA EMPILHAVEL|1773|08/01/19|244,00|117905|903965|2144/19
381|CAMA EMPILHAVEL|1773|08/01/19|244,00|117905|903965|2144/19
382|CAMA EMPILHAVEL|1773|08/01/19|244,00|117905|903965|2144/19
383|CAMA EMPILHAVEL|1773|08/01/19|244,00|117905|903965|2144/19
384|CAMA EMPILHAVEL|1773|08/01/19|244,00|117905|903965|2144/19
385|CAMA EMPILHAVEL|1773|08/01/19|244,00|117905|903965|2144/19
386|CAMA EMPILHAVEL|1773|08/01/19|244,00|117905|903965|2144/19
387|CAMA EMPILHAVEL|1773|08/01/19|244,00|117905|903965|2144/19
388|CAMA EMPILHAVEL|1773|08/01/19|244,00|117905|903965|2144/19
389|CAMA EMPILHAVEL|1773|08/01/19|244,00|117905|903965|2144/19
390|CAMA EMPILHAVEL|1773|08/01/19|244,00|117905|903965|2144/19
391|CAMA EMPILHAVEL|1773|08/01/19|244,00|117905|903965|2144/19
392|CAMA EMPILHAVEL|1773|08/01/19|244,00|117905|903965|2144/19
393|CAMA EMPILHAVEL|1773|08/01/19|244,00|117905|903965|2144/19
394|CAMA EMPILHAVEL|1773|08/01/19|244,00|117905|903965|2144/19
395|CAMA EMPILHAVEL|1773|08/01/19|244,00|117905|903965|2144/19
396|CAMA EMPILHAVEL|1773|08/01/19|244,00|117905|903965|2144/19
397|CAMA EMPILHAVEL|1773|08/01/19|244,00|117905|903965|2144/19
398|CAMA EMPILHAVEL|1773|08/01/19|244,00|117905|903965|2144/19
399|CAMA EMPILHAVEL|1773|08/01/19|244,00|117905|903965|2144/19
400|CAMA EMPILHAVEL|1773|08/01/19|244,00|117905|903965|2144/19
401|CAMA EMPILHAVEL|1773|08/01/19|244,00|117905|903965|2144/19
402|CAMA EMPILHAVEL|1773|08/01/19|244,00|117905|903965|2144/19
403|CAMA EMPILHAVEL|1773|08/01/19|244,00|117905|903965|2144/19
404|CAMA EMPILHAVEL|1773|08/01/19|244,00|117905|903965|2144/19
405|CAMA EMPILHAVEL|1773|08/01/19|244,00|117905|903965|2144/19
406|CAMA EMPILHAVEL|1773|08/01/19|244,00|117905|903965|2144/19
407|CAMA EMPILHAVEL|1773|08/01/19|244,00|117905|903965|2144/19
408|CAMA EMPILHAVEL|1773|08/01/19|244,00|117905|903965|2144/19
409|CAMA EMPILHAVEL|1773|08/01/19|244,00|117905|903965|2144/19
410|CAMA EMPILHAVEL|1773|08/01/19|244,00|117905|903965|2144/19
411|CAMA EMPILHAVEL|1773|08/01/19|244,00|117905|903965|2144/19
412|CAMA EMPILHAVEL|1773|08/01/19|244,00|117905|903965|2144/19
413|CAMA EMPILHAVEL|1773|08/01/19|244,00|117905|903965|2144/19
414|CAMA EMPILHAVEL|1773|08/01/19|244,00|117905|903965|2144/19
415|CAMA EMPILHAVEL|1773|08/01/19|244,00|117905|903965|2144/19
416|CAMA EMPILHAVEL|1773|08/01/19|244,00|117905|903965|2144/19
417|CAMA EMPILHAVEL|1773|08/01/19|244,00|117905|903965|2144/19
418|CAMA EMPILHAVEL|1773|08/01/19|244,00|117905|903965|2144/19
419|CAMA EMPILHAVEL|1773|08/01/19|244,00|117905|903965|2144/19
420|CAMA EMPILHAVEL|1773|08/01/19|244,00|117905|903965|2144/19
421|CAMA EMPILHAVEL|1773|08/01/19|244,00|117905|903965|2144/19
422|CAMA EMPILHAVEL|1773|08/01/19|244,00|117905|903965|2144/19
423|CAMA EMPILHAVEL|1773|08/01/19|244,00|117905|903965|2144/19
424|CAMA EMPILHAVEL|1773|08/01/19|244,00|117905|903965|2144/19
425|CAMA EMPILHAVEL|1773|08/01/19|244,00|117905|903965|2144/19
426|CAMA EMPILHAVEL|1773|08/01/19|244,00|117905|903965|2144/19
427|CAMA EMPILHAVEL|1773|08/01/19|244,00|117905|903965|2144/19
428|CAMA EMPILHAVEL|1773|08/01/19|244,00|117905|903965|2144/19
429|CAMA EMPILHAVEL|1773|08/01/19|244,00|117905|903965|2144/19
430|CAMA EMPILHAVEL|1773|08/01/19|244,00|117905|903965|2144/19
431|CAMA EMPILHAVEL|1773|08/01/19|244,00|117905|903965|2144/19
432|CAMA EMPILHAVEL|1773|08/01/19|244,00|117905|903965|2144/19
433|CAMA EMPILHAVEL|1773|08/01/19|244,00|117905|903965|2144/19
434|CAMA EMPILHAVEL|1773|08/01/19|244,00|117905|903965|2144/19
435|MESA DE ALIMENTAÇÃO|1773|08/01/19|726,00|117904|903955|2144/19
436|MESA DE ALIMENTAÇÃO|1773|08/01/19|726,00|117904|903955|2144/19
437|MESA DE ALIMENTAÇÃO|1773|08/01/19|726,00|117904|903955|2144/19
438|MESA DE ALIMENTAÇÃO|1773|08/01/19|726,00|117904|903955|2144/19
439|MESA DE ALIMENTAÇÃO|1773|08/01/19|726,00|117904|903955|2144/19
440|MESA DE ALIMENTAÇÃO|1773|08/01/19|726,00|117904|903955|2144/19
441|MESA DE ALIMENTAÇÃO|1773|08/01/19|726,00|117904|903955|2144/19
442|MESA DE ALIMENTAÇÃO|1773|08/01/19|726,00|117904|903955|2144/19
443|MESA DE ALIMENTAÇÃO|1773|08/01/19|726,00|117904|903955|2144/19
444|MESA DE ALIMENTAÇÃO|1773|08/01/19|726,00|117904|903955|2144/19
445|MESA DE ALIMENTAÇÃO|1773|08/01/19|726,00|117904|903955|2144/19
446|MESA DE ALIMENTAÇÃO|1773|08/01/19|726,00|117904|903955|2144/19
447|MESA DE ALIMENTAÇÃO|1773|08/01/19|726,00|117904|903955|2144/19
448|MESA DE ALIMENTAÇÃO|1773|08/01/19|726,00|117904|903955|2144/19
449|MESA DE ALIMENTAÇÃO|1773|08/01/19|726,00|117904|903955|2144/19
450|MESA DE ALIMENTAÇÃO|1773|08/01/19|726,00|117904|903955|2144/19
451|MESA DE ALIMENTAÇÃO|1773|08/01/19|726,00|117904|903955|2144/19
452|MESA DE ALIMENTAÇÃO|1773|08/01/19|726,00|117904|903955|2144/19
453|MESA DE ALIMENTAÇÃO|1773|08/01/19|726,00|117904|903955|2144/19
454|MESA DE ALIMENTAÇÃO|1773|08/01/19|726,00|117904|903955|2144/19
455|MESA DE ALIMENTAÇÃO|1773|08/01/19|726,00|117904|903955|2144/19
456|MESA DE ALIMENTAÇÃO|1773|08/01/19|726,00|117904|903955|2144/19
457|MESA DE ALIMENTAÇÃO|1773|08/01/19|726,00|117904|903955|2144/19
458|MESA DE ALIMENTAÇÃO|1773|08/01/19|726,00|117904|903955|2144/19
459|MESA DE ALIMENTAÇÃO|1773|08/01/19|726,00|117904|903955|2144/19
460|MESA DE ALIMENTAÇÃO|1773|08/01/19|726,00|117904|903955|2144/19
461|MESA DE ALIMENTAÇÃO|1773|08/01/19|726,00|117904|903955|2144/19
462|MESA DE ALIMENTAÇÃO|1773|08/01/19|726,00|117904|903955|2144/19
463|MESA DE ALIMENTAÇÃO|1773|08/01/19|726,00|117904|903955|2144/19
464|MESA DE ALIMENTAÇÃO|1773|08/01/19|726,00|117904|903955|2144/19
465|MESA DE ALIMENTAÇÃO|1773|08/01/19|726,00|117904|903955|2144/19
466|MESA DE ALIMENTAÇÃO|1773|08/01/19|726,00|117904|903955|2144/19
467|MESA DE ALIMENTAÇÃO|1773|08/01/19|726,00|117904|903955|2144/19
468|MESA DE ALIMENTAÇÃO|1773|08/01/19|726,00|117904|903955|2144/19
469|MESA DE ALIMENTAÇÃO|1773|08/01/19|726,00|117904|903955|2144/19
470|MESA DE ALIMENTAÇÃO|1773|08/01/19|726,00|117904|903955|2144/19
471|MESA DE ALIMENTAÇÃO|1773|08/01/19|726,00|117904|903955|2144/19
472|MESA DE ALIMENTAÇÃO|1773|08/01/19|726,00|117904|903955|2144/19
473|MESA DE ALIMENTAÇÃO|1773|08/01/19|726,00|117904|903955|2144/19
474|MESA DE ALIMENTAÇÃO|1773|08/01/19|726,00|117904|903955|2144/19
475|MESA DE ALIMENTAÇÃO|1773|08/01/19|726,00|117904|903955|2144/19
476|MESA DE ALIMENTAÇÃO|1773|08/01/19|726,00|117904|903955|2144/19
477|MESA DE ALIMENTAÇÃO|1773|08/01/19|726,00|117904|903955|2144/19
478|MESA DE ALIMENTAÇÃO|1773|08/01/19|726,00|117904|903955|2144/19
479|MESA DE ALIMENTAÇÃO|1773|08/01/19|726,00|117904|903955|2144/19
480|MESA DE ALIMENTAÇÃO|1773|08/01/19|726,00|117904|903955|2144/19
481|MESA DE ALIMENTAÇÃO|1773|08/01/19|726,00|117904|903955|2144/19
482|MESA DE ALIMENTAÇÃO|1773|08/01/19|726,00|117904|903955|2144/19
483|MESA DE ALIMENTAÇÃO|1773|08/01/19|726,00|117904|903955|2144/19
484|MESA DE ALIMENTAÇÃO|1773|08/01/19|726,00|117904|903955|2144/19
485|MESA DE ALIMENTAÇÃO|1773|08/01/19|726,00|117904|903955|2144/19
486|MESA DE ALIMENTAÇÃO|1773|08/01/19|726,00|117904|903955|2144/19
487|MESA DE ALIMENTAÇÃO|1773|08/01/19|726,00|117904|903955|2144/19
488|MESA DE ALIMENTAÇÃO|1773|08/01/19|726,00|117904|903955|2144/19
489|MESA DE ALIMENTAÇÃO|1773|08/01/19|726,00|117904|903955|2144/19
490|MESA DE ALIMENTAÇÃO|1773|08/01/19|726,00|117904|903955|2144/19
491|MESA DE ALIMENTAÇÃO|1773|08/01/19|726,00|117904|903955|2144/19
492|MESA DE ALIMENTAÇÃO|1773|08/01/19|726,00|117904|903955|2144/19
493|MESA DE ALIMENTAÇÃO|1773|08/01/19|726,00|117904|903955|2144/19
494|MESA DE ALIMENTAÇÃO|1773|08/01/19|726,00|117904|903955|2144/19
495|MESA DE ALIMENTAÇÃO|1773|08/01/19|726,00|117904|903955|2144/19
496|MESA DE ALIMENTAÇÃO|1773|08/01/19|726,00|117904|903955|2144/19
497|MESA DE ALIMENTAÇÃO|1773|08/01/19|726,00|117904|903955|2144/19
498|MESA DE ALIMENTAÇÃO|1773|08/01/19|726,00|117904|903955|2144/19
499|MESA DE ALIMENTAÇÃO|1773|08/01/19|726,00|117904|903955|2144/19
500|MESA DE ALIMENTAÇÃO|1773|08/01/19|726,00|117904|903955|2144/19
501|MESA DE ALIMENTAÇÃO|1773|08/01/19|726,00|117904|903955|2144/19
502|MESA DE ALIMENTAÇÃO|1773|08/01/19|726,00|117904|903955|2144/19
503|MESA DE ALIMENTAÇÃO|1773|08/01/19|726,00|117904|903955|2144/19
504|MESA DE ALIMENTAÇÃO|1773|08/01/19|726,00|117904|903955|2144/19
505|MESA DE ALIMENTAÇÃO|1773|08/01/19|726,00|117904|903955|2144/19
506|MESA DE ALIMENTAÇÃO|1773|08/01/19|726,00|117904|903955|2144/19
507|MESA DE ALIMENTAÇÃO|1773|08/01/19|726,00|117904|903955|2144/19
508|MESA DE ALIMENTAÇÃO|1773|08/01/19|726,00|117904|903955|2144/19
509|MESA DE ALIMENTAÇÃO|1773|08/01/19|726,00|117904|903955|2144/19
510|MESA DE ALIMENTAÇÃO|1773|08/01/19|726,00|117904|903955|2144/19
511|CADEIRA DE ALUNO|1773|03/09/19|97,00|118197|907098|3802/19
512|CADEIRA DE ALUNO|1773|03/09/19|97,00|118197|907098|3802/19
513|CADEIRA DE ALUNO|1773|03/09/19|97,00|118197|907098|3802/19
514|CADEIRA DE ALUNO|1773|03/09/19|97,00|118197|907098|3802/19
515|CADEIRA DE ALUNO|1773|03/09/19|97,00|118197|907098|3802/19
516|CADEIRA DE ALUNO|1773|03/09/19|97,00|118197|907098|3802/19
517|CADEIRA DE ALUNO|1773|03/09/19|97,00|118197|907098|3802/19
518|CADEIRA DE ALUNO|1773|03/09/19|97,00|118197|907098|3802/19
519|CADEIRA DE ALUNO|1773|03/09/19|97,00|118197|907098|3802/19
520|CADEIRA DE ALUNO|1773|03/09/19|97,00|118197|907098|3802/19
521|CADEIRA DE ALUNO|1773|03/09/19|97,00|118197|907098|3802/19
522|CADEIRA DE ALUNO|1773|03/09/19|97,00|118197|907098|3802/19
523|CADEIRA DE ALUNO|1773|03/09/19|97,00|118197|907098|3802/19
524|CADEIRA DE ALUNO|1773|03/09/19|97,00|118197|907098|3802/19
525|CADEIRA DE ALUNO|1773|03/09/19|97,00|118197|907098|3802/19
526|CADEIRA DE ALUNO|1773|03/09/19|97,00|118197|907098|3802/19
527|CADEIRA DE ALUNO|1773|03/09/19|97,00|118197|907098|3802/19
528|CADEIRA DE ALUNO|1773|03/09/19|97,00|118197|907098|3802/19
529|CADEIRA DE ALUNO|1773|03/09/19|97,00|118197|907098|3802/19
530|CADEIRA DE ALUNO|1773|03/09/19|97,00|118197|907098|3802/19
531|CADEIRA DE ALUNO|1773|03/09/19|97,00|118197|907098|3802/19
532|CADEIRA DE ALUNO|1773|03/09/19|97,00|118197|907098|3802/19
533|CADEIRA DE ALUNO|1773|03/09/19|97,00|118197|907098|3802/19
534|CADEIRA DE ALUNO|1773|03/09/19|97,00|118197|907098|3802/19
535|CADEIRA DE ALUNO|1773|03/09/19|97,00|118197|907098|3802/19
536|CADEIRA DE ALUNO|1773|03/09/19|97,00|118197|907098|3802/19
537|CADEIRA DE ALUNO|1773|03/09/19|97,00|118197|907098|3802/19
538|CADEIRA DE ALUNO|1773|03/09/19|97,00|118197|907098|3802/19
539|CADEIRA DE ALUNO|1773|03/09/19|97,00|118197|907098|3802/19
540|CADEIRA DE ALUNO|1773|03/09/19|97,00|118197|907098|3802/19
541|CADEIRA DE ALUNO|1773|03/09/19|97,00|118197|907098|3802/19
542|CADEIRA DE ALUNO|1773|03/09/19|97,00|118197|907098|3802/19
543|CADEIRA DE ALUNO|1773|03/09/19|97,00|118197|907098|3802/19
544|CADEIRA DE ALUNO|1773|03/09/19|97,00|118197|907098|3802/19
545|CADEIRA DE ALUNO|1773|03/09/19|97,00|118197|907098|3802/19
546|CADEIRA DE ALUNO|1773|03/09/19|97,00|118197|907098|3802/19
547|CADEIRA DE ALUNO|1773|03/09/19|97,00|118197|907098|3802/19
548|CADEIRA DE ALUNO|1773|03/09/19|97,00|118197|907098|3802/19
549|CADEIRA DE ALUNO|1773|03/09/19|97,00|118197|907098|3802/19
550|CADEIRA DE ALUNO|1773|03/09/19|97,00|118197|907098|3802/19
551|CADEIRA DE ALUNO|1773|03/09/19|97,00|118197|907098|3802/19
552|CADEIRA DE ALUNO|1773|03/09/19|97,00|118197|907098|3802/19
553|CADEIRA DE ALUNO|1773|03/09/19|97,00|118197|907098|3802/19
554|CADEIRA DE ALUNO|1773|03/09/19|97,00|118197|907098|3802/19
555|CADEIRA DE ALUNO|1773|03/09/19|97,00|118197|907098|3802/19
556|CADEIRA DE ALUNO|1773|03/09/19|97,00|118197|907098|3802/19
557|CADEIRA DE ALUNO|1773|03/09/19|97,00|118197|907098|3802/19
558|CADEIRA DE ALUNO|1773|03/09/19|97,00|118197|907098|3802/19
559|CADEIRA DE ALUNO|1773|03/09/19|97,00|118197|907098|3802/19
560|CADEIRA DE ALUNO|1773|03/09/19|97,00|118197|907098|3802/19
561|CADEIRA DE ALUNO|1773|03/09/19|97,00|118197|907098|3802/19
562|CADEIRA DE ALUNO|1773|03/09/19|97,00|118197|907098|3802/19
563|CADEIRA DE ALUNO|1773|03/09/19|97,00|118197|907098|3802/19
564|CADEIRA DE ALUNO|1773|03/09/19|97,00|118197|907098|3802/19
565|CADEIRA DE ALUNO|1773|03/09/19|97,00|118197|907098|3802/19
566|CADEIRA DE ALUNO|1773|03/09/19|97,00|118197|907098|3802/19
567|CADEIRA DE ALUNO|1773|03/09/19|97,00|118197|907098|3802/19
568|CADEIRA DE ALUNO|1773|03/09/19|97,00|118197|907098|3802/19
569|CADEIRA DE ALUNO|1773|03/09/19|97,00|118197|907098|3802/19
570|CADEIRA DE ALUNO|1773|03/09/19|97,00|118197|907098|3802/19
571|CADEIRA DE ALUNO|1773|03/09/19|97,00|118197|907098|3802/19
572|CADEIRA DE ALUNO|1773|03/09/19|97,00|118197|907098|3802/19
573|CADEIRA DE ALUNO|1773|03/09/19|97,00|118197|907098|3802/19
574|CADEIRA DE ALUNO|1773|03/09/19|97,00|118197|907098|3802/19
575|CADEIRA DE ALUNO|1773|03/09/19|97,00|118197|907098|3802/19
576|CADEIRA DE ALUNO|1773|03/09/19|97,00|118197|907098|3802/19
577|CADEIRA DE ALUNO|1773|03/09/19|97,00|118197|907098|3802/19
578|CADEIRA DE ALUNO|1773|03/09/19|97,00|118197|907098|3802/19
579|CADEIRA DE ALUNO|1773|03/09/19|97,00|118197|907098|3802/19
580|CADEIRA DE ALUNO|1773|03/09/19|97,00|118197|907098|3802/19
581|CADEIRA DE ALUNO|1773|03/09/19|97,00|118197|907098|3802/19
582|CADEIRA DE ALUNO|1773|03/09/19|97,00|118197|907098|3802/19
583|CADEIRA DE ALUNO|1773|03/09/19|97,00|118197|907098|3802/19
584|CADEIRA DE ALUNO|1773|03/09/19|97,00|118197|907098|3802/19
585|CADEIRA DE ALUNO|1773|03/09/19|97,00|118197|907098|3802/19
586|CADEIRA DE ALUNO|1773|03/09/19|97,00|118197|907098|3802/19
587|CADEIRA DE ALUNO|1773|03/09/19|97,00|118197|907098|3802/19
588|CADEIRA DE ALUNO|1773|03/09/19|97,00|118197|907098|3802/19
589|CADEIRA DE ALUNO|1773|03/09/19|97,00|118197|907098|3802/19
590|CADEIRA DE ALUNO|1773|03/09/19|97,00|118197|907098|3802/19
591|CADEIRA DE ALUNO|1773|03/09/19|97,00|118197|907098|3802/19
592|CADEIRA DE ALUNO|1773|03/09/19|97,00|118197|907098|3802/19
593|CADEIRA DE ALUNO|1773|03/09/19|97,00|118197|907098|3802/19
594|CADEIRA DE ALUNO|1773|03/09/19|97,00|118197|907098|3802/19
595|CADEIRA DE ALUNO|1773|03/09/19|97,00|118197|907098|3802/19
596|CADEIRA DE ALUNO|1773|03/09/19|97,00|118197|907098|3802/19
597|CADEIRA DE ALUNO|1773|03/09/19|97,00|118197|907098|3802/19
598|CADEIRA DE ALUNO|1773|03/09/19|97,00|118197|907098|3802/19
599|CADEIRA DE ALUNO|1773|03/09/19|97,00|118197|907098|3802/19
600|CADEIRA DE ALUNO|1773|03/09/19|97,00|118197|907098|3802/19
601|CADEIRA DE ALUNO|1773|03/09/19|97,00|118197|907098|3802/19
602|CADEIRA DE ALUNO|1773|03/09/19|97,00|118197|907098|3802/19
603|CADEIRA DE ALUNO|1773|03/09/19|97,00|118197|907098|3802/19
604|CADEIRA DE ALUNO|1773|03/09/19|97,00|118197|907098|3802/19
605|CADEIRA DE ALUNO|1773|03/09/19|97,00|118197|907098|3802/19
606|CADEIRA DE ALUNO|1773|03/09/19|97,00|118197|907098|3802/19
607|CADEIRA DE ALUNO|1773|03/09/19|97,00|118197|907098|3802/19
608|CADEIRA DE ALUNO|1773|03/09/19|97,00|118197|907098|3802/19
609|CADEIRA DE ALUNO|1773|03/09/19|97,00|118197|907098|3802/19
610|CADEIRA DE ALUNO|1773|03/09/19|97,00|118197|907098|3802/19
611|CADEIRA DE ALUNO|1773|03/09/19|97,00|118197|907098|3802/19
612|CADEIRA DE ALUNO|1773|03/09/19|97,00|118197|907098|3802/19
613|CADEIRA DE ALUNO|1773|03/09/19|97,00|118197|907098|3802/19
614|CADEIRA DE ALUNO|1773|03/09/19|97,00|118197|907098|3802/19
615|CADEIRA DE ALUNO|1773|03/09/19|97,00|118197|907098|3802/19
616|CADEIRA DE ALUNO|1773|03/09/19|97,00|118197|907098|3802/19
617|CADEIRA DE ALUNO|1773|03/09/19|97,00|118197|907098|3802/19
618|CADEIRA DE ALUNO|1773|03/09/19|97,00|118197|907098|3802/19
619|CADEIRA DE ALUNO|1773|03/09/19|97,00|118197|907098|3802/19
620|CADEIRA DE ALUNO|1773|03/09/19|97,00|118197|907098|3802/19
621|CADEIRA DE ALUNO|1773|03/09/19|97,00|118197|907098|3802/19
622|CADEIRA DE ALUNO|1773|03/09/19|97,00|118197|907098|3802/19
623|CADEIRA DE ALUNO|1773|03/09/19|97,00|118197|907098|3802/19
624|CADEIRA DE ALUNO|1773|03/09/19|97,00|118197|907098|3802/19
625|CADEIRA DE ALUNO|1773|03/09/19|97,00|118197|907098|3802/19
626|CADEIRA DE ALUNO|1773|03/09/19|97,00|118197|907098|3802/19
627|CADEIRA DE ALUNO|1773|03/09/19|97,00|118197|907098|3802/19
628|CADEIRA DE ALUNO|1773|03/09/19|97,00|118197|907098|3802/19
629|CADEIRA DE ALUNO|1773|03/09/19|97,00|118197|907098|3802/19
630|CADEIRA DE ALUNO|1773|03/09/19|97,00|118197|907098|3802/19
631|CADEIRA DE ALUNO|1773|03/09/19|97,00|118197|907098|3802/19
632|CADEIRA DE ALUNO|1773|03/09/19|97,00|118197|907098|3802/19
633|CADEIRA DE ALUNO|1773|03/09/19|97,00|118197|907098|3802/19
634|CADEIRA DE ALUNO|1773|03/09/19|97,00|118197|907098|3802/19
635|CADEIRA DE ALUNO|1773|03/09/19|97,00|118197|907098|3802/19
636|CADEIRA DE ALUNO|1773|03/09/19|97,00|118197|907098|3802/19
637|CADEIRA DE ALUNO|1773|03/09/19|97,00|118197|907098|3802/19
638|CADEIRA DE ALUNO|1773|03/09/19|97,00|118197|907098|3802/19
639|CADEIRA DE ALUNO|1773|03/09/19|97,00|118197|907098|3802/19
640|CADEIRA DE ALUNO|1773|03/09/19|97,00|118197|907098|3802/19
641|CADEIRA DE ALUNO|1773|03/09/19|97,00|118197|907098|3802/19
642|CADEIRA DE ALUNO|1773|03/09/19|97,00|118197|907098|3802/19
643|CADEIRA DE ALUNO|1773|03/09/19|97,00|118197|907098|3802/19
644|CADEIRA DE ALUNO|1773|03/09/19|97,00|118197|907098|3802/19
645|CADEIRA DE ALUNO|1773|03/09/19|97,00|118197|907098|3802/19
646|CADEIRA DE ALUNO|1773|03/09/19|97,00|118197|907098|3802/19
647|CADEIRA DE ALUNO|1773|03/09/19|97,00|118197|907098|3802/19
648|CADEIRA DE ALUNO|1773|03/09/19|97,00|118197|907098|3802/19
649|CADEIRA DE ALUNO|1773|03/09/19|97,00|118197|907098|3802/19
650|CADEIRA DE ALUNO|1773|03/09/19|97,00|118197|907098|3802/19
651|CADEIRA DE ALUNO|1773|03/09/19|97,00|118197|907098|3802/19
652|CADEIRA DE ALUNO|1773|03/09/19|97,00|118197|907098|3802/19
653|CADEIRA DE ALUNO|1773|03/09/19|97,00|118197|907098|3802/19
654|CADEIRA DE ALUNO|1773|03/09/19|97,00|118197|907098|3802/19
655|CADEIRA DE ALUNO|1773|03/09/19|97,00|118197|907098|3802/19
656|CADEIRA DE ALUNO|1773|03/09/19|97,00|118197|907098|3802/19
657|CADEIRA DE ALUNO|1773|03/09/19|97,00|118197|907098|3802/19
658|CADEIRA DE ALUNO|1773|03/09/19|97,00|118197|907098|3802/19
659|CADEIRA DE ALUNO|1773|03/09/19|97,00|118197|907098|3802/19
660|CADEIRA DE ALUNO|1773|03/09/19|97,00|118197|907098|3802/19
661|CADEIRA DE ALUNO|1773|03/09/19|97,00|118197|907098|3802/19
662|CADEIRA DE ALUNO|1773|03/09/19|97,00|118197|907098|3802/19
663|CADEIRA DE ALUNO|1773|03/09/19|97,00|118197|907098|3802/19
664|CADEIRA DE ALUNO|1773|03/09/19|97,00|118197|907098|3802/19
665|CADEIRA DE ALUNO|1773|03/09/19|97,00|118197|907098|3802/19
666|CADEIRA DE ALUNO|1773|03/09/19|97,00|118197|907098|3802/19
667|CADEIRA DE ALUNO|1773|03/09/19|97,00|118197|907098|3802/19
668|CADEIRA DE ALUNO|1773|03/09/19|97,00|118197|907098|3802/19
669|CADEIRA DE ALUNO|1773|03/09/19|97,00|118197|907098|3802/19
670|CADEIRA DE ALUNO|1773|03/09/19|97,00|118197|907098|3802/19
671|CADEIRA DE ALUNO|1773|03/09/19|97,00|118197|907098|3802/19
672|CADEIRA DE ALUNO|1773|03/09/19|97,00|118197|907098|3802/19
673|CADEIRA DE ALUNO|1773|03/09/19|97,00|118197|907098|3802/19
674|CADEIRA DE ALUNO|1773|03/09/19|97,00|118197|907098|3802/19
675|CADEIRA DE ALUNO|1773|03/09/19|97,00|118197|907098|3802/19
676|CADEIRA DE ALUNO|1773|03/09/19|97,00|118197|907098|3802/19
677|CADEIRA DE ALUNO|1773|03/09/19|97,00|118197|907098|3802/19
678|CADEIRA DE ALUNO|1773|03/09/19|97,00|118197|907098|3802/19
679|CADEIRA DE ALUNO|1773|03/09/19|97,00|118197|907098|3802/19
680|CADEIRA DE ALUNO|1773|03/09/19|97,00|118197|907098|3802/19
681|CADEIRA DE ALUNO|1773|03/09/19|97,00|118197|907098|3802/19
682|CADEIRA DE ALUNO|1773|03/09/19|97,00|118197|907098|3802/19
683|CADEIRA DE ALUNO|1773|03/09/19|97,00|118197|907098|3802/19
684|CADEIRA DE ALUNO|1773|03/09/19|97,00|118197|907098|3802/19
685|CADEIRA DE ALUNO|1773|03/09/19|97,00|118197|907098|3802/19
686|CADEIRA DE ALUNO|1773|03/09/19|97,00|118197|907098|3802/19
687|CADEIRA DE ALUNO|1773|03/09/19|97,00|118197|907098|3802/19
688|CADEIRA DE ALUNO|1773|03/09/19|97,00|118197|907098|3802/19
689|CADEIRA DE ALUNO|1773|03/09/19|97,00|118197|907098|3802/19
690|CADEIRA DE ALUNO|1773|03/09/19|97,00|118197|907098|3802/19
691|CADEIRA DE ALUNO|1773|03/09/19|97,00|118197|907098|3802/19
692|CADEIRA DE ALUNO|1773|03/09/19|97,00|118197|907098|3802/19
693|CADEIRA DE ALUNO|1773|03/09/19|97,00|118197|907098|3802/19
694|CADEIRA DE ALUNO|1773|03/09/19|97,00|118197|907098|3802/19
695|CADEIRA DE ALUNO|1773|03/09/19|97,00|118197|907098|3802/19
696|CADEIRA DE ALUNO|1773|03/09/19|97,00|118197|907098|3802/19
697|CADEIRA DE ALUNO|1773|03/09/19|97,00|118197|907098|3802/19
698|CADEIRA DE ALUNO|1773|03/09/19|97,00|118197|907098|3802/19
699|CADEIRA DE ALUNO|1773|03/09/19|97,00|118197|907098|3802/19
700|CADEIRA DE ALUNO|1773|03/09/19|97,00|118197|907098|3802/19
701|CADEIRA DE ALUNO|1773|03/09/19|97,00|118197|907098|3802/19
702|CADEIRA DE ALUNO|1773|03/09/19|97,00|118197|907098|3802/19
703|CADEIRA DE ALUNO|1773|03/09/19|97,00|118197|907098|3802/19
704|CADEIRA DE ALUNO|1773|03/09/19|97,00|118197|907098|3802/19
705|CADEIRA DE ALUNO|1773|03/09/19|97,00|118197|907098|3802/19
706|CADEIRA DE ALUNO|1773|03/09/19|97,00|118197|907098|3802/19
707|CADEIRA DE ALUNO|1773|03/09/19|97,00|118197|907098|3802/19
708|CADEIRA DE ALUNO|1773|03/09/19|97,00|118197|907098|3802/19
709|CADEIRA DE ALUNO|1773|03/09/19|97,00|118197|907098|3802/19
710|CADEIRA DE ALUNO|1773|03/09/19|97,00|118197|907098|3802/19
711|CADEIRA DE ALUNO|1773|03/09/19|97,00|118197|907098|3802/19
712|CADEIRA DE ALUNO|1773|03/09/19|97,00|118197|907098|3802/19
713|CADEIRA DE ALUNO|1773|03/09/19|97,00|118197|907098|3802/19
714|CADEIRA DE ALUNO|1773|03/09/19|97,00|118197|907098|3802/19
715|CADEIRA DE ALUNO|1773|03/09/19|97,00|118197|907098|3802/19
716|CADEIRA DE ALUNO|1773|03/09/19|97,00|118197|907098|3802/19
717|CADEIRA DE ALUNO|1773|03/09/19|97,00|118197|907098|3802/19
718|CADEIRA DE ALUNO|1773|03/09/19|97,00|118197|907098|3802/19
719|CADEIRA DE ALUNO|1773|03/09/19|97,00|118197|907098|3802/19
720|CADEIRA DE ALUNO|1773|03/09/19|97,00|118197|907098|3802/19
721|CADEIRA DE ALUNO|1773|03/09/19|97,00|118197|907098|3802/19
722|CADEIRA DE ALUNO|1773|03/09/19|97,00|118197|907098|3802/19
723|CADEIRA DE ALUNO|1773|03/09/19|97,00|118197|907098|3802/19
724|CADEIRA DE ALUNO|1773|03/09/19|97,00|118197|907098|3802/19
725|CADEIRA DE ALUNO|1773|03/09/19|97,00|118197|907098|3802/19
726|CADEIRA DE ALUNO|1773|03/09/19|97,00|118197|907098|3802/19
727|CADEIRA DE ALUNO|1773|03/09/19|97,00|118197|907098|3802/19
728|CADEIRA DE ALUNO|1773|03/09/19|97,00|118197|907098|3802/19
729|CADEIRA DE ALUNO|1773|03/09/19|97,00|118197|907098|3802/19
730|CADEIRA DE ALUNO|1773|03/09/19|97,00|118197|907098|3802/19
731|CADEIRA DE ALUNO|1773|03/09/19|97,00|118197|907098|3802/19
732|CADEIRA DE ALUNO|1773|03/09/19|97,00|118197|907098|3802/19
733|CADEIRA DE ALUNO|1773|03/09/19|97,00|118197|907098|3802/19
734|CADEIRA DE ALUNO|1773|03/09/19|97,00|118197|907098|3802/19
735|CADEIRA DE ALUNO|1773|03/09/19|97,00|118197|907098|3802/19
736|CADEIRA DE ALUNO|1773|03/09/19|97,00|118197|907098|3802/19
737|CADEIRA DE ALUNO|1773|03/09/19|97,00|118197|907098|3802/19
738|CADEIRA DE ALUNO|1773|03/09/19|97,00|118197|907098|3802/19
739|CADEIRA DE ALUNO|1773|03/09/19|97,00|118197|907098|3802/19
740|CADEIRA DE ALUNO|1773|03/09/19|97,00|118197|907098|3802/19
741|CADEIRA DE ALUNO|1773|03/09/19|97,00|118197|907098|3802/19
742|CADEIRA DE ALUNO|1773|03/09/19|97,00|118197|907098|3802/19
743|CADEIRA DE ALUNO|1773|03/09/19|97,00|118197|907098|3802/19
744|CADEIRA DE ALUNO|1773|03/09/19|97,00|118197|907098|3802/19
745|CADEIRA DE ALUNO|1773|03/09/19|97,00|118197|907098|3802/19
746|CADEIRA DE ALUNO|1773|03/09/19|97,00|118197|907098|3802/19
747|CADEIRA DE ALUNO|1773|03/09/19|97,00|118197|907098|3802/19
748|CADEIRA DE ALUNO|1773|03/09/19|97,00|118197|907098|3802/19
749|CADEIRA DE ALUNO|1773|03/09/19|97,00|118197|907098|3802/19
750|CADEIRA DE ALUNO|1773|03/09/19|97,00|118197|907098|3802/19
751|CADEIRA DE ALUNO|1773|03/09/19|97,00|118197|907098|3802/19
752|CADEIRA DE ALUNO|1773|03/09/19|97,00|118197|907098|3802/19
753|CADEIRA DE ALUNO|1773|03/09/19|97,00|118197|907098|3802/19
754|CADEIRA DE ALUNO|1773|03/09/19|97,00|118197|907098|3802/19
755|CADEIRA DE ALUNO|1773|03/09/19|97,00|118197|907098|3802/19
756|CADEIRA DE ALUNO|1773|03/09/19|97,00|118197|907098|3802/19
757|CADEIRA DE ALUNO|1773|03/09/19|97,00|118197|907098|3802/19
758|CADEIRA DE ALUNO|1773|03/09/19|97,00|118197|907098|3802/19
759|CADEIRA DE ALUNO|1773|03/09/19|97,00|118197|907098|3802/19
760|CADEIRA DE ALUNO|1773|03/09/19|97,00|118197|907098|3802/19
761|CADEIRA DE ALUNO|1773|03/09/19|97,00|118197|907098|3802/19
762|CADEIRA DE ALUNO|1773|03/09/19|97,00|118197|907098|3802/19
763|CADEIRA DE ALUNO|1773|03/09/19|97,00|118197|907098|3802/19
764|CADEIRA DE ALUNO|1773|03/09/19|97,00|118197|907098|3802/19
765|CADEIRA DE ALUNO|1773|03/09/19|97,00|118197|907098|3802/19
766|CADEIRA DE ALUNO|1773|03/09/19|97,00|118197|907098|3802/19
767|CADEIRA DE ALUNO|1773|03/09/19|97,00|118197|907098|3802/19
768|CADEIRA DE ALUNO|1773|03/09/19|97,00|118197|907098|3802/19
769|CADEIRA DE ALUNO|1773|03/09/19|97,00|118197|907098|3802/19
770|CADEIRA DE ALUNO|1773|03/09/19|97,00|118197|907098|3802/19
771|CADEIRA DE ALUNO|1773|03/09/19|97,00|118197|907098|3802/19
772|CADEIRA DE ALUNO|1773|03/09/19|97,00|118197|907098|3802/19
773|CADEIRA DE ALUNO|1773|03/09/19|97,00|118197|907098|3802/19
774|CADEIRA DE ALUNO|1773|03/09/19|97,00|118197|907098|3802/19
775|CADEIRA DE ALUNO|1773|03/09/19|97,00|118197|907098|3802/19
776|CADEIRA DE ALUNO|1773|03/09/19|97,00|118197|907098|3802/19
777|CADEIRA DE ALUNO|1773|03/09/19|97,00|118197|907098|3802/19
778|CADEIRA DE ALUNO|1773|03/09/19|97,00|118197|907098|3802/19
779|CADEIRA DE ALUNO|1773|03/09/19|97,00|118197|907098|3802/19
780|CADEIRA DE ALUNO|1773|03/09/19|97,00|118197|907098|3802/19
781|CADEIRA DE ALUNO|1773|03/09/19|97,00|118197|907098|3802/19
782|CADEIRA DE ALUNO|1773|03/09/19|97,00|118197|907098|3802/19
783|CADEIRA DE ALUNO|1773|03/09/19|97,00|118197|907098|3802/19
784|CADEIRA DE ALUNO|1773|03/09/19|97,00|118197|907098|3802/19
785|CADEIRA DE ALUNO|1773|03/09/19|97,00|118197|907098|3802/19
786|CADEIRA DE ALUNO|1773|03/09/19|97,00|118197|907098|3802/19
787|CADEIRA DE ALUNO|1773|03/09/19|97,00|118197|907098|3802/19
788|CADEIRA DE ALUNO|1773|03/09/19|97,00|118197|907098|3802/19
789|CADEIRA DE ALUNO|1773|03/09/19|97,00|118197|907098|3802/19
790|CADEIRA DE ALUNO|1773|03/09/19|97,00|118197|907098|3802/19
791|CADEIRA DE ALUNO|1773|03/09/19|97,00|118197|907098|3802/19
792|CADEIRA DE ALUNO|1773|03/09/19|97,00|118197|907098|3802/19
793|CADEIRA DE ALUNO|1773|03/09/19|97,00|118197|907098|3802/19
794|CADEIRA DE ALUNO|1773|03/09/19|97,00|118197|907098|3802/19
795|CADEIRA DE ALUNO|1773|03/09/19|97,00|118197|907098|3802/19
796|CADEIRA DE ALUNO|1773|03/09/19|97,00|118197|907098|3802/19
797|CADEIRA DE ALUNO|1773|03/09/19|97,00|118197|907098|3802/19
798|CADEIRA DE ALUNO|1773|03/09/19|97,00|118197|907098|3802/19
799|CADEIRA DE ALUNO|1773|03/09/19|97,00|118197|907098|3802/19
800|CADEIRA DE ALUNO|1773|03/09/19|97,00|118197|907098|3802/19
801|CADEIRA DE ALUNO|1773|03/09/19|97,00|118197|907098|3802/19
802|CADEIRA DE ALUNO|1773|03/09/19|97,00|118197|907098|3802/19
803|CADEIRA DE ALUNO|1773|03/09/19|97,00|118197|907098|3802/19
804|CADEIRA DE ALUNO|1773|03/09/19|97,00|118197|907098|3802/19
805|CADEIRA DE ALUNO|1773|03/09/19|97,00|118197|907098|3802/19
806|CADEIRA DE ALUNO|1773|03/09/19|97,00|118197|907098|3802/19
807|CADEIRA DE ALUNO|1773|03/09/19|97,00|118197|907098|3802/19
808|CADEIRA DE ALUNO|1773|03/09/19|97,00|118197|907098|3802/19
809|CADEIRA DE ALUNO|1773|03/09/19|97,00|118197|907098|3802/19
810|CADEIRA DE ALUNO|1773|03/09/19|97,00|118197|907098|3802/19
811|CADEIRA DE ALUNO|1773|03/09/19|97,00|118197|907098|3802/19
812|CADEIRA DE ALUNO|1773|03/09/19|97,00|118197|907098|3802/19
813|CADEIRA DE ALUNO|1773|03/09/19|97,00|118197|907098|3802/19
814|CADEIRA DE ALUNO|1773|03/09/19|97,00|118197|907098|3802/19
815|CADEIRA DE ALUNO|1773|03/09/19|97,00|118197|907098|3802/19
816|CADEIRA DE ALUNO|1773|03/09/19|97,00|118197|907098|3802/19
817|CADEIRA DE ALUNO|1773|03/09/19|97,00|118197|907098|3802/19
818|CADEIRA DE ALUNO|1773|03/09/19|97,00|118197|907098|3802/19
819|CADEIRA DE ALUNO|1773|03/09/19|97,00|118197|907098|3802/19
820|CADEIRA DE ALUNO|1773|03/09/19|97,00|118197|907098|3802/19
821|CADEIRA DE ALUNO|1773|03/09/19|97,00|118197|907098|3802/19
822|CADEIRA DE ALUNO|1773|03/09/19|97,00|118197|907098|3802/19
823|CADEIRA DE ALUNO|1773|03/09/19|97,00|118197|907098|3802/19
824|CADEIRA DE ALUNO|1773|03/09/19|97,00|118197|907098|3802/19
825|CADEIRA DE ALUNO|1773|03/09/19|97,00|118197|907098|3802/19
826|CADEIRA DE ALUNO|1773|03/09/19|97,00|118197|907098|3802/19
827|CADEIRA DE ALUNO|1773|03/09/19|97,00|118197|907098|3802/19
828|CADEIRA DE ALUNO|1773|03/09/19|97,00|118197|907098|3802/19
829|CADEIRA DE ALUNO|1773|03/09/19|97,00|118197|907098|3802/19
830|CADEIRA DE ALUNO|1773|03/09/19|97,00|118197|907098|3802/19
831|CADEIRA DE ALUNO|1773|03/09/19|97,00|118197|907098|3802/19
832|CADEIRA DE ALUNO|1773|03/09/19|97,00|118197|907098|3802/19
833|CADEIRA DE ALUNO|1773|03/09/19|97,00|118197|907098|3802/19
834|CADEIRA DE ALUNO|1773|03/09/19|97,00|118197|907098|3802/19
835|CADEIRA DE ALUNO|1773|03/09/19|97,00|118197|907098|3802/19
836|CADEIRA DE ALUNO|1773|03/09/19|97,00|118197|907098|3802/19
837|CADEIRA DE ALUNO|1773|03/09/19|97,00|118197|907098|3802/19
838|CADEIRA DE ALUNO|1773|03/09/19|97,00|118197|907098|3802/19
839|CADEIRA DE ALUNO|1773|03/09/19|97,00|118197|907098|3802/19
840|CADEIRA DE ALUNO|1773|03/09/19|97,00|118197|907098|3802/19
841|CADEIRA DE ALUNO|1773|03/09/19|97,00|118197|907098|3802/19
842|CADEIRA DE ALUNO|1773|03/09/19|97,00|118197|907098|3802/19
843|CADEIRA DE ALUNO|1773|03/09/19|97,00|118197|907098|3802/19
844|CADEIRA DE ALUNO|1773|03/09/19|97,00|118197|907098|3802/19
845|CADEIRA DE ALUNO|1773|03/09/19|97,00|118197|907098|3802/19
846|CADEIRA DE ALUNO|1773|03/09/19|97,00|118197|907098|3802/19
847|CADEIRA DE ALUNO|1773|03/09/19|97,00|118197|907098|3802/19
848|CADEIRA DE ALUNO|1773|03/09/19|97,00|118197|907098|3802/19
849|CADEIRA DE ALUNO|1773|03/09/19|97,00|118197|907098|3802/19
850|CADEIRA DE ALUNO|1773|03/09/19|97,00|118197|907098|3802/19
851|CADEIRA DE ALUNO|1773|03/09/19|97,00|118197|907098|3802/19
852|CADEIRA DE ALUNO|1773|03/09/19|97,00|118197|907098|3802/19
853|CADEIRA DE ALUNO|1773|03/09/19|97,00|118197|907098|3802/19
854|CADEIRA DE ALUNO|1773|03/09/19|97,00|118197|907098|3802/19
855|CADEIRA DE ALUNO|1773|03/09/19|97,00|118197|907098|3802/19
856|CADEIRA DE ALUNO|1773|03/09/19|97,00|118197|907098|3802/19
857|CADEIRA DE ALUNO|1773|03/09/19|97,00|118197|907098|3802/19
858|CADEIRA DE ALUNO|1773|03/09/19|97,00|118197|907098|3802/19
859|CADEIRA DE ALUNO|1773|03/09/19|97,00|118197|907098|3802/19
860|CADEIRA DE ALUNO|1773|03/09/19|97,00|118197|907098|3802/19
861|CADEIRA DE ALUNO|1773|03/09/19|97,00|118197|907098|3802/19
862|CADEIRA DE ALUNO|1773|03/09/19|97,00|118197|907098|3802/19
863|CADEIRA DE ALUNO|1773|03/09/19|97,00|118197|907098|3802/19
864|CADEIRA DE ALUNO|1773|03/09/19|97,00|118197|907098|3802/19
865|CADEIRA DE ALUNO|1773|03/09/19|97,00|118197|907098|3802/19
866|CADEIRA DE ALUNO|1773|03/09/19|97,00|118197|907098|3802/19
867|CADEIRA DE ALUNO|1773|03/09/19|97,00|118197|907098|3802/19
868|CADEIRA DE ALUNO|1773|03/09/19|97,00|118197|907098|3802/19
869|CADEIRA DE ALUNO|1773|03/09/19|97,00|118197|907098|3802/19
870|CADEIRA DE ALUNO|1773|03/09/19|97,00|118197|907098|3802/19
871|CADEIRA DE ALUNO|1773|03/09/19|97,00|118197|907098|3802/19
872|CADEIRA DE ALUNO|1773|03/09/19|97,00|118197|907098|3802/19
873|CADEIRA DE ALUNO|1773|03/09/19|97,00|118197|907098|3802/19
874|CADEIRA DE ALUNO|1773|03/09/19|97,00|118197|907098|3802/19
875|CADEIRA DE ALUNO|1773|03/09/19|97,00|118197|907098|3802/19
876|CADEIRA DE ALUNO|1773|03/09/19|97,00|118197|907098|3802/19
877|CADEIRA DE ALUNO|1773|03/09/19|97,00|118197|907098|3802/19
878|CADEIRA DE ALUNO|1773|03/09/19|97,00|118197|907098|3802/19
879|CADEIRA DE ALUNO|1773|03/09/19|97,00|118197|907098|3802/19
880|CADEIRA DE ALUNO|1773|03/09/19|97,00|118197|907098|3802/19
881|CADEIRA DE ALUNO|1773|03/09/19|97,00|118197|907098|3802/19
882|CADEIRA DE ALUNO|1773|03/09/19|97,00|118197|907098|3802/19
883|CADEIRA DE ALUNO|1773|03/09/19|97,00|118197|907098|3802/19
884|CADEIRA DE ALUNO|1773|03/09/19|97,00|118197|907098|3802/19
885|CADEIRA DE ALUNO|1773|03/09/19|97,00|118197|907098|3802/19
886|CADEIRA DE ALUNO|1773|03/09/19|97,00|118197|907098|3802/19
887|CADEIRA DE ALUNO|1773|03/09/19|97,00|118197|907098|3802/19
888|CADEIRA DE ALUNO|1773|03/09/19|97,00|118197|907098|3802/19
889|CADEIRA DE ALUNO|1773|03/09/19|97,00|118197|907098|3802/19
890|CADEIRA DE ALUNO|1773|03/09/19|97,00|118197|907098|3802/19
891|CADEIRA DE ALUNO|1773|03/09/19|97,00|118197|907098|3802/19
892|CADEIRA DE ALUNO|1773|03/09/19|97,00|118197|907098|3802/19
893|CADEIRA DE ALUNO|1773|03/09/19|97,00|118197|907098|3802/19
894|CADEIRA DE ALUNO|1773|03/09/19|97,00|118197|907098|3802/19
895|CADEIRA DE ALUNO|1773|03/09/19|97,00|118197|907098|3802/19
896|CADEIRA DE ALUNO|1773|03/09/19|97,00|118197|907098|3802/19
897|CADEIRA DE ALUNO|1773|03/09/19|97,00|118197|907098|3802/19
898|CADEIRA DE ALUNO|1773|03/09/19|97,00|118197|907098|3802/19
899|CADEIRA DE ALUNO|1773|03/09/19|97,00|118197|907098|3802/19
900|CADEIRA DE ALUNO|1773|03/09/19|97,00|118197|907098|3802/19
901|CADEIRA DE ALUNO|1773|03/09/19|97,00|118197|907098|3802/19
902|CADEIRA DE ALUNO|1773|03/09/19|97,00|118197|907098|3802/19
903|CADEIRA DE ALUNO|1773|03/09/19|97,00|118197|907098|3802/19
904|CADEIRA DE ALUNO|1773|03/09/19|97,00|118197|907098|3802/19
905|CADEIRA DE ALUNO|1773|03/09/19|97,00|118197|907098|3802/19
906|CADEIRA DE ALUNO|1773|03/09/19|97,00|118197|907098|3802/19
907|CADEIRA DE ALUNO|1773|03/09/19|97,00|118197|907098|3802/19
908|CADEIRA DE ALUNO|1773|03/09/19|97,00|118197|907098|3802/19
909|CADEIRA DE ALUNO|1773|03/09/19|97,00|118197|907098|3802/19
910|CADEIRA DE ALUNO|1773|03/09/19|97,00|118197|907098|3802/19
911|CADEIRA DE ALUNO|1773|03/09/19|97,00|118197|907098|3802/19
912|CADEIRA DE ALUNO|1773|03/09/19|97,00|118197|907098|3802/19
913|CADEIRA DE ALUNO|1773|03/09/19|97,00|118197|907098|3802/19
914|CADEIRA DE ALUNO|1773|03/09/19|97,00|118197|907098|3802/19
915|CADEIRA DE ALUNO|1773|03/09/19|97,00|118197|907098|3802/19
916|CADEIRA DE ALUNO|1773|03/09/19|97,00|118197|907098|3802/19
917|CADEIRA DE ALUNO|1773|03/09/19|97,00|118197|907098|3802/19
918|CADEIRA DE ALUNO|1773|03/09/19|97,00|118197|907098|3802/19
919|CADEIRA DE ALUNO|1773|03/09/19|97,00|118197|907098|3802/19
920|CADEIRA DE ALUNO|1773|03/09/19|97,00|118197|907098|3802/19
921|CADEIRA DE ALUNO|1773|03/09/19|97,00|118197|907098|3802/19
922|CADEIRA DE ALUNO|1773|03/09/19|97,00|118197|907098|3802/19
923|CADEIRA DE ALUNO|1773|03/09/19|97,00|118197|907098|3802/19
924|CADEIRA DE ALUNO|1773|03/09/19|97,00|118197|907098|3802/19
925|CADEIRA DE ALUNO|1773|03/09/19|97,00|118197|907098|3802/19
926|CADEIRA DE ALUNO|1773|03/09/19|97,00|118197|907098|3802/19
927|CADEIRA DE ALUNO|1773|03/09/19|97,00|118197|907098|3802/19
928|CADEIRA DE ALUNO|1773|03/09/19|97,00|118197|907098|3802/19
929|CADEIRA DE ALUNO|1773|03/09/19|97,00|118197|907098|3802/19
930|CADEIRA DE ALUNO|1773|03/09/19|97,00|118197|907098|3802/19
931|CADEIRA DE ALUNO|1773|03/09/19|97,00|118197|907098|3802/19
932|CADEIRA DE ALUNO|1773|03/09/19|97,00|118197|907098|3802/19
933|CADEIRA DE ALUNO|1773|03/09/19|97,00|118197|907098|3802/19
934|CADEIRA DE ALUNO|1773|03/09/19|97,00|118197|907098|3802/19
935|CADEIRA DE ALUNO|1773|03/09/19|97,00|118197|907098|3802/19
936|CADEIRA DE ALUNO|1773|03/09/19|97,00|118197|907098|3802/19
937|CADEIRA DE ALUNO|1773|03/09/19|97,00|118197|907098|3802/19
938|CADEIRA DE ALUNO|1773|03/09/19|97,00|118197|907098|3802/19
939|CADEIRA DE ALUNO|1773|03/09/19|97,00|118197|907098|3802/19
940|CADEIRA DE ALUNO|1773|03/09/19|97,00|118197|907098|3802/19
941|CADEIRA DE ALUNO|1773|03/09/19|97,00|118197|907098|3802/19
942|CADEIRA DE ALUNO|1773|03/09/19|97,00|118197|907098|3802/19
943|CADEIRA DE ALUNO|1773|03/09/19|97,00|118197|907098|3802/19
944|CADEIRA DE ALUNO|1773|03/09/19|97,00|118197|907098|3802/19
945|CADEIRA DE ALUNO|1773|03/09/19|97,00|118197|907098|3802/19
946|CADEIRA DE ALUNO|1773|03/09/19|97,00|118197|907098|3802/19
947|CADEIRA DE ALUNO|1773|03/09/19|97,00|118197|907098|3802/19
948|CADEIRA DE ALUNO|1773|03/09/19|97,00|118197|907098|3802/19
949|CADEIRA DE ALUNO|1773|03/09/19|97,00|118197|907098|3802/19
950|CADEIRA DE ALUNO|1773|03/09/19|97,00|118197|907098|3802/19
951|CADEIRA DE ALUNO|1773|03/09/19|97,00|118197|907098|3802/19
952|CADEIRA DE ALUNO|1773|03/09/19|97,00|118197|907098|3802/19
953|CADEIRA DE ALUNO|1773|03/09/19|97,00|118197|907098|3802/19
954|CADEIRA DE ALUNO|1773|03/09/19|97,00|118197|907098|3802/19
955|CADEIRA DE ALUNO|1773|03/09/19|97,00|118197|907098|3802/19
956|CADEIRA DE ALUNO|1773|03/09/19|97,00|118197|907098|3802/19
957|CADEIRA DE ALUNO|1773|03/09/19|97,00|118197|907098|3802/19
958|CADEIRA DE ALUNO|1773|03/09/19|97,00|118197|907098|3802/19
959|CADEIRA DE ALUNO|1773|03/09/19|97,00|118197|907098|3802/19
960|CADEIRA DE ALUNO|1773|03/09/19|97,00|118197|907098|3802/19
961|CADEIRA DE ALUNO|1773|03/09/19|97,00|118197|907098|3802/19
962|CADEIRA DE ALUNO|1773|03/09/19|97,00|118197|907098|3802/19
963|CADEIRA DE ALUNO|1773|03/09/19|97,00|118197|907098|3802/19
964|CADEIRA DE ALUNO|1773|03/09/19|97,00|118197|907098|3802/19
965|CADEIRA DE ALUNO|1773|03/09/19|97,00|118197|907098|3802/19
966|CADEIRA DE ALUNO|1773|03/09/19|97,00|118197|907098|3802/19
967|CADEIRA DE ALUNO|1773|03/09/19|97,00|118197|907098|3802/19
968|CADEIRA DE ALUNO|1773|03/09/19|97,00|118197|907098|3802/19
969|CADEIRA DE ALUNO|1773|03/09/19|97,00|118197|907098|3802/19
970|CADEIRA DE ALUNO|1773|03/09/19|97,00|118197|907098|3802/19
971|CADEIRA DE ALUNO|1773|03/09/19|97,00|118197|907098|3802/19
972|CADEIRA DE ALUNO|1773|03/09/19|97,00|118197|907098|3802/19
973|CADEIRA DE ALUNO|1773|03/09/19|97,00|118197|907098|3802/19
974|CADEIRA DE ALUNO|1773|03/09/19|97,00|118197|907098|3802/19
975|CADEIRA DE ALUNO|1773|03/09/19|97,00|118197|907098|3802/19
976|CADEIRA DE ALUNO|1773|03/09/19|97,00|118197|907098|3802/19
977|CADEIRA DE ALUNO|1773|03/09/19|97,00|118197|907098|3802/19
978|CADEIRA DE ALUNO|1773|03/09/19|97,00|118197|907098|3802/19
979|CADEIRA DE ALUNO|1773|03/09/19|97,00|118197|907098|3802/19
980|CADEIRA DE ALUNO|1773|03/09/19|97,00|118197|907098|3802/19
981|CADEIRA DE ALUNO|1773|03/09/19|97,00|118197|907098|3802/19
982|CADEIRA DE ALUNO|1773|03/09/19|97,00|118197|907098|3802/19
983|CADEIRA DE ALUNO|1773|03/09/19|97,00|118197|907098|3802/19
984|CADEIRA DE ALUNO|1773|03/09/19|97,00|118197|907098|3802/19
985|CADEIRA DE ALUNO|1773|03/09/19|97,00|118197|907098|3802/19
986|CADEIRA DE ALUNO|1773|03/09/19|97,00|118197|907098|3802/19
987|CADEIRA DE ALUNO|1773|03/09/19|97,00|118197|907098|3802/19
988|CADEIRA DE ALUNO|1773|03/09/19|97,00|118197|907098|3802/19
989|CADEIRA DE ALUNO|1773|03/09/19|97,00|118197|907098|3802/19
990|CADEIRA DE ALUNO|1773|03/09/19|97,00|118197|907098|3802/19
991|CADEIRA DE ALUNO|1773|03/09/19|97,00|118197|907098|3802/19
992|CADEIRA DE ALUNO|1773|03/09/19|97,00|118197|907098|3802/19
993|CADEIRA DE ALUNO|1773|03/09/19|97,00|118197|907098|3802/19
994|CADEIRA DE ALUNO|1773|03/09/19|97,00|118197|907098|3802/19
995|CADEIRA DE ALUNO|1773|03/09/19|97,00|118197|907098|3802/19
996|CADEIRA DE ALUNO|1773|03/09/19|97,00|118197|907098|3802/19
997|CADEIRA DE ALUNO|1773|03/09/19|97,00|118197|907098|3802/19
998|MESA DE ALUNO|1773|03/09/19|145,00|118197|907098|3802/19
999|MESA DE ALUNO|1773|03/09/19|145,00|118197|907098|3802/19
1000|MESA DE ALUNO|1773|03/09/19|145,00|118197|907098|3802/19
1001|MESA DE ALUNO|1773|03/09/19|145,00|118197|907098|3802/19
1002|MESA DE ALUNO|1773|03/09/19|145,00|118197|907098|3802/19
1003|MESA DE ALUNO|1773|03/09/19|145,00|118197|907098|3802/19
1004|MESA DE ALUNO|1773|03/09/19|145,00|118197|907098|3802/19
1005|MESA DE ALUNO|1773|03/09/19|145,00|118197|907098|3802/19
1006|MESA DE ALUNO|1773|03/09/19|145,00|118197|907098|3802/19
1007|MESA DE ALUNO|1773|03/09/19|145,00|118197|907098|3802/19
1008|MESA DE ALUNO|1773|03/09/19|145,00|118197|907098|3802/19
1009|MESA DE ALUNO|1773|03/09/19|145,00|118197|907098|3802/19
1010|MESA DE ALUNO|1773|03/09/19|145,00|118197|907098|3802/19
1011|MESA DE ALUNO|1773|03/09/19|145,00|118197|907098|3802/19
1012|MESA DE ALUNO|1773|03/09/19|145,00|118197|907098|3802/19
1013|MESA DE ALUNO|1773|03/09/19|145,00|118197|907098|3802/19
1014|MESA DE ALUNO|1773|03/09/19|145,00|118197|907098|3802/19
1015|MESA DE ALUNO|1773|03/09/19|145,00|118197|907098|3802/19
1016|MESA DE ALUNO|1773|03/09/19|145,00|118197|907098|3802/19
1017|MESA DE ALUNO|1773|03/09/19|145,00|118197|907098|3802/19
1018|MESA DE ALUNO|1773|03/09/19|145,00|118197|907098|3802/19
1019|MESA DE ALUNO|1773|03/09/19|145,00|118197|907098|3802/19
1020|MESA DE ALUNO|1773|03/09/19|145,00|118197|907098|3802/19
1021|MESA DE ALUNO|1773|03/09/19|145,00|118197|907098|3802/19
1022|MESA DE ALUNO|1773|03/09/19|145,00|118197|907098|3802/19
1023|MESA DE ALUNO|1773|03/09/19|145,00|118197|907098|3802/19
1024|MESA DE ALUNO|1773|03/09/19|145,00|118197|907098|3802/19
1025|MESA DE ALUNO|1773|03/09/19|145,00|118197|907098|3802/19
1026|MESA DE ALUNO|1773|03/09/19|145,00|118197|907098|3802/19
1027|MESA DE ALUNO|1773|03/09/19|145,00|118197|907098|3802/19
1028|MESA DE ALUNO|1773|03/09/19|145,00|118197|907098|3802/19
1029|MESA DE ALUNO|1773|03/09/19|145,00|118197|907098|3802/19
1030|MESA DE ALUNO|1773|03/09/19|145,00|118197|907098|3802/19
1031|MESA DE ALUNO|1773|03/09/19|145,00|118197|907098|3802/19
1032|MESA DE ALUNO|1773|03/09/19|145,00|118197|907098|3802/19
1033|MESA DE ALUNO|1773|03/09/19|145,00|118197|907098|3802/19
1034|MESA DE ALUNO|1773|03/09/19|145,00|118197|907098|3802/19
1035|MESA DE ALUNO|1773|03/09/19|145,00|118197|907098|3802/19
1036|MESA DE ALUNO|1773|03/09/19|145,00|118197|907098|3802/19
1037|MESA DE ALUNO|1773|03/09/19|145,00|118197|907098|3802/19
1038|MESA DE ALUNO|1773|03/09/19|145,00|118197|907098|3802/19
1039|MESA DE ALUNO|1773|03/09/19|145,00|118197|907098|3802/19
1040|MESA DE ALUNO|1773|03/09/19|145,00|118197|907098|3802/19
1041|MESA DE ALUNO|1773|03/09/19|145,00|118197|907098|3802/19
1042|MESA DE ALUNO|1773|03/09/19|145,00|118197|907098|3802/19
1043|MESA DE ALUNO|1773|03/09/19|145,00|118197|907098|3802/19
1044|MESA DE ALUNO|1773|03/09/19|145,00|118197|907098|3802/19
1045|MESA DE ALUNO|1773|03/09/19|145,00|118197|907098|3802/19
1046|MESA DE ALUNO|1773|03/09/19|145,00|118197|907098|3802/19
1047|MESA DE ALUNO|1773|03/09/19|145,00|118197|907098|3802/19
1048|MESA DE ALUNO|1773|03/09/19|145,00|118197|907098|3802/19
1049|MESA DE ALUNO|1773|03/09/19|145,00|118197|907098|3802/19
1050|MESA DE ALUNO|1773|03/09/19|145,00|118197|907098|3802/19
1051|MESA DE ALUNO|1773|03/09/19|145,00|118197|907098|3802/19
1052|MESA DE ALUNO|1773|03/09/19|145,00|118197|907098|3802/19
1053|MESA DE ALUNO|1773|03/09/19|145,00|118197|907098|3802/19
1054|MESA DE ALUNO|1773|03/09/19|145,00|118197|907098|3802/19
1055|MESA DE ALUNO|1773|03/09/19|145,00|118197|907098|3802/19
1056|MESA DE ALUNO|1773|03/09/19|145,00|118197|907098|3802/19
1057|MESA DE ALUNO|1773|03/09/19|145,00|118197|907098|3802/19
1058|MESA DE ALUNO|1773|03/09/19|145,00|118197|907098|3802/19
1059|MESA DE ALUNO|1773|03/09/19|145,00|118197|907098|3802/19
1060|MESA DE ALUNO|1773|03/09/19|145,00|118197|907098|3802/19
1061|MESA DE ALUNO|1773|03/09/19|145,00|118197|907098|3802/19
1062|MESA DE ALUNO|1773|03/09/19|145,00|118197|907098|3802/19
1063|MESA DE ALUNO|1773|03/09/19|145,00|118197|907098|3802/19
1064|MESA DE ALUNO|1773|03/09/19|145,00|118197|907098|3802/19
1065|MESA DE ALUNO|1773|03/09/19|145,00|118197|907098|3802/19
1066|MESA DE ALUNO|1773|03/09/19|145,00|118197|907098|3802/19
1067|MESA DE ALUNO|1773|03/09/19|145,00|118197|907098|3802/19
1068|MESA DE ALUNO|1773|03/09/19|145,00|118197|907098|3802/19
1069|MESA DE ALUNO|1773|03/09/19|145,00|118197|907098|3802/19
1070|MESA DE ALUNO|1773|03/09/19|145,00|118197|907098|3802/19
1071|MESA DE ALUNO|1773|03/09/19|145,00|118197|907098|3802/19
1072|MESA DE ALUNO|1773|03/09/19|145,00|118197|907098|3802/19
1073|MESA DE ALUNO|1773|03/09/19|145,00|118197|907098|3802/19
1074|MESA DE ALUNO|1773|03/09/19|145,00|118197|907098|3802/19
1075|MESA DE ALUNO|1773|03/09/19|145,00|118197|907098|3802/19
1076|MESA DE ALUNO|1773|03/09/19|145,00|118197|907098|3802/19
1077|MESA DE ALUNO|1773|03/09/19|145,00|118197|907098|3802/19
1078|MESA DE ALUNO|1773|03/09/19|145,00|118197|907098|3802/19
1079|MESA DE ALUNO|1773|03/09/19|145,00|118197|907098|3802/19
1080|MESA DE ALUNO|1773|03/09/19|145,00|118197|907098|3802/19
1081|MESA DE ALUNO|1773|03/09/19|145,00|118197|907098|3802/19
1082|MESA DE ALUNO|1773|03/09/19|145,00|118197|907098|3802/19
1083|MESA DE ALUNO|1773|03/09/19|145,00|118197|907098|3802/19
1084|MESA DE ALUNO|1773|03/09/19|145,00|118197|907098|3802/19
1085|MESA DE ALUNO|1773|03/09/19|145,00|118197|907098|3802/19
1086|MESA DE ALUNO|1773|03/09/19|145,00|118197|907098|3802/19
1087|MESA DE ALUNO|1773|03/09/19|145,00|118197|907098|3802/19
1088|MESA DE ALUNO|1773|03/09/19|145,00|118197|907098|3802/19
1089|MESA DE ALUNO|1773|03/09/19|145,00|118197|907098|3802/19
1090|MESA DE ALUNO|1773|03/09/19|145,00|118197|907098|3802/19
1091|MESA DE ALUNO|1773|03/09/19|145,00|118197|907098|3802/19
1092|MESA DE ALUNO|1773|03/09/19|145,00|118197|907098|3802/19
1093|MESA DE ALUNO|1773|03/09/19|145,00|118197|907098|3802/19
1094|MESA DE ALUNO|1773|03/09/19|145,00|118197|907098|3802/19
1095|MESA DE ALUNO|1773|03/09/19|145,00|118197|907098|3802/19
1096|MESA DE ALUNO|1773|03/09/19|145,00|118197|907098|3802/19
1097|MESA DE ALUNO|1773|03/09/19|145,00|118197|907098|3802/19
1098|MESA DE ALUNO|1773|03/09/19|145,00|118197|907098|3802/19
1099|MESA DE ALUNO|1773|03/09/19|145,00|118197|907098|3802/19
1100|MESA DE ALUNO|1773|03/09/19|145,00|118197|907098|3802/19
1101|MESA DE ALUNO|1773|03/09/19|145,00|118197|907098|3802/19
1102|MESA DE ALUNO|1773|03/09/19|145,00|118197|907098|3802/19
1103|MESA DE ALUNO|1773|03/09/19|145,00|118197|907098|3802/19
1104|MESA DE ALUNO|1773|03/09/19|145,00|118197|907098|3802/19
1105|MESA DE ALUNO|1773|03/09/19|145,00|118197|907098|3802/19
1106|MESA DE ALUNO|1773|03/09/19|145,00|118197|907098|3802/19
1107|MESA DE ALUNO|1773|03/09/19|145,00|118197|907098|3802/19
1108|MESA DE ALUNO|1773|03/09/19|145,00|118197|907098|3802/19
1109|MESA DE ALUNO|1773|03/09/19|145,00|118197|907098|3802/19
1110|MESA DE ALUNO|1773|03/09/19|145,00|118197|907098|3802/19
1111|MESA DE ALUNO|1773|03/09/19|145,00|118197|907098|3802/19
1112|MESA DE ALUNO|1773|03/09/19|145,00|118197|907098|3802/19
1113|MESA DE ALUNO|1773|03/09/19|145,00|118197|907098|3802/19
1114|MESA DE ALUNO|1773|03/09/19|145,00|118197|907098|3802/19
1115|MESA DE ALUNO|1773|03/09/19|145,00|118197|907098|3802/19
1116|MESA DE ALUNO|1773|03/09/19|145,00|118197|907098|3802/19
1117|MESA DE ALUNO|1773|03/09/19|145,00|118197|907098|3802/19
1118|MESA DE ALUNO|1773|03/09/19|145,00|118197|907098|3802/19
1119|MESA DE ALUNO|1773|03/09/19|145,00|118197|907098|3802/19
1120|MESA DE ALUNO|1773|03/09/19|145,00|118197|907098|3802/19
1121|MESA DE ALUNO|1773|03/09/19|145,00|118197|907098|3802/19
1122|MESA DE ALUNO|1773|03/09/19|145,00|118197|907098|3802/19
1123|MESA DE ALUNO|1773|03/09/19|145,00|118197|907098|3802/19
1124|MESA DE ALUNO|1773|03/09/19|145,00|118197|907098|3802/19
1125|MESA DE ALUNO|1773|03/09/19|145,00|118197|907098|3802/19
1126|MESA DE ALUNO|1773|03/09/19|145,00|118197|907098|3802/19
1127|MESA DE ALUNO|1773|03/09/19|145,00|118197|907098|3802/19
1128|MESA DE ALUNO|1773|03/09/19|145,00|118197|907098|3802/19
1129|MESA DE ALUNO|1773|03/09/19|145,00|118197|907098|3802/19
1130|MESA DE ALUNO|1773|03/09/19|145,00|118197|907098|3802/19
1131|MESA DE ALUNO|1773|03/09/19|145,00|118197|907098|3802/19
1132|MESA DE ALUNO|1773|03/09/19|145,00|118197|907098|3802/19
1133|MESA DE ALUNO|1773|03/09/19|145,00|118197|907098|3802/19
1134|MESA DE ALUNO|1773|03/09/19|145,00|118197|907098|3802/19
1135|MESA DE ALUNO|1773|03/09/19|145,00|118197|907098|3802/19
1136|MESA DE ALUNO|1773|03/09/19|145,00|118197|907098|3802/19
1137|MESA DE ALUNO|1773|03/09/19|145,00|118197|907098|3802/19
1138|MESA DE ALUNO|1773|03/09/19|145,00|118197|907098|3802/19
1139|MESA DE ALUNO|1773|03/09/19|145,00|118197|907098|3802/19
1140|MESA DE ALUNO|1773|03/09/19|145,00|118197|907098|3802/19
1141|MESA DE ALUNO|1773|03/09/19|145,00|118197|907098|3802/19
1142|MESA DE ALUNO|1773|03/09/19|145,00|118197|907098|3802/19
1143|MESA DE ALUNO|1773|03/09/19|145,00|118197|907098|3802/19
1144|MESA DE ALUNO|1773|03/09/19|145,00|118197|907098|3802/19
1145|MESA DE ALUNO|1773|03/09/19|145,00|118197|907098|3802/19
1146|MESA DE ALUNO|1773|03/09/19|145,00|118197|907098|3802/19
1147|MESA DE ALUNO|1773|03/09/19|145,00|118197|907098|3802/19
1148|MESA DE ALUNO|1773|03/09/19|145,00|118197|907098|3802/19
1149|MESA DE ALUNO|1773|03/09/19|145,00|118197|907098|3802/19
1150|MESA DE ALUNO|1773|03/09/19|145,00|118197|907098|3802/19
1151|MESA DE ALUNO|1773|03/09/19|145,00|118197|907098|3802/19
1152|MESA DE ALUNO|1773|03/09/19|145,00|118197|907098|3802/19
1153|MESA DE ALUNO|1773|03/09/19|145,00|118197|907098|3802/19
1154|MESA DE ALUNO|1773|03/09/19|145,00|118197|907098|3802/19
1155|MESA DE ALUNO|1773|03/09/19|145,00|118197|907098|3802/19
1156|MESA DE ALUNO|1773|03/09/19|145,00|118197|907098|3802/19
1157|MESA DE ALUNO|1773|03/09/19|145,00|118197|907098|3802/19
1158|MESA DE ALUNO|1773|03/09/19|145,00|118197|907098|3802/19
1159|MESA DE ALUNO|1773|03/09/19|145,00|118197|907098|3802/19
1160|MESA DE ALUNO|1773|03/09/19|145,00|118197|907098|3802/19
1161|MESA DE ALUNO|1773|03/09/19|145,00|118197|907098|3802/19
1162|MESA DE ALUNO|1773|03/09/19|145,00|118197|907098|3802/19
1163|MESA DE ALUNO|1773|03/09/19|145,00|118197|907098|3802/19
1164|MESA DE ALUNO|1773|03/09/19|145,00|118197|907098|3802/19
1165|MESA DE ALUNO|1773|03/09/19|145,00|118197|907098|3802/19
1166|MESA DE ALUNO|1773|03/09/19|145,00|118197|907098|3802/19
1167|MESA DE ALUNO|1773|03/09/19|145,00|118197|907098|3802/19
1168|MESA DE ALUNO|1773|03/09/19|145,00|118197|907098|3802/19
1169|MESA DE ALUNO|1773|03/09/19|145,00|118197|907098|3802/19
1170|MESA DE ALUNO|1773|03/09/19|145,00|118197|907098|3802/19
1171|MESA DE ALUNO|1773|03/09/19|145,00|118197|907098|3802/19
1172|MESA DE ALUNO|1773|03/09/19|145,00|118197|907098|3802/19
1173|MESA DE ALUNO|1773|03/09/19|145,00|118197|907098|3802/19
1174|MESA DE ALUNO|1773|03/09/19|145,00|118197|907098|3802/19
1175|MESA DE ALUNO|1773|03/09/19|145,00|118197|907098|3802/19
1176|MESA DE ALUNO|1773|03/09/19|145,00|118197|907098|3802/19
1177|MESA DE ALUNO|1773|03/09/19|145,00|118197|907098|3802/19
1178|MESA DE ALUNO|1773|03/09/19|145,00|118197|907098|3802/19
1179|MESA DE ALUNO|1773|03/09/19|145,00|118197|907098|3802/19
1180|MESA DE ALUNO|1773|03/09/19|145,00|118197|907098|3802/19
1181|MESA DE ALUNO|1773|03/09/19|145,00|118197|907098|3802/19
1182|MESA DE ALUNO|1773|03/09/19|145,00|118197|907098|3802/19
1183|MESA DE ALUNO|1773|03/09/19|145,00|118197|907098|3802/19
1184|MESA DE ALUNO|1773|03/09/19|145,00|118197|907098|3802/19
1185|MESA DE ALUNO|1773|03/09/19|145,00|118197|907098|3802/19
1186|MESA DE ALUNO|1773|03/09/19|145,00|118197|907098|3802/19
1187|MESA DE ALUNO|1773|03/09/19|145,00|118197|907098|3802/19
1188|MESA DE ALUNO|1773|03/09/19|145,00|118197|907098|3802/19
1189|MESA DE ALUNO|1773|03/09/19|145,00|118197|907098|3802/19
1190|MESA DE ALUNO|1773|03/09/19|145,00|118197|907098|3802/19
1191|MESA DE ALUNO|1773|03/09/19|145,00|118197|907098|3802/19
1192|MESA DE ALUNO|1773|03/09/19|145,00|118197|907098|3802/19
1193|MESA DE ALUNO|1773|03/09/19|145,00|118197|907098|3802/19
1194|MESA DE ALUNO|1773|03/09/19|145,00|118197|907098|3802/19
1195|MESA DE ALUNO|1773|03/09/19|145,00|118197|907098|3802/19
1196|MESA DE ALUNO|1773|03/09/19|145,00|118197|907098|3802/19
1197|MESA DE ALUNO|1773|03/09/19|145,00|118197|907098|3802/19
1198|MESA DE ALUNO|1773|03/09/19|145,00|118197|907098|3802/19
1199|MESA DE ALUNO|1773|03/09/19|145,00|118197|907098|3802/19
1200|MESA DE ALUNO|1773|03/09/19|145,00|118197|907098|3802/19
1201|MESA DE ALUNO|1773|03/09/19|145,00|118197|907098|3802/19
1202|MESA DE ALUNO|1773|03/09/19|145,00|118197|907098|3802/19
1203|MESA DE ALUNO|1773|03/09/19|145,00|118197|907098|3802/19
1204|MESA DE ALUNO|1773|03/09/19|145,00|118197|907098|3802/19
1205|MESA DE ALUNO|1773|03/09/19|145,00|118197|907098|3802/19
1206|MESA DE ALUNO|1773|03/09/19|145,00|118197|907098|3802/19
1207|MESA DE ALUNO|1773|03/09/19|145,00|118197|907098|3802/19
1208|MESA DE ALUNO|1773|03/09/19|145,00|118197|907098|3802/19
1209|MESA DE ALUNO|1773|03/09/19|145,00|118197|907098|3802/19
1210|MESA DE ALUNO|1773|03/09/19|145,00|118197|907098|3802/19
1211|MESA DE ALUNO|1773|03/09/19|145,00|118197|907098|3802/19
1212|MESA DE ALUNO|1773|03/09/19|145,00|118197|907098|3802/19
1213|MESA DE ALUNO|1773|03/09/19|145,00|118197|907098|3802/19
1214|MESA DE ALUNO|1773|03/09/19|145,00|118197|907098|3802/19
1215|MESA DE ALUNO|1773|03/09/19|145,00|118197|907098|3802/19
1216|MESA DE ALUNO|1773|03/09/19|145,00|118197|907098|3802/19
1217|MESA DE ALUNO|1773|03/09/19|145,00|118197|907098|3802/19
1218|MESA DE ALUNO|1773|03/09/19|145,00|118197|907098|3802/19
1219|MESA DE ALUNO|1773|03/09/19|145,00|118197|907098|3802/19
1220|MESA DE ALUNO|1773|03/09/19|145,00|118197|907098|3802/19
1221|MESA DE ALUNO|1773|03/09/19|145,00|118197|907098|3802/19
1222|MESA DE ALUNO|1773|03/09/19|145,00|118197|907098|3802/19
1223|MESA DE ALUNO|1773|03/09/19|145,00|118197|907098|3802/19
1224|MESA DE ALUNO|1773|03/09/19|145,00|118197|907098|3802/19
1225|MESA DE ALUNO|1773|03/09/19|145,00|118197|907098|3802/19
1226|MESA DE ALUNO|1773|03/09/19|145,00|118197|907098|3802/19
1227|MESA DE ALUNO|1773|03/09/19|145,00|118197|907098|3802/19
1228|MESA DE ALUNO|1773|03/09/19|145,00|118197|907098|3802/19
1229|MESA DE ALUNO|1773|03/09/19|145,00|118197|907098|3802/19
1230|MESA DE ALUNO|1773|03/09/19|145,00|118197|907098|3802/19
1231|MESA DE ALUNO|1773|03/09/19|145,00|118197|907098|3802/19
1232|MESA DE ALUNO|1773|03/09/19|145,00|118197|907098|3802/19
1233|MESA DE ALUNO|1773|03/09/19|145,00|118197|907098|3802/19
1234|MESA DE ALUNO|1773|03/09/19|145,00|118197|907098|3802/19
1235|MESA DE ALUNO|1773|03/09/19|145,00|118197|907098|3802/19
1236|MESA DE ALUNO|1773|03/09/19|145,00|118197|907098|3802/19
1237|MESA DE ALUNO|1773|03/09/19|145,00|118197|907098|3802/19
1238|MESA DE ALUNO|1773|03/09/19|145,00|118197|907098|3802/19
1239|MESA DE ALUNO|1773|03/09/19|145,00|118197|907098|3802/19
1240|MESA DE ALUNO|1773|03/09/19|145,00|118197|907098|3802/19
1241|MESA DE ALUNO|1773|03/09/19|145,00|118197|907098|3802/19
1242|MESA DE ALUNO|1773|03/09/19|145,00|118197|907098|3802/19
1243|MESA DE ALUNO|1773|03/09/19|145,00|118197|907098|3802/19
1244|MESA DE ALUNO|1773|03/09/19|145,00|118197|907098|3802/19
1245|MESA DE ALUNO|1773|03/09/19|145,00|118197|907098|3802/19
1246|MESA DE ALUNO|1773|03/09/19|145,00|118197|907098|3802/19
1247|MESA DE ALUNO|1773|03/09/19|145,00|118197|907098|3802/19
1248|MESA DE ALUNO|1773|03/09/19|145,00|118197|907098|3802/19
1249|MESA DE ALUNO|1773|03/09/19|145,00|118197|907098|3802/19
1250|MESA DE ALUNO|1773|03/09/19|145,00|118197|907098|3802/19
1251|MESA DE ALUNO|1773|03/09/19|145,00|118197|907098|3802/19
1252|MESA DE ALUNO|1773|03/09/19|145,00|118197|907098|3802/19
1253|MESA DE ALUNO|1773|03/09/19|145,00|118197|907098|3802/19
1254|MESA DE ALUNO|1773|03/09/19|145,00|118197|907098|3802/19
1255|MESA DE ALUNO|1773|03/09/19|145,00|118197|907098|3802/19
1256|MESA DE ALUNO|1773|03/09/19|145,00|118197|907098|3802/19
1257|MESA DE ALUNO|1773|03/09/19|145,00|118197|907098|3802/19
1258|MESA DE ALUNO|1773|03/09/19|145,00|118197|907098|3802/19
1259|MESA DE ALUNO|1773|03/09/19|145,00|118197|907098|3802/19
1260|MESA DE ALUNO|1773|03/09/19|145,00|118197|907098|3802/19
1261|MESA DE ALUNO|1773|03/09/19|145,00|118197|907098|3802/19
1262|MESA DE ALUNO|1773|03/09/19|145,00|118197|907098|3802/19
1263|MESA DE ALUNO|1773|03/09/19|145,00|118197|907098|3802/19
1264|MESA DE ALUNO|1773|03/09/19|145,00|118197|907098|3802/19
1265|MESA DE ALUNO|1773|03/09/19|145,00|118197|907098|3802/19
1266|MESA DE ALUNO|1773|03/09/19|145,00|118197|907098|3802/19
1267|MESA DE ALUNO|1773|03/09/19|145,00|118197|907098|3802/19
1268|MESA DE ALUNO|1773|03/09/19|145,00|118197|907098|3802/19
1269|MESA DE ALUNO|1773|03/09/19|145,00|118197|907098|3802/19
1270|MESA DE ALUNO|1773|03/09/19|145,00|118197|907098|3802/19
1271|MESA DE ALUNO|1773|03/09/19|145,00|118197|907098|3802/19
1272|MESA DE ALUNO|1773|03/09/19|145,00|118197|907098|3802/19
1273|MESA DE ALUNO|1773|03/09/19|145,00|118197|907098|3802/19
1274|MESA DE ALUNO|1773|03/09/19|145,00|118197|907098|3802/19
1275|MESA DE ALUNO|1773|03/09/19|145,00|118197|907098|3802/19
1276|MESA DE ALUNO|1773|03/09/19|145,00|118197|907098|3802/19
1277|MESA DE ALUNO|1773|03/09/19|145,00|118197|907098|3802/19
1278|MESA DE ALUNO|1773|03/09/19|145,00|118197|907098|3802/19
1279|MESA DE ALUNO|1773|03/09/19|145,00|118197|907098|3802/19
1280|MESA DE ALUNO|1773|03/09/19|145,00|118197|907098|3802/19
1281|MESA DE ALUNO|1773|03/09/19|145,00|118197|907098|3802/19
1282|MESA DE ALUNO|1773|03/09/19|145,00|118197|907098|3802/19
1283|MESA DE ALUNO|1773|03/09/19|145,00|118197|907098|3802/19
1284|MESA DE ALUNO|1773|03/09/19|145,00|118197|907098|3802/19
1285|MESA DE ALUNO|1773|03/09/19|145,00|118197|907098|3802/19
1286|MESA DE ALUNO|1773|03/09/19|145,00|118197|907098|3802/19
1287|MESA DE ALUNO|1773|03/09/19|145,00|118197|907098|3802/19
1288|MESA DE ALUNO|1773|03/09/19|145,00|118197|907098|3802/19
1289|MESA DE ALUNO|1773|03/09/19|145,00|118197|907098|3802/19
1290|MESA DE ALUNO|1773|03/09/19|145,00|118197|907098|3802/19
1291|MESA DE ALUNO|1773|03/09/19|145,00|118197|907098|3802/19
1292|MESA DE ALUNO|1773|03/09/19|145,00|118197|907098|3802/19
1293|MESA DE ALUNO|1773|03/09/19|145,00|118197|907098|3802/19
1294|MESA DE ALUNO|1773|03/09/19|145,00|118197|907098|3802/19
1295|MESA DE ALUNO|1773|03/09/19|145,00|118197|907098|3802/19
1296|MESA DE ALUNO|1773|03/09/19|145,00|118197|907098|3802/19
1297|MESA DE ALUNO|1773|03/09/19|145,00|118197|907098|3802/19
1298|MESA DE ALUNO|1773|03/09/19|145,00|118197|907098|3802/19
1299|MESA DE ALUNO|1773|03/09/19|145,00|118197|907098|3802/19
1300|MESA DE ALUNO|1773|03/09/19|145,00|118197|907098|3802/19
1301|MESA DE ALUNO|1773|03/09/19|145,00|118197|907098|3802/19
1302|MESA DE ALUNO|1773|03/09/19|145,00|118197|907098|3802/19
1303|MESA DE ALUNO|1773|03/09/19|145,00|118197|907098|3802/19
1304|MESA DE ALUNO|1773|03/09/19|145,00|118197|907098|3802/19
1305|MESA DE ALUNO|1773|03/09/19|145,00|118197|907098|3802/19
1306|MESA DE ALUNO|1773|03/09/19|145,00|118197|907098|3802/19
1307|MESA DE ALUNO|1773|03/09/19|145,00|118197|907098|3802/19
1308|MESA DE ALUNO|1773|03/09/19|145,00|118197|907098|3802/19
1309|MESA DE ALUNO|1773|03/09/19|145,00|118197|907098|3802/19
1310|MESA DE ALUNO|1773|03/09/19|145,00|118197|907098|3802/19
1311|MESA DE ALUNO|1773|03/09/19|145,00|118197|907098|3802/19
1312|MESA DE ALUNO|1773|03/09/19|145,00|118197|907098|3802/19
1313|MESA DE ALUNO|1773|03/09/19|145,00|118197|907098|3802/19
1314|MESA DE ALUNO|1773|03/09/19|145,00|118197|907098|3802/19
1315|MESA DE ALUNO|1773|03/09/19|145,00|118197|907098|3802/19
1316|MESA DE ALUNO|1773|03/09/19|145,00|118197|907098|3802/19
1317|MESA DE ALUNO|1773|03/09/19|145,00|118197|907098|3802/19
1318|MESA DE ALUNO|1773|03/09/19|145,00|118197|907098|3802/19
1319|MESA DE ALUNO|1773|03/09/19|145,00|118197|907098|3802/19
1320|MESA DE ALUNO|1773|03/09/19|145,00|118197|907098|3802/19
1321|MESA DE ALUNO|1773|03/09/19|145,00|118197|907098|3802/19
1322|MESA DE ALUNO|1773|03/09/19|145,00|118197|907098|3802/19
1323|MESA DE ALUNO|1773|03/09/19|145,00|118197|907098|3802/19
1324|MESA DE ALUNO|1773|03/09/19|145,00|118197|907098|3802/19
1325|MESA DE ALUNO|1773|03/09/19|145,00|118197|907098|3802/19
1326|MESA DE ALUNO|1773|03/09/19|145,00|118197|907098|3802/19
1327|MESA DE ALUNO|1773|03/09/19|145,00|118197|907098|3802/19
1328|MESA DE ALUNO|1773|03/09/19|145,00|118197|907098|3802/19
1329|MESA DE ALUNO|1773|03/09/19|145,00|118197|907098|3802/19
1330|MESA DE ALUNO|1773|03/09/19|145,00|118197|907098|3802/19
1331|MESA DE ALUNO|1773|03/09/19|145,00|118197|907098|3802/19
1332|MESA DE ALUNO|1773|03/09/19|145,00|118197|907098|3802/19
1333|MESA DE ALUNO|1773|03/09/19|145,00|118197|907098|3802/19
1334|MESA DE ALUNO|1773|03/09/19|145,00|118197|907098|3802/19
1335|MESA DE ALUNO|1773|03/09/19|145,00|118197|907098|3802/19
1336|MESA DE ALUNO|1773|03/09/19|145,00|118197|907098|3802/19
1337|MESA DE ALUNO|1773|03/09/19|145,00|118197|907098|3802/19
1338|MESA DE ALUNO|1773|03/09/19|145,00|118197|907098|3802/19
1339|MESA DE ALUNO|1773|03/09/19|145,00|118197|907098|3802/19
1340|MESA DE ALUNO|1773|03/09/19|145,00|118197|907098|3802/19
1341|MESA DE ALUNO|1773|03/09/19|145,00|118197|907098|3802/19
1342|MESA DE ALUNO|1773|03/09/19|145,00|118197|907098|3802/19
1343|MESA DE ALUNO|1773|03/09/19|145,00|118197|907098|3802/19
1344|MESA DE ALUNO|1773|03/09/19|145,00|118197|907098|3802/19
1345|MESA DE ALUNO|1773|03/09/19|145,00|118197|907098|3802/19
1346|MESA DE ALUNO|1773|03/09/19|145,00|118197|907098|3802/19
1347|MESA DE ALUNO|1773|03/09/19|145,00|118197|907098|3802/19
1348|MESA DE ALUNO|1773|03/09/19|145,00|118197|907098|3802/19
1349|MESA DE ALUNO|1773|03/09/19|145,00|118197|907098|3802/19
1350|MESA DE ALUNO|1773|03/09/19|145,00|118197|907098|3802/19
1351|MESA DE ALUNO|1773|03/09/19|145,00|118197|907098|3802/19
1352|MESA DE ALUNO|1773|03/09/19|145,00|118197|907098|3802/19
1353|MESA DE ALUNO|1773|03/09/19|145,00|118197|907098|3802/19
1354|MESA DE ALUNO|1773|03/09/19|145,00|118197|907098|3802/19
1355|MESA DE ALUNO|1773|03/09/19|145,00|118197|907098|3802/19
1356|MESA DE ALUNO|1773|03/09/19|145,00|118197|907098|3802/19
1357|MESA DE ALUNO|1773|03/09/19|145,00|118197|907098|3802/19
1358|MESA DE ALUNO|1773|03/09/19|145,00|118197|907098|3802/19
1359|MESA DE ALUNO|1773|03/09/19|145,00|118197|907098|3802/19
1360|MESA DE ALUNO|1773|03/09/19|145,00|118197|907098|3802/19
1361|MESA DE ALUNO|1773|03/09/19|145,00|118197|907098|3802/19
1362|MESA DE ALUNO|1773|03/09/19|145,00|118197|907098|3802/19
1363|MESA DE ALUNO|1773|03/09/19|145,00|118197|907098|3802/19
1364|MESA DE ALUNO|1773|03/09/19|145,00|118197|907098|3802/19
1365|MESA DE ALUNO|1773|03/09/19|145,00|118197|907098|3802/19
1366|MESA DE ALUNO|1773|03/09/19|145,00|118197|907098|3802/19
1367|MESA DE ALUNO|1773|03/09/19|145,00|118197|907098|3802/19
1368|MESA DE ALUNO|1773|03/09/19|145,00|118197|907098|3802/19
1369|MESA DE ALUNO|1773|03/09/19|145,00|118197|907098|3802/19
1370|MESA DE ALUNO|1773|03/09/19|145,00|118197|907098|3802/19
1371|MESA DE ALUNO|1773|03/09/19|145,00|118197|907098|3802/19
1372|MESA DE ALUNO|1773|03/09/19|145,00|118197|907098|3802/19
1373|MESA DE ALUNO|1773|03/09/19|145,00|118197|907098|3802/19
1374|MESA DE ALUNO|1773|03/09/19|145,00|118197|907098|3802/19
1375|MESA DE ALUNO|1773|03/09/19|145,00|118197|907098|3802/19
1376|MESA DE ALUNO|1773|03/09/19|145,00|118197|907098|3802/19
1377|MESA DE ALUNO|1773|03/09/19|145,00|118197|907098|3802/19
1378|MESA DE ALUNO|1773|03/09/19|145,00|118197|907098|3802/19
1379|MESA DE ALUNO|1773|03/09/19|145,00|118197|907098|3802/19
1380|MESA DE ALUNO|1773|03/09/19|145,00|118197|907098|3802/19
1381|MESA DE ALUNO|1773|03/09/19|145,00|118197|907098|3802/19
1382|MESA DE ALUNO|1773|03/09/19|145,00|118197|907098|3802/19
1383|MESA DE ALUNO|1773|03/09/19|145,00|118197|907098|3802/19
1384|MESA DE ALUNO|1773|03/09/19|145,00|118197|907098|3802/19
1385|MESA DE ALUNO|1773|03/09/19|145,00|118197|907098|3802/19
1386|MESA DE ALUNO|1773|03/09/19|145,00|118197|907098|3802/19
1387|MESA DE ALUNO|1773|03/09/19|145,00|118197|907098|3802/19
1388|MESA DE ALUNO|1773|03/09/19|145,00|118197|907098|3802/19
1389|MESA DE ALUNO|1773|03/09/19|145,00|118197|907098|3802/19
1390|MESA DE ALUNO|1773|03/09/19|145,00|118197|907098|3802/19
1391|MESA DE ALUNO|1773|03/09/19|145,00|118197|907098|3802/19
1392|MESA DE ALUNO|1773|03/09/19|145,00|118197|907098|3802/19
1393|MESA DE ALUNO|1773|03/09/19|145,00|118197|907098|3802/19
1394|MESA DE ALUNO|1773|03/09/19|145,00|118197|907098|3802/19
1395|MESA DE ALUNO|1773|03/09/19|145,00|118197|907098|3802/19
1396|MESA DE ALUNO|1773|03/09/19|145,00|118197|907098|3802/19
1397|MESA DE ALUNO|1773|03/09/19|145,00|118197|907098|3802/19
1398|MESA DE ALUNO|1773|03/09/19|145,00|118197|907098|3802/19
1399|MESA DE ALUNO|1773|03/09/19|145,00|118197|907098|3802/19
1400|MESA DE ALUNO|1773|03/09/19|145,00|118197|907098|3802/19
1401|MESA DE ALUNO|1773|03/09/19|145,00|118197|907098|3802/19
1402|MESA DE ALUNO|1773|03/09/19|145,00|118197|907098|3802/19
1403|MESA DE ALUNO|1773|03/09/19|145,00|118197|907098|3802/19
1404|MESA DE ALUNO|1773|03/09/19|145,00|118197|907098|3802/19
1405|MESA DE ALUNO|1773|03/09/19|145,00|118197|907098|3802/19
1406|MESA DE ALUNO|1773|03/09/19|145,00|118197|907098|3802/19
1407|MESA DE ALUNO|1773|03/09/19|145,00|118197|907098|3802/19
1408|MESA DE ALUNO|1773|03/09/19|145,00|118197|907098|3802/19
1409|MESA DE ALUNO|1773|03/09/19|145,00|118197|907098|3802/19
1410|MESA DE ALUNO|1773|03/09/19|145,00|118197|907098|3802/19
1411|MESA DE ALUNO|1773|03/09/19|145,00|118197|907098|3802/19
1412|MESA DE ALUNO|1773|03/09/19|145,00|118197|907098|3802/19
1413|MESA DE ALUNO|1773|03/09/19|145,00|118197|907098|3802/19
1414|MESA DE ALUNO|1773|03/09/19|145,00|118197|907098|3802/19
1415|MESA DE ALUNO|1773|03/09/19|145,00|118197|907098|3802/19
1416|MESA DE ALUNO|1773|03/09/19|145,00|118197|907098|3802/19
1417|MESA DE ALUNO|1773|03/09/19|145,00|118197|907098|3802/19
1418|MESA DE ALUNO|1773|03/09/19|145,00|118197|907098|3802/19
1419|MESA DE ALUNO|1773|03/09/19|145,00|118197|907098|3802/19
1420|MESA DE ALUNO|1773|03/09/19|145,00|118197|907098|3802/19
1421|MESA DE ALUNO|1773|03/09/19|145,00|118197|907098|3802/19
1422|MESA DE ALUNO|1773|03/09/19|145,00|118197|907098|3802/19
1423|MESA DE ALUNO|1773|03/09/19|145,00|118197|907098|3802/19
1424|MESA DE ALUNO|1773|03/09/19|145,00|118197|907098|3802/19
1425|MESA DE ALUNO|1773|03/09/19|145,00|118197|907098|3802/19
1426|MESA DE ALUNO|1773|03/09/19|145,00|118197|907098|3802/19
1427|MESA DE ALUNO|1773|03/09/19|145,00|118197|907098|3802/19
1428|MESA DE ALUNO|1773|03/09/19|145,00|118197|907098|3802/19
1429|MESA DE ALUNO|1773|03/09/19|145,00|118197|907098|3802/19
1430|MESA DE ALUNO|1773|03/09/19|145,00|118197|907098|3802/19
1431|MESA DE ALUNO|1773|03/09/19|145,00|118197|907098|3802/19
1432|MESA DE ALUNO|1773|03/09/19|145,00|118197|907098|3802/19
1433|MESA DE ALUNO|1773|03/09/19|145,00|118197|907098|3802/19
1434|MESA DE ALUNO|1773|03/09/19|145,00|118197|907098|3802/19
1435|MESA DE ALUNO|1773|03/09/19|145,00|118197|907098|3802/19
1436|MESA DE ALUNO|1773|03/09/19|145,00|118197|907098|3802/19
1437|MESA DE ALUNO|1773|03/09/19|145,00|118197|907098|3802/19
1438|MESA DE ALUNO|1773|03/09/19|145,00|118197|907098|3802/19
1439|MESA DE ALUNO|1773|03/09/19|145,00|118197|907098|3802/19
1440|MESA DE ALUNO|1773|03/09/19|145,00|118197|907098|3802/19
1441|MESA DE ALUNO|1773|03/09/19|145,00|118197|907098|3802/19
1442|MESA DE ALUNO|1773|03/09/19|145,00|118197|907098|3802/19
1443|MESA DE ALUNO|1773|03/09/19|145,00|118197|907098|3802/19
1444|MESA DE ALUNO|1773|03/09/19|145,00|118197|907098|3802/19
1445|MESA DE ALUNO|1773|03/09/19|145,00|118197|907098|3802/19
1446|MESA DE ALUNO|1773|03/09/19|145,00|118197|907098|3802/19
1447|MESA DE ALUNO|1773|03/09/19|145,00|118197|907098|3802/19
1448|MESA DE ALUNO|1773|03/09/19|145,00|118197|907098|3802/19
1449|MESA DE ALUNO|1773|03/09/19|145,00|118197|907098|3802/19
1450|MESA DE ALUNO|1773|03/09/19|145,00|118197|907098|3802/19
1451|MESA DE ALUNO|1773|03/09/19|145,00|118197|907098|3802/19
1452|MESA DE ALUNO|1773|03/09/19|145,00|118197|907098|3802/19
1453|MESA DE ALUNO|1773|03/09/19|145,00|118197|907098|3802/19
1454|MESA DE ALUNO|1773|03/09/19|145,00|118197|907098|3802/19
1455|MESA DE ALUNO|1773|03/09/19|145,00|118197|907098|3802/19
1456|MESA DE ALUNO|1773|03/09/19|145,00|118197|907098|3802/19
1457|MESA DE ALUNO|1773|03/09/19|145,00|118197|907098|3802/19
1458|MESA DE ALUNO|1773|03/09/19|145,00|118197|907098|3802/19
1459|MESA DE ALUNO|1773|03/09/19|145,00|118197|907098|3802/19
1460|MESA DE ALUNO|1773|03/09/19|145,00|118197|907098|3802/19
1461|MESA DE ALUNO|1773|03/09/19|145,00|118197|907098|3802/19
1462|MESA DE ALUNO|1773|03/09/19|145,00|118197|907098|3802/19
1463|MESA DE ALUNO|1773|03/09/19|145,00|118197|907098|3802/19
1464|MESA DE ALUNO|1773|03/09/19|145,00|118197|907098|3802/19
1465|MESA DE ALUNO|1773|03/09/19|145,00|118197|907098|3802/19
1466|MESA DE ALUNO|1773|03/09/19|145,00|118197|907098|3802/19
1467|MESA DE ALUNO|1773|03/09/19|145,00|118197|907098|3802/19
1468|MESA DE ALUNO|1773|03/09/19|145,00|118197|907098|3802/19
1469|MESA DE ALUNO|1773|03/09/19|145,00|118197|907098|3802/19
1470|MESA DE ALUNO|1773|03/09/19|145,00|118197|907098|3802/19
1471|MESA DE ALUNO|1773|03/09/19|145,00|118197|907098|3802/19
1472|MESA DE ALUNO|1773|03/09/19|145,00|118197|907098|3802/19
1473|MESA DE ALUNO|1773|03/09/19|145,00|118197|907098|3802/19
1474|MESA DE ALUNO|1773|03/09/19|145,00|118197|907098|3802/19
1475|MESA DE ALUNO|1773|03/09/19|145,00|118197|907098|3802/19
1476|MESA DE ALUNO|1773|03/09/19|145,00|118197|907098|3802/19
1477|MESA DE ALUNO|1773|03/09/19|145,00|118197|907098|3802/19
1478|MESA DE ALUNO|1773|03/09/19|145,00|118197|907098|3802/19
1479|MESA DE ALUNO|1773|03/09/19|145,00|118197|907098|3802/19
1480|MESA DE ALUNO|1773|03/09/19|145,00|118197|907098|3802/19
1481|MESA DE ALUNO|1773|03/09/19|145,00|118197|907098|3802/19
1482|MESA DE ALUNO|1773|03/09/19|145,00|118197|907098|3802/19
1483|MESA DE ALUNO|1773|03/09/19|145,00|118197|907098|3802/19
1484|MESA DE ALUNO|1773|03/09/19|145,00|118197|907098|3802/19
1485|MESA DE ALUNO|1773|03/09/19|145,00|118197|907098|3802/19
1486|MESA DE ALUNO|1773|03/09/19|145,00|118197|907098|3802/19
1487|MESA DE ALUNO|1773|03/09/19|145,00|118197|907098|3802/19
1488|MESA DE ALUNO|1773|03/09/19|145,00|118197|907098|3802/19
1489|MESA DE ALUNO|1773|03/09/19|145,00|118197|907098|3802/19
1490|MESA DE ALUNO|1773|03/09/19|145,00|118197|907098|3802/19
1491|MESA DE ALUNO|1773|03/09/19|145,00|118197|907098|3802/19
1492|MESA DE ALUNO|1773|03/09/19|145,00|118197|907098|3802/19
1493|MESA DE ALUNO|1773|03/09/19|145,00|118197|907098|3802/19
1494|MESA DE ALUNO|1773|03/09/19|145,00|118197|907098|3802/19
1495|MESA DE ALUNO|1773|03/09/19|145,00|118197|907098|3802/19
1496|MESA DE ALUNO|1773|03/09/19|145,00|118197|907098|3802/19
1497|MESA DE ALUNO|1773|03/09/19|145,00|118197|907098|3802/19
1498|CADEIRA ALUNO|1773|03/09/19|97,00|118197|907098|3802/19
1499|CADEIRA ALUNO|1773|03/09/19|97,00|118197|907098|3802/19
1500|CADEIRA ALUNO|1773|03/09/19|97,00|118197|907098|3802/19
1501|CADEIRA ALUNO|1773|03/09/19|97,00|118197|907098|3802/19
1502|CADEIRA ALUNO|1773|03/09/19|97,00|118197|907098|3802/19
1503|CADEIRA ALUNO|1773|03/09/19|97,00|118197|907098|3802/19
1504|CADEIRA ALUNO|1773|03/09/19|97,00|118197|907098|3802/19
1505|CADEIRA ALUNO|1773|03/09/19|97,00|118197|907098|3802/19
1506|CADEIRA ALUNO|1773|03/09/19|97,00|118197|907098|3802/19
1507|CADEIRA ALUNO|1773|03/09/19|97,00|118197|907098|3802/19
1508|CADEIRA ALUNO|1773|03/09/19|97,00|118197|907098|3802/19
1509|CADEIRA ALUNO|1773|03/09/19|97,00|118197|907098|3802/19
1510|CADEIRA ALUNO|1773|03/09/19|97,00|118197|907098|3802/19
1511|ESTABILIZADOR NOBREAK|1747|15/03/2019|1200,00|117691|906025|678/19
1512|ESTABILIZADOR NOBREAK|1747|15/03/2019|1200,00|117691|906025|678/19
1513|ESTABILIZADOR NOBREAK|1747|15/03/2019|1200,00|117691|906025|678/19
1514|ESTABILIZADOR NOBREAK|1747|15/03/2019|1200,00|117691|906025|678/19
1515|ESTABILIZADOR NOBREAK|1747|15/03/2019|1200,00|117691|906025|678/19
1516|ESTABILIZADOR NOBREAK|1747|15/03/2019|1200,00|117691|906025|678/19
1517|ESTABILIZADOR NOBREAK|1747|15/03/2019|1200,00|117691|906025|678/19
1518|ESTABILIZADOR NOBREAK|1747|15/03/2019|1200,00|117691|906025|678/19
1519|ESTABILIZADOR NOBREAK|1747|15/03/2019|1200,00|117691|906025|678/19
1520|ESTABILIZADOR NOBREAK|1747|15/03/2019|1200,00|117691|906025|678/19
1521|ESTABILIZADOR NOBREAK|1747|15/03/2019|1200,00|117691|906025|678/19
1522|ESTABILIZADOR NOBREAK|1747|15/03/2019|1200,00|117691|906025|678/19
1523|ESTABILIZADOR NOBREAK|1747|15/03/2019|1200,00|117691|906025|678/19
1524|ESTABILIZADOR NOBREAK|1747|15/03/2019|1200,00|117691|906025|678/19
1525|ESTABILIZADOR NOBREAK|1747|15/03/2019|1200,00|117691|906025|678/19
1526|ESTABILIZADOR NOBREAK|1747|15/03/2019|1200,00|117691|906025|678/19
1527|ESTABILIZADOR NOBREAK|1747|15/03/2019|1200,00|117691|906025|678/19
1528|ESTABILIZADOR NOBREAK|1747|15/03/2019|1200,00|117691|906025|678/19
1529|ESTABILIZADOR NOBREAK|1747|15/03/2019|1200,00|117691|906025|678/19
1530|ESTABILIZADOR NOBREAK|1747|15/03/2019|1200,00|117691|906025|678/19
1531|ESTABILIZADOR NOBREAK|1747|15/03/2019|1200,00|117691|906025|678/19
1532|ESTABILIZADOR NOBREAK|1747|15/03/2019|1200,00|117691|906025|678/19
1533|ESTABILIZADOR NOBREAK|1747|15/03/2019|1200,00|117691|906025|678/19
1534|ESTABILIZADOR NOBREAK|1747|15/03/2019|1200,00|117691|906025|678/19
1535|ESTABILIZADOR NOBREAK|1747|15/03/2019|1200,00|117691|906025|678/19
1536|ESTABILIZADOR NOBREAK|1747|15/03/2019|1200,00|117691|906025|678/19
1537|ESTABILIZADOR NOBREAK|1747|15/03/2019|1200,00|117691|906025|678/19
1538|ESTABILIZADOR NOBREAK|1747|15/03/2019|1200,00|117691|906025|678/19
1539|ESTABILIZADOR NOBREAK|1747|15/03/2019|1200,00|117691|906025|678/19
1540|ESTABILIZADOR NOBREAK|1747|15/03/2019|1200,00|117691|906025|678/19
1541|ARMARIO|1773|03/05/19|1207,00|117954|0|31936/19
1542|ARMARIO|1773|03/05/19|1207,00|117954|0|31936/19
1543|ARMARIO|1773|03/05/19|1207,00|117954|0|31936/19
1544|ARMARIO|1773|03/05/19|1207,00|117954|0|31936/19
1545|ARMARIO|1773|03/05/19|1207,00|117954|0|31936/19
1546|ARMARIO|1773|03/05/19|1207,00|117954|0|31936/19
1547|ARMARIO|1773|03/05/19|1207,00|117954|0|31936/19
1548|ARMARIO|1773|03/05/19|1207,00|117954|0|31936/19
1549|ARMARIO|1773|03/05/19|1207,00|117954|0|31936/19
1550|ARMARIO|1773|03/05/19|1207,00|117954|0|31936/19
1551|ARMARIO|1773|03/05/19|1207,00|117954|0|31936/19
1552|ARMARIO|1773|03/05/19|1207,00|117954|0|31936/19
1553|ARMARIO|1773|03/05/19|1207,00|117954|0|31936/19
1554|ARMARIO|1773|03/05/19|1207,00|117954|0|31936/19
1555|ARMARIO|1773|03/05/19|1207,00|117954|0|31936/19
1556|MESA DE REFEITÓRIO|1773|03/05/19|337,48|117954|0|31936/19
1557|MESA DE REFEITÓRIO|1773|03/05/19|337,48|117954|0|31936/19
1558|MESA DE REFEITÓRIO|1773|03/05/19|337,48|117954|0|31936/19
1559|MESA DE REFEITÓRIO|1773|03/05/19|337,48|117954|0|31936/19
1560|MESA DE REFEITÓRIO|1773|03/05/19|337,48|117954|0|31936/19
1561|MESA DE REFEITÓRIO|1773|03/05/19|337,48|117954|0|31936/19
1562|MESA DE REFEITÓRIO|1773|03/05/19|337,48|117954|0|31936/19
1563|MESA DE REFEITÓRIO|1773|03/05/19|337,48|117954|0|31936/19
1564|MESA DE REFEITÓRIO|1773|03/05/19|337,48|117954|0|31936/19
1565|MESA DE REFEITÓRIO|1773|03/05/19|337,48|117954|0|31936/19
1566|MESA DE REFEITÓRIO|1773|03/05/19|337,48|117954|0|31936/19
1567|MESA DE REFEITÓRIO|1773|03/05/19|337,48|117954|0|31936/19
1568|MESA DE REFEITÓRIO|1773|03/05/19|337,48|117954|0|31936/19
1569|MESA DE REFEITÓRIO|1773|03/05/19|337,48|117954|0|31936/19
1570|MESA DE REFEITÓRIO|1773|03/05/19|337,48|117954|0|31936/19
1571|MESA DE REFEITÓRIO|1773|03/05/19|337,48|117954|0|31936/19
1572|MESA DE REFEITÓRIO|1773|03/05/19|337,48|117954|0|31936/19
1573|MESA DE REFEITÓRIO|1773|03/05/19|337,48|117954|0|31936/19
1574|MESA DE REFEITÓRIO|1773|03/05/19|337,48|117954|0|31936/19
1575|MESA DE REFEITÓRIO|1773|03/05/19|337,48|117954|0|31936/19
1576|MESA DE REFEITÓRIO|1773|03/05/19|337,48|117954|0|31936/19
1577|MESA DE REFEITÓRIO|1773|03/05/19|337,48|117954|0|31936/19
1578|MESA DE REFEITÓRIO|1773|03/05/19|337,48|117954|0|31936/19
1579|MESA DE REFEITÓRIO|1773|03/05/19|337,48|117954|0|31936/19
1580|MESA DE REFEITÓRIO|1773|03/05/19|337,48|117954|0|31936/19
1581|MESA DE REFEITÓRIO|1773|03/05/19|337,48|117954|0|31936/19
1582|MESA DE REFEITÓRIO|1773|03/05/19|337,48|117954|0|31936/19
1583|MESA DE REFEITÓRIO|1773|03/05/19|337,48|117954|0|31936/19
1584|MESA DE REFEITÓRIO|1773|03/05/19|337,48|117954|0|31936/19
1585|MESA DE REFEITÓRIO|1773|03/05/19|337,48|117954|0|31936/19
1586|MESA DE REFEITÓRIO|1773|03/05/19|337,48|117954|0|31936/19
1587|MESA DE REFEITÓRIO|1773|03/05/19|337,48|117954|0|31936/19
1588|MESA DE REFEITÓRIO|1773|03/05/19|337,48|117954|0|31936/19
1589|MESA DE REFEITÓRIO|1773|03/05/19|337,48|117954|0|31936/19
1590|MESA DE REFEITÓRIO|1773|03/05/19|337,48|117954|0|31936/19
1591|MESA DE REFEITÓRIO|1773|03/05/19|337,48|117954|0|31936/19
1592|MESA DE REFEITÓRIO|1773|03/05/19|337,48|117954|0|31936/19
1593|MESA DE REFEITÓRIO|1773|03/05/19|337,48|117954|0|31936/19
1594|MESA DE REFEITÓRIO|1773|03/05/19|337,48|117954|0|31936/19
1595|MESA DE REFEITÓRIO|1773|03/05/19|337,48|117954|0|31936/19
1596|MESA DE REFEITÓRIO|1773|03/05/19|337,48|117954|0|31936/19
1597|MESA DE REFEITÓRIO|1773|03/05/19|337,48|117954|0|31936/19
1598|MESA DE REFEITÓRIO|1773|03/05/19|337,48|117954|0|31936/19
1599|MESA DE REFEITÓRIO|1773|03/05/19|337,48|117954|0|31936/19
1600|MESA DE REFEITÓRIO|1773|03/05/19|337,48|117954|0|31936/19
1601|MESA DE REFEITÓRIO|1773|03/05/19|337,48|117954|0|31936/19
1602|MESA DE REFEITÓRIO|1773|03/05/19|337,48|117954|0|31936/19
1603|MESA DE REFEITÓRIO|1773|03/05/19|337,48|117954|0|31936/19
1604|MESA DE REFEITÓRIO|1773|03/05/19|337,48|117954|0|31936/19
1605|BANCO DE REFEITÓRIO|1773|03/05/19|337,48|117954|0|31936/19
1606|BANCO DE REFEITÓRIO|1773|03/05/19|337,48|117954|0|31936/19
1607|BANCO DE REFEITÓRIO|1773|03/05/19|337,48|117954|0|31936/19
1608|BANCO DE REFEITÓRIO|1773|03/05/19|337,48|117954|0|31936/19
1609|BANCO DE REFEITÓRIO|1773|03/05/19|337,48|117954|0|31936/19
1610|BANCO DE REFEITÓRIO|1773|03/05/19|337,48|117954|0|31936/19
1611|BANCO DE REFEITÓRIO|1773|03/05/19|337,48|117954|0|31936/19
1612|BANCO DE REFEITÓRIO|1773|03/05/19|337,48|117954|0|31936/19
1613|BANCO DE REFEITÓRIO|1773|03/05/19|337,48|117954|0|31936/19
1614|BANCO DE REFEITÓRIO|1773|03/05/19|337,48|117954|0|31936/19
1615|BANCO DE REFEITÓRIO|1773|03/05/19|337,48|117954|0|31936/19
1616|BANCO DE REFEITÓRIO|1773|03/05/19|337,48|117954|0|31936/19
1617|BANCO DE REFEITÓRIO|1773|03/05/19|337,48|117954|0|31936/19
1618|BANCO DE REFEITÓRIO|1773|03/05/19|337,48|117954|0|31936/19
1619|BANCO DE REFEITÓRIO|1773|03/05/19|337,48|117954|0|31936/19
1620|BANCO DE REFEITÓRIO|1773|03/05/19|337,48|117954|0|31936/19
1621|BANCO DE REFEITÓRIO|1773|03/05/19|337,48|117954|0|31936/19
1622|BANCO DE REFEITÓRIO|1773|03/05/19|337,48|117954|0|31936/19
1623|BANCO DE REFEITÓRIO|1773|03/05/19|337,48|117954|0|31936/19
1624|BANCO DE REFEITÓRIO|1773|03/05/19|337,48|117954|0|31936/19
1625|BANCO DE REFEITÓRIO|1773|03/05/19|337,48|117954|0|31936/19
1626|BANCO DE REFEITÓRIO|1773|03/05/19|337,48|117954|0|31936/19
1627|BANCO DE REFEITÓRIO|1773|03/05/19|337,48|117954|0|31936/19
1628|BANCO DE REFEITÓRIO|1773|03/05/19|337,48|117954|0|31936/19
1629|BANCO DE REFEITÓRIO|1773|03/05/19|337,48|117954|0|31936/19
1630|BANCO DE REFEITÓRIO|1773|03/05/19|337,48|117954|0|31936/19
1631|BANCO DE REFEITÓRIO|1773|03/05/19|337,48|117954|0|31936/19
1632|BANCO DE REFEITÓRIO|1773|03/05/19|337,48|117954|0|31936/19
1633|BANCO DE REFEITÓRIO|1773|03/05/19|337,48|117954|0|31936/19
1634|BANCO DE REFEITÓRIO|1773|03/05/19|337,48|117954|0|31936/19
1635|BANCO DE REFEITÓRIO|1773|03/05/19|337,48|117954|0|31936/19
1636|BANCO DE REFEITÓRIO|1773|03/05/19|337,48|117954|0|31936/19
1637|BANCO DE REFEITÓRIO|1773|03/05/19|337,48|117954|0|31936/19
1638|BANCO DE REFEITÓRIO|1773|03/05/19|337,48|117954|0|31936/19
1639|BANCO DE REFEITÓRIO|1773|03/05/19|337,48|117954|0|31936/19
1640|BANCO DE REFEITÓRIO|1773|03/05/19|337,48|117954|0|31936/19
1641|BANCO DE REFEITÓRIO|1773|03/05/19|337,48|117954|0|31936/19
1642|BANCO DE REFEITÓRIO|1773|03/05/19|337,48|117954|0|31936/19
1643|BANCO DE REFEITÓRIO|1773|03/05/19|337,48|117954|0|31936/19
1644|BANCO DE REFEITÓRIO|1773|03/05/19|337,48|117954|0|31936/19
1645|BANCO DE REFEITÓRIO|1773|03/05/19|337,48|117954|0|31936/19
1646|BANCO DE REFEITÓRIO|1773|03/05/19|337,48|117954|0|31936/19
1647|BANCO DE REFEITÓRIO|1773|03/05/19|337,48|117954|0|31936/19
1648|BANCO DE REFEITÓRIO|1773|03/05/19|337,48|117954|0|31936/19
1649|BANCO DE REFEITÓRIO|1773|03/05/19|337,48|117954|0|31936/19
1650|BANCO DE REFEITÓRIO|1773|03/05/19|337,48|117954|0|31936/19
1651|BANCO DE REFEITÓRIO|1773|03/05/19|337,48|117954|0|31936/19
1652|BANCO DE REFEITÓRIO|1773|03/05/19|337,48|117954|0|31936/19
1653|BANCO DE REFEITÓRIO|1773|03/05/19|337,48|117954|0|31936/19
1654|BANCO DE REFEITÓRIO|1773|03/05/19|337,48|117954|0|31936/19
1655|BANCO DE REFEITÓRIO|1773|03/05/19|337,48|117954|0|31936/19
1656|BANCO DE REFEITÓRIO|1773|03/05/19|337,48|117954|0|31936/19
1657|BANCO DE REFEITÓRIO|1773|03/05/19|337,48|117954|0|31936/19
1658|BANCO DE REFEITÓRIO|1773|03/05/19|337,48|117954|0|31936/19
1659|BANCO DE REFEITÓRIO|1773|03/05/19|337,48|117954|0|31936/19
1660|BANCO DE REFEITÓRIO|1773|03/05/19|337,48|117954|0|31936/19
1661|BANCO DE REFEITÓRIO|1773|03/05/19|337,48|117954|0|31936/19
1662|BANCO DE REFEITÓRIO|1773|03/05/19|337,48|117954|0|31936/19
1663|BANCO DE REFEITÓRIO|1773|03/05/19|337,48|117954|0|31936/19
1664|BANCO DE REFEITÓRIO|1773|03/05/19|337,48|117954|0|31936/19
1665|BANCO DE REFEITÓRIO|1773|03/05/19|337,48|117954|0|31936/19
1666|BANCO DE REFEITÓRIO|1773|03/05/19|337,48|117954|0|31936/19
1667|BANCO DE REFEITÓRIO|1773|03/05/19|337,48|117954|0|31936/19
1668|BANCO DE REFEITÓRIO|1773|03/05/19|337,48|117954|0|31936/19
1669|BANCO DE REFEITÓRIO|1773|03/05/19|337,48|117954|0|31936/19
1670|BANCO DE REFEITÓRIO|1773|03/05/19|337,48|117954|0|31936/19
1671|BANCO DE REFEITÓRIO|1773|03/05/19|337,48|117954|0|31936/19
1672|BANCO DE REFEITÓRIO|1773|03/05/19|337,48|117954|0|31936/19
1673|BANCO DE REFEITÓRIO|1773|03/05/19|337,48|117954|0|31936/19
1674|BANCO DE REFEITÓRIO|1773|03/05/19|337,48|117954|0|31936/19
1675|BANCO DE REFEITÓRIO|1773|03/05/19|337,48|117954|0|31936/19
1676|BANCO DE REFEITÓRIO|1773|03/05/19|337,48|117954|0|31936/19
1677|BANCO DE REFEITÓRIO|1773|03/05/19|337,48|117954|0|31936/19
1678|BANCO DE REFEITÓRIO|1773|03/05/19|337,48|117954|0|31936/19
1679|BANCO DE REFEITÓRIO|1773|03/05/19|337,48|117954|0|31936/19
1680|BANCO DE REFEITÓRIO|1773|03/05/19|337,48|117954|0|31936/19
1681|BANCO DE REFEITÓRIO|1773|03/05/19|337,48|117954|0|31936/19
1682|BANCO DE REFEITÓRIO|1773|03/05/19|337,48|117954|0|31936/19
1683|BANCO DE REFEITÓRIO|1773|03/05/19|337,48|117954|0|31936/19
1684|BANCO DE REFEITÓRIO|1773|03/05/19|337,48|117954|0|31936/19
1685|BANCO DE REFEITÓRIO|1773|03/05/19|337,48|117954|0|31936/19
1686|BANCO DE REFEITÓRIO|1773|03/05/19|337,48|117954|0|31936/19
1687|BANCO DE REFEITÓRIO|1773|03/05/19|337,48|117954|0|31936/19
1688|BANCO DE REFEITÓRIO|1773|03/05/19|337,48|117954|0|31936/19
1689|BANCO DE REFEITÓRIO|1773|03/05/19|337,48|117954|0|31936/19
1690|BANCO DE REFEITÓRIO|1773|03/05/19|337,48|117954|0|31936/19
1691|BANCO DE REFEITÓRIO|1773|03/05/19|337,48|117954|0|31936/19
1692|BANCO DE REFEITÓRIO|1773|03/05/19|337,48|117954|0|31936/19
1693|BANCO DE REFEITÓRIO|1773|03/05/19|337,48|117954|0|31936/19
1694|BANCO DE REFEITÓRIO|1773|03/05/19|337,48|117954|0|31936/19
1695|BANCO DE REFEITÓRIO|1773|03/05/19|337,48|117954|0|31936/19
1696|BANCO DE REFEITÓRIO|1773|03/05/19|337,48|117954|0|31936/19
1697|BANCO DE REFEITÓRIO|1773|03/05/19|337,48|117954|0|31936/19
1698|BANCO DE REFEITÓRIO|1773|03/05/19|337,48|117954|0|31936/19
1699|BANCO DE REFEITÓRIO|1773|03/05/19|337,48|117954|0|31936/19
1700|BANCO DE REFEITÓRIO|1773|03/05/19|337,48|117954|0|31936/19
1701|BANCO DE REFEITÓRIO|1773|03/05/19|337,48|117954|0|31936/19
1702|BANCO DE REFEITÓRIO|1773|03/05/19|337,48|117954|0|31936/19
1703|ESTAÇÃO DE TRABALHO|1773|03/05/19|1102,00|117954|0|31936/19
1704|ESTAÇÃO DE TRABALHO|1773|03/05/19|1102,00|117954|0|31936/19
1705|ESTAÇÃO DE TRABALHO|1773|03/05/19|1102,00|117954|0|31936/19
1706|ESTAÇÃO DE TRABALHO|1773|03/05/19|1102,00|117954|0|31936/19
1707|ESTAÇÃO DE TRABALHO|1773|03/05/19|1102,00|117954|0|31936/19
1708|ESTAÇÃO DE TRABALHO|1773|03/05/19|1102,00|117954|0|31936/19
1709|LONGARINA 3 LUGARES|1773|03/05/19|1080,00|117954|0|31936/19
1710|LONGARINA 3 LUGARES|1773|03/05/19|1080,00|117954|0|31936/19
1711|LONGARINA 3 LUGARES|1773|03/05/19|1080,00|117954|0|31936/19
1712|LONGARINA 3 LUGARES|1773|03/05/19|1080,00|117954|0|31936/19
1713|LONGARINA 3 LUGARES|1773|03/05/19|1080,00|117954|0|31936/19
1714|LONGARINA 3 LUGARES|1773|03/05/19|1080,00|117954|0|31936/19
1715|LONGARINA 3 LUGARES|1773|03/05/19|1080,00|117954|0|31936/19
1716|MESA RETA INDIVIDUAL|1773|03/05/19|800,00|117954|0|31936/19
1717|MESA RETA INDIVIDUAL|1773|03/05/19|800,00|117954|0|31936/19
1718|MESA RETA INDIVIDUAL|1773|03/05/19|800,00|117954|0|31936/19
1719|MESA RETA INDIVIDUAL|1773|03/05/19|800,00|117954|0|31936/19
1720|MESA RETA INDIVIDUAL|1773|03/05/19|800,00|117954|0|31936/19
1721|MESA RETA INDIVIDUAL|1773|03/05/19|800,00|117954|0|31936/19
1722|MESA RETA INDIVIDUAL|1773|03/05/19|800,00|117954|0|31936/19
1723|MESA RETA INDIVIDUAL|1773|03/05/19|800,00|117954|0|31936/19
1724|MESA RETA INDIVIDUAL|1773|03/05/19|800,00|117954|0|31936/19
1725|MESA RETA INDIVIDUAL|1773|03/05/19|800,00|117954|0|31936/19
1726|MESA RETA INDIVIDUAL|1773|03/05/19|800,00|117954|0|31936/19
1727|MESA RETA INDIVIDUAL|1773|03/05/19|800,00|117954|0|31936/19
1728|MESA RETA INDIVIDUAL|1773|03/05/19|800,00|117954|0|31936/19
1729|MESA RETA INDIVIDUAL|1773|03/05/19|800,00|117954|0|31936/19
1730|MESA RETA INDIVIDUAL|1773|03/05/19|800,00|117954|0|31936/19
1731|MESA RETA INDIVIDUAL|1773|03/05/19|800,00|117954|0|31936/19
1732|MESA RETA INDIVIDUAL|1773|03/05/19|800,00|117954|0|31936/19
1733|MESA RETA INDIVIDUAL|1773|03/05/19|800,00|117954|0|31936/19
1734|MESA RETA INDIVIDUAL|1773|03/05/19|800,00|117954|0|31936/19
1735|MESA RETA INDIVIDUAL|1773|03/05/19|800,00|117954|0|31936/19
1736|TRANSFORMADOR|1774|15/08/19|11900,00|117975|909056|43497
1737|CPU CORE 15 INTEL|1737|26/08/19|5190,00|117886|906846|2550/19
1738|CPU CORE 15 INTEL|1737|26/08/19|5190,00|117886|906846|2550/19
1739|CPU CORE 15 INTEL|1737|26/08/19|5190,00|117886|906846|2550/19
1740|CPU CORE 15 INTEL|1737|26/08/19|5190,00|117886|906846|2550/19
1741|CPU CORE 15 INTEL|1737|26/08/19|5190,00|117886|906846|2550/19
1742|CPU CORE 15 INTEL|1737|26/08/19|5190,00|117886|906846|2550/19
1743|CPU CORE 15 INTEL|1737|26/08/19|5190,00|117886|906846|2550/19
1744|CPU CORE 15 INTEL|1737|26/08/19|5190,00|117886|906846|2550/19
1745|CPU CORE 15 INTEL|1737|26/08/19|5190,00|117886|906846|2550/19
1746|CPU CORE 15 INTEL|1737|26/08/19|5190,00|117886|906846|2550/19
1747|CPU CORE 15 INTEL|1737|26/08/19|5190,00|117886|906846|2550/19
1748|CPU CORE 15 INTEL|1737|26/08/19|5190,00|117886|906846|2550/19
1749|CPU CORE 15 INTEL|1737|26/08/19|5190,00|117886|906846|2550/19
1750|CPU CORE 15 INTEL|1737|26/08/19|5190,00|117886|906846|2550/19
1751|CPU CORE 15 INTEL|1737|26/08/19|5190,00|117886|906846|2550/19
1752|CPU CORE 15 INTEL|1737|26/08/19|5190,00|117886|906846|2550/19
1753|CPU CORE 15 INTEL|1737|26/08/19|5190,00|117886|906846|2550/19
1754|CPU CORE 15 INTEL|1737|26/08/19|5190,00|117886|906846|2550/19
1755|CPU CORE 17 INTEL|1737|26/08/19|3257,00|117886|906846|2550/19
1756|CPU CORE 17 INTEL|1737|26/08/19|3257,00|117886|906846|2550/19
1757|CPU CORE 17 INTEL|1737|26/08/19|3257,00|117886|906846|2550/19
1758|CPU CORE 17 INTEL|1737|26/08/19|3257,00|117886|906846|2550/19
1759|CPU CORE 17 INTEL|1737|26/08/19|3257,00|117886|906846|2550/19
1760|CPU CORE 17 INTEL|1737|26/08/19|3257,00|117886|906846|2550/19
1761|CPU CORE 17 INTEL|1737|26/08/19|3257,00|117886|906846|2550/19
1762|CPU CORE 17 INTEL|1737|26/08/19|3257,00|117886|906846|2550/19
1763|CPU CORE 17 INTEL|1737|26/08/19|3257,00|117886|906846|2550/19
1764|CPU CORE 17 INTEL|1737|26/08/19|3257,00|117886|906846|2550/19
1765|CPU CORE 17 INTEL|1737|26/08/19|3257,00|117886|906846|2550/19
1766|CPU CORE 17 INTEL|1737|26/08/19|3257,00|117886|906846|2550/19
1767|MONITOR 19 POL|1737|26/08/19|650,00|117886|906846|2550/19
1768|MONITOR 19 POL|1737|26/08/19|650,00|117886|906846|2550/19
1769|MONITOR 19 POL|1737|26/08/19|650,00|117886|906846|2550/19
1770|MONITOR 19 POL|1737|26/08/19|650,00|117886|906846|2550/19
1771|MONITOR 19 POL|1737|26/08/19|650,00|117886|906846|2550/19
1772|MONITOR 19 POL|1737|26/08/19|650,00|117886|906846|2550/19
1773|MONITOR 19 POL|1737|26/08/19|650,00|117886|906846|2550/19
1774|MONITOR 19 POL|1737|26/08/19|650,00|117886|906846|2550/19
1775|MONITOR 19 POL|1737|26/08/19|650,00|117886|906846|2550/19
1776|MONITOR 19 POL|1737|26/08/19|650,00|117886|906846|2550/19
1777|MONITOR 19 POL|1737|26/08/19|650,00|117886|906846|2550/19
1778|MONITOR 19 POL|1737|26/08/19|650,00|117886|906846|2550/19
1779|MONITOR 19 POL|1737|26/08/19|650,00|117886|906846|2550/19
1780|MONITOR 19 POL|1737|26/08/19|650,00|117886|906846|2550/19
1781|MONITOR 19 POL|1737|26/08/19|650,00|117886|906846|2550/19
1782|MONITOR 19 POL|1737|26/08/19|650,00|117886|906846|2550/19
1783|MONITOR 19 POL|1737|26/08/19|650,00|117886|906846|2550/19
1784|MONITOR 19 POL|1737|26/08/19|650,00|117886|906846|2550/19
1785|MONITOR 19 POL|1737|26/08/19|650,00|117886|906846|2550/19
1786|MONITOR 19 POL|1737|26/08/19|650,00|117886|906846|2550/19
1787|MONITOR 19 POL|1737|26/08/19|650,00|117886|906846|2550/19
1788|MONITOR 19 POL|1737|26/08/19|650,00|117886|906846|2550/19
1789|MONITOR 19 POL|1737|26/08/19|650,00|117886|906846|2550/19
1790|MONITOR 19 POL|1737|26/08/19|650,00|117886|906846|2550/19
1791|MONITOR 19 POL|1737|26/08/19|650,00|117886|906846|2550/19
1792|MONITOR 19 POL|1737|26/08/19|650,00|117886|906846|2550/19
1793|MONITOR 19 POL|1737|26/08/19|650,00|117886|906846|2550/19
1794|MONITOR 19 POL|1737|26/08/19|650,00|117886|906846|2550/19
1795|MONITOR 19 POL|1737|26/08/19|650,00|117886|906846|2550/19
1796|MONITOR 19 POL|1737|26/08/19|650,00|117886|906846|2550/19
1797|TRANSFORMADOR|1747|30/12/19|11900,00|117175|913340|
1798|IMPRESSORA 3D|1737|23/10/19|7869,00|118281|908500|6615/19
1799|MESA CJ INF||11/09/19|100,00|118171|906812|1215/19
1800|MESA CJ INF||11/09/19|100,00|118171|906812|1215/19
1801|MESA CJ INF||11/09/19|100,00|118171|906812|1215/19
1802|MESA CJ INF||11/09/19|100,00|118171|906812|1215/19
1803|MESA CJ INF||11/09/19|100,00|118171|906812|1215/19
1804|MESA CJ INF||11/09/19|100,00|118171|906812|1215/19
1805|MESA CJ INF||11/09/19|100,00|118171|906812|1215/19
1806|MESA CJ INF||11/09/19|100,00|118171|906812|1215/19
1807|MESA CJ INF||11/09/19|100,00|118171|906812|1215/19
1808|MESA CJ INF||11/09/19|100,00|118171|906812|1215/19
1809|MESA CJ INF||11/09/19|100,00|118171|906812|1215/19
1810|MESA CJ INF||11/09/19|100,00|118171|906812|1215/19
1811|MESA CJ INF||11/09/19|100,00|118171|906812|1215/19
1812|MESA CJ INF||11/09/19|100,00|118171|906812|1215/19
1813|MESA CJ INF||11/09/19|100,00|118171|906812|1215/19
1814|MESA CJ INF||11/09/19|100,00|118171|906812|1215/19
1815|MESA CJ INF||11/09/19|100,00|118171|906812|1215/19
1816|MESA CJ INF||11/09/19|100,00|118171|906812|1215/19
1817|MESA CJ INF||11/09/19|100,00|118171|906812|1215/19
1818|MESA CJ INF||11/09/19|100,00|118171|906812|1215/19
1819|MESA CJ INF||11/09/19|100,00|118171|906812|1215/19
1820|MESA CJ INF||11/09/19|100,00|118171|906812|1215/19
1821|MESA CJ INF||11/09/19|100,00|118171|906812|1215/19
1822|MESA CJ INF||11/09/19|100,00|118171|906812|1215/19
1823|MESA CJ INF||11/09/19|100,00|118171|906812|1215/19
1824|MESA CJ INF||11/09/19|100,00|118171|906812|1215/19
1825|MESA CJ INF||11/09/19|100,00|118171|906812|1215/19
1826|MESA CJ INF||11/09/19|100,00|118171|906812|1215/19
1827|MESA CJ INF||11/09/19|100,00|118171|906812|1215/19
1828|MESA CJ INF||11/09/19|100,00|118171|906812|1215/19
1829|MESA CJ INF||11/09/19|100,00|118171|906812|1215/19
1830|MESA CJ INF||11/09/19|100,00|118171|906812|1215/19
1831|MESA CJ INF||11/09/19|100,00|118171|906812|1215/19
1832|MESA CJ INF||11/09/19|100,00|118171|906812|1215/19
1833|MESA CJ INF||11/09/19|100,00|118171|906812|1215/19
1834|MESA CJ INF||11/09/19|100,00|118171|906812|1215/19
1835|MESA CJ INF||11/09/19|100,00|118171|906812|1215/19
1836|MESA CJ INF||11/09/19|100,00|118171|906812|1215/19
1837|MESA CJ INF||11/09/19|100,00|118171|906812|1215/19
1838|MESA CJ INF||11/09/19|100,00|118171|906812|1215/19
1839|MESA CJ INF||11/09/19|100,00|118171|906812|1215/19
1840|MESA CJ INF||11/09/19|100,00|118171|906812|1215/19
1841|MESA CJ INF||11/09/19|100,00|118171|906812|1215/19
1842|MESA CJ INF||11/09/19|100,00|118171|906812|1215/19
1843|MESA CJ INF||11/09/19|100,00|118171|906812|1215/19
1844|MESA CJ INF||11/09/19|100,00|118171|906812|1215/19
1845|MESA CJ INF||11/09/19|100,00|118171|906812|1215/19
1846|MESA CJ INF||11/09/19|100,00|118171|906812|1215/19
1847|MESA CJ INF||11/09/19|100,00|118171|906812|1215/19
1848|MESA CJ INF||11/09/19|100,00|118171|906812|1215/19
1849|MESA CJ INF||11/09/19|100,00|118171|906812|1215/19
1850|MESA CJ INF||11/09/19|100,00|118171|906812|1215/19
1851|MESA CJ INF||11/09/19|100,00|118171|906812|1215/19
1852|MESA CJ INF||11/09/19|100,00|118171|906812|1215/19
1853|MESA CJ INF||11/09/19|100,00|118171|906812|1215/19
1854|MESA CJ INF||11/09/19|100,00|118171|906812|1215/19
1855|MESA CJ INF||11/09/19|100,00|118171|906812|1215/19
1856|MESA CJ INF||11/09/19|100,00|118171|906812|1215/19
1857|MESA CJ INF||11/09/19|100,00|118171|906812|1215/19
1858|MESA CJ INF||11/09/19|100,00|118171|906812|1215/19
1859|MESA CJ INF||11/09/19|100,00|118171|906812|1215/19
1860|MESA CJ INF||11/09/19|100,00|118171|906812|1215/19
1861|MESA CJ INF||11/09/19|100,00|118171|906812|1215/19
1862|MESA CJ INF||11/09/19|100,00|118171|906812|1215/19
1863|MESA CJ INF||11/09/19|100,00|118171|906812|1215/19
1864|MESA CJ INF||11/09/19|100,00|118171|906812|1215/19
1865|MESA CJ INF||11/09/19|100,00|118171|906812|1215/19
1866|MESA CJ INF||11/09/19|100,00|118171|906812|1215/19
1867|MESA CJ INF||11/09/19|100,00|118171|906812|1215/19
1868|MESA CJ INF||11/09/19|100,00|118171|906812|1215/19
1869|MESA CJ INF||11/09/19|100,00|118171|906812|1215/19
1870|MESA CJ INF||11/09/19|100,00|118171|906812|1215/19
1871|MESA CJ INF||11/09/19|100,00|118171|906812|1215/19
1872|MESA CJ INF||11/09/19|100,00|118171|906812|1215/19
1873|MESA CJ INF||11/09/19|100,00|118171|906812|1215/19
1874|MESA CJ INF||11/09/19|100,00|118171|906812|1215/19
1875|MESA CJ INF||11/09/19|100,00|118171|906812|1215/19
1876|MESA CJ INF||11/09/19|100,00|118171|906812|1215/19
1877|MESA CJ INF||11/09/19|100,00|118171|906812|1215/19
1878|MESA CJ INF||11/09/19|100,00|118171|906812|1215/19
1879|MESA CJ INF||11/09/19|100,00|118171|906812|1215/19
1880|MESA CJ INF||11/09/19|100,00|118171|906812|1215/19
1881|MESA CJ INF||11/09/19|100,00|118171|906812|1215/19
1882|MESA CJ INF||11/09/19|100,00|118171|906812|1215/19
1883|MESA CJ INF||11/09/19|100,00|118171|906812|1215/19
1884|MESA CJ INF||11/09/19|100,00|118171|906812|1215/19
1885|MESA CJ INF||11/09/19|100,00|118171|906812|1215/19
1886|MESA CJ INF||11/09/19|100,00|118171|906812|1215/19
1887|MESA CJ INF||11/09/19|100,00|118171|906812|1215/19
1888|MESA CJ INF||11/09/19|100,00|118171|906812|1215/19
1889|MESA CJ INF||11/09/19|100,00|118171|906812|1215/19
1890|MESA CJ INF||11/09/19|100,00|118171|906812|1215/19
1891|MESA CJ INF||11/09/19|100,00|118171|906812|1215/19
1892|MESA CJ INF||11/09/19|100,00|118171|906812|1215/19
1893|MESA CJ INF||11/09/19|100,00|118171|906812|1215/19
1894|MESA CJ INF||11/09/19|100,00|118171|906812|1215/19
1895|MESA CJ INF||11/09/19|100,00|118171|906812|1215/19
1896|MESA CJ INF||11/09/19|100,00|118171|906812|1215/19
1897|MESA CJ INF||11/09/19|100,00|118171|906812|1215/19
1898|MESA CJ INF||11/09/19|100,00|118171|906812|1215/19
1899|MESA CJ INF||11/09/19|100,00|118171|906812|1215/19
1900|MESA CJ INF||11/09/19|100,00|118171|906812|1215/19
1901|MESA CJ INF||11/09/19|100,00|118171|906812|1215/19
1902|MESA CJ INF||11/09/19|100,00|118171|906812|1215/19
1903|MESA CJ INF||11/09/19|100,00|118171|906812|1215/19
1904|MESA CJ INF||11/09/19|100,00|118171|906812|1215/19
1905|MESA CJ INF||11/09/19|100,00|118171|906812|1215/19
1906|MESA CJ INF||11/09/19|100,00|118171|906812|1215/19
1907|MESA CJ INF||11/09/19|100,00|118171|906812|1215/19
1908|MESA CJ INF||11/09/19|100,00|118171|906812|1215/19
1909|MESA CJ INF||11/09/19|100,00|118171|906812|1215/19
1910|MESA CJ INF||11/09/19|100,00|118171|906812|1215/19
1911|MESA CJ INF||11/09/19|100,00|118171|906812|1215/19
1912|MESA CJ INF||11/09/19|100,00|118171|906812|1215/19
1913|MESA CJ INF||11/09/19|100,00|118171|906812|1215/19
1914|MESA CJ INF||11/09/19|100,00|118171|906812|1215/19
1915|MESA CJ INF||11/09/19|100,00|118171|906812|1215/19
1916|MESA CJ INF||11/09/19|100,00|118171|906812|1215/19
1917|MESA CJ INF||11/09/19|100,00|118171|906812|1215/19
1918|MESA CJ INF||11/09/19|100,00|118171|906812|1215/19
1919|MESA CJ INF||11/09/19|100,00|118171|906812|1215/19
1920|MESA CJ INF||11/09/19|100,00|118171|906812|1215/19
1921|MESA CJ INF||11/09/19|100,00|118171|906812|1215/19
1922|MESA CJ INF||11/09/19|100,00|118171|906812|1215/19
1923|MESA CJ INF||11/09/19|100,00|118171|906812|1215/19
1924|MESA CJ INF||11/09/19|100,00|118171|906812|1215/19
1925|MESA CJ INF||11/09/19|100,00|118171|906812|1215/19
1926|MESA CJ INF||11/09/19|100,00|118171|906812|1215/19
1927|MESA CJ INF||11/09/19|100,00|118171|906812|1215/19
1928|MESA CJ INF||11/09/19|100,00|118171|906812|1215/19
1929|MESA CJ INF||11/09/19|100,00|118171|906812|1215/19
1930|MESA CJ INF||11/09/19|100,00|118171|906812|1215/19
1931|MESA CJ INF||11/09/19|100,00|118171|906812|1215/19
1932|MESA CJ INF||11/09/19|100,00|118171|906812|1215/19
1933|MESA CJ INF||11/09/19|100,00|118171|906812|1215/19
1934|MESA CJ INF||11/09/19|100,00|118171|906812|1215/19
1935|MESA CJ INF||11/09/19|100,00|118171|906812|1215/19
1936|MESA CJ INF||11/09/19|100,00|118171|906812|1215/19
1937|MESA CJ INF||11/09/19|100,00|118171|906812|1215/19
1938|MESA CJ INF||11/09/19|100,00|118171|906812|1215/19
1939|MESA CJ INF||11/09/19|100,00|118171|906812|1215/19
1940|MESA CJ INF||11/09/19|100,00|118171|906812|1215/19
1941|MESA CJ INF||11/09/19|100,00|118171|906812|1215/19
1942|MESA CJ INF||11/09/19|100,00|118171|906812|1215/19
1943|MESA CJ INF||11/09/19|100,00|118171|906812|1215/19
1944|MESA CJ INF||11/09/19|100,00|118171|906812|1215/19
1945|MESA CJ INF||11/09/19|100,00|118171|906812|1215/19
1946|MESA CJ INF||11/09/19|100,00|118171|906812|1215/19
1947|MESA CJ INF||11/09/19|100,00|118171|906812|1215/19
1948|MESA CJ INF||11/09/19|100,00|118171|906812|1215/19
1949|CADEIRA CJ INF||11/09/19|81,75|118171|906812|1215/19
1950|CADEIRA CJ INF||11/09/19|81,75|118171|906812|1215/19
1951|CADEIRA CJ INF||11/09/19|81,75|118171|906812|1215/19
1952|CADEIRA CJ INF||11/09/19|81,75|118171|906812|1215/19
1953|CADEIRA CJ INF||11/09/19|81,75|118171|906812|1215/19
1954|CADEIRA CJ INF||11/09/19|81,75|118171|906812|1215/19
1955|CADEIRA CJ INF||11/09/19|81,75|118171|906812|1215/19
1956|CADEIRA CJ INF||11/09/19|81,75|118171|906812|1215/19
1957|CADEIRA CJ INF||11/09/19|81,75|118171|906812|1215/19
1958|CADEIRA CJ INF||11/09/19|81,75|118171|906812|1215/19
1959|CADEIRA CJ INF||11/09/19|81,75|118171|906812|1215/19
1960|CADEIRA CJ INF||11/09/19|81,75|118171|906812|1215/19
1961|CADEIRA CJ INF||11/09/19|81,75|118171|906812|1215/19
1962|CADEIRA CJ INF||11/09/19|81,75|118171|906812|1215/19
1963|CADEIRA CJ INF||11/09/19|81,75|118171|906812|1215/19
1964|CADEIRA CJ INF||11/09/19|81,75|118171|906812|1215/19
1965|CADEIRA CJ INF||11/09/19|81,75|118171|906812|1215/19
1966|CADEIRA CJ INF||11/09/19|81,75|118171|906812|1215/19
1967|CADEIRA CJ INF||11/09/19|81,75|118171|906812|1215/19
1968|CADEIRA CJ INF||11/09/19|81,75|118171|906812|1215/19
1969|CADEIRA CJ INF||11/09/19|81,75|118171|906812|1215/19
1970|CADEIRA CJ INF||11/09/19|81,75|118171|906812|1215/19
1971|CADEIRA CJ INF||11/09/19|81,75|118171|906812|1215/19
1972|CADEIRA CJ INF||11/09/19|81,75|118171|906812|1215/19
1973|CADEIRA CJ INF||11/09/19|81,75|118171|906812|1215/19
1974|CADEIRA CJ INF||11/09/19|81,75|118171|906812|1215/19
1975|CADEIRA CJ INF||11/09/19|81,75|118171|906812|1215/19
1976|CADEIRA CJ INF||11/09/19|81,75|118171|906812|1215/19
1977|CADEIRA CJ INF||11/09/19|81,75|118171|906812|1215/19
1978|CADEIRA CJ INF||11/09/19|81,75|118171|906812|1215/19
1979|CADEIRA CJ INF||11/09/19|81,75|118171|906812|1215/19
1980|CADEIRA CJ INF||11/09/19|81,75|118171|906812|1215/19
1981|CADEIRA CJ INF||11/09/19|81,75|118171|906812|1215/19
1982|CADEIRA CJ INF||11/09/19|81,75|118171|906812|1215/19
1983|CADEIRA CJ INF||11/09/19|81,75|118171|906812|1215/19
1984|CADEIRA CJ INF||11/09/19|81,75|118171|906812|1215/19
1985|CADEIRA CJ INF||11/09/19|81,75|118171|906812|1215/19
1986|CADEIRA CJ INF||11/09/19|81,75|118171|906812|1215/19
1987|CADEIRA CJ INF||11/09/19|81,75|118171|906812|1215/19
1988|CADEIRA CJ INF||11/09/19|81,75|118171|906812|1215/19
1989|CADEIRA CJ INF||11/09/19|81,75|118171|906812|1215/19
1990|CADEIRA CJ INF||11/09/19|81,75|118171|906812|1215/19
1991|CADEIRA CJ INF||11/09/19|81,75|118171|906812|1215/19
1992|CADEIRA CJ INF||11/09/19|81,75|118171|906812|1215/19
1993|CADEIRA CJ INF||11/09/19|81,75|118171|906812|1215/19
1994|CADEIRA CJ INF||11/09/19|81,75|118171|906812|1215/19
1995|CADEIRA CJ INF||11/09/19|81,75|118171|906812|1215/19
1996|CADEIRA CJ INF||11/09/19|81,75|118171|906812|1215/19
1997|CADEIRA CJ INF||11/09/19|81,75|118171|906812|1215/19
1998|CADEIRA CJ INF||11/09/19|81,75|118171|906812|1215/19
1999|CADEIRA CJ INF||11/09/19|81,75|118171|906812|1215/19
2000|CADEIRA CJ INF||11/09/19|81,75|118171|906812|1215/19
2001|CADEIRA CJ INF||11/09/19|81,75|118171|906812|1215/19
2002|CADEIRA CJ INF||11/09/19|81,75|118171|906812|1215/19
2003|CADEIRA CJ INF||11/09/19|81,75|118171|906812|1215/19
2004|CADEIRA CJ INF||11/09/19|81,75|118171|906812|1215/19
2005|CADEIRA CJ INF||11/09/19|81,75|118171|906812|1215/19
2006|CADEIRA CJ INF||11/09/19|81,75|118171|906812|1215/19
2007|CADEIRA CJ INF||11/09/19|81,75|118171|906812|1215/19
2008|CADEIRA CJ INF||11/09/19|81,75|118171|906812|1215/19
2009|CADEIRA CJ INF||11/09/19|81,75|118171|906812|1215/19
2010|CADEIRA CJ INF||11/09/19|81,75|118171|906812|1215/19
2011|CADEIRA CJ INF||11/09/19|81,75|118171|906812|1215/19
2012|CADEIRA CJ INF||11/09/19|81,75|118171|906812|1215/19
2013|CADEIRA CJ INF||11/09/19|81,75|118171|906812|1215/19
2014|CADEIRA CJ INF||11/09/19|81,75|118171|906812|1215/19
2015|CADEIRA CJ INF||11/09/19|81,75|118171|906812|1215/19
2016|CADEIRA CJ INF||11/09/19|81,75|118171|906812|1215/19
2017|CADEIRA CJ INF||11/09/19|81,75|118171|906812|1215/19
2018|CADEIRA CJ INF||11/09/19|81,75|118171|906812|1215/19
2019|CADEIRA CJ INF||11/09/19|81,75|118171|906812|1215/19
2020|CADEIRA CJ INF||11/09/19|81,75|118171|906812|1215/19
2021|CADEIRA CJ INF||11/09/19|81,75|118171|906812|1215/19
2022|CADEIRA CJ INF||11/09/19|81,75|118171|906812|1215/19
2023|CADEIRA CJ INF||11/09/19|81,75|118171|906812|1215/19
2024|CADEIRA CJ INF||11/09/19|81,75|118171|906812|1215/19
2025|CADEIRA CJ INF||11/09/19|81,75|118171|906812|1215/19
2026|CADEIRA CJ INF||11/09/19|81,75|118171|906812|1215/19
2027|CADEIRA CJ INF||11/09/19|81,75|118171|906812|1215/19
2028|CADEIRA CJ INF||11/09/19|81,75|118171|906812|1215/19
2029|CADEIRA CJ INF||11/09/19|81,75|118171|906812|1215/19
2030|CADEIRA CJ INF||11/09/19|81,75|118171|906812|1215/19
2031|CADEIRA CJ INF||11/09/19|81,75|118171|906812|1215/19
2032|CADEIRA CJ INF||11/09/19|81,75|118171|906812|1215/19
2033|CADEIRA CJ INF||11/09/19|81,75|118171|906812|1215/19
2034|CADEIRA CJ INF||11/09/19|81,75|118171|906812|1215/19
2035|CADEIRA CJ INF||11/09/19|81,75|118171|906812|1215/19
2036|CADEIRA CJ INF||11/09/19|81,75|118171|906812|1215/19
2037|CADEIRA CJ INF||11/09/19|81,75|118171|906812|1215/19
2038|CADEIRA CJ INF||11/09/19|81,75|118171|906812|1215/19
2039|CADEIRA CJ INF||11/09/19|81,75|118171|906812|1215/19
2040|CADEIRA CJ INF||11/09/19|81,75|118171|906812|1215/19
2041|CADEIRA CJ INF||11/09/19|81,75|118171|906812|1215/19
2042|CADEIRA CJ INF||11/09/19|81,75|118171|906812|1215/19
2043|CADEIRA CJ INF||11/09/19|81,75|118171|906812|1215/19
2044|CADEIRA CJ INF||11/09/19|81,75|118171|906812|1215/19
2045|CADEIRA CJ INF||11/09/19|81,75|118171|906812|1215/19
2046|CADEIRA CJ INF||11/09/19|81,75|118171|906812|1215/19
2047|CADEIRA CJ INF||11/09/19|81,75|118171|906812|1215/19
2048|CADEIRA CJ INF||11/09/19|81,75|118171|906812|1215/19
2049|CADEIRA CJ INF||11/09/19|81,75|118171|906812|1215/19
2050|CADEIRA CJ INF||11/09/19|81,75|118171|906812|1215/19
2051|CADEIRA CJ INF||11/09/19|81,75|118171|906812|1215/19
2052|CADEIRA CJ INF||11/09/19|81,75|118171|906812|1215/19
2053|CADEIRA CJ INF||11/09/19|81,75|118171|906812|1215/19
2054|CADEIRA CJ INF||11/09/19|81,75|118171|906812|1215/19
2055|CADEIRA CJ INF||11/09/19|81,75|118171|906812|1215/19
2056|CADEIRA CJ INF||11/09/19|81,75|118171|906812|1215/19
2057|CADEIRA CJ INF||11/09/19|81,75|118171|906812|1215/19
2058|CADEIRA CJ INF||11/09/19|81,75|118171|906812|1215/19
2059|CADEIRA CJ INF||11/09/19|81,75|118171|906812|1215/19
2060|CADEIRA CJ INF||11/09/19|81,75|118171|906812|1215/19
2061|CADEIRA CJ INF||11/09/19|81,75|118171|906812|1215/19
2062|CADEIRA CJ INF||11/09/19|81,75|118171|906812|1215/19
2063|CADEIRA CJ INF||11/09/19|81,75|118171|906812|1215/19
2064|CADEIRA CJ INF||11/09/19|81,75|118171|906812|1215/19
2065|CADEIRA CJ INF||11/09/19|81,75|118171|906812|1215/19
2066|CADEIRA CJ INF||11/09/19|81,75|118171|906812|1215/19
2067|CADEIRA CJ INF||11/09/19|81,75|118171|906812|1215/19
2068|CADEIRA CJ INF||11/09/19|81,75|118171|906812|1215/19
2069|CADEIRA CJ INF||11/09/19|81,75|118171|906812|1215/19
2070|CADEIRA CJ INF||11/09/19|81,75|118171|906812|1215/19
2071|CADEIRA CJ INF||11/09/19|81,75|118171|906812|1215/19
2072|CADEIRA CJ INF||11/09/19|81,75|118171|906812|1215/19
2073|CADEIRA CJ INF||11/09/19|81,75|118171|906812|1215/19
2074|CADEIRA CJ INF||11/09/19|81,75|118171|906812|1215/19
2075|CADEIRA CJ INF||11/09/19|81,75|118171|906812|1215/19
2076|CADEIRA CJ INF||11/09/19|81,75|118171|906812|1215/19
2077|CADEIRA CJ INF||11/09/19|81,75|118171|906812|1215/19
2078|CADEIRA CJ INF||11/09/19|81,75|118171|906812|1215/19
2079|CADEIRA CJ INF||11/09/19|81,75|118171|906812|1215/19
2080|CADEIRA CJ INF||11/09/19|81,75|118171|906812|1215/19
2081|CADEIRA CJ INF||11/09/19|81,75|118171|906812|1215/19
2082|CADEIRA CJ INF||11/09/19|81,75|118171|906812|1215/19
2083|CADEIRA CJ INF||11/09/19|81,75|118171|906812|1215/19
2084|CADEIRA CJ INF||11/09/19|81,75|118171|906812|1215/19
2085|CADEIRA CJ INF||11/09/19|81,75|118171|906812|1215/19
2086|CADEIRA CJ INF||11/09/19|81,75|118171|906812|1215/19
2087|CADEIRA CJ INF||11/09/19|81,75|118171|906812|1215/19
2088|CADEIRA CJ INF||11/09/19|81,75|118171|906812|1215/19
2089|CADEIRA CJ INF||11/09/19|81,75|118171|906812|1215/19
2090|CADEIRA CJ INF||11/09/19|81,75|118171|906812|1215/19
2091|CADEIRA CJ INF||11/09/19|81,75|118171|906812|1215/19
2092|CADEIRA CJ INF||11/09/19|81,75|118171|906812|1215/19
2093|CADEIRA CJ INF||11/09/19|81,75|118171|906812|1215/19
2094|CADEIRA CJ INF||11/09/19|81,75|118171|906812|1215/19
2095|CADEIRA CJ INF||11/09/19|81,75|118171|906812|1215/19
2096|CADEIRA CJ INF||11/09/19|81,75|118171|906812|1215/19
2097|CADEIRA CJ INF||11/09/19|81,75|118171|906812|1215/19
2098|CADEIRA CJ INF||11/09/19|81,75|118171|906812|1215/19
2099|CADEIRA CJ INF||11/09/19|81,75|118171|906812|1215/19
2100|CADEIRA CJ INF||11/09/19|81,75|118171|906812|1215/19
2101|CADEIRA CJ INF||11/09/19|81,75|118171|906812|1215/19
2102|CADEIRA CJ INF||11/09/19|81,75|118171|906812|1215/19
2103|CADEIRA CJ INF||11/09/19|81,75|118171|906812|1215/19
2104|CADEIRA CJ INF||11/09/19|81,75|118171|906812|1215/19
2105|CADEIRA CJ INF||11/09/19|81,75|118171|906812|1215/19
2106|CADEIRA CJ INF||11/09/19|81,75|118171|906812|1215/19
2107|CADEIRA CJ INF||11/09/19|81,75|118171|906812|1215/19
2108|CADEIRA CJ INF||11/09/19|81,75|118171|906812|1215/19
2109|CADEIRA CJ INF||11/09/19|81,75|118171|906812|1215/19
2110|CADEIRA CJ INF||11/09/19|81,75|118171|906812|1215/19
2111|CADEIRA CJ INF||11/09/19|81,75|118171|906812|1215/19
2112|CADEIRA CJ INF||11/09/19|81,75|118171|906812|1215/19
2113|CADEIRA CJ INF||11/09/19|81,75|118171|906812|1215/19
2114|CADEIRA CJ INF||11/09/19|81,75|118171|906812|1215/19
2115|CADEIRA CJ INF||11/09/19|81,75|118171|906812|1215/19
2116|CADEIRA CJ INF||11/09/19|81,75|118171|906812|1215/19
2117|CADEIRA CJ INF||11/09/19|81,75|118171|906812|1215/19
2118|CADEIRA CJ INF||11/09/19|81,75|118171|906812|1215/19
2119|CADEIRA CJ INF||11/09/19|81,75|118171|906812|1215/19
2120|CADEIRA CJ INF||11/09/19|81,75|118171|906812|1215/19
2121|CADEIRA CJ INF||11/09/19|81,75|118171|906812|1215/19
2122|CADEIRA CJ INF||11/09/19|81,75|118171|906812|1215/19
2123|CADEIRA CJ INF||11/09/19|81,75|118171|906812|1215/19
2124|CADEIRA CJ INF||11/09/19|81,75|118171|906812|1215/19
2125|CADEIRA CJ INF||11/09/19|81,75|118171|906812|1215/19
2126|CADEIRA CJ INF||11/09/19|81,75|118171|906812|1215/19
2127|CADEIRA CJ INF||11/09/19|81,75|118171|906812|1215/19
2128|CADEIRA CJ INF||11/09/19|81,75|118171|906812|1215/19
2129|CADEIRA CJ INF||11/09/19|81,75|118171|906812|1215/19
2130|CADEIRA CJ INF||11/09/19|81,75|118171|906812|1215/19
2131|CADEIRA CJ INF||11/09/19|81,75|118171|906812|1215/19
2132|CADEIRA CJ INF||11/09/19|81,75|118171|906812|1215/19
2133|CADEIRA CJ INF||11/09/19|81,75|118171|906812|1215/19
2134|CADEIRA CJ INF||11/09/19|81,75|118171|906812|1215/19
2135|CADEIRA CJ INF||11/09/19|81,75|118171|906812|1215/19
2136|CADEIRA CJ INF||11/09/19|81,75|118171|906812|1215/19
2137|CADEIRA CJ INF||11/09/19|81,75|118171|906812|1215/19
2138|CADEIRA CJ INF||11/09/19|81,75|118171|906812|1215/19
2139|CADEIRA CJ INF||11/09/19|81,75|118171|906812|1215/19
2140|CADEIRA CJ INF||11/09/19|81,75|118171|906812|1215/19
2141|CADEIRA CJ INF||11/09/19|81,75|118171|906812|1215/19
2142|CADEIRA CJ INF||11/09/19|81,75|118171|906812|1215/19
2143|CADEIRA CJ INF||11/09/19|81,75|118171|906812|1215/19
2144|CADEIRA CJ INF||11/09/19|81,75|118171|906812|1215/19
2145|CADEIRA CJ INF||11/09/19|81,75|118171|906812|1215/19
2146|CADEIRA CJ INF||11/09/19|81,75|118171|906812|1215/19
2147|CADEIRA CJ INF||11/09/19|81,75|118171|906812|1215/19
2148|CADEIRA CJ INF||11/09/19|81,75|118171|906812|1215/19
2149|CADEIRA CJ INF||11/09/19|81,75|118171|906812|1215/19
2150|CADEIRA CJ INF||11/09/19|81,75|118171|906812|1215/19
2151|CADEIRA CJ INF||11/09/19|81,75|118171|906812|1215/19
2152|CADEIRA CJ INF||11/09/19|81,75|118171|906812|1215/19
2153|CADEIRA CJ INF||11/09/19|81,75|118171|906812|1215/19
2154|CADEIRA CJ INF||11/09/19|81,75|118171|906812|1215/19
2155|CADEIRA CJ INF||11/09/19|81,75|118171|906812|1215/19
2156|CADEIRA CJ INF||11/09/19|81,75|118171|906812|1215/19
2157|CADEIRA CJ INF||11/09/19|81,75|118171|906812|1215/19
2158|CADEIRA CJ INF||11/09/19|81,75|118171|906812|1215/19
2159|CADEIRA CJ INF||11/09/19|81,75|118171|906812|1215/19
2160|CADEIRA CJ INF||11/09/19|81,75|118171|906812|1215/19
2161|CADEIRA CJ INF||11/09/19|81,75|118171|906812|1215/19
2162|CADEIRA CJ INF||11/09/19|81,75|118171|906812|1215/19
2163|CADEIRA CJ INF||11/09/19|81,75|118171|906812|1215/19
2164|CADEIRA CJ INF||11/09/19|81,75|118171|906812|1215/19
2165|CADEIRA CJ INF||11/09/19|81,75|118171|906812|1215/19
2166|CADEIRA CJ INF||11/09/19|81,75|118171|906812|1215/19
2167|CADEIRA CJ INF||11/09/19|81,75|118171|906812|1215/19
2168|CADEIRA CJ INF||11/09/19|81,75|118171|906812|1215/19
2169|CADEIRA CJ INF||11/09/19|81,75|118171|906812|1215/19
2170|CADEIRA CJ INF||11/09/19|81,75|118171|906812|1215/19
2171|CADEIRA CJ INF||11/09/19|81,75|118171|906812|1215/19
2172|CADEIRA CJ INF||11/09/19|81,75|118171|906812|1215/19
2173|CADEIRA CJ INF||11/09/19|81,75|118171|906812|1215/19
2174|CADEIRA CJ INF||11/09/19|81,75|118171|906812|1215/19
2175|CADEIRA CJ INF||11/09/19|81,75|118171|906812|1215/19
2176|CADEIRA CJ INF||11/09/19|81,75|118171|906812|1215/19
2177|CADEIRA CJ INF||11/09/19|81,75|118171|906812|1215/19
2178|CADEIRA CJ INF||11/09/19|81,75|118171|906812|1215/19
2179|CADEIRA CJ INF||11/09/19|81,75|118171|906812|1215/19
2180|CADEIRA CJ INF||11/09/19|81,75|118171|906812|1215/19
2181|CADEIRA CJ INF||11/09/19|81,75|118171|906812|1215/19
2182|CADEIRA CJ INF||11/09/19|81,75|118171|906812|1215/19
2183|CADEIRA CJ INF||11/09/19|81,75|118171|906812|1215/19
2184|CADEIRA CJ INF||11/09/19|81,75|118171|906812|1215/19
2185|CADEIRA CJ INF||11/09/19|81,75|118171|906812|1215/19
2186|CADEIRA CJ INF||11/09/19|81,75|118171|906812|1215/19
2187|CADEIRA CJ INF||11/09/19|81,75|118171|906812|1215/19
2188|CADEIRA CJ INF||11/09/19|81,75|118171|906812|1215/19
2189|CADEIRA CJ INF||11/09/19|81,75|118171|906812|1215/19
2190|CADEIRA CJ INF||11/09/19|81,75|118171|906812|1215/19
2191|CADEIRA CJ INF||11/09/19|81,75|118171|906812|1215/19
2192|CADEIRA CJ INF||11/09/19|81,75|118171|906812|1215/19
2193|CADEIRA CJ INF||11/09/19|81,75|118171|906812|1215/19
2194|CADEIRA CJ INF||11/09/19|81,75|118171|906812|1215/19
2195|CADEIRA CJ INF||11/09/19|81,75|118171|906812|1215/19
2196|CADEIRA CJ INF||11/09/19|81,75|118171|906812|1215/19
2197|CADEIRA CJ INF||11/09/19|81,75|118171|906812|1215/19
2198|CADEIRA CJ INF||11/09/19|81,75|118171|906812|1215/19
2199|CADEIRA CJ INF||11/09/19|81,75|118171|906812|1215/19
2200|CADEIRA CJ INF||11/09/19|81,75|118171|906812|1215/19
2201|CADEIRA CJ INF||11/09/19|81,75|118171|906812|1215/19
2202|CADEIRA CJ INF||11/09/19|81,75|118171|906812|1215/19
2203|CADEIRA CJ INF||11/09/19|81,75|118171|906812|1215/19
2204|CADEIRA CJ INF||11/09/19|81,75|118171|906812|1215/19
2205|CADEIRA CJ INF||11/09/19|81,75|118171|906812|1215/19
2206|CADEIRA CJ INF||11/09/19|81,75|118171|906812|1215/19
2207|CADEIRA CJ INF||11/09/19|81,75|118171|906812|1215/19
2208|CADEIRA CJ INF||11/09/19|81,75|118171|906812|1215/19
2209|CADEIRA CJ INF||11/09/19|81,75|118171|906812|1215/19
2210|CADEIRA CJ INF||11/09/19|81,75|118171|906812|1215/19
2211|CADEIRA CJ INF||11/09/19|81,75|118171|906812|1215/19
2212|CADEIRA CJ INF||11/09/19|81,75|118171|906812|1215/19
2213|CADEIRA CJ INF||11/09/19|81,75|118171|906812|1215/19
2214|CADEIRA CJ INF||11/09/19|81,75|118171|906812|1215/19
2215|CADEIRA CJ INF||11/09/19|81,75|118171|906812|1215/19
2216|CADEIRA CJ INF||11/09/19|81,75|118171|906812|1215/19
2217|CADEIRA CJ INF||11/09/19|81,75|118171|906812|1215/19
2218|CADEIRA CJ INF||11/09/19|81,75|118171|906812|1215/19
2219|CADEIRA CJ INF||11/09/19|81,75|118171|906812|1215/19
2220|CADEIRA CJ INF||11/09/19|81,75|118171|906812|1215/19
2221|CADEIRA CJ INF||11/09/19|81,75|118171|906812|1215/19
2222|CADEIRA CJ INF||11/09/19|81,75|118171|906812|1215/19
2223|CADEIRA CJ INF||11/09/19|81,75|118171|906812|1215/19
2224|CADEIRA CJ INF||11/09/19|81,75|118171|906812|1215/19
2225|CADEIRA CJ INF||11/09/19|81,75|118171|906812|1215/19
2226|CADEIRA CJ INF||11/09/19|81,75|118171|906812|1215/19
2227|CADEIRA CJ INF||11/09/19|81,75|118171|906812|1215/19
2228|CADEIRA CJ INF||11/09/19|81,75|118171|906812|1215/19
2229|CADEIRA CJ INF||11/09/19|81,75|118171|906812|1215/19
2230|CADEIRA CJ INF||11/09/19|81,75|118171|906812|1215/19
2231|CADEIRA CJ INF||11/09/19|81,75|118171|906812|1215/19
2232|CADEIRA CJ INF||11/09/19|81,75|118171|906812|1215/19
2233|CADEIRA CJ INF||11/09/19|81,75|118171|906812|1215/19
2234|CADEIRA CJ INF||11/09/19|81,75|118171|906812|1215/19
2235|CADEIRA CJ INF||11/09/19|81,75|118171|906812|1215/19
2236|CADEIRA CJ INF||11/09/19|81,75|118171|906812|1215/19
2237|CADEIRA CJ INF||11/09/19|81,75|118171|906812|1215/19
2238|CADEIRA CJ INF||11/09/19|81,75|118171|906812|1215/19
2239|CADEIRA CJ INF||11/09/19|81,75|118171|906812|1215/19
2240|CADEIRA CJ INF||11/09/19|81,75|118171|906812|1215/19
2241|CADEIRA CJ INF||11/09/19|81,75|118171|906812|1215/19
2242|CADEIRA CJ INF||11/09/19|81,75|118171|906812|1215/19
2243|CADEIRA CJ INF||11/09/19|81,75|118171|906812|1215/19
2244|CADEIRA CJ INF||11/09/19|81,75|118171|906812|1215/19
2245|CADEIRA CJ INF||11/09/19|81,75|118171|906812|1215/19
2246|CADEIRA CJ INF||11/09/19|81,75|118171|906812|1215/19
2247|CADEIRA CJ INF||11/09/19|81,75|118171|906812|1215/19
2248|CADEIRA CJ INF||11/09/19|81,75|118171|906812|1215/19
2249|CADEIRA CJ INF||11/09/19|81,75|118171|906812|1215/19
2250|CADEIRA CJ INF||11/09/19|81,75|118171|906812|1215/19
2251|CADEIRA CJ INF||11/09/19|81,75|118171|906812|1215/19
2252|CADEIRA CJ INF||11/09/19|81,75|118171|906812|1215/19
2253|CADEIRA CJ INF||11/09/19|81,75|118171|906812|1215/19
2254|CADEIRA CJ INF||11/09/19|81,75|118171|906812|1215/19
2255|CADEIRA CJ INF||11/09/19|81,75|118171|906812|1215/19
2256|CADEIRA CJ INF||11/09/19|81,75|118171|906812|1215/19
2257|CADEIRA CJ INF||11/09/19|81,75|118171|906812|1215/19
2258|CADEIRA CJ INF||11/09/19|81,75|118171|906812|1215/19
2259|CADEIRA CJ INF||11/09/19|81,75|118171|906812|1215/19
2260|CADEIRA CJ INF||11/09/19|81,75|118171|906812|1215/19
2261|CADEIRA CJ INF||11/09/19|81,75|118171|906812|1215/19
2262|CADEIRA CJ INF||11/09/19|81,75|118171|906812|1215/19
2263|CADEIRA CJ INF||11/09/19|81,75|118171|906812|1215/19
2264|CADEIRA CJ INF||11/09/19|81,75|118171|906812|1215/19
2265|CADEIRA CJ INF||11/09/19|81,75|118171|906812|1215/19
2266|CADEIRA CJ INF||11/09/19|81,75|118171|906812|1215/19
2267|CADEIRA CJ INF||11/09/19|81,75|118171|906812|1215/19
2268|CADEIRA CJ INF||11/09/19|81,75|118171|906812|1215/19
2269|CADEIRA CJ INF||11/09/19|81,75|118171|906812|1215/19
2270|CADEIRA CJ INF||11/09/19|81,75|118171|906812|1215/19
2271|CADEIRA CJ INF||11/09/19|81,75|118171|906812|1215/19
2272|CADEIRA CJ INF||11/09/19|81,75|118171|906812|1215/19
2273|CADEIRA CJ INF||11/09/19|81,75|118171|906812|1215/19
2274|CADEIRA CJ INF||11/09/19|81,75|118171|906812|1215/19
2275|CADEIRA CJ INF||11/09/19|81,75|118171|906812|1215/19
2276|CADEIRA CJ INF||11/09/19|81,75|118171|906812|1215/19
2277|CADEIRA CJ INF||11/09/19|81,75|118171|906812|1215/19
2278|CADEIRA CJ INF||11/09/19|81,75|118171|906812|1215/19
2279|CADEIRA CJ INF||11/09/19|81,75|118171|906812|1215/19
2280|CADEIRA CJ INF||11/09/19|81,75|118171|906812|1215/19
2281|CADEIRA CJ INF||11/09/19|81,75|118171|906812|1215/19
2282|CADEIRA CJ INF||11/09/19|81,75|118171|906812|1215/19
2283|CADEIRA CJ INF||11/09/19|81,75|118171|906812|1215/19
2284|CADEIRA CJ INF||11/09/19|81,75|118171|906812|1215/19
2285|CADEIRA CJ INF||11/09/19|81,75|118171|906812|1215/19
2286|CADEIRA CJ INF||11/09/19|81,75|118171|906812|1215/19
2287|CADEIRA CJ INF||11/09/19|81,75|118171|906812|1215/19
2288|CADEIRA CJ INF||11/09/19|81,75|118171|906812|1215/19
2289|CADEIRA CJ INF||11/09/19|81,75|118171|906812|1215/19
2290|CADEIRA CJ INF||11/09/19|81,75|118171|906812|1215/19
2291|CADEIRA CJ INF||11/09/19|81,75|118171|906812|1215/19
2292|CADEIRA CJ INF||11/09/19|81,75|118171|906812|1215/19
2293|CADEIRA CJ INF||11/09/19|81,75|118171|906812|1215/19
2294|CADEIRA CJ INF||11/09/19|81,75|118171|906812|1215/19
2295|CADEIRA CJ INF||11/09/19|81,75|118171|906812|1215/19
2296|CADEIRA CJ INF||11/09/19|81,75|118171|906812|1215/19
2297|CADEIRA CJ INF||11/09/19|81,75|118171|906812|1215/19
2298|CADEIRA CJ INF||11/09/19|81,75|118171|906812|1215/19
2299|CADEIRA CJ INF||11/09/19|81,75|118171|906812|1215/19
2300|CADEIRA CJ INF||11/09/19|81,75|118171|906812|1215/19
2301|CADEIRA CJ INF||11/09/19|81,75|118171|906812|1215/19
2302|CADEIRA CJ INF||11/09/19|81,75|118171|906812|1215/19
2303|CADEIRA CJ INF||11/09/19|81,75|118171|906812|1215/19
2304|CADEIRA CJ INF||11/09/19|81,75|118171|906812|1215/19
2305|CADEIRA CJ INF||11/09/19|81,75|118171|906812|1215/19
2306|CADEIRA CJ INF||11/09/19|81,75|118171|906812|1215/19
2307|CADEIRA CJ INF||11/09/19|81,75|118171|906812|1215/19
2308|CADEIRA CJ INF||11/09/19|81,75|118171|906812|1215/19
2309|CADEIRA CJ INF||11/09/19|81,75|118171|906812|1215/19
2310|CADEIRA CJ INF||11/09/19|81,75|118171|906812|1215/19
2311|CADEIRA CJ INF||11/09/19|81,75|118171|906812|1215/19
2312|CADEIRA CJ INF||11/09/19|81,75|118171|906812|1215/19
2313|CADEIRA CJ INF||11/09/19|81,75|118171|906812|1215/19
2314|CADEIRA CJ INF||11/09/19|81,75|118171|906812|1215/19
2315|CADEIRA CJ INF||11/09/19|81,75|118171|906812|1215/19
2316|CADEIRA CJ INF||11/09/19|81,75|118171|906812|1215/19
2317|CADEIRA CJ INF||11/09/19|81,75|118171|906812|1215/19
2318|CADEIRA CJ INF||11/09/19|81,75|118171|906812|1215/19
2319|CADEIRA CJ INF||11/09/19|81,75|118171|906812|1215/19
2320|CADEIRA CJ INF||11/09/19|81,75|118171|906812|1215/19
2321|CADEIRA CJ INF||11/09/19|81,75|118171|906812|1215/19
2322|CADEIRA CJ INF||11/09/19|81,75|118171|906812|1215/19
2323|CADEIRA CJ INF||11/09/19|81,75|118171|906812|1215/19
2324|CADEIRA CJ INF||11/09/19|81,75|118171|906812|1215/19
2325|CADEIRA CJ INF||11/09/19|81,75|118171|906812|1215/19
2326|CADEIRA CJ INF||11/09/19|81,75|118171|906812|1215/19
2327|CADEIRA CJ INF||11/09/19|81,75|118171|906812|1215/19
2328|CADEIRA CJ INF||11/09/19|81,75|118171|906812|1215/19
2329|CADEIRA CJ INF||11/09/19|81,75|118171|906812|1215/19
2330|CADEIRA CJ INF||11/09/19|81,75|118171|906812|1215/19
2331|CADEIRA CJ INF||11/09/19|81,75|118171|906812|1215/19
2332|CADEIRA CJ INF||11/09/19|81,75|118171|906812|1215/19
2333|CADEIRA CJ INF||11/09/19|81,75|118171|906812|1215/19
2334|CADEIRA CJ INF||11/09/19|81,75|118171|906812|1215/19
2335|CADEIRA CJ INF||11/09/19|81,75|118171|906812|1215/19
2336|CADEIRA CJ INF||11/09/19|81,75|118171|906812|1215/19
2337|CADEIRA CJ INF||11/09/19|81,75|118171|906812|1215/19
2338|CADEIRA CJ INF||11/09/19|81,75|118171|906812|1215/19
2339|CADEIRA CJ INF||11/09/19|81,75|118171|906812|1215/19
2340|CADEIRA CJ INF||11/09/19|81,75|118171|906812|1215/19
2341|CADEIRA CJ INF||11/09/19|81,75|118171|906812|1215/19
2342|CADEIRA CJ INF||11/09/19|81,75|118171|906812|1215/19
2343|CADEIRA CJ INF||11/09/19|81,75|118171|906812|1215/19
2344|CADEIRA CJ INF||11/09/19|81,75|118171|906812|1215/19
2345|CADEIRA CJ INF||11/09/19|81,75|118171|906812|1215/19
2346|CADEIRA CJ INF||11/09/19|81,75|118171|906812|1215/19
2347|CADEIRA CJ INF||11/09/19|81,75|118171|906812|1215/19
2348|CADEIRA CJ INF||11/09/19|81,75|118171|906812|1215/19
2349|CADEIRA CJ INF||11/09/19|81,75|118171|906812|1215/19
2350|CADEIRA CJ INF||11/09/19|81,75|118171|906812|1215/19
2351|CADEIRA CJ INF||11/09/19|81,75|118171|906812|1215/19
2352|CADEIRA CJ INF||11/09/19|81,75|118171|906812|1215/19
2353|CADEIRA CJ INF||11/09/19|81,75|118171|906812|1215/19
2354|CADEIRA CJ INF||11/09/19|81,75|118171|906812|1215/19
2355|CADEIRA CJ INF||11/09/19|81,75|118171|906812|1215/19
2356|CADEIRA CJ INF||11/09/19|81,75|118171|906812|1215/19
2357|CADEIRA CJ INF||11/09/19|81,75|118171|906812|1215/19
2358|CADEIRA CJ INF||11/09/19|81,75|118171|906812|1215/19
2359|CADEIRA CJ INF||11/09/19|81,75|118171|906812|1215/19
2360|CADEIRA CJ INF||11/09/19|81,75|118171|906812|1215/19
2361|CADEIRA CJ INF||11/09/19|81,75|118171|906812|1215/19
2362|CADEIRA CJ INF||11/09/19|81,75|118171|906812|1215/19
2363|CADEIRA CJ INF||11/09/19|81,75|118171|906812|1215/19
2364|CADEIRA CJ INF||11/09/19|81,75|118171|906812|1215/19
2365|CADEIRA CJ INF||11/09/19|81,75|118171|906812|1215/19
2366|CADEIRA CJ INF||11/09/19|81,75|118171|906812|1215/19
2367|CADEIRA CJ INF||11/09/19|81,75|118171|906812|1215/19
2368|CADEIRA CJ INF||11/09/19|81,75|118171|906812|1215/19
2369|CADEIRA CJ INF||11/09/19|81,75|118171|906812|1215/19
2370|CADEIRA CJ INF||11/09/19|81,75|118171|906812|1215/19
2371|CADEIRA CJ INF||11/09/19|81,75|118171|906812|1215/19
2372|CADEIRA CJ INF||11/09/19|81,75|118171|906812|1215/19
2373|CADEIRA CJ INF||11/09/19|81,75|118171|906812|1215/19
2374|CADEIRA CJ INF||11/09/19|81,75|118171|906812|1215/19
2375|CADEIRA CJ INF||11/09/19|81,75|118171|906812|1215/19
2376|CADEIRA CJ INF||11/09/19|81,75|118171|906812|1215/19
2377|CADEIRA CJ INF||11/09/19|81,75|118171|906812|1215/19
2378|CADEIRA CJ INF||11/09/19|81,75|118171|906812|1215/19
2379|CADEIRA CJ INF||11/09/19|81,75|118171|906812|1215/19
2380|CADEIRA CJ INF||11/09/19|81,75|118171|906812|1215/19
2381|CADEIRA CJ INF||11/09/19|81,75|118171|906812|1215/19
2382|CADEIRA CJ INF||11/09/19|81,75|118171|906812|1215/19
2383|CADEIRA CJ INF||11/09/19|81,75|118171|906812|1215/19
2384|CADEIRA CJ INF||11/09/19|81,75|118171|906812|1215/19
2385|CADEIRA CJ INF||11/09/19|81,75|118171|906812|1215/19
2386|CADEIRA CJ INF||11/09/19|81,75|118171|906812|1215/19
2387|CADEIRA CJ INF||11/09/19|81,75|118171|906812|1215/19
2388|CADEIRA CJ INF||11/09/19|81,75|118171|906812|1215/19
2389|CADEIRA CJ INF||11/09/19|81,75|118171|906812|1215/19
2390|CADEIRA CJ INF||11/09/19|81,75|118171|906812|1215/19
2391|CADEIRA CJ INF||11/09/19|81,75|118171|906812|1215/19
2392|CADEIRA CJ INF||11/09/19|81,75|118171|906812|1215/19
2393|CADEIRA CJ INF||11/09/19|81,75|118171|906812|1215/19
2394|CADEIRA CJ INF||11/09/19|81,75|118171|906812|1215/19
2395|CADEIRA CJ INF||11/09/19|81,75|118171|906812|1215/19
2396|CADEIRA CJ INF||11/09/19|81,75|118171|906812|1215/19
2397|CADEIRA CJ INF||11/09/19|81,75|118171|906812|1215/19
2398|CADEIRA CJ INF||11/09/19|81,75|118171|906812|1215/19
2399|CADEIRA CJ INF||11/09/19|81,75|118171|906812|1215/19
2400|CADEIRA CJ INF||11/09/19|81,75|118171|906812|1215/19
2401|CADEIRA CJ INF||11/09/19|81,75|118171|906812|1215/19
2402|CADEIRA CJ INF||11/09/19|81,75|118171|906812|1215/19
2403|CADEIRA CJ INF||11/09/19|81,75|118171|906812|1215/19
2404|CADEIRA CJ INF||11/09/19|81,75|118171|906812|1215/19
2405|CADEIRA CJ INF||11/09/19|81,75|118171|906812|1215/19
2406|CADEIRA CJ INF||11/09/19|81,75|118171|906812|1215/19
2407|CADEIRA CJ INF||11/09/19|81,75|118171|906812|1215/19
2408|CADEIRA CJ INF||11/09/19|81,75|118171|906812|1215/19
2409|CADEIRA CJ INF||11/09/19|81,75|118171|906812|1215/19
2410|CADEIRA CJ INF||11/09/19|81,75|118171|906812|1215/19
2411|CADEIRA CJ INF||11/09/19|81,75|118171|906812|1215/19
2412|CADEIRA CJ INF||11/09/19|81,75|118171|906812|1215/19
2413|CADEIRA CJ INF||11/09/19|81,75|118171|906812|1215/19
2414|CADEIRA CJ INF||11/09/19|81,75|118171|906812|1215/19
2415|CADEIRA CJ INF||11/09/19|81,75|118171|906812|1215/19
2416|CADEIRA CJ INF||11/09/19|81,75|118171|906812|1215/19
2417|CADEIRA CJ INF||11/09/19|81,75|118171|906812|1215/19
2418|CADEIRA CJ INF||11/09/19|81,75|118171|906812|1215/19
2419|CADEIRA CJ INF||11/09/19|81,75|118171|906812|1215/19
2420|CADEIRA CJ INF||11/09/19|81,75|118171|906812|1215/19
2421|CADEIRA CJ INF||11/09/19|81,75|118171|906812|1215/19
2422|CADEIRA CJ INF||11/09/19|81,75|118171|906812|1215/19
2423|CADEIRA CJ INF||11/09/19|81,75|118171|906812|1215/19
2424|CADEIRA CJ INF||11/09/19|81,75|118171|906812|1215/19
2425|CADEIRA CJ INF||11/09/19|81,75|118171|906812|1215/19
2426|CADEIRA CJ INF||11/09/19|81,75|118171|906812|1215/19
2427|CADEIRA CJ INF||11/09/19|81,75|118171|906812|1215/19
2428|CADEIRA CJ INF||11/09/19|81,75|118171|906812|1215/19
2429|CADEIRA CJ INF||11/09/19|81,75|118171|906812|1215/19
2430|CADEIRA CJ INF||11/09/19|81,75|118171|906812|1215/19
2431|CADEIRA CJ INF||11/09/19|81,75|118171|906812|1215/19
2432|CADEIRA CJ INF||11/09/19|81,75|118171|906812|1215/19
2433|CADEIRA CJ INF||11/09/19|81,75|118171|906812|1215/19
2434|CADEIRA CJ INF||11/09/19|81,75|118171|906812|1215/19
2435|CADEIRA CJ INF||11/09/19|81,75|118171|906812|1215/19
2436|CADEIRA CJ INF||11/09/19|81,75|118171|906812|1215/19
2437|CADEIRA CJ INF||11/09/19|81,75|118171|906812|1215/19
2438|CADEIRA CJ INF||11/09/19|81,75|118171|906812|1215/19
2439|CADEIRA CJ INF||11/09/19|81,75|118171|906812|1215/19
2440|CADEIRA CJ INF||11/09/19|81,75|118171|906812|1215/19
2441|CADEIRA CJ INF||11/09/19|81,75|118171|906812|1215/19
2442|CADEIRA CJ INF||11/09/19|81,75|118171|906812|1215/19
2443|CADEIRA CJ INF||11/09/19|81,75|118171|906812|1215/19
2444|CADEIRA CJ INF||11/09/19|81,75|118171|906812|1215/19
2445|CADEIRA CJ INF||11/09/19|81,75|118171|906812|1215/19
2446|CADEIRA CJ INF||11/09/19|81,75|118171|906812|1215/19
2447|CADEIRA CJ INF||11/09/19|81,75|118171|906812|1215/19
2448|CADEIRA CJ INF||11/09/19|81,75|118171|906812|1215/19
2449|CADEIRA CJ INF||11/09/19|81,75|118171|906812|1215/19
2450|CADEIRA CJ INF||11/09/19|81,75|118171|906812|1215/19
2451|CADEIRA CJ INF||11/09/19|81,75|118171|906812|1215/19
2452|CADEIRA CJ INF||11/09/19|81,75|118171|906812|1215/19
2453|CADEIRA CJ INF||11/09/19|81,75|118171|906812|1215/19
2454|CADEIRA CJ INF||11/09/19|81,75|118171|906812|1215/19
2455|CADEIRA CJ INF||11/09/19|81,75|118171|906812|1215/19
2456|CADEIRA CJ INF||11/09/19|81,75|118171|906812|1215/19
2457|CADEIRA CJ INF||11/09/19|81,75|118171|906812|1215/19
2458|CADEIRA CJ INF||11/09/19|81,75|118171|906812|1215/19
2459|CADEIRA CJ INF||11/09/19|81,75|118171|906812|1215/19
2460|CADEIRA CJ INF||11/09/19|81,75|118171|906812|1215/19
2461|CADEIRA CJ INF||11/09/19|81,75|118171|906812|1215/19
2462|CADEIRA CJ INF||11/09/19|81,75|118171|906812|1215/19
2463|CADEIRA CJ INF||11/09/19|81,75|118171|906812|1215/19
2464|CADEIRA CJ INF||11/09/19|81,75|118171|906812|1215/19
2465|CADEIRA CJ INF||11/09/19|81,75|118171|906812|1215/19
2466|CADEIRA CJ INF||11/09/19|81,75|118171|906812|1215/19
2467|CADEIRA CJ INF||11/09/19|81,75|118171|906812|1215/19
2468|CADEIRA CJ INF||11/09/19|81,75|118171|906812|1215/19
2469|CADEIRA CJ INF||11/09/19|81,75|118171|906812|1215/19
2470|CADEIRA CJ INF||11/09/19|81,75|118171|906812|1215/19
2471|CADEIRA CJ INF||11/09/19|81,75|118171|906812|1215/19
2472|CADEIRA CJ INF||11/09/19|81,75|118171|906812|1215/19
2473|CADEIRA CJ INF||11/09/19|81,75|118171|906812|1215/19
2474|CADEIRA CJ INF||11/09/19|81,75|118171|906812|1215/19
2475|CADEIRA CJ INF||11/09/19|81,75|118171|906812|1215/19
2476|CADEIRA CJ INF||11/09/19|81,75|118171|906812|1215/19
2477|CADEIRA CJ INF||11/09/19|81,75|118171|906812|1215/19
2478|CADEIRA CJ INF||11/09/19|81,75|118171|906812|1215/19
2479|CADEIRA CJ INF||11/09/19|81,75|118171|906812|1215/19
2480|CADEIRA CJ INF||11/09/19|81,75|118171|906812|1215/19
2481|CADEIRA CJ INF||11/09/19|81,75|118171|906812|1215/19
2482|CADEIRA CJ INF||11/09/19|81,75|118171|906812|1215/19
2483|CADEIRA CJ INF||11/09/19|81,75|118171|906812|1215/19
2484|CADEIRA CJ INF||11/09/19|81,75|118171|906812|1215/19
2485|CADEIRA CJ INF||11/09/19|81,75|118171|906812|1215/19
2486|CADEIRA CJ INF||11/09/19|81,75|118171|906812|1215/19
2487|CADEIRA CJ INF||11/09/19|81,75|118171|906812|1215/19
2488|CADEIRA CJ INF||11/09/19|81,75|118171|906812|1215/19
2489|CADEIRA CJ INF||11/09/19|81,75|118171|906812|1215/19
2490|CADEIRA CJ INF||11/09/19|81,75|118171|906812|1215/19
2491|CADEIRA CJ INF||11/09/19|81,75|118171|906812|1215/19
2492|CADEIRA CJ INF||11/09/19|81,75|118171|906812|1215/19
2493|CADEIRA CJ INF||11/09/19|81,75|118171|906812|1215/19
2494|CADEIRA CJ INF||11/09/19|81,75|118171|906812|1215/19
2495|CADEIRA CJ INF||11/09/19|81,75|118171|906812|1215/19
2496|CADEIRA CJ INF||11/09/19|81,75|118171|906812|1215/19
2497|CADEIRA CJ INF||11/09/19|81,75|118171|906812|1215/19
2498|CADEIRA CJ INF||11/09/19|81,75|118171|906812|1215/19
2499|CADEIRA CJ INF||11/09/19|81,75|118171|906812|1215/19
2500|CADEIRA CJ INF||11/09/19|81,75|118171|906812|1215/19
2501|CADEIRA CJ INF||11/09/19|81,75|118171|906812|1215/19
2502|CADEIRA CJ INF||11/09/19|81,75|118171|906812|1215/19
2503|CADEIRA CJ INF||11/09/19|81,75|118171|906812|1215/19
2504|CADEIRA CJ INF||11/09/19|81,75|118171|906812|1215/19
2505|CADEIRA CJ INF||11/09/19|81,75|118171|906812|1215/19
2506|CADEIRA CJ INF||11/09/19|81,75|118171|906812|1215/19
2507|CADEIRA CJ INF||11/09/19|81,75|118171|906812|1215/19
2508|CADEIRA CJ INF||11/09/19|81,75|118171|906812|1215/19
2509|CADEIRA CJ INF||11/09/19|81,75|118171|906812|1215/19
2510|CADEIRA CJ INF||11/09/19|81,75|118171|906812|1215/19
2511|CADEIRA CJ INF||11/09/19|81,75|118171|906812|1215/19
2512|CADEIRA CJ INF||11/09/19|81,75|118171|906812|1215/19
2513|CADEIRA CJ INF||11/09/19|81,75|118171|906812|1215/19
2514|CADEIRA CJ INF||11/09/19|81,75|118171|906812|1215/19
2515|CADEIRA CJ INF||11/09/19|81,75|118171|906812|1215/19
2516|CADEIRA CJ INF||11/09/19|81,75|118171|906812|1215/19
2517|CADEIRA CJ INF||11/09/19|81,75|118171|906812|1215/19
2518|CADEIRA CJ INF||11/09/19|81,75|118171|906812|1215/19
2519|CADEIRA CJ INF||11/09/19|81,75|118171|906812|1215/19
2520|CADEIRA CJ INF||11/09/19|81,75|118171|906812|1215/19
2521|CADEIRA CJ INF||11/09/19|81,75|118171|906812|1215/19
2522|CADEIRA CJ INF||11/09/19|81,75|118171|906812|1215/19
2523|CADEIRA CJ INF||11/09/19|81,75|118171|906812|1215/19
2524|CADEIRA CJ INF||11/09/19|81,75|118171|906812|1215/19
2525|CADEIRA CJ INF||11/09/19|81,75|118171|906812|1215/19
2526|CADEIRA CJ INF||11/09/19|81,75|118171|906812|1215/19
2527|CADEIRA CJ INF||11/09/19|81,75|118171|906812|1215/19
2528|CADEIRA CJ INF||11/09/19|81,75|118171|906812|1215/19
2529|CADEIRA CJ INF||11/09/19|81,75|118171|906812|1215/19
2530|CADEIRA CJ INF||11/09/19|81,75|118171|906812|1215/19
2531|CADEIRA CJ INF||11/09/19|81,75|118171|906812|1215/19
2532|CADEIRA CJ INF||11/09/19|81,75|118171|906812|1215/19
2533|CADEIRA CJ INF||11/09/19|81,75|118171|906812|1215/19
2534|CADEIRA CJ INF||11/09/19|81,75|118171|906812|1215/19
2535|CADEIRA CJ INF||11/09/19|81,75|118171|906812|1215/19
2536|CADEIRA CJ INF||11/09/19|81,75|118171|906812|1215/19
2537|CADEIRA CJ INF||11/09/19|81,75|118171|906812|1215/19
2538|CADEIRA CJ INF||11/09/19|81,75|118171|906812|1215/19
2539|CADEIRA CJ INF||11/09/19|81,75|118171|906812|1215/19
2540|CADEIRA CJ INF||11/09/19|81,75|118171|906812|1215/19
2541|CADEIRA CJ INF||11/09/19|81,75|118171|906812|1215/19
2542|CADEIRA CJ INF||11/09/19|81,75|118171|906812|1215/19
2543|CADEIRA CJ INF||11/09/19|81,75|118171|906812|1215/19
2544|CADEIRA CJ INF||11/09/19|81,75|118171|906812|1215/19
2545|CADEIRA CJ INF||11/09/19|81,75|118171|906812|1215/19
2546|CADEIRA CJ INF||11/09/19|81,75|118171|906812|1215/19
2547|CADEIRA CJ INF||11/09/19|81,75|118171|906812|1215/19
2548|CADEIRA CJ INF||11/09/19|81,75|118171|906812|1215/19
2549|CARTEIRA TAM 4||11/09/19|100,00|118171|906812|1215/19
2550|CARTEIRA TAM 4||11/09/19|100,00|118171|906812|1215/19
2551|CARTEIRA TAM 4||11/09/19|100,00|118171|906812|1215/19
2552|CARTEIRA TAM 4||11/09/19|100,00|118171|906812|1215/19
2553|CARTEIRA TAM 4||11/09/19|100,00|118171|906812|1215/19
2554|CARTEIRA TAM 4||11/09/19|100,00|118171|906812|1215/19
2555|CARTEIRA TAM 4||11/09/19|100,00|118171|906812|1215/19
2556|CARTEIRA TAM 4||11/09/19|100,00|118171|906812|1215/19
2557|CARTEIRA TAM 4||11/09/19|100,00|118171|906812|1215/19
2558|CARTEIRA TAM 4||11/09/19|100,00|118171|906812|1215/19
2559|CARTEIRA TAM 4||11/09/19|100,00|118171|906812|1215/19
2560|CARTEIRA TAM 4||11/09/19|100,00|118171|906812|1215/19
2561|CARTEIRA TAM 4||11/09/19|100,00|118171|906812|1215/19
2562|CARTEIRA TAM 4||11/09/19|100,00|118171|906812|1215/19
2563|CARTEIRA TAM 4||11/09/19|100,00|118171|906812|1215/19
2564|CARTEIRA TAM 4||11/09/19|100,00|118171|906812|1215/19
2565|CARTEIRA TAM 4||11/09/19|100,00|118171|906812|1215/19
2566|CARTEIRA TAM 4||11/09/19|100,00|118171|906812|1215/19
2567|CARTEIRA TAM 4||11/09/19|100,00|118171|906812|1215/19
2568|CARTEIRA TAM 4||11/09/19|100,00|118171|906812|1215/19
2569|CARTEIRA TAM 4||11/09/19|100,00|118171|906812|1215/19
2570|CARTEIRA TAM 4||11/09/19|100,00|118171|906812|1215/19
2571|CARTEIRA TAM 4||11/09/19|100,00|118171|906812|1215/19
2572|CARTEIRA TAM 4||11/09/19|100,00|118171|906812|1215/19
2573|CARTEIRA TAM 4||11/09/19|100,00|118171|906812|1215/19
2574|CARTEIRA TAM 4||11/09/19|100,00|118171|906812|1215/19
2575|CARTEIRA TAM 4||11/09/19|100,00|118171|906812|1215/19
2576|CARTEIRA TAM 4||11/09/19|100,00|118171|906812|1215/19
2577|CARTEIRA TAM 4||11/09/19|100,00|118171|906812|1215/19
2578|CARTEIRA TAM 4||11/09/19|100,00|118171|906812|1215/19
2579|CARTEIRA TAM 4||11/09/19|100,00|118171|906812|1215/19
2580|CARTEIRA TAM 4||11/09/19|100,00|118171|906812|1215/19
2581|CARTEIRA TAM 4||11/09/19|100,00|118171|906812|1215/19
2582|CARTEIRA TAM 4||11/09/19|100,00|118171|906812|1215/19
2583|CARTEIRA TAM 4||11/09/19|100,00|118171|906812|1215/19
2584|CARTEIRA TAM 4||11/09/19|100,00|118171|906812|1215/19
2585|CARTEIRA TAM 4||11/09/19|100,00|118171|906812|1215/19
2586|CARTEIRA TAM 4||11/09/19|100,00|118171|906812|1215/19
2587|CARTEIRA TAM 4||11/09/19|100,00|118171|906812|1215/19
2588|CARTEIRA TAM 4||11/09/19|100,00|118171|906812|1215/19
2589|CARTEIRA TAM 4||11/09/19|100,00|118171|906812|1215/19
2590|CARTEIRA TAM 4||11/09/19|100,00|118171|906812|1215/19
2591|CARTEIRA TAM 4||11/09/19|100,00|118171|906812|1215/19
2592|CARTEIRA TAM 4||11/09/19|100,00|118171|906812|1215/19
2593|CARTEIRA TAM 4||11/09/19|100,00|118171|906812|1215/19
2594|CARTEIRA TAM 4||11/09/19|100,00|118171|906812|1215/19
2595|CARTEIRA TAM 4||11/09/19|100,00|118171|906812|1215/19
2596|CARTEIRA TAM 4||11/09/19|100,00|118171|906812|1215/19
2597|CARTEIRA TAM 4||11/09/19|100,00|118171|906812|1215/19
2598|CARTEIRA TAM 4||11/09/19|100,00|118171|906812|1215/19
2599|CARTEIRA TAM 4||11/09/19|100,00|118171|906812|1215/19
2600|CARTEIRA TAM 4||11/09/19|100,00|118171|906812|1215/19
2601|CARTEIRA TAM 4||11/09/19|100,00|118171|906812|1215/19
2602|CARTEIRA TAM 4||11/09/19|100,00|118171|906812|1215/19
2603|CARTEIRA TAM 4||11/09/19|100,00|118171|906812|1215/19
2604|CARTEIRA TAM 4||11/09/19|100,00|118171|906812|1215/19
2605|CARTEIRA TAM 4||11/09/19|100,00|118171|906812|1215/19
2606|CARTEIRA TAM 4||11/09/19|100,00|118171|906812|1215/19
2607|CARTEIRA TAM 4||11/09/19|100,00|118171|906812|1215/19
2608|CARTEIRA TAM 4||11/09/19|100,00|118171|906812|1215/19
2609|CARTEIRA TAM 4||11/09/19|100,00|118171|906812|1215/19
2610|CARTEIRA TAM 4||11/09/19|100,00|118171|906812|1215/19
2611|CARTEIRA TAM 4||11/09/19|100,00|118171|906812|1215/19
2612|CARTEIRA TAM 4||11/09/19|100,00|118171|906812|1215/19
2613|CARTEIRA TAM 4||11/09/19|100,00|118171|906812|1215/19
2614|CARTEIRA TAM 4||11/09/19|100,00|118171|906812|1215/19
2615|CARTEIRA TAM 4||11/09/19|100,00|118171|906812|1215/19
2616|CARTEIRA TAM 4||11/09/19|100,00|118171|906812|1215/19
2617|CARTEIRA TAM 4||11/09/19|100,00|118171|906812|1215/19
2618|CARTEIRA TAM 4||11/09/19|100,00|118171|906812|1215/19
2619|CARTEIRA TAM 4||11/09/19|100,00|118171|906812|1215/19
2620|CARTEIRA TAM 4||11/09/19|100,00|118171|906812|1215/19
2621|CARTEIRA TAM 4||11/09/19|100,00|118171|906812|1215/19
2622|CARTEIRA TAM 4||11/09/19|100,00|118171|906812|1215/19
2623|CARTEIRA TAM 4||11/09/19|100,00|118171|906812|1215/19
2624|CARTEIRA TAM 4||11/09/19|100,00|118171|906812|1215/19
2625|CARTEIRA TAM 4||11/09/19|100,00|118171|906812|1215/19
2626|CARTEIRA TAM 4||11/09/19|100,00|118171|906812|1215/19
2627|CARTEIRA TAM 4||11/09/19|100,00|118171|906812|1215/19
2628|CARTEIRA TAM 4||11/09/19|100,00|118171|906812|1215/19
2629|CARTEIRA TAM 4||11/09/19|100,00|118171|906812|1215/19
2630|CARTEIRA TAM 4||11/09/19|100,00|118171|906812|1215/19
2631|CARTEIRA TAM 4||11/09/19|100,00|118171|906812|1215/19
2632|CARTEIRA TAM 4||11/09/19|100,00|118171|906812|1215/19
2633|CARTEIRA TAM 4||11/09/19|100,00|118171|906812|1215/19
2634|CARTEIRA TAM 4||11/09/19|100,00|118171|906812|1215/19
2635|CARTEIRA TAM 4||11/09/19|100,00|118171|906812|1215/19
2636|CARTEIRA TAM 4||11/09/19|100,00|118171|906812|1215/19
2637|CARTEIRA TAM 4||11/09/19|100,00|118171|906812|1215/19
2638|CARTEIRA TAM 4||11/09/19|100,00|118171|906812|1215/19
2639|CARTEIRA TAM 4||11/09/19|100,00|118171|906812|1215/19
2640|CARTEIRA TAM 4||11/09/19|100,00|118171|906812|1215/19
2641|CARTEIRA TAM 4||11/09/19|100,00|118171|906812|1215/19
2642|CARTEIRA TAM 4||11/09/19|100,00|118171|906812|1215/19
2643|CARTEIRA TAM 4||11/09/19|100,00|118171|906812|1215/19
2644|CARTEIRA TAM 4||11/09/19|100,00|118171|906812|1215/19
2645|CARTEIRA TAM 4||11/09/19|100,00|118171|906812|1215/19
2646|CARTEIRA TAM 4||11/09/19|100,00|118171|906812|1215/19
2647|CARTEIRA TAM 4||11/09/19|100,00|118171|906812|1215/19
2648|CARTEIRA TAM 4||11/09/19|100,00|118171|906812|1215/19
2649|CARTEIRA TAM 4||11/09/19|100,00|118171|906812|1215/19
2650|CARTEIRA TAM 4||11/09/19|100,00|118171|906812|1215/19
2651|CARTEIRA TAM 4||11/09/19|100,00|118171|906812|1215/19
2652|CARTEIRA TAM 4||11/09/19|100,00|118171|906812|1215/19
2653|CARTEIRA TAM 4||11/09/19|100,00|118171|906812|1215/19
2654|CARTEIRA TAM 4||11/09/19|100,00|118171|906812|1215/19
2655|CARTEIRA TAM 4||11/09/19|100,00|118171|906812|1215/19
2656|CARTEIRA TAM 4||11/09/19|100,00|118171|906812|1215/19
2657|CARTEIRA TAM 4||11/09/19|100,00|118171|906812|1215/19
2658|CARTEIRA TAM 4||11/09/19|100,00|118171|906812|1215/19
2659|CARTEIRA TAM 4||11/09/19|100,00|118171|906812|1215/19
2660|CARTEIRA TAM 4||11/09/19|100,00|118171|906812|1215/19
2661|CARTEIRA TAM 4||11/09/19|100,00|118171|906812|1215/19
2662|CARTEIRA TAM 4||11/09/19|100,00|118171|906812|1215/19
2663|CARTEIRA TAM 4||11/09/19|100,00|118171|906812|1215/19
2664|CARTEIRA TAM 4||11/09/19|100,00|118171|906812|1215/19
2665|CARTEIRA TAM 4||11/09/19|100,00|118171|906812|1215/19
2666|CARTEIRA TAM 4||11/09/19|100,00|118171|906812|1215/19
2667|CARTEIRA TAM 4||11/09/19|100,00|118171|906812|1215/19
2668|CARTEIRA TAM 4||11/09/19|100,00|118171|906812|1215/19
2669|CARTEIRA TAM 4||11/09/19|100,00|118171|906812|1215/19
2670|CARTEIRA TAM 4||11/09/19|100,00|118171|906812|1215/19
2671|CARTEIRA TAM 4||11/09/19|100,00|118171|906812|1215/19
2672|CARTEIRA TAM 4||11/09/19|100,00|118171|906812|1215/19
2673|CARTEIRA TAM 4||11/09/19|100,00|118171|906812|1215/19
2674|CARTEIRA TAM 4||11/09/19|100,00|118171|906812|1215/19
2675|CARTEIRA TAM 4||11/09/19|100,00|118171|906812|1215/19
2676|CARTEIRA TAM 4||11/09/19|100,00|118171|906812|1215/19
2677|CARTEIRA TAM 4||11/09/19|100,00|118171|906812|1215/19
2678|CARTEIRA TAM 4||11/09/19|100,00|118171|906812|1215/19
2679|CARTEIRA TAM 4||11/09/19|100,00|118171|906812|1215/19
2680|CARTEIRA TAM 4||11/09/19|100,00|118171|906812|1215/19
2681|CARTEIRA TAM 4||11/09/19|100,00|118171|906812|1215/19
2682|CARTEIRA TAM 4||11/09/19|100,00|118171|906812|1215/19
2683|CARTEIRA TAM 4||11/09/19|100,00|118171|906812|1215/19
2684|CARTEIRA TAM 4||11/09/19|100,00|118171|906812|1215/19
2685|CARTEIRA TAM 4||11/09/19|100,00|118171|906812|1215/19
2686|CARTEIRA TAM 4||11/09/19|100,00|118171|906812|1215/19
2687|CARTEIRA TAM 4||11/09/19|100,00|118171|906812|1215/19
2688|CARTEIRA TAM 4||11/09/19|100,00|118171|906812|1215/19
2689|CARTEIRA TAM 4||11/09/19|100,00|118171|906812|1215/19
2690|CARTEIRA TAM 4||11/09/19|100,00|118171|906812|1215/19
2691|CARTEIRA TAM 4||11/09/19|100,00|118171|906812|1215/19
2692|CARTEIRA TAM 4||11/09/19|100,00|118171|906812|1215/19
2693|CARTEIRA TAM 4||11/09/19|100,00|118171|906812|1215/19
2694|CARTEIRA TAM 4||11/09/19|100,00|118171|906812|1215/19
2695|CARTEIRA TAM 4||11/09/19|100,00|118171|906812|1215/19
2696|CARTEIRA TAM 4||11/09/19|100,00|118171|906812|1215/19
2697|CARTEIRA TAM 4||11/09/19|100,00|118171|906812|1215/19
2698|CARTEIRA TAM 4||11/09/19|100,00|118171|906812|1215/19
2699|CADEIRA TAM 4||11/09/19|77,96|118171|906812|1215/19
2700|CADEIRA TAM 4||11/09/19|77,96|118171|906812|1215/19
2701|CADEIRA TAM 4||11/09/19|77,96|118171|906812|1215/19
2702|CADEIRA TAM 4||11/09/19|77,96|118171|906812|1215/19
2703|CADEIRA TAM 4||11/09/19|77,96|118171|906812|1215/19
2704|CADEIRA TAM 4||11/09/19|77,96|118171|906812|1215/19
2705|CADEIRA TAM 4||11/09/19|77,96|118171|906812|1215/19
2706|CADEIRA TAM 4||11/09/19|77,96|118171|906812|1215/19
2707|CADEIRA TAM 4||11/09/19|77,96|118171|906812|1215/19
2708|CADEIRA TAM 4||11/09/19|77,96|118171|906812|1215/19
2709|CADEIRA TAM 4||11/09/19|77,96|118171|906812|1215/19
2710|CADEIRA TAM 4||11/09/19|77,96|118171|906812|1215/19
2711|CADEIRA TAM 4||11/09/19|77,96|118171|906812|1215/19
2712|CADEIRA TAM 4||11/09/19|77,96|118171|906812|1215/19
2713|CADEIRA TAM 4||11/09/19|77,96|118171|906812|1215/19
2714|CADEIRA TAM 4||11/09/19|77,96|118171|906812|1215/19
2715|CADEIRA TAM 4||11/09/19|77,96|118171|906812|1215/19
2716|CADEIRA TAM 4||11/09/19|77,96|118171|906812|1215/19
2717|CADEIRA TAM 4||11/09/19|77,96|118171|906812|1215/19
2718|CADEIRA TAM 4||11/09/19|77,96|118171|906812|1215/19
2719|CADEIRA TAM 4||11/09/19|77,96|118171|906812|1215/19
2720|CADEIRA TAM 4||11/09/19|77,96|118171|906812|1215/19
2721|CADEIRA TAM 4||11/09/19|77,96|118171|906812|1215/19
2722|CADEIRA TAM 4||11/09/19|77,96|118171|906812|1215/19
2723|CADEIRA TAM 4||11/09/19|77,96|118171|906812|1215/19
2724|CADEIRA TAM 4||11/09/19|77,96|118171|906812|1215/19
2725|CADEIRA TAM 4||11/09/19|77,96|118171|906812|1215/19
2726|CADEIRA TAM 4||11/09/19|77,96|118171|906812|1215/19
2727|CADEIRA TAM 4||11/09/19|77,96|118171|906812|1215/19
2728|CADEIRA TAM 4||11/09/19|77,96|118171|906812|1215/19
2729|CADEIRA TAM 4||11/09/19|77,96|118171|906812|1215/19
2730|CADEIRA TAM 4||11/09/19|77,96|118171|906812|1215/19
2731|CADEIRA TAM 4||11/09/19|77,96|118171|906812|1215/19
2732|CADEIRA TAM 4||11/09/19|77,96|118171|906812|1215/19
2733|CADEIRA TAM 4||11/09/19|77,96|118171|906812|1215/19
2734|CADEIRA TAM 4||11/09/19|77,96|118171|906812|1215/19
2735|CADEIRA TAM 4||11/09/19|77,96|118171|906812|1215/19
2736|CADEIRA TAM 4||11/09/19|77,96|118171|906812|1215/19
2737|CADEIRA TAM 4||11/09/19|77,96|118171|906812|1215/19
2738|CADEIRA TAM 4||11/09/19|77,96|118171|906812|1215/19
2739|CADEIRA TAM 4||11/09/19|77,96|118171|906812|1215/19
2740|CADEIRA TAM 4||11/09/19|77,96|118171|906812|1215/19
2741|CADEIRA TAM 4||11/09/19|77,96|118171|906812|1215/19
2742|CADEIRA TAM 4||11/09/19|77,96|118171|906812|1215/19
2743|CADEIRA TAM 4||11/09/19|77,96|118171|906812|1215/19
2744|CADEIRA TAM 4||11/09/19|77,96|118171|906812|1215/19
2745|CADEIRA TAM 4||11/09/19|77,96|118171|906812|1215/19
2746|CADEIRA TAM 4||11/09/19|77,96|118171|906812|1215/19
2747|CADEIRA TAM 4||11/09/19|77,96|118171|906812|1215/19
2748|CADEIRA TAM 4||11/09/19|77,96|118171|906812|1215/19
2749|CADEIRA TAM 4||11/09/19|77,96|118171|906812|1215/19
2750|CADEIRA TAM 4||11/09/19|77,96|118171|906812|1215/19
2751|CADEIRA TAM 4||11/09/19|77,96|118171|906812|1215/19
2752|CADEIRA TAM 4||11/09/19|77,96|118171|906812|1215/19
2753|CADEIRA TAM 4||11/09/19|77,96|118171|906812|1215/19
2754|CADEIRA TAM 4||11/09/19|77,96|118171|906812|1215/19
2755|CADEIRA TAM 4||11/09/19|77,96|118171|906812|1215/19
2756|CADEIRA TAM 4||11/09/19|77,96|118171|906812|1215/19
2757|CADEIRA TAM 4||11/09/19|77,96|118171|906812|1215/19
2758|CADEIRA TAM 4||11/09/19|77,96|118171|906812|1215/19
2759|CADEIRA TAM 4||11/09/19|77,96|118171|906812|1215/19
2760|CADEIRA TAM 4||11/09/19|77,96|118171|906812|1215/19
2761|CADEIRA TAM 4||11/09/19|77,96|118171|906812|1215/19
2762|CADEIRA TAM 4||11/09/19|77,96|118171|906812|1215/19
2763|CADEIRA TAM 4||11/09/19|77,96|118171|906812|1215/19
2764|CADEIRA TAM 4||11/09/19|77,96|118171|906812|1215/19
2765|CADEIRA TAM 4||11/09/19|77,96|118171|906812|1215/19
2766|CADEIRA TAM 4||11/09/19|77,96|118171|906812|1215/19
2767|CADEIRA TAM 4||11/09/19|77,96|118171|906812|1215/19
2768|CADEIRA TAM 4||11/09/19|77,96|118171|906812|1215/19
2769|CADEIRA TAM 4||11/09/19|77,96|118171|906812|1215/19
2770|CADEIRA TAM 4||11/09/19|77,96|118171|906812|1215/19
2771|CADEIRA TAM 4||11/09/19|77,96|118171|906812|1215/19
2772|CADEIRA TAM 4||11/09/19|77,96|118171|906812|1215/19
2773|CADEIRA TAM 4||11/09/19|77,96|118171|906812|1215/19
2774|CADEIRA TAM 4||11/09/19|77,96|118171|906812|1215/19
2775|CADEIRA TAM 4||11/09/19|77,96|118171|906812|1215/19
2776|CADEIRA TAM 4||11/09/19|77,96|118171|906812|1215/19
2777|CADEIRA TAM 4||11/09/19|77,96|118171|906812|1215/19
2778|CADEIRA TAM 4||11/09/19|77,96|118171|906812|1215/19
2779|CADEIRA TAM 4||11/09/19|77,96|118171|906812|1215/19
2780|CADEIRA TAM 4||11/09/19|77,96|118171|906812|1215/19
2781|CADEIRA TAM 4||11/09/19|77,96|118171|906812|1215/19
2782|CADEIRA TAM 4||11/09/19|77,96|118171|906812|1215/19
2783|CADEIRA TAM 4||11/09/19|77,96|118171|906812|1215/19
2784|CADEIRA TAM 4||11/09/19|77,96|118171|906812|1215/19
2785|CADEIRA TAM 4||11/09/19|77,96|118171|906812|1215/19
2786|CADEIRA TAM 4||11/09/19|77,96|118171|906812|1215/19
2787|CADEIRA TAM 4||11/09/19|77,96|118171|906812|1215/19
2788|CADEIRA TAM 4||11/09/19|77,96|118171|906812|1215/19
2789|CADEIRA TAM 4||11/09/19|77,96|118171|906812|1215/19
2790|CADEIRA TAM 4||11/09/19|77,96|118171|906812|1215/19
2791|CADEIRA TAM 4||11/09/19|77,96|118171|906812|1215/19
2792|CADEIRA TAM 4||11/09/19|77,96|118171|906812|1215/19
2793|CADEIRA TAM 4||11/09/19|77,96|118171|906812|1215/19
2794|CADEIRA TAM 4||11/09/19|77,96|118171|906812|1215/19
2795|CADEIRA TAM 4||11/09/19|77,96|118171|906812|1215/19
2796|CADEIRA TAM 4||11/09/19|77,96|118171|906812|1215/19
2797|CADEIRA TAM 4||11/09/19|77,96|118171|906812|1215/19
2798|CADEIRA TAM 4||11/09/19|77,96|118171|906812|1215/19
2799|CADEIRA TAM 4||11/09/19|77,96|118171|906812|1215/19
2800|CADEIRA TAM 4||11/09/19|77,96|118171|906812|1215/19
2801|CADEIRA TAM 4||11/09/19|77,96|118171|906812|1215/19
2802|CADEIRA TAM 4||11/09/19|77,96|118171|906812|1215/19
2803|CADEIRA TAM 4||11/09/19|77,96|118171|906812|1215/19
2804|CADEIRA TAM 4||11/09/19|77,96|118171|906812|1215/19
2805|CADEIRA TAM 4||11/09/19|77,96|118171|906812|1215/19
2806|CADEIRA TAM 4||11/09/19|77,96|118171|906812|1215/19
2807|CADEIRA TAM 4||11/09/19|77,96|118171|906812|1215/19
2808|CADEIRA TAM 4||11/09/19|77,96|118171|906812|1215/19
2809|CADEIRA TAM 4||11/09/19|77,96|118171|906812|1215/19
2810|CADEIRA TAM 4||11/09/19|77,96|118171|906812|1215/19
2811|CADEIRA TAM 4||11/09/19|77,96|118171|906812|1215/19
2812|CADEIRA TAM 4||11/09/19|77,96|118171|906812|1215/19
2813|CADEIRA TAM 4||11/09/19|77,96|118171|906812|1215/19
2814|CADEIRA TAM 4||11/09/19|77,96|118171|906812|1215/19
2815|CADEIRA TAM 4||11/09/19|77,96|118171|906812|1215/19
2816|CADEIRA TAM 4||11/09/19|77,96|118171|906812|1215/19
2817|CADEIRA TAM 4||11/09/19|77,96|118171|906812|1215/19
2818|CADEIRA TAM 4||11/09/19|77,96|118171|906812|1215/19
2819|CADEIRA TAM 4||11/09/19|77,96|118171|906812|1215/19
2820|CADEIRA TAM 4||11/09/19|77,96|118171|906812|1215/19
2821|CADEIRA TAM 4||11/09/19|77,96|118171|906812|1215/19
2822|CADEIRA TAM 4||11/09/19|77,96|118171|906812|1215/19
2823|CADEIRA TAM 4||11/09/19|77,96|118171|906812|1215/19
2824|CADEIRA TAM 4||11/09/19|77,96|118171|906812|1215/19
2825|CADEIRA TAM 4||11/09/19|77,96|118171|906812|1215/19
2826|CADEIRA TAM 4||11/09/19|77,96|118171|906812|1215/19
2827|CADEIRA TAM 4||11/09/19|77,96|118171|906812|1215/19
2828|CADEIRA TAM 4||11/09/19|77,96|118171|906812|1215/19
2829|CADEIRA TAM 4||11/09/19|77,96|118171|906812|1215/19
2830|CADEIRA TAM 4||11/09/19|77,96|118171|906812|1215/19
2831|CADEIRA TAM 4||11/09/19|77,96|118171|906812|1215/19
2832|CADEIRA TAM 4||11/09/19|77,96|118171|906812|1215/19
2833|CADEIRA TAM 4||11/09/19|77,96|118171|906812|1215/19
2834|CADEIRA TAM 4||11/09/19|77,96|118171|906812|1215/19
2835|CADEIRA TAM 4||11/09/19|77,96|118171|906812|1215/19
2836|CADEIRA TAM 4||11/09/19|77,96|118171|906812|1215/19
2837|CADEIRA TAM 4||11/09/19|77,96|118171|906812|1215/19
2838|CADEIRA TAM 4||11/09/19|77,96|118171|906812|1215/19
2839|CADEIRA TAM 4||11/09/19|77,96|118171|906812|1215/19
2840|CADEIRA TAM 4||11/09/19|77,96|118171|906812|1215/19
2841|CADEIRA TAM 4||11/09/19|77,96|118171|906812|1215/19
2842|CADEIRA TAM 4||11/09/19|77,96|118171|906812|1215/19
2843|CADEIRA TAM 4||11/09/19|77,96|118171|906812|1215/19
2844|CADEIRA TAM 4||11/09/19|77,96|118171|906812|1215/19
2845|CADEIRA TAM 4||11/09/19|77,96|118171|906812|1215/19
2846|CADEIRA TAM 4||11/09/19|77,96|118171|906812|1215/19
2847|CADEIRA TAM 4||11/09/19|77,96|118171|906812|1215/19
2848|CADEIRA TAM 4||11/09/19|77,96|118171|906812|1215/19
2849|CARTEIRA TAM 5||11/09/19|100,00|118171|906812|1215/19
2850|CARTEIRA TAM 5||12/09/19|100,00|118171|906812|1215/19
2851|CARTEIRA TAM 5||13/09/19|100,00|118171|906812|1215/19
2852|CARTEIRA TAM 5||14/09/19|100,00|118171|906812|1215/19
2853|CARTEIRA TAM 5||15/09/19|100,00|118171|906812|1215/19
2854|CARTEIRA TAM 5||16/09/19|100,00|118171|906812|1215/19
2855|CARTEIRA TAM 5||17/09/19|100,00|118171|906812|1215/19
2856|CARTEIRA TAM 5||18/09/19|100,00|118171|906812|1215/19
2857|CARTEIRA TAM 5||19/09/19|100,00|118171|906812|1215/19
2858|CARTEIRA TAM 5||20/09/19|100,00|118171|906812|1215/19
2859|CARTEIRA TAM 5||21/09/19|100,00|118171|906812|1215/19
2860|CARTEIRA TAM 5||22/09/19|100,00|118171|906812|1215/19
2861|CARTEIRA TAM 5||23/09/19|100,00|118171|906812|1215/19
2862|CARTEIRA TAM 5||24/09/19|100,00|118171|906812|1215/19
2863|CARTEIRA TAM 5||25/09/19|100,00|118171|906812|1215/19
2864|CARTEIRA TAM 5||26/09/19|100,00|118171|906812|1215/19
2865|CARTEIRA TAM 5||27/09/19|100,00|118171|906812|1215/19
2866|CARTEIRA TAM 5||28/09/19|100,00|118171|906812|1215/19
2867|CARTEIRA TAM 5||29/09/19|100,00|118171|906812|1215/19
2868|CARTEIRA TAM 5||30/09/19|100,00|118171|906812|1215/19
2869|CARTEIRA TAM 5||01/10/19|100,00|118171|906812|1215/19
2870|CARTEIRA TAM 5||02/10/19|100,00|118171|906812|1215/19
2871|CARTEIRA TAM 5||03/10/19|100,00|118171|906812|1215/19
2872|CARTEIRA TAM 5||04/10/19|100,00|118171|906812|1215/19
2873|CARTEIRA TAM 5||05/10/19|100,00|118171|906812|1215/19
2874|CARTEIRA TAM 5||06/10/19|100,00|118171|906812|1215/19
2875|CARTEIRA TAM 5||07/10/19|100,00|118171|906812|1215/19
2876|CARTEIRA TAM 5||08/10/19|100,00|118171|906812|1215/19
2877|CARTEIRA TAM 5||09/10/19|100,00|118171|906812|1215/19
2878|CARTEIRA TAM 5||10/10/19|100,00|118171|906812|1215/19
2879|CARTEIRA TAM 5||11/10/19|100,00|118171|906812|1215/19
2880|CARTEIRA TAM 5||12/10/19|100,00|118171|906812|1215/19
2881|CARTEIRA TAM 5||13/10/19|100,00|118171|906812|1215/19
2882|CARTEIRA TAM 5||14/10/19|100,00|118171|906812|1215/19
2883|CARTEIRA TAM 5||15/10/19|100,00|118171|906812|1215/19
2884|CARTEIRA TAM 5||16/10/19|100,00|118171|906812|1215/19
2885|CARTEIRA TAM 5||17/10/19|100,00|118171|906812|1215/19
2886|CARTEIRA TAM 5||18/10/19|100,00|118171|906812|1215/19
2887|CARTEIRA TAM 5||19/10/19|100,00|118171|906812|1215/19
2888|CARTEIRA TAM 5||20/10/19|100,00|118171|906812|1215/19
2889|CARTEIRA TAM 5||21/10/19|100,00|118171|906812|1215/19
2890|CARTEIRA TAM 5||22/10/19|100,00|118171|906812|1215/19
2891|CARTEIRA TAM 5||23/10/19|100,00|118171|906812|1215/19
2892|CARTEIRA TAM 5||24/10/19|100,00|118171|906812|1215/19
2893|CARTEIRA TAM 5||25/10/19|100,00|118171|906812|1215/19
2894|CARTEIRA TAM 5||26/10/19|100,00|118171|906812|1215/19
2895|CARTEIRA TAM 5||27/10/19|100,00|118171|906812|1215/19
2896|CARTEIRA TAM 5||28/10/19|100,00|118171|906812|1215/19
2897|CARTEIRA TAM 5||29/10/19|100,00|118171|906812|1215/19
2898|CARTEIRA TAM 5||30/10/19|100,00|118171|906812|1215/19
2899|CARTEIRA TAM 5||31/10/19|100,00|118171|906812|1215/19
2900|CARTEIRA TAM 5||01/11/19|100,00|118171|906812|1215/19
2901|CARTEIRA TAM 5||02/11/19|100,00|118171|906812|1215/19
2902|CARTEIRA TAM 5||03/11/19|100,00|118171|906812|1215/19
2903|CARTEIRA TAM 5||04/11/19|100,00|118171|906812|1215/19
2904|CARTEIRA TAM 5||05/11/19|100,00|118171|906812|1215/19
2905|CARTEIRA TAM 5||06/11/19|100,00|118171|906812|1215/19
2906|CARTEIRA TAM 5||07/11/19|100,00|118171|906812|1215/19
2907|CARTEIRA TAM 5||08/11/19|100,00|118171|906812|1215/19
2908|CARTEIRA TAM 5||09/11/19|100,00|118171|906812|1215/19
2909|CARTEIRA TAM 5||10/11/19|100,00|118171|906812|1215/19
2910|CARTEIRA TAM 5||11/11/19|100,00|118171|906812|1215/19
2911|CARTEIRA TAM 5||12/11/19|100,00|118171|906812|1215/19
2912|CARTEIRA TAM 5||13/11/19|100,00|118171|906812|1215/19
2913|CARTEIRA TAM 5||14/11/19|100,00|118171|906812|1215/19
2914|CARTEIRA TAM 5||15/11/19|100,00|118171|906812|1215/19
2915|CARTEIRA TAM 5||16/11/19|100,00|118171|906812|1215/19
2916|CARTEIRA TAM 5||17/11/19|100,00|118171|906812|1215/19
2917|CARTEIRA TAM 5||18/11/19|100,00|118171|906812|1215/19
2918|CARTEIRA TAM 5||19/11/19|100,00|118171|906812|1215/19
2919|CARTEIRA TAM 5||20/11/19|100,00|118171|906812|1215/19
2920|CARTEIRA TAM 5||21/11/19|100,00|118171|906812|1215/19
2921|CARTEIRA TAM 5||22/11/19|100,00|118171|906812|1215/19
2922|CARTEIRA TAM 5||23/11/19|100,00|118171|906812|1215/19
2923|CARTEIRA TAM 5||24/11/19|100,00|118171|906812|1215/19
2924|CARTEIRA TAM 5||25/11/19|100,00|118171|906812|1215/19
2925|CARTEIRA TAM 5||26/11/19|100,00|118171|906812|1215/19
2926|CARTEIRA TAM 5||27/11/19|100,00|118171|906812|1215/19
2927|CARTEIRA TAM 5||28/11/19|100,00|118171|906812|1215/19
2928|CARTEIRA TAM 5||29/11/19|100,00|118171|906812|1215/19
2929|CARTEIRA TAM 5||30/11/19|100,00|118171|906812|1215/19
2930|CARTEIRA TAM 5||01/12/19|100,00|118171|906812|1215/19
2931|CARTEIRA TAM 5||02/12/19|100,00|118171|906812|1215/19
2932|CARTEIRA TAM 5||03/12/19|100,00|118171|906812|1215/19
2933|CARTEIRA TAM 5||04/12/19|100,00|118171|906812|1215/19
2934|CARTEIRA TAM 5||05/12/19|100,00|118171|906812|1215/19
2935|CARTEIRA TAM 5||06/12/19|100,00|118171|906812|1215/19
2936|CARTEIRA TAM 5||07/12/19|100,00|118171|906812|1215/19
2937|CARTEIRA TAM 5||08/12/19|100,00|118171|906812|1215/19
2938|CARTEIRA TAM 5||09/12/19|100,00|118171|906812|1215/19
2939|CARTEIRA TAM 5||10/12/19|100,00|118171|906812|1215/19
2940|CARTEIRA TAM 5||11/12/19|100,00|118171|906812|1215/19
2941|CARTEIRA TAM 5||12/12/19|100,00|118171|906812|1215/19
2942|CARTEIRA TAM 5||13/12/19|100,00|118171|906812|1215/19
2943|CARTEIRA TAM 5||14/12/19|100,00|118171|906812|1215/19
2944|CARTEIRA TAM 5||15/12/19|100,00|118171|906812|1215/19
2945|CARTEIRA TAM 5||16/12/19|100,00|118171|906812|1215/19
2946|CARTEIRA TAM 5||17/12/19|100,00|118171|906812|1215/19
2947|CARTEIRA TAM 5||18/12/19|100,00|118171|906812|1215/19
2948|CARTEIRA TAM 5||19/12/19|100,00|118171|906812|1215/19
2949|CARTEIRA TAM 5||20/12/19|100,00|118171|906812|1215/19
2950|CARTEIRA TAM 5||21/12/19|100,00|118171|906812|1215/19
2951|CARTEIRA TAM 5||22/12/19|100,00|118171|906812|1215/19
2952|CARTEIRA TAM 5||23/12/19|100,00|118171|906812|1215/19
2953|CARTEIRA TAM 5||24/12/19|100,00|118171|906812|1215/19
2954|CARTEIRA TAM 5||25/12/19|100,00|118171|906812|1215/19
2955|CARTEIRA TAM 5||26/12/19|100,00|118171|906812|1215/19
2956|CARTEIRA TAM 5||27/12/19|100,00|118171|906812|1215/19
2957|CARTEIRA TAM 5||28/12/19|100,00|118171|906812|1215/19
2958|CARTEIRA TAM 5||29/12/19|100,00|118171|906812|1215/19
2959|CARTEIRA TAM 5||30/12/19|100,00|118171|906812|1215/19
2960|CARTEIRA TAM 5||31/12/19|100,00|118171|906812|1215/19
2961|CARTEIRA TAM 5||01/01/20|100,00|118171|906812|1215/19
2962|CARTEIRA TAM 5||02/01/20|100,00|118171|906812|1215/19
2963|CARTEIRA TAM 5||03/01/20|100,00|118171|906812|1215/19
2964|CARTEIRA TAM 5||04/01/20|100,00|118171|906812|1215/19
2965|CARTEIRA TAM 5||05/01/20|100,00|118171|906812|1215/19
2966|CARTEIRA TAM 5||06/01/20|100,00|118171|906812|1215/19
2967|CARTEIRA TAM 5||07/01/20|100,00|118171|906812|1215/19
2968|CARTEIRA TAM 5||08/01/20|100,00|118171|906812|1215/19
2969|CARTEIRA TAM 5||09/01/20|100,00|118171|906812|1215/19
2970|CARTEIRA TAM 5||10/01/20|100,00|118171|906812|1215/19
2971|CARTEIRA TAM 5||11/01/20|100,00|118171|906812|1215/19
2972|CARTEIRA TAM 5||12/01/20|100,00|118171|906812|1215/19
2973|CARTEIRA TAM 5||13/01/20|100,00|118171|906812|1215/19
2974|CARTEIRA TAM 5||14/01/20|100,00|118171|906812|1215/19
2975|CARTEIRA TAM 5||15/01/20|100,00|118171|906812|1215/19
2976|CARTEIRA TAM 5||16/01/20|100,00|118171|906812|1215/19
2977|CARTEIRA TAM 5||17/01/20|100,00|118171|906812|1215/19
2978|CARTEIRA TAM 5||18/01/20|100,00|118171|906812|1215/19
2979|CARTEIRA TAM 5||19/01/20|100,00|118171|906812|1215/19
2980|CARTEIRA TAM 5||20/01/20|100,00|118171|906812|1215/19
2981|CARTEIRA TAM 5||21/01/20|100,00|118171|906812|1215/19
2982|CARTEIRA TAM 5||22/01/20|100,00|118171|906812|1215/19
2983|CARTEIRA TAM 5||23/01/20|100,00|118171|906812|1215/19
2984|CARTEIRA TAM 5||24/01/20|100,00|118171|906812|1215/19
2985|CARTEIRA TAM 5||25/01/20|100,00|118171|906812|1215/19
2986|CARTEIRA TAM 5||26/01/20|100,00|118171|906812|1215/19
2987|CARTEIRA TAM 5||27/01/20|100,00|118171|906812|1215/19
2988|CARTEIRA TAM 5||28/01/20|100,00|118171|906812|1215/19
2989|CARTEIRA TAM 5||29/01/20|100,00|118171|906812|1215/19
2990|CARTEIRA TAM 5||30/01/20|100,00|118171|906812|1215/19
2991|CARTEIRA TAM 5||31/01/20|100,00|118171|906812|1215/19
2992|CARTEIRA TAM 5||01/02/20|100,00|118171|906812|1215/19
2993|CARTEIRA TAM 5||02/02/20|100,00|118171|906812|1215/19
2994|CARTEIRA TAM 5||03/02/20|100,00|118171|906812|1215/19
2995|CARTEIRA TAM 5||04/02/20|100,00|118171|906812|1215/19
2996|CARTEIRA TAM 5||05/02/20|100,00|118171|906812|1215/19
2997|CARTEIRA TAM 5||06/02/20|100,00|118171|906812|1215/19
2998|CARTEIRA TAM 5||07/02/20|100,00|118171|906812|1215/19
2999|CADEIRA TAM 5||08/02/20|77,94|118171|906812|1215/19
3000|CADEIRA TAM 5||09/02/20|77,94|118171|906812|1215/19
3001|CADEIRA TAM 5||10/02/20|77,94|118171|906812|1215/19
3002|CADEIRA TAM 5||11/02/20|77,94|118171|906812|1215/19
3003|CADEIRA TAM 5||12/02/20|77,94|118171|906812|1215/19
3004|CADEIRA TAM 5||13/02/20|77,94|118171|906812|1215/19
3005|CADEIRA TAM 5||14/02/20|77,94|118171|906812|1215/19
3006|CADEIRA TAM 5||15/02/20|77,94|118171|906812|1215/19
3007|CADEIRA TAM 5||16/02/20|77,94|118171|906812|1215/19
3008|CADEIRA TAM 5||17/02/20|77,94|118171|906812|1215/19
3009|CADEIRA TAM 5||18/02/20|77,94|118171|906812|1215/19
3010|CADEIRA TAM 5||19/02/20|77,94|118171|906812|1215/19
3011|CADEIRA TAM 5||20/02/20|77,94|118171|906812|1215/19
3012|CADEIRA TAM 5||21/02/20|77,94|118171|906812|1215/19
3013|CADEIRA TAM 5||22/02/20|77,94|118171|906812|1215/19
3014|CADEIRA TAM 5||23/02/20|77,94|118171|906812|1215/19
3015|CADEIRA TAM 5||24/02/20|77,94|118171|906812|1215/19
3016|CADEIRA TAM 5||25/02/20|77,94|118171|906812|1215/19
3017|CADEIRA TAM 5||26/02/20|77,94|118171|906812|1215/19
3018|CADEIRA TAM 5||27/02/20|77,94|118171|906812|1215/19
3019|CADEIRA TAM 5||28/02/20|77,94|118171|906812|1215/19
3020|CADEIRA TAM 5||29/02/20|77,94|118171|906812|1215/19
3021|CADEIRA TAM 5||01/03/20|77,94|118171|906812|1215/19
3022|CADEIRA TAM 5||02/03/20|77,94|118171|906812|1215/19
3023|CADEIRA TAM 5||03/03/20|77,94|118171|906812|1215/19
3024|CADEIRA TAM 5||04/03/20|77,94|118171|906812|1215/19
3025|CADEIRA TAM 5||05/03/20|77,94|118171|906812|1215/19
3026|CADEIRA TAM 5||06/03/20|77,94|118171|906812|1215/19
3027|CADEIRA TAM 5||07/03/20|77,94|118171|906812|1215/19
3028|CADEIRA TAM 5||08/03/20|77,94|118171|906812|1215/19
3029|CADEIRA TAM 5||09/03/20|77,94|118171|906812|1215/19
3030|CADEIRA TAM 5||10/03/20|77,94|118171|906812|1215/19
3031|CADEIRA TAM 5||11/03/20|77,94|118171|906812|1215/19
3032|CADEIRA TAM 5||12/03/20|77,94|118171|906812|1215/19
3033|CADEIRA TAM 5||13/03/20|77,94|118171|906812|1215/19
3034|CADEIRA TAM 5||14/03/20|77,94|118171|906812|1215/19
3035|CADEIRA TAM 5||15/03/20|77,94|118171|906812|1215/19
3036|CADEIRA TAM 5||16/03/20|77,94|118171|906812|1215/19
3037|CADEIRA TAM 5||17/03/20|77,94|118171|906812|1215/19
3038|CADEIRA TAM 5||18/03/20|77,94|118171|906812|1215/19
3039|CADEIRA TAM 5||19/03/20|77,94|118171|906812|1215/19
3040|CADEIRA TAM 5||20/03/20|77,94|118171|906812|1215/19
3041|CADEIRA TAM 5||21/03/20|77,94|118171|906812|1215/19
3042|CADEIRA TAM 5||22/03/20|77,94|118171|906812|1215/19
3043|CADEIRA TAM 5||23/03/20|77,94|118171|906812|1215/19
3044|CADEIRA TAM 5||24/03/20|77,94|118171|906812|1215/19
3045|CADEIRA TAM 5||25/03/20|77,94|118171|906812|1215/19
3046|CADEIRA TAM 5||26/03/20|77,94|118171|906812|1215/19
3047|CADEIRA TAM 5||27/03/20|77,94|118171|906812|1215/19
3048|CADEIRA TAM 5||28/03/20|77,94|118171|906812|1215/19
3049|CADEIRA TAM 5||29/03/20|77,94|118171|906812|1215/19
3050|CADEIRA TAM 5||30/03/20|77,94|118171|906812|1215/19
3051|CADEIRA TAM 5||31/03/20|77,94|118171|906812|1215/19
3052|CADEIRA TAM 5||01/04/20|77,94|118171|906812|1215/19
3053|CADEIRA TAM 5||02/04/20|77,94|118171|906812|1215/19
3054|CADEIRA TAM 5||03/04/20|77,94|118171|906812|1215/19
3055|CADEIRA TAM 5||04/04/20|77,94|118171|906812|1215/19
3056|CADEIRA TAM 5||05/04/20|77,94|118171|906812|1215/19
3057|CADEIRA TAM 5||06/04/20|77,94|118171|906812|1215/19
3058|CADEIRA TAM 5||07/04/20|77,94|118171|906812|1215/19
3059|CADEIRA TAM 5||08/04/20|77,94|118171|906812|1215/19
3060|CADEIRA TAM 5||09/04/20|77,94|118171|906812|1215/19
3061|CADEIRA TAM 5||10/04/20|77,94|118171|906812|1215/19
3062|CADEIRA TAM 5||11/04/20|77,94|118171|906812|1215/19
3063|CADEIRA TAM 5||12/04/20|77,94|118171|906812|1215/19
3064|CADEIRA TAM 5||13/04/20|77,94|118171|906812|1215/19
3065|CADEIRA TAM 5||14/04/20|77,94|118171|906812|1215/19
3066|CADEIRA TAM 5||15/04/20|77,94|118171|906812|1215/19
3067|CADEIRA TAM 5||16/04/20|77,94|118171|906812|1215/19
3068|CADEIRA TAM 5||17/04/20|77,94|118171|906812|1215/19
3069|CADEIRA TAM 5||18/04/20|77,94|118171|906812|1215/19
3070|CADEIRA TAM 5||19/04/20|77,94|118171|906812|1215/19
3071|CADEIRA TAM 5||20/04/20|77,94|118171|906812|1215/19
3072|CADEIRA TAM 5||21/04/20|77,94|118171|906812|1215/19
3073|CADEIRA TAM 5||22/04/20|77,94|118171|906812|1215/19
3074|CADEIRA TAM 5||23/04/20|77,94|118171|906812|1215/19
3075|CADEIRA TAM 5||24/04/20|77,94|118171|906812|1215/19
3076|CADEIRA TAM 5||25/04/20|77,94|118171|906812|1215/19
3077|CADEIRA TAM 5||26/04/20|77,94|118171|906812|1215/19
3078|CADEIRA TAM 5||27/04/20|77,94|118171|906812|1215/19
3079|CADEIRA TAM 5||28/04/20|77,94|118171|906812|1215/19
3080|CADEIRA TAM 5||29/04/20|77,94|118171|906812|1215/19
3081|CADEIRA TAM 5||30/04/20|77,94|118171|906812|1215/19
3082|CADEIRA TAM 5||01/05/20|77,94|118171|906812|1215/19
3083|CADEIRA TAM 5||02/05/20|77,94|118171|906812|1215/19
3084|CADEIRA TAM 5||03/05/20|77,94|118171|906812|1215/19
3085|CADEIRA TAM 5||04/05/20|77,94|118171|906812|1215/19
3086|CADEIRA TAM 5||05/05/20|77,94|118171|906812|1215/19
3087|CADEIRA TAM 5||06/05/20|77,94|118171|906812|1215/19
3088|CADEIRA TAM 5||07/05/20|77,94|118171|906812|1215/19
3089|CADEIRA TAM 5||08/05/20|77,94|118171|906812|1215/19
3090|CADEIRA TAM 5||09/05/20|77,94|118171|906812|1215/19
3091|CADEIRA TAM 5||10/05/20|77,94|118171|906812|1215/19
3092|CADEIRA TAM 5||11/05/20|77,94|118171|906812|1215/19
3093|CADEIRA TAM 5||12/05/20|77,94|118171|906812|1215/19
3094|CADEIRA TAM 5||13/05/20|77,94|118171|906812|1215/19
3095|CADEIRA TAM 5||14/05/20|77,94|118171|906812|1215/19
3096|CADEIRA TAM 5||15/05/20|77,94|118171|906812|1215/19
3097|CADEIRA TAM 5||16/05/20|77,94|118171|906812|1215/19
3098|CADEIRA TAM 5||17/05/20|77,94|118171|906812|1215/19
3099|CADEIRA TAM 5||18/05/20|77,94|118171|906812|1215/19
3100|CADEIRA TAM 5||19/05/20|77,94|118171|906812|1215/19
3101|CADEIRA TAM 5||20/05/20|77,94|118171|906812|1215/19
3102|CADEIRA TAM 5||21/05/20|77,94|118171|906812|1215/19
3103|CADEIRA TAM 5||22/05/20|77,94|118171|906812|1215/19
3104|CADEIRA TAM 5||23/05/20|77,94|118171|906812|1215/19
3105|CADEIRA TAM 5||24/05/20|77,94|118171|906812|1215/19
3106|CADEIRA TAM 5||25/05/20|77,94|118171|906812|1215/19
3107|CADEIRA TAM 5||26/05/20|77,94|118171|906812|1215/19
3108|CADEIRA TAM 5||27/05/20|77,94|118171|906812|1215/19
3109|CADEIRA TAM 5||28/05/20|77,94|118171|906812|1215/19
3110|CADEIRA TAM 5||29/05/20|77,94|118171|906812|1215/19
3111|CADEIRA TAM 5||30/05/20|77,94|118171|906812|1215/19
3112|CADEIRA TAM 5||31/05/20|77,94|118171|906812|1215/19
3113|CADEIRA TAM 5||01/06/20|77,94|118171|906812|1215/19
3114|CADEIRA TAM 5||02/06/20|77,94|118171|906812|1215/19
3115|CADEIRA TAM 5||03/06/20|77,94|118171|906812|1215/19
3116|CADEIRA TAM 5||04/06/20|77,94|118171|906812|1215/19
3117|CADEIRA TAM 5||05/06/20|77,94|118171|906812|1215/19
3118|CADEIRA TAM 5||06/06/20|77,94|118171|906812|1215/19
3119|CADEIRA TAM 5||07/06/20|77,94|118171|906812|1215/19
3120|CADEIRA TAM 5||08/06/20|77,94|118171|906812|1215/19
3121|CADEIRA TAM 5||09/06/20|77,94|118171|906812|1215/19
3122|CADEIRA TAM 5||10/06/20|77,94|118171|906812|1215/19
3123|CADEIRA TAM 5||11/06/20|77,94|118171|906812|1215/19
3124|CADEIRA TAM 5||12/06/20|77,94|118171|906812|1215/19
3125|CADEIRA TAM 5||13/06/20|77,94|118171|906812|1215/19
3126|CADEIRA TAM 5||14/06/20|77,94|118171|906812|1215/19
3127|CADEIRA TAM 5||15/06/20|77,94|118171|906812|1215/19
3128|CADEIRA TAM 5||16/06/20|77,94|118171|906812|1215/19
3129|CADEIRA TAM 5||17/06/20|77,94|118171|906812|1215/19
3130|CADEIRA TAM 5||18/06/20|77,94|118171|906812|1215/19
3131|CADEIRA TAM 5||19/06/20|77,94|118171|906812|1215/19
3132|CADEIRA TAM 5||20/06/20|77,94|118171|906812|1215/19
3133|CADEIRA TAM 5||21/06/20|77,94|118171|906812|1215/19
3134|CADEIRA TAM 5||22/06/20|77,94|118171|906812|1215/19
3135|CADEIRA TAM 5||23/06/20|77,94|118171|906812|1215/19
3136|CADEIRA TAM 5||24/06/20|77,94|118171|906812|1215/19
3137|CADEIRA TAM 5||25/06/20|77,94|118171|906812|1215/19
3138|CADEIRA TAM 5||26/06/20|77,94|118171|906812|1215/19
3139|CADEIRA TAM 5||27/06/20|77,94|118171|906812|1215/19
3140|CADEIRA TAM 5||28/06/20|77,94|118171|906812|1215/19
3141|CADEIRA TAM 5||29/06/20|77,94|118171|906812|1215/19
3142|CADEIRA TAM 5||30/06/20|77,94|118171|906812|1215/19
3143|CADEIRA TAM 5||01/07/20|77,94|118171|906812|1215/19
3144|CADEIRA TAM 5||02/07/20|77,94|118171|906812|1215/19
3145|CADEIRA TAM 5||03/07/20|77,94|118171|906812|1215/19
3146|CADEIRA TAM 5||04/07/20|77,94|118171|906812|1215/19
3147|CADEIRA TAM 5||05/07/20|77,94|118171|906812|1215/19
3148|CADEIRA TAM 5||06/07/20|77,94|118171|906812|1215/19
3149|TELEFONE|1823|13/09/19|30,87|118382|910385|5312/19
3150|TELEFONE|1823|13/09/19|30,87|118382|910385|5312/19
3151|TELEFONE|1823|13/09/19|30,87|118382|910385|5312/19
3152|TELEFONE|1823|13/09/19|30,87|118382|910385|5312/19
3153|TELEFONE|1823|13/09/19|30,87|118382|910385|5312/19
3154|TELEFONE|1823|13/09/19|30,87|118382|910385|5312/19
3155|TELEFONE|1823|13/09/19|30,87|118382|910385|5312/19
3156|TELEFONE|1823|13/09/19|30,87|118382|910385|5312/19
3157|TELEFONE|1823|13/09/19|30,87|118382|910385|5312/19
3158|TELEFONE|1823|13/09/19|30,87|118382|910385|5312/19
3159|TELEFONE|1823|13/09/19|30,87|118382|910385|5312/19
3160|TELEFONE|1823|13/09/19|30,87|118382|910385|5312/19
3161|TELEFONE|1823|13/09/19|30,87|118382|910385|5312/19
3162|TELEFONE|1823|13/09/19|30,87|118382|910385|5312/19
3163|TELEFONE|1823|13/09/19|30,87|118382|910385|5312/19
3164|TELEFONE|1823|13/09/19|30,87|118382|910385|5312/19
3165|TELEFONE|1823|13/09/19|30,87|118382|910385|5312/19
3166|TELEFONE|1823|13/09/19|30,87|118382|910385|5312/19
3167|TELEFONE|1823|13/09/19|30,87|118382|910385|5312/19
3168|TELEFONE|1823|13/09/19|30,87|118382|910385|5312/19
3169|TELEFONE|1823|13/09/19|30,87|118382|910385|5312/19
3170|TELEFONE|1823|13/09/19|30,87|118382|910385|5312/19
3171|TELEFONE|1823|13/09/19|30,87|118382|910385|5312/19
3172|TELEFONE|1823|13/09/19|30,87|118382|910385|5312/19
3173|TELEFONE|1823|13/09/19|30,87|118382|910385|5312/19
3174|TELEFONE|1823|13/09/19|30,87|118382|910385|5312/19
3175|TELEFONE|1823|13/09/19|30,87|118382|910385|5312/19
3176|TELEFONE|1823|13/09/19|30,87|118382|910385|5312/19
3177|TELEFONE|1823|13/09/19|30,87|118382|910385|5312/19
3178|TELEFONE|1823|13/09/19|30,87|118382|910385|5312/19
3179|TELEFONE|1823|13/09/19|30,87|118382|910385|5312/19
3180|TELEFONE|1823|13/09/19|30,87|118382|910385|5312/19
3181|TELEFONE|1823|13/09/19|30,87|118382|910385|5312/19
3182|TELEFONE|1823|13/09/19|30,87|118382|910385|5312/19
3183|TELEFONE|1823|13/09/19|30,87|118382|910385|5312/19
3184|TELEFONE|1823|13/09/19|30,87|118382|910385|5312/19
3185|TELEFONE|1823|13/09/19|30,87|118382|910385|5312/19
3186|TELEFONE|1823|13/09/19|30,87|118382|910385|5312/19
3187|TELEFONE|1823|13/09/19|30,87|118382|910385|5312/19
3188|TELEFONE|1823|13/09/19|30,87|118382|910385|5312/19
3189|TELEFONE|1823|13/09/19|30,87|118382|910385|5312/19
3190|TELEFONE|1823|13/09/19|30,87|118382|910385|5312/19
3191|TELEFONE|1823|13/09/19|30,87|118382|910385|5312/19
3192|TELEFONE|1823|13/09/19|30,87|118382|910385|5312/19
3193|TELEFONE|1823|13/09/19|30,87|118382|910385|5312/19
3194|TELEFONE|1823|13/09/19|30,87|118382|910385|5312/19
3195|TELEFONE|1823|13/09/19|30,87|118382|910385|5312/19
3196|TELEFONE|1823|13/09/19|30,87|118382|910385|5312/19
3197|TELEFONE|1823|13/09/19|30,87|118382|910385|5312/19
3198|TELEFONE|1823|13/09/19|30,87|118382|910385|5312/19
3199|BEBEDOURO INDUSTRIAL 100L|1723|29/10/19|1350,00|118027|909267|1053/19
3200|BEBEDOURO INDUSTRIAL 100L|1723|29/10/19|1350,00|118027|909267|1053/19
3201|BEBEDOURO INDUSTRIAL 100L|1723|29/10/19|1350,00|118027|909267|1053/19
3202|BEBEDOURO INDUSTRIAL 100L|1723|29/10/19|1350,00|118027|909267|1053/19
3203|BEBEDOURO INDUSTRIAL 100L|1723|29/10/19|1350,00|118027|909267|1053/19
3204|BEBEDOURO INDUSTRIAL 100L|1723|29/10/19|1350,00|118027|909267|1053/19
3205|BEBEDOURO INDUSTRIAL 100L|1723|29/10/19|1350,00|118027|909267|1053/19
3206|BEBEDOURO INDUSTRIAL 100L|1723|29/10/19|1350,00|118027|909267|1053/19
3207|BEBEDOURO INDUSTRIAL 100L|1723|29/10/19|1350,00|118027|909267|1053/19
3208|BEBEDOURO INDUSTRIAL 100L|1723|29/10/19|1350,00|118027|909267|1053/19
3209|BEBEDOURO INDUSTRIAL 100L|1723|29/10/19|1350,00|118027|909267|1053/19
3210|BEBEDOURO INDUSTRIAL 100L|1723|29/10/19|1350,00|118027|909267|1053/19
3211|BEBEDOURO INDUSTRIAL 100L|1723|29/10/19|1350,00|118027|909267|1053/19
3212|BEBEDOURO INDUSTRIAL 100L|1723|29/10/19|1350,00|118027|909267|1053/19
3213|BEBEDOURO INDUSTRIAL 100L|1723|29/10/19|1350,00|118027|909267|1053/19
3214|BEBEDOURO INDUSTRIAL 100L|1723|29/10/19|1350,00|118027|909267|1053/19
3215|BEBEDOURO INDUSTRIAL 100L|1723|29/10/19|1350,00|118027|909267|1053/19
3216|BEBEDOURO INDUSTRIAL 100L|1723|29/10/19|1350,00|118027|909267|1053/19
3217|BEBEDOURO INDUSTRIAL 100L|1723|29/10/19|1350,00|118027|909267|1053/19
3218|BEBEDOURO INDUSTRIAL 100L|1723|29/10/19|1350,00|118027|909267|1053/19
3219|BEBEDOURO INDUSTRIAL 100L|1723|29/10/19|1350,00|118027|909267|1053/19
3220|BEBEDOURO INDUSTRIAL 100L|1723|29/10/19|1350,00|118027|909267|1053/19
3221|BEBEDOURO INDUSTRIAL 100L|1723|29/10/19|1350,00|118027|909267|1053/19
3222|BEBEDOURO INDUSTRIAL 100L|1723|29/10/19|1350,00|118027|909267|1053/19
3223|BEBEDOURO INDUSTRIAL 100L|1723|29/10/19|1350,00|118027|909267|1053/19
3224|BEBEDOURO INDUSTRIAL 100L|1723|29/10/19|1350,00|118027|909267|1053/19
3225|BEBEDOURO INDUSTRIAL 100L|1723|29/10/19|1350,00|118027|909267|1053/19
3226|BEBEDOURO INDUSTRIAL 100L|1723|29/10/19|1350,00|118027|909267|1053/19
3227|BEBEDOURO INDUSTRIAL 100L|1723|29/10/19|1350,00|118027|909267|1053/19
3228|BEBEDOURO INDUSTRIAL 100L|1723|29/10/19|1350,00|118027|909267|1053/19
3229|BEBEDOURO INDUSTRIAL 50L|1723|29/10/19|1288,00|118027|909267|1053/19
3230|BEBEDOURO INDUSTRIAL 50L|1723|29/10/19|1288,00|118027|909267|1053/19
3231|BEBEDOURO INDUSTRIAL 50L|1723|29/10/19|1288,00|118027|909267|1053/19
3232|BEBEDOURO INDUSTRIAL 50L|1723|29/10/19|1288,00|118027|909267|1053/19
3233|BEBEDOURO INDUSTRIAL 50L|1723|29/10/19|1288,00|118027|909267|1053/19
3234|BEBEDOURO INDUSTRIAL 50L|1723|29/10/19|1288,00|118027|909267|1053/19
3235|BEBEDOURO INDUSTRIAL 50L|1723|29/10/19|1288,00|118027|909267|1053/19
3236|BEBEDOURO INDUSTRIAL 50L|1723|29/10/19|1288,00|118027|909267|1053/19
3237|BEBEDOURO INDUSTRIAL 50L|1723|29/10/19|1288,00|118027|909267|1053/19
3238|BEBEDOURO INDUSTRIAL 50L|1723|29/10/19|1288,00|118027|909267|1053/19
3239|BEBEDOURO INDUSTRIAL 50L|1723|29/10/19|1288,00|118027|909267|1053/19
3240|BEBEDOURO INDUSTRIAL 50L|1723|29/10/19|1288,00|118027|909267|1053/19
3241|BEBEDOURO INDUSTRIAL 50L|1723|29/10/19|1288,00|118027|909267|1053/19
3242|BEBEDOURO INDUSTRIAL 50L|1723|29/10/19|1288,00|118027|909267|1053/19
3243|BEBEDOURO INDUSTRIAL 50L|1723|29/10/19|1288,00|118027|909267|1053/19
3244|BEBEDOURO INDUSTRIAL 50L|1723|29/10/19|1288,00|118027|909267|1053/19
3245|BEBEDOURO INDUSTRIAL 50L|1723|29/10/19|1288,00|118027|909267|1053/19
3246|BEBEDOURO INDUSTRIAL 50L|1723|29/10/19|1288,00|118027|909267|1053/19
3247|BEBEDOURO INDUSTRIAL 50L|1723|29/10/19|1288,00|118027|909267|1053/19
3248|BEBEDOURO INDUSTRIAL 50L|1723|29/10/19|1288,00|118027|909267|1053/19
3249|BEBEDOURO INDUSTRIAL 50L|1723|29/10/19|1288,00|118027|909267|1053/19
3250|BEBEDOURO INDUSTRIAL 50L|1723|29/10/19|1288,00|118027|909267|1053/19
3251|BEBEDOURO INDUSTRIAL 50L|1723|29/10/19|1288,00|118027|909267|1053/19
3252|BEBEDOURO INDUSTRIAL 50L|1723|29/10/19|1288,00|118027|909267|1053/19
3253|BEBEDOURO INDUSTRIAL 50L|1723|29/10/19|1288,00|118027|909267|1053/19
3254|PROJETOR EPSON|1744|29/10/19|2480,00|118593|910980|3412/19
3255|PROJETOR EPSON|1744|29/10/19|2480,00|118593|910980|3412/19
3256|PROJETOR EPSON|1744|29/10/19|2480,00|118593|910980|3412/19
3257|PROJETOR EPSON|1744|29/10/19|2480,00|118593|910980|3412/19
3258|PROJETOR EPSON|1744|29/10/19|2480,00|118593|910980|3412/19
3259|PROJETOR EPSON|1744|29/10/19|2480,00|118593|910980|3412/19
3260|PROJETOR EPSON|1744|29/10/19|2480,00|118593|910980|3412/19
3261|PROJETOR EPSON|1744|29/10/19|2480,00|118593|910980|3412/19
3262|PROJETOR EPSON|1744|29/10/19|2480,00|118593|910980|3412/19
3263|PROJETOR EPSON|1744|29/10/19|2480,00|118593|910980|3412/19
3264|FURADEIRA |1723|05/02/20|412,00|117734|910956|15191/19
3265|FURADEIRA |1723|05/02/20|412,00|117734|910956|15191/19
3266|FURADEIRA |1723|05/02/20|412,00|117734|910956|15191/19
3267|SERRA MARMORE|1826|05/02/20|379,00|117734|910956|15191/19
3268|SERRA MARMORE|1826|05/02/20|379,00|117734|910956|15191/19
3269|SERRA MARMORE|1826|05/02/20|379,00|117734|910956|15191/19
3270|PURIFICADOR|1723|12/03/20|589,00|117810|913189|2675/20
3271|PURIFICADOR|1723|12/03/20|589,00|117810|913189|2675/20
3272|PURIFICADOR|1723|12/03/20|589,00|117810|913189|2675/20
3273|MICROONDAS|1739|12/03/20|535,00|118746|918414|101873/20
3274|VENTILADOR DE PAREDE|1723|19/05/20|148,98|118918|914659|1303/20
3275|VENTILADOR DE PAREDE|1723|19/05/20|148,98|118918|914659|1303/20
3276|VENTILADOR DE PAREDE|1723|19/05/20|148,98|118918|914659|1303/20
3277|VENTILADOR DE PAREDE|1723|19/05/20|148,98|118918|914659|1303/20
3278|VENTILADOR DE PAREDE|1723|19/05/20|148,98|118918|914659|1303/20
3279|VENTILADOR DE PAREDE|1723|19/05/20|148,98|118918|914659|1303/20
3280|VENTILADOR DE PAREDE|1723|19/05/20|148,98|118918|914659|1303/20
3281|VENTILADOR DE PAREDE|1723|19/05/20|148,98|118918|914659|1303/20
3282|VENTILADOR DE PAREDE|1723|19/05/20|148,98|118918|914659|1303/20
3283|VENTILADOR DE PAREDE|1723|19/05/20|148,98|118918|914659|1303/20
3284|VENTILADOR DE PAREDE|1723|19/05/20|148,98|118918|914659|1303/20
3285|VENTILADOR DE PAREDE|1723|19/05/20|148,98|118918|914659|1303/20
3286|VENTILADOR DE PAREDE|1723|19/05/20|148,98|118918|914659|1303/20
3287|VENTILADOR DE PAREDE|1723|19/05/20|148,98|118918|914659|1303/20
3288|VENTILADOR DE PAREDE|1723|19/05/20|148,98|118918|914659|1303/20
3289|VENTILADOR DE PAREDE|1723|19/05/20|148,98|118918|914659|1303/20
3290|VENTILADOR DE PAREDE|1723|19/05/20|148,98|118918|914659|1303/20
3291|VENTILADOR DE PAREDE|1723|19/05/20|148,98|118918|914659|1303/20
3292|VENTILADOR DE PAREDE|1723|19/05/20|148,98|118918|914659|1303/20
3293|VENTILADOR DE PAREDE|1723|19/05/20|148,98|118918|914659|1303/20
3294|VENTILADOR DE PAREDE|1723|19/05/20|148,98|118918|914659|1303/20
3295|VENTILADOR DE PAREDE|1723|19/05/20|148,98|118918|914659|1303/20
3296|VENTILADOR DE PAREDE|1723|19/05/20|148,98|118918|914659|1303/20
3297|VENTILADOR DE PAREDE|1723|19/05/20|148,98|118918|914659|1303/20
3298|VENTILADOR DE PAREDE|1723|19/05/20|148,98|118918|914659|1303/20
3299|VENTILADOR DE PAREDE|1723|19/05/20|148,98|118918|914659|1303/20
3300|VENTILADOR DE PAREDE|1723|19/05/20|148,98|118918|914659|1303/20
3301|VENTILADOR DE PAREDE|1723|19/05/20|148,98|118918|914659|1303/20
3302|VENTILADOR DE PAREDE|1723|19/05/20|148,98|118918|914659|1303/20
3303|VENTILADOR DE PAREDE|1723|19/05/20|148,98|118918|914659|1303/20
3304|VENTILADOR DE PAREDE|1723|19/05/20|148,98|118918|914659|1303/20
3305|VENTILADOR DE PAREDE|1723|19/05/20|148,98|118918|914659|1303/20
3306|VENTILADOR DE PAREDE|1723|19/05/20|148,98|118918|914659|1303/20
3307|VENTILADOR DE PAREDE|1723|19/05/20|148,98|118918|914659|1303/20
3308|VENTILADOR DE PAREDE|1723|19/05/20|148,98|118918|914659|1303/20
3309|VENTILADOR DE PAREDE|1723|19/05/20|148,98|118918|914659|1303/20
3310|VENTILADOR DE PAREDE|1723|19/05/20|148,98|118918|914659|1303/20
3311|VENTILADOR DE PAREDE|1723|19/05/20|148,98|118918|914659|1303/20
3312|VENTILADOR DE PAREDE|1723|19/05/20|148,98|118918|914659|1303/20
3313|VENTILADOR DE PAREDE|1723|19/05/20|148,98|118918|914659|1303/20
3314|VENTILADOR DE PAREDE|1723|19/05/20|148,98|118918|914659|1303/20
3315|VENTILADOR DE PAREDE|1723|19/05/20|148,98|118918|914659|1303/20
3316|VENTILADOR DE PAREDE|1723|19/05/20|148,98|118918|914659|1303/20
3317|VENTILADOR DE PAREDE|1723|19/05/20|148,98|118918|914659|1303/20
3318|VENTILADOR DE PAREDE|1723|19/05/20|148,98|118918|914659|1303/20
3319|VENTILADOR DE PAREDE|1723|19/05/20|148,98|118918|914659|1303/20
3320|VENTILADOR DE PAREDE|1723|19/05/20|148,98|118918|914659|1303/20
3321|VENTILADOR DE PAREDE|1723|19/05/20|148,98|118918|914659|1303/20
3322|VENTILADOR DE PAREDE|1723|19/05/20|148,98|118918|914659|1303/20
3323|VENTILADOR DE PAREDE|1723|19/05/20|148,98|118918|914659|1303/20
3324|VENTILADOR DE PAREDE|1723|19/05/20|148,98|118918|914659|1303/20
3325|VENTILADOR DE PAREDE|1723|19/05/20|148,98|118918|914659|1303/20
3326|VENTILADOR DE PAREDE|1723|19/05/20|148,98|118918|914659|1303/20
3327|VENTILADOR DE PAREDE|1723|19/05/20|148,98|118918|914659|1303/20
3328|VENTILADOR DE PAREDE|1723|19/05/20|148,98|118918|914659|1303/20
3329|VENTILADOR DE PAREDE|1723|19/05/20|148,98|118918|914659|1303/20
3330|VENTILADOR DE PAREDE|1723|19/05/20|148,98|118918|914659|1303/20
3331|VENTILADOR DE PAREDE|1723|19/05/20|148,98|118918|914659|1303/20
3332|VENTILADOR DE PAREDE|1723|19/05/20|148,98|118918|914659|1303/20
3333|VENTILADOR DE PAREDE|1723|19/05/20|148,98|118918|914659|1303/20
3334|VENTILADOR DE PAREDE|1723|19/05/20|148,98|118918|914659|1303/20
3335|VENTILADOR DE PAREDE|1723|19/05/20|148,98|118918|914659|1303/20
3336|VENTILADOR DE PAREDE|1723|19/05/20|148,98|118918|914659|1303/20
3337|VENTILADOR DE PAREDE|1723|19/05/20|148,98|118918|914659|1303/20
3338|VENTILADOR DE PAREDE|1723|19/05/20|148,98|118918|914659|1303/20
3339|VENTILADOR DE PAREDE|1723|19/05/20|148,98|118918|914659|1303/20
3340|VENTILADOR DE PAREDE|1723|19/05/20|148,98|118918|914659|1303/20
3341|VENTILADOR DE PAREDE|1723|19/05/20|148,98|118918|914659|1303/20
3342|VENTILADOR DE PAREDE|1723|19/05/20|148,98|118918|914659|1303/20
3343|VENTILADOR DE PAREDE|1723|19/05/20|148,98|118918|914659|1303/20
3344|VENTILADOR DE PAREDE|1723|19/05/20|148,98|118918|914659|1303/20
3345|VENTILADOR DE PAREDE|1723|19/05/20|148,98|118918|914659|1303/20
3346|VENTILADOR DE PAREDE|1723|19/05/20|148,98|118918|914659|1303/20
3347|VENTILADOR DE PAREDE|1723|19/05/20|148,98|118918|914659|1303/20
3348|VENTILADOR DE PAREDE|1723|19/05/20|148,98|118918|914659|1303/20
3349|VENTILADOR DE PAREDE|1723|19/05/20|148,98|118918|914659|1303/20
3350|VENTILADOR DE PAREDE|1723|19/05/20|148,98|118918|914659|1303/20
3351|VENTILADOR DE PAREDE|1723|19/05/20|148,98|118918|914659|1303/20
3352|VENTILADOR DE PAREDE|1723|19/05/20|148,98|118918|914659|1303/20
3353|VENTILADOR DE PAREDE|1723|19/05/20|148,98|118918|914659|1303/20
3354|VENTILADOR DE PAREDE|1723|19/05/20|148,98|118918|914659|1303/20
3355|VENTILADOR DE PAREDE|1723|19/05/20|148,98|118918|914659|1303/20
3356|VENTILADOR DE PAREDE|1723|19/05/20|148,98|118918|914659|1303/20
3357|VENTILADOR DE PAREDE|1723|19/05/20|148,98|118918|914659|1303/20
3358|VENTILADOR DE PAREDE|1723|19/05/20|148,98|118918|914659|1303/20
3359|VENTILADOR DE PAREDE|1723|19/05/20|148,98|118918|914659|1303/20
3360|VENTILADOR DE PAREDE|1723|19/05/20|148,98|118918|914659|1303/20
3361|VENTILADOR DE PAREDE|1723|19/05/20|148,98|118918|914659|1303/20
3362|VENTILADOR DE PAREDE|1723|19/05/20|148,98|118918|914659|1303/20
3363|VENTILADOR DE PAREDE|1723|19/05/20|148,98|118918|914659|1303/20
3364|VENTILADOR DE PAREDE|1723|19/05/20|148,98|118918|914659|1303/20
3365|VENTILADOR DE PAREDE|1723|19/05/20|148,98|118918|914659|1303/20
3366|VENTILADOR DE PAREDE|1723|19/05/20|148,98|118918|914659|1303/20
3367|VENTILADOR DE PAREDE|1723|19/05/20|148,98|118918|914659|1303/20
3368|VENTILADOR DE PAREDE|1723|19/05/20|148,98|118918|914659|1303/20
3369|VENTILADOR DE PAREDE|1723|19/05/20|148,98|118918|914659|1303/20
3370|VENTILADOR DE PAREDE|1723|19/05/20|148,98|118918|914659|1303/20
3371|VENTILADOR DE PAREDE|1723|19/05/20|148,98|118918|914659|1303/20
3372|VENTILADOR DE PAREDE|1723|19/05/20|148,98|118918|914659|1303/20
3373|VENTILADOR DE PAREDE|1723|19/05/20|148,98|118918|914659|1303/20
3374|VENTILADOR DE PAREDE|1723|19/05/20|148,98|118918|914659|1303/20
3375|VENTILADOR DE PAREDE|1723|19/05/20|148,98|118918|914659|1303/20
3376|VENTILADOR DE PAREDE|1723|19/05/20|148,98|118918|914659|1303/20
3377|VENTILADOR DE PAREDE|1723|19/05/20|148,98|118918|914659|1303/20
3378|VENTILADOR DE PAREDE|1723|19/05/20|148,98|118918|914659|1303/20
3379|VENTILADOR DE PAREDE|1723|19/05/20|148,98|118918|914659|1303/20
3380|VENTILADOR DE PAREDE|1723|19/05/20|148,98|118918|914659|1303/20
3381|VENTILADOR DE PAREDE|1723|19/05/20|148,98|118918|914659|1303/20
3382|VENTILADOR DE PAREDE|1723|19/05/20|148,98|118918|914659|1303/20
3383|VENTILADOR DE PAREDE|1723|19/05/20|148,98|118918|914659|1303/20
3384|VENTILADOR DE PAREDE|1723|19/05/20|148,98|118918|914659|1303/20
3385|VENTILADOR DE PAREDE|1723|19/05/20|148,98|118918|914659|1303/20
3386|VENTILADOR DE PAREDE|1723|19/05/20|148,98|118918|914659|1303/20
3387|VENTILADOR DE PAREDE|1723|19/05/20|148,98|118918|914659|1303/20
3388|VENTILADOR DE PAREDE|1723|19/05/20|148,98|118918|914659|1303/20
3389|VENTILADOR DE PAREDE|1723|19/05/20|148,98|118918|914659|1303/20
3390|VENTILADOR DE PAREDE|1723|19/05/20|148,98|118918|914659|1303/20
3391|VENTILADOR DE PAREDE|1723|19/05/20|148,98|118918|914659|1303/20
3392|VENTILADOR DE PAREDE|1723|19/05/20|148,98|118918|914659|1303/20
3393|VENTILADOR DE PAREDE|1723|19/05/20|148,98|118918|914659|1303/20
3394|VENTILADOR DE PAREDE|1723|19/05/20|148,98|118918|914659|1303/20
3395|VENTILADOR DE PAREDE|1723|19/05/20|148,98|118918|914659|1303/20
3396|VENTILADOR DE PAREDE|1723|19/05/20|148,98|118918|914659|1303/20
3397|VENTILADOR DE PAREDE|1723|19/05/20|148,98|118918|914659|1303/20
3398|VENTILADOR DE PAREDE|1723|19/05/20|148,98|118918|914659|1303/20
3399|VENTILADOR DE PAREDE|1723|19/05/20|148,98|118918|914659|1303/20
3400|VENTILADOR DE PAREDE|1723|19/05/20|148,98|118918|914659|1303/20
3401|VENTILADOR DE PAREDE|1723|19/05/20|148,98|118918|914659|1303/20
3402|VENTILADOR DE PAREDE|1723|19/05/20|148,98|118918|914659|1303/20
3403|VENTILADOR DE PAREDE|1723|19/05/20|148,98|118918|914659|1303/20
3404|VENTILADOR DE PAREDE|1723|19/05/20|148,98|118918|914659|1303/20
3405|VENTILADOR DE PAREDE|1723|19/05/20|148,98|118918|914659|1303/20
3406|VENTILADOR DE PAREDE|1723|19/05/20|148,98|118918|914659|1303/20
3407|VENTILADOR DE PAREDE|1723|19/05/20|148,98|118918|914659|1303/20
3408|VENTILADOR DE PAREDE|1723|19/05/20|148,98|118918|914659|1303/20
3409|VENTILADOR DE PAREDE|1723|19/05/20|148,98|118918|914659|1303/20
3410|VENTILADOR DE PAREDE|1723|19/05/20|148,98|118918|914659|1303/20
3411|VENTILADOR DE PAREDE|1723|19/05/20|148,98|118918|914659|1303/20
3412|VENTILADOR DE PAREDE|1723|19/05/20|148,98|118918|914659|1303/20
3413|VENTILADOR DE PAREDE|1723|19/05/20|148,98|118918|914659|1303/20
3414|VENTILADOR DE PAREDE|1723|19/05/20|148,98|118918|914659|1303/20
3415|VENTILADOR DE PAREDE|1723|19/05/20|148,98|118918|914659|1303/20
3416|VENTILADOR DE PAREDE|1723|19/05/20|148,98|118918|914659|1303/20
3417|VENTILADOR DE PAREDE|1723|19/05/20|148,98|118918|914659|1303/20
3418|VENTILADOR DE PAREDE|1723|19/05/20|148,98|118918|914659|1303/20
3419|VENTILADOR DE PAREDE|1723|19/05/20|148,98|118918|914659|1303/20
3420|VENTILADOR DE PAREDE|1723|19/05/20|148,98|118918|914659|1303/20
3421|VENTILADOR DE PAREDE|1723|19/05/20|148,98|118918|914659|1303/20
3422|VENTILADOR DE PAREDE|1723|19/05/20|148,98|118918|914659|1303/20
3423|VENTILADOR DE PAREDE|1723|19/05/20|148,98|118918|914659|1303/20
3424|VENTILADOR DE PAREDE|1723|19/05/20|148,98|118918|914659|1303/20
3425|VENTILADOR DE PAREDE|1723|19/05/20|148,98|118918|914659|1303/20
3426|VENTILADOR DE PAREDE|1723|19/05/20|148,98|118918|914659|1303/20
3427|VENTILADOR DE PAREDE|1723|19/05/20|148,98|118918|914659|1303/20
3428|VENTILADOR DE PAREDE|1723|19/05/20|148,98|118918|914659|1303/20
3429|VENTILADOR DE PAREDE|1723|19/05/20|148,98|118918|914659|1303/20
3430|VENTILADOR DE PAREDE|1723|19/05/20|148,98|118918|914659|1303/20
3431|VENTILADOR DE PAREDE|1723|19/05/20|148,98|118918|914659|1303/20
3432|VENTILADOR DE PAREDE|1723|19/05/20|148,98|118918|914659|1303/20
3433|VENTILADOR DE PAREDE|1723|19/05/20|148,98|118918|914659|1303/20
3434|VENTILADOR DE PAREDE|1723|19/05/20|148,98|118918|914659|1303/20
3435|VENTILADOR DE PAREDE|1723|19/05/20|148,98|118918|914659|1303/20
3436|VENTILADOR DE PAREDE|1723|19/05/20|148,98|118918|914659|1303/20
3437|VENTILADOR DE PAREDE|1723|19/05/20|148,98|118918|914659|1303/20
3438|VENTILADOR DE PAREDE|1723|19/05/20|148,98|118918|914659|1303/20
3439|VENTILADOR DE PAREDE|1723|19/05/20|148,98|118918|914659|1303/20
3440|VENTILADOR DE PAREDE|1723|19/05/20|148,98|118918|914659|1303/20
3441|VENTILADOR DE PAREDE|1723|19/05/20|148,98|118918|914659|1303/20
3442|VENTILADOR DE PAREDE|1723|19/05/20|148,98|118918|914659|1303/20
3443|VENTILADOR DE PAREDE|1723|19/05/20|148,98|118918|914659|1303/20
3444|VENTILADOR DE PAREDE|1723|19/05/20|148,98|118918|914659|1303/20
3445|VENTILADOR DE PAREDE|1723|19/05/20|148,98|118918|914659|1303/20
3446|VENTILADOR DE PAREDE|1723|19/05/20|148,98|118918|914659|1303/20
3447|VENTILADOR DE PAREDE|1723|19/05/20|148,98|118918|914659|1303/20
3448|VENTILADOR DE PAREDE|1723|19/05/20|148,98|118918|914659|1303/20
3449|VENTILADOR DE PAREDE|1723|19/05/20|148,98|118918|914659|1303/20
3450|VENTILADOR DE PAREDE|1723|19/05/20|148,98|118918|914659|1303/20
3451|VENTILADOR DE PAREDE|1723|19/05/20|148,98|118918|914659|1303/20
3452|VENTILADOR DE PAREDE|1723|19/05/20|148,98|118918|914659|1303/20
3453|VENTILADOR DE PAREDE|1723|19/05/20|148,98|118918|914659|1303/20
3454|VENTILADOR DE PAREDE|1723|19/05/20|148,98|118918|914659|1303/20
3455|VENTILADOR DE PAREDE|1723|19/05/20|148,98|118918|914659|1303/20
3456|VENTILADOR DE PAREDE|1723|19/05/20|148,98|118918|914659|1303/20
3457|VENTILADOR DE PAREDE|1723|19/05/20|148,98|118918|914659|1303/20
3458|VENTILADOR DE PAREDE|1723|19/05/20|148,98|118918|914659|1303/20
3459|VENTILADOR DE PAREDE|1723|19/05/20|148,98|118918|914659|1303/20
3460|VENTILADOR DE PAREDE|1723|19/05/20|148,98|118918|914659|1303/20
3461|VENTILADOR DE PAREDE|1723|19/05/20|148,98|118918|914659|1303/20
3462|VENTILADOR DE PAREDE|1723|19/05/20|148,98|118918|914659|1303/20
3463|VENTILADOR DE PAREDE|1723|19/05/20|148,98|118918|914659|1303/20
3464|VENTILADOR DE PAREDE|1723|19/05/20|148,98|118918|914659|1303/20
3465|VENTILADOR DE PAREDE|1723|19/05/20|148,98|118918|914659|1303/20
3466|VENTILADOR DE PAREDE|1723|19/05/20|148,98|118918|914659|1303/20
3467|VENTILADOR DE PAREDE|1723|19/05/20|148,98|118918|914659|1303/20
3468|VENTILADOR DE PAREDE|1723|19/05/20|148,98|118918|914659|1303/20
3469|VENTILADOR DE PAREDE|1723|19/05/20|148,98|118918|914659|1303/20
3470|VENTILADOR DE PAREDE|1723|19/05/20|148,98|118918|914659|1303/20
3471|VENTILADOR DE PAREDE|1723|19/05/20|148,98|118918|914659|1303/20
3472|VENTILADOR DE PAREDE|1723|19/05/20|148,98|118918|914659|1303/20
3473|VENTILADOR DE PAREDE|1723|19/05/20|148,98|118918|914659|1303/20
3474|VENTILADOR DE PAREDE|1723|19/05/20|148,98|118918|914659|1303/20
3475|VENTILADOR DE PAREDE|1723|19/05/20|148,98|118918|914659|1303/20
3476|VENTILADOR DE PAREDE|1723|19/05/20|148,98|118918|914659|1303/20
3477|VENTILADOR DE PAREDE|1723|19/05/20|148,98|118918|914659|1303/20
3478|VENTILADOR DE PAREDE|1723|19/05/20|148,98|118918|914659|1303/20
3479|VENTILADOR DE PAREDE|1723|19/05/20|148,98|118918|914659|1303/20
3480|VENTILADOR DE PAREDE|1723|19/05/20|148,98|118918|914659|1303/20
3481|VENTILADOR DE PAREDE|1723|19/05/20|148,98|118918|914659|1303/20
3482|VENTILADOR DE PAREDE|1723|19/05/20|148,98|118918|914659|1303/20
3483|VENTILADOR DE PAREDE|1723|19/05/20|148,98|118918|914659|1303/20
3484|VENTILADOR DE PAREDE|1723|19/05/20|148,98|118918|914659|1303/20
3485|VENTILADOR DE PAREDE|1723|19/05/20|148,98|118918|914659|1303/20
3486|VENTILADOR DE PAREDE|1723|19/05/20|148,98|118918|914659|1303/20
3487|VENTILADOR DE PAREDE|1723|19/05/20|148,98|118918|914659|1303/20
3488|VENTILADOR DE PAREDE|1723|19/05/20|148,98|118918|914659|1303/20
3489|VENTILADOR DE PAREDE|1723|19/05/20|148,98|118918|914659|1303/20
3490|VENTILADOR DE PAREDE|1723|19/05/20|148,98|118918|914659|1303/20
3491|VENTILADOR DE PAREDE|1723|19/05/20|148,98|118918|914659|1303/20
3492|VENTILADOR DE PAREDE|1723|19/05/20|148,98|118918|914659|1303/20
3493|VENTILADOR DE PAREDE|1723|19/05/20|148,98|118918|914659|1303/20
3494|VENTILADOR DE PAREDE|1723|19/05/20|148,98|118918|914659|1303/20
3495|VENTILADOR DE PAREDE|1723|19/05/20|148,98|118918|914659|1303/20
3496|VENTILADOR DE PAREDE|1723|19/05/20|148,98|118918|914659|1303/20
3497|VENTILADOR DE PAREDE|1723|19/05/20|148,98|118918|914659|1303/20
3498|VENTILADOR DE PAREDE|1723|19/05/20|148,98|118918|914659|1303/20
3499|VENTILADOR DE PAREDE|1723|19/05/20|148,98|118918|914659|1303/20
3500|VENTILADOR DE PAREDE|1723|19/05/20|148,98|118918|914659|1303/20
3501|VENTILADOR DE PAREDE|1723|19/05/20|148,98|118918|914659|1303/20
3502|VENTILADOR DE PAREDE|1723|19/05/20|148,98|118918|914659|1303/20
3503|VENTILADOR DE PAREDE|1723|19/05/20|148,98|118918|914659|1303/20
3504|VENTILADOR DE PAREDE|1723|19/05/20|148,98|118918|914659|1303/20
3505|VENTILADOR DE PAREDE|1723|19/05/20|148,98|118918|914659|1303/20
3506|VENTILADOR DE PAREDE|1723|19/05/20|148,98|118918|914659|1303/20
3507|VENTILADOR DE PAREDE|1723|19/05/20|148,98|118918|914659|1303/20
3508|VENTILADOR DE PAREDE|1723|19/05/20|148,98|118918|914659|1303/20
3509|VENTILADOR DE PAREDE|1723|19/05/20|148,98|118918|914659|1303/20
3510|VENTILADOR DE PAREDE|1723|19/05/20|148,98|118918|914659|1303/20
3511|VENTILADOR DE PAREDE|1723|19/05/20|148,98|118918|914659|1303/20
3512|VENTILADOR DE PAREDE|1723|19/05/20|148,98|118918|914659|1303/20
3513|VENTILADOR DE PAREDE|1723|19/05/20|148,98|118918|914659|1303/20
3514|VENTILADOR DE PAREDE|1723|19/05/20|148,98|118918|914659|1303/20
3515|VENTILADOR DE PAREDE|1723|19/05/20|148,98|118918|914659|1303/20
3516|VENTILADOR DE PAREDE|1723|19/05/20|148,98|118918|914659|1303/20
3517|VENTILADOR DE PAREDE|1723|19/05/20|148,98|118918|914659|1303/20
3518|VENTILADOR DE PAREDE|1723|19/05/20|148,98|118918|914659|1303/20
3519|VENTILADOR DE PAREDE|1723|19/05/20|148,98|118918|914659|1303/20
3520|VENTILADOR DE PAREDE|1723|19/05/20|148,98|118918|914659|1303/20
3521|VENTILADOR DE PAREDE|1723|19/05/20|148,98|118918|914659|1303/20
3522|VENTILADOR DE PAREDE|1723|19/05/20|148,98|118918|914659|1303/20
3523|VENTILADOR DE PAREDE|1723|19/05/20|148,98|118918|914659|1303/20
3524|VENTILADOR DE PAREDE|1723|19/05/20|148,98|118918|914659|1303/20
3525|VENTILADOR DE PAREDE|1723|19/05/20|148,98|118918|914659|1303/20
3526|VENTILADOR DE PAREDE|1723|19/05/20|148,98|118918|914659|1303/20
3527|VENTILADOR DE PAREDE|1723|19/05/20|148,98|118918|914659|1303/20
3528|VENTILADOR DE PAREDE|1723|19/05/20|148,98|118918|914659|1303/20
3529|VENTILADOR DE PAREDE|1723|19/05/20|148,98|118918|914659|1303/20
3530|VENTILADOR DE PAREDE|1723|19/05/20|148,98|118918|914659|1303/20
3531|VENTILADOR DE PAREDE|1723|19/05/20|148,98|118918|914659|1303/20
3532|VENTILADOR DE PAREDE|1723|19/05/20|148,98|118918|914659|1303/20
3533|VENTILADOR DE PAREDE|1723|19/05/20|148,98|118918|914659|1303/20
3534|VENTILADOR DE PAREDE|1723|19/05/20|148,98|118918|914659|1303/20
3535|VENTILADOR DE PAREDE|1723|19/05/20|148,98|118918|914659|1303/20
3536|VENTILADOR DE PAREDE|1723|19/05/20|148,98|118918|914659|1303/20
3537|VENTILADOR DE PAREDE|1723|19/05/20|148,98|118918|914659|1303/20
3538|VENTILADOR DE PAREDE|1723|19/05/20|148,98|118918|914659|1303/20
3539|VENTILADOR DE PAREDE|1723|19/05/20|148,98|118918|914659|1303/20
3540|VENTILADOR DE PAREDE|1723|19/05/20|148,98|118918|914659|1303/20
3541|VENTILADOR DE PAREDE|1723|19/05/20|148,98|118918|914659|1303/20
3542|VENTILADOR DE PAREDE|1723|19/05/20|148,98|118918|914659|1303/20
3543|VENTILADOR DE PAREDE|1723|19/05/20|148,98|118918|914659|1303/20
3544|VENTILADOR DE PAREDE|1723|19/05/20|148,98|118918|914659|1303/20
3545|VENTILADOR DE PAREDE|1723|19/05/20|148,98|118918|914659|1303/20
3546|VENTILADOR DE PAREDE|1723|19/05/20|148,98|118918|914659|1303/20
3547|VENTILADOR DE PAREDE|1723|19/05/20|148,98|118918|914659|1303/20
3548|VENTILADOR DE PAREDE|1723|19/05/20|148,98|118918|914659|1303/20
3549|VENTILADOR DE PAREDE|1723|19/05/20|148,98|118918|914659|1303/20
3550|VENTILADOR DE PAREDE|1723|19/05/20|148,98|118918|914659|1303/20
3551|VENTILADOR DE PAREDE|1723|19/05/20|148,98|118918|914659|1303/20
3552|VENTILADOR DE PAREDE|1723|19/05/20|148,98|118918|914659|1303/20
3553|VENTILADOR DE PAREDE|1723|19/05/20|148,98|118918|914659|1303/20
3554|VENTILADOR DE PAREDE|1723|19/05/20|148,98|118918|914659|1303/20
3555|VENTILADOR DE PAREDE|1723|19/05/20|148,98|118918|914659|1303/20
3556|VENTILADOR DE PAREDE|1723|19/05/20|148,98|118918|914659|1303/20
3557|VENTILADOR DE PAREDE|1723|19/05/20|148,98|118918|914659|1303/20
3558|VENTILADOR DE PAREDE|1723|19/05/20|148,98|118918|914659|1303/20
3559|VENTILADOR DE PAREDE|1723|19/05/20|148,98|118918|914659|1303/20
3560|VENTILADOR DE PAREDE|1723|19/05/20|148,98|118918|914659|1303/20
3561|VENTILADOR DE PAREDE|1723|19/05/20|148,98|118918|914659|1303/20
3562|VENTILADOR DE PAREDE|1723|19/05/20|148,98|118918|914659|1303/20
3563|VENTILADOR DE PAREDE|1723|19/05/20|148,98|118918|914659|1303/20
3564|VENTILADOR DE PAREDE|1723|19/05/20|148,98|118918|914659|1303/20
3565|VENTILADOR DE PAREDE|1723|19/05/20|148,98|118918|914659|1303/20
3566|VENTILADOR DE PAREDE|1723|19/05/20|148,98|118918|914659|1303/20
3567|VENTILADOR DE PAREDE|1723|19/05/20|148,98|118918|914659|1303/20
3568|VENTILADOR DE PAREDE|1723|19/05/20|148,98|118918|914659|1303/20
3569|VENTILADOR DE PAREDE|1723|19/05/20|148,98|118918|914659|1303/20
3570|VENTILADOR DE PAREDE|1723|19/05/20|148,98|118918|914659|1303/20
3571|VENTILADOR DE PAREDE|1723|19/05/20|148,98|118918|914659|1303/20
3572|VENTILADOR DE PAREDE|1723|19/05/20|148,98|118918|914659|1303/20
3573|VENTILADOR DE PAREDE|1723|19/05/20|148,98|118918|914659|1303/20
3574|VENTILADOR DE PAREDE|1723|19/05/20|148,98|118918|914659|1303/20
3575|VENTILADOR DE PAREDE|1723|19/05/20|148,98|118918|914659|1303/20
3576|VENTILADOR DE PAREDE|1723|19/05/20|148,98|118918|914659|1303/20
3577|VENTILADOR DE PAREDE|1723|19/05/20|148,98|118918|914659|1303/20
3578|VENTILADOR DE PAREDE|1723|19/05/20|148,98|118918|914659|1303/20
3579|VENTILADOR DE PAREDE|1723|19/05/20|148,98|118918|914659|1303/20
3580|VENTILADOR DE PAREDE|1723|19/05/20|148,98|118918|914659|1303/20
3581|VENTILADOR DE PAREDE|1723|19/05/20|148,98|118918|914659|1303/20
3582|VENTILADOR DE PAREDE|1723|19/05/20|148,98|118918|914659|1303/20
3583|VENTILADOR DE PAREDE|1723|19/05/20|148,98|118918|914659|1303/20
3584|VENTILADOR DE PAREDE|1723|19/05/20|148,98|118918|914659|1303/20
3585|VENTILADOR DE PAREDE|1723|19/05/20|148,98|118918|914659|1303/20
3586|VENTILADOR DE PAREDE|1723|19/05/20|148,98|118918|914659|1303/20
3587|VENTILADOR DE PAREDE|1723|19/05/20|148,98|118918|914659|1303/20
3588|VENTILADOR DE PAREDE|1723|19/05/20|148,98|118918|914659|1303/20
3589|VENTILADOR DE PAREDE|1723|19/05/20|148,98|118918|914659|1303/20
3590|VENTILADOR DE PAREDE|1723|19/05/20|148,98|118918|914659|1303/20
3591|VENTILADOR DE PAREDE|1723|19/05/20|148,98|118918|914659|1303/20
3592|VENTILADOR DE PAREDE|1723|19/05/20|148,98|118918|914659|1303/20
3593|VENTILADOR DE PAREDE|1723|19/05/20|148,98|118918|914659|1303/20
3594|VENTILADOR DE PAREDE|1723|19/05/20|148,98|118918|914659|1303/20
3595|VENTILADOR DE PAREDE|1723|19/05/20|148,98|118918|914659|1303/20
3596|VENTILADOR DE PAREDE|1723|19/05/20|148,98|118918|914659|1303/20
3597|VENTILADOR DE PAREDE|1723|19/05/20|148,98|118918|914659|1303/20
3598|VENTILADOR DE PAREDE|1723|19/05/20|148,98|118918|914659|1303/20
3599|VENTILADOR DE PAREDE|1723|19/05/20|148,98|118918|914659|1303/20
3600|VENTILADOR DE PAREDE|1723|19/05/20|148,98|118918|914659|1303/20
3601|VENTILADOR DE PAREDE|1723|19/05/20|148,98|118918|914659|1303/20
3602|VENTILADOR DE PAREDE|1723|19/05/20|148,98|118918|914659|1303/20
3603|VENTILADOR DE PAREDE|1723|19/05/20|148,98|118918|914659|1303/20
3604|VENTILADOR DE PAREDE|1723|19/05/20|148,98|118918|914659|1303/20
3605|VENTILADOR DE PAREDE|1723|19/05/20|148,98|118918|914659|1303/20
3606|VENTILADOR DE PAREDE|1723|19/05/20|148,98|118918|914659|1303/20
3607|VENTILADOR DE PAREDE|1723|19/05/20|148,98|118918|914659|1303/20
3608|VENTILADOR DE PAREDE|1723|19/05/20|148,98|118918|914659|1303/20
3609|VENTILADOR DE PAREDE|1723|19/05/20|148,98|118918|914659|1303/20
3610|VENTILADOR DE PAREDE|1723|19/05/20|148,98|118918|914659|1303/20
3611|VENTILADOR DE PAREDE|1723|19/05/20|148,98|118918|914659|1303/20
3612|VENTILADOR DE PAREDE|1723|19/05/20|148,98|118918|914659|1303/20
3613|VENTILADOR DE PAREDE|1723|19/05/20|148,98|118918|914659|1303/20
3614|VENTILADOR DE PAREDE|1723|19/05/20|148,98|118918|914659|1303/20
3615|VENTILADOR DE PAREDE|1723|19/05/20|148,98|118918|914659|1303/20
3616|VENTILADOR DE PAREDE|1723|19/05/20|148,98|118918|914659|1303/20
3617|VENTILADOR DE PAREDE|1723|19/05/20|148,98|118918|914659|1303/20
3618|VENTILADOR DE PAREDE|1723|19/05/20|148,98|118918|914659|1303/20
3619|VENTILADOR DE PAREDE|1723|19/05/20|148,98|118918|914659|1303/20
3620|VENTILADOR DE PAREDE|1723|19/05/20|148,98|118918|914659|1303/20
3621|VENTILADOR DE PAREDE|1723|19/05/20|148,98|118918|914659|1303/20
3622|VENTILADOR DE PAREDE|1723|19/05/20|148,98|118918|914659|1303/20
3623|VENTILADOR DE PAREDE|1723|19/05/20|148,98|118918|914659|1303/20
3624|VENTILADOR DE PAREDE|1723|19/05/20|148,98|118918|914659|1303/20
3625|VENTILADOR DE PAREDE|1723|19/05/20|148,98|118918|914659|1303/20
3626|VENTILADOR DE PAREDE|1723|19/05/20|148,98|118918|914659|1303/20
3627|VENTILADOR DE PAREDE|1723|19/05/20|148,98|118918|914659|1303/20
3628|VENTILADOR DE PAREDE|1723|19/05/20|148,98|118918|914659|1303/20
3629|VENTILADOR DE PAREDE|1723|19/05/20|148,98|118918|914659|1303/20
3630|VENTILADOR DE PAREDE|1723|19/05/20|148,98|118918|914659|1303/20
3631|VENTILADOR DE PAREDE|1723|19/05/20|148,98|118918|914659|1303/20
3632|VENTILADOR DE PAREDE|1723|19/05/20|148,98|118918|914659|1303/20
3633|VENTILADOR DE PAREDE|1723|19/05/20|148,98|118918|914659|1303/20
3634|VENTILADOR DE PAREDE|1723|19/05/20|148,98|118918|914659|1303/20
3635|VENTILADOR DE PAREDE|1723|19/05/20|148,98|118918|914659|1303/20
3636|VENTILADOR DE PAREDE|1723|19/05/20|148,98|118918|914659|1303/20
3637|VENTILADOR DE PAREDE|1723|19/05/20|148,98|118918|914659|1303/20
3638|VENTILADOR DE PAREDE|1723|19/05/20|148,98|118918|914659|1303/20
3639|VENTILADOR DE PAREDE|1723|19/05/20|148,98|118918|914659|1303/20
3640|VENTILADOR DE PAREDE|1723|19/05/20|148,98|118918|914659|1303/20
3641|VENTILADOR DE PAREDE|1723|19/05/20|148,98|118918|914659|1303/20
3642|VENTILADOR DE PAREDE|1723|19/05/20|148,98|118918|914659|1303/20
3643|VENTILADOR DE PAREDE|1723|19/05/20|148,98|118918|914659|1303/20
3644|VENTILADOR DE PAREDE|1723|19/05/20|148,98|118918|914659|1303/20
3645|VENTILADOR DE PAREDE|1723|19/05/20|148,98|118918|914659|1303/20
3646|VENTILADOR DE PAREDE|1723|19/05/20|148,98|118918|914659|1303/20
3647|VENTILADOR DE PAREDE|1723|19/05/20|148,98|118918|914659|1303/20
3648|VENTILADOR DE PAREDE|1723|19/05/20|148,98|118918|914659|1303/20
3649|VENTILADOR DE PAREDE|1723|19/05/20|148,98|118918|914659|1303/20
3650|VENTILADOR DE PAREDE|1723|19/05/20|148,98|118918|914659|1303/20
3651|VENTILADOR DE PAREDE|1723|19/05/20|148,98|118918|914659|1303/20
3652|VENTILADOR DE PAREDE|1723|19/05/20|148,98|118918|914659|1303/20
3653|VENTILADOR DE PAREDE|1723|19/05/20|148,98|118918|914659|1303/20
3654|VENTILADOR DE PAREDE|1723|19/05/20|148,98|118918|914659|1303/20
3655|VENTILADOR DE PAREDE|1723|19/05/20|148,98|118918|914659|1303/20
3656|VENTILADOR DE PAREDE|1723|19/05/20|148,98|118918|914659|1303/20
3657|VENTILADOR DE PAREDE|1723|19/05/20|148,98|118918|914659|1303/20
3658|VENTILADOR DE PAREDE|1723|19/05/20|148,98|118918|914659|1303/20
3659|VENTILADOR DE PAREDE|1723|19/05/20|148,98|118918|914659|1303/20
3660|VENTILADOR DE PAREDE|1723|19/05/20|148,98|118918|914659|1303/20
3661|VENTILADOR DE PAREDE|1723|19/05/20|148,98|118918|914659|1303/20
3662|VENTILADOR DE PAREDE|1723|19/05/20|148,98|118918|914659|1303/20
3663|VENTILADOR DE PAREDE|1723|19/05/20|148,98|118918|914659|1303/20
3664|VENTILADOR DE PAREDE|1723|19/05/20|148,98|118918|914659|1303/20
3665|VENTILADOR DE PAREDE|1723|19/05/20|148,98|118918|914659|1303/20
3666|VENTILADOR DE PAREDE|1723|19/05/20|148,98|118918|914659|1303/20
3667|VENTILADOR DE PAREDE|1723|19/05/20|148,98|118918|914659|1303/20
3668|VENTILADOR DE PAREDE|1723|19/05/20|148,98|118918|914659|1303/20
3669|VENTILADOR DE PAREDE|1723|19/05/20|148,98|118918|914659|1303/20
3670|VENTILADOR DE PAREDE|1723|19/05/20|148,98|118918|914659|1303/20
3671|VENTILADOR DE PAREDE|1723|19/05/20|148,98|118918|914659|1303/20
3672|VENTILADOR DE PAREDE|1723|19/05/20|148,98|118918|914659|1303/20
3673|VENTILADOR DE PAREDE|1723|19/05/20|148,98|118918|914659|1303/20
3674|VENTILADOR DE PAREDE|1723|19/05/20|148,98|118918|914659|1303/20
3675|VENTILADOR DE PAREDE|1723|19/05/20|148,98|118918|914659|1303/20
3676|VENTILADOR DE PAREDE|1723|19/05/20|148,98|118918|914659|1303/20
3677|VENTILADOR DE PAREDE|1723|19/05/20|148,98|118918|914659|1303/20
3678|VENTILADOR DE PAREDE|1723|19/05/20|148,98|118918|914659|1303/20
3679|VENTILADOR DE PAREDE|1723|19/05/20|148,98|118918|914659|1303/20
3680|VENTILADOR DE PAREDE|1723|19/05/20|148,98|118918|914659|1303/20
3681|VENTILADOR DE PAREDE|1723|19/05/20|148,98|118918|914659|1303/20
3682|VENTILADOR DE PAREDE|1723|19/05/20|148,98|118918|914659|1303/20
3683|VENTILADOR DE PAREDE|1723|19/05/20|148,98|118918|914659|1303/20
3684|VENTILADOR DE PAREDE|1723|19/05/20|148,98|118918|914659|1303/20
3685|VENTILADOR DE PAREDE|1723|19/05/20|148,98|118918|914659|1303/20
3686|VENTILADOR DE PAREDE|1723|19/05/20|148,98|118918|914659|1303/20
3687|VENTILADOR DE PAREDE|1723|19/05/20|148,98|118918|914659|1303/20
3688|VENTILADOR DE PAREDE|1723|19/05/20|148,98|118918|914659|1303/20
3689|VENTILADOR DE PAREDE|1723|19/05/20|148,98|118918|914659|1303/20
3690|VENTILADOR DE PAREDE|1723|19/05/20|148,98|118918|914659|1303/20
3691|VENTILADOR DE PAREDE|1723|19/05/20|148,98|118918|914659|1303/20
3692|VENTILADOR DE PAREDE|1723|19/05/20|148,98|118918|914659|1303/20
3693|VENTILADOR DE PAREDE|1723|19/05/20|148,98|118918|914659|1303/20
3694|VENTILADOR DE PAREDE|1723|19/05/20|148,98|118918|914659|1303/20
3695|VENTILADOR DE PAREDE|1723|19/05/20|148,98|118918|914659|1303/20
3696|VENTILADOR DE PAREDE|1723|19/05/20|148,98|118918|914659|1303/20
3697|VENTILADOR DE PAREDE|1723|19/05/20|148,98|118918|914659|1303/20
3698|VENTILADOR DE PAREDE|1723|19/05/20|148,98|118918|914659|1303/20
3699|VENTILADOR DE PAREDE|1723|19/05/20|148,98|118918|914659|1303/20
3700|VENTILADOR DE PAREDE|1723|19/05/20|148,98|118918|914659|1303/20
3701|VENTILADOR DE PAREDE|1723|19/05/20|148,98|118918|914659|1303/20
3702|VENTILADOR DE PAREDE|1723|19/05/20|148,98|118918|914659|1303/20
3703|VENTILADOR DE PAREDE|1723|19/05/20|148,98|118918|914659|1303/20
3704|VENTILADOR DE PAREDE|1723|19/05/20|148,98|118918|914659|1303/20
3705|VENTILADOR DE PAREDE|1723|19/05/20|148,98|118918|914659|1303/20
3706|VENTILADOR DE PAREDE|1723|19/05/20|148,98|118918|914659|1303/20
3707|VENTILADOR DE PAREDE|1723|19/05/20|148,98|118918|914659|1303/20
3708|VENTILADOR DE PAREDE|1723|19/05/20|148,98|118918|914659|1303/20
3709|VENTILADOR DE PAREDE|1723|19/05/20|148,98|118918|914659|1303/20
3710|VENTILADOR DE PAREDE|1723|19/05/20|148,98|118918|914659|1303/20
3711|VENTILADOR DE PAREDE|1723|19/05/20|148,98|118918|914659|1303/20
3712|VENTILADOR DE PAREDE|1723|19/05/20|148,98|118918|914659|1303/20
3713|VENTILADOR DE PAREDE|1723|19/05/20|148,98|118918|914659|1303/20
3714|VENTILADOR DE PAREDE|1723|19/05/20|148,98|118918|914659|1303/20
3715|VENTILADOR DE PAREDE|1723|19/05/20|148,98|118918|914659|1303/20
3716|VENTILADOR DE PAREDE|1723|19/05/20|148,98|118918|914659|1303/20
3717|VENTILADOR DE PAREDE|1723|19/05/20|148,98|118918|914659|1303/20
3718|VENTILADOR DE PAREDE|1723|19/05/20|148,98|118918|914659|1303/20
3719|VENTILADOR DE PAREDE|1723|19/05/20|148,98|118918|914659|1303/20
3720|VENTILADOR DE PAREDE|1723|19/05/20|148,98|118918|914659|1303/20
3721|VENTILADOR DE PAREDE|1723|19/05/20|148,98|118918|914659|1303/20
3722|VENTILADOR DE PAREDE|1723|19/05/20|148,98|118918|914659|1303/20
3723|VENTILADOR DE PAREDE|1723|19/05/20|148,98|118918|914659|1303/20
3724|VENTILADOR DE PAREDE|1723|19/05/20|148,98|118918|914659|1303/20
3725|VENTILADOR DE PAREDE|1723|19/05/20|148,98|118918|914659|1303/20
3726|VENTILADOR DE PAREDE|1723|19/05/20|148,98|118918|914659|1303/20
3727|VENTILADOR DE PAREDE|1723|19/05/20|148,98|118918|914659|1303/20
3728|VENTILADOR DE PAREDE|1723|19/05/20|148,98|118918|914659|1303/20
3729|VENTILADOR DE PAREDE|1723|19/05/20|148,98|118918|914659|1303/20
3730|VENTILADOR DE PAREDE|1723|19/05/20|148,98|118918|914659|1303/20
3731|VENTILADOR DE PAREDE|1723|19/05/20|148,98|118918|914659|1303/20
3732|VENTILADOR DE PAREDE|1723|19/05/20|148,98|118918|914659|1303/20
3733|VENTILADOR DE PAREDE|1723|19/05/20|148,98|118918|914659|1303/20
3734|VENTILADOR DE PAREDE|1723|19/05/20|148,98|118918|914659|1303/20
3735|VENTILADOR DE PAREDE|1723|19/05/20|148,98|118918|914659|1303/20
3736|VENTILADOR DE PAREDE|1723|19/05/20|148,98|118918|914659|1303/20
3737|VENTILADOR DE PAREDE|1723|19/05/20|148,98|118918|914659|1303/20
3738|VENTILADOR DE PAREDE|1723|19/05/20|148,98|118918|914659|1303/20
3739|VENTILADOR DE PAREDE|1723|19/05/20|148,98|118918|914659|1303/20
3740|VENTILADOR DE PAREDE|1723|19/05/20|148,98|118918|914659|1303/20
3741|VENTILADOR DE PAREDE|1723|19/05/20|148,98|118918|914659|1303/20
3742|VENTILADOR DE PAREDE|1723|19/05/20|148,98|118918|914659|1303/20
3743|VENTILADOR DE PAREDE|1723|19/05/20|148,98|118918|914659|1303/20
3744|VENTILADOR DE PAREDE|1723|19/05/20|148,98|118918|914659|1303/20
3745|VENTILADOR DE PAREDE|1723|19/05/20|148,98|118918|914659|1303/20
3746|VENTILADOR DE PAREDE|1723|19/05/20|148,98|118918|914659|1303/20
3747|VENTILADOR DE PAREDE|1723|19/05/20|148,98|118918|914659|1303/20
3748|VENTILADOR DE PAREDE|1723|19/05/20|148,98|118918|914659|1303/20
3749|VENTILADOR DE PAREDE|1723|19/05/20|148,98|118918|914659|1303/20
3750|VENTILADOR DE PAREDE|1723|19/05/20|148,98|118918|914659|1303/20
3751|VENTILADOR DE PAREDE|1723|19/05/20|148,98|118918|914659|1303/20
3752|VENTILADOR DE PAREDE|1723|19/05/20|148,98|118918|914659|1303/20
3753|VENTILADOR DE PAREDE|1723|19/05/20|148,98|118918|914659|1303/20
3754|VENTILADOR DE PAREDE|1723|19/05/20|148,98|118918|914659|1303/20
3755|VENTILADOR DE PAREDE|1723|19/05/20|148,98|118918|914659|1303/20
3756|VENTILADOR DE PAREDE|1723|19/05/20|148,98|118918|914659|1303/20
3757|VENTILADOR DE PAREDE|1723|19/05/20|148,98|118918|914659|1303/20
3758|VENTILADOR DE PAREDE|1723|19/05/20|148,98|118918|914659|1303/20
3759|VENTILADOR DE PAREDE|1723|19/05/20|148,98|118918|914659|1303/20
3760|VENTILADOR DE PAREDE|1723|19/05/20|148,98|118918|914659|1303/20
3761|VENTILADOR DE PAREDE|1723|19/05/20|148,98|118918|914659|1303/20
3762|VENTILADOR DE PAREDE|1723|19/05/20|148,98|118918|914659|1303/20
3763|VENTILADOR DE PAREDE|1723|19/05/20|148,98|118918|914659|1303/20
3764|VENTILADOR DE PAREDE|1723|19/05/20|148,98|118918|914659|1303/20
3765|VENTILADOR DE PAREDE|1723|19/05/20|148,98|118918|914659|1303/20
3766|VENTILADOR DE PAREDE|1723|19/05/20|148,98|118918|914659|1303/20
3767|VENTILADOR DE PAREDE|1723|19/05/20|148,98|118918|914659|1303/20
3768|VENTILADOR DE PAREDE|1723|19/05/20|148,98|118918|914659|1303/20
3769|VENTILADOR DE PAREDE|1723|19/05/20|148,98|118918|914659|1303/20
3770|VENTILADOR DE PAREDE|1723|19/05/20|148,98|118918|914659|1303/20
3771|VENTILADOR DE PAREDE|1723|19/05/20|148,98|118918|914659|1303/20
3772|VENTILADOR DE PAREDE|1723|19/05/20|148,98|118918|914659|1303/20
3773|VENTILADOR DE PAREDE|1723|19/05/20|148,98|118918|914659|1303/20
3774|VENTILADOR DE PAREDE|1723|19/05/20|148,98|118918|914659|1303/20
3775|VENTILADOR DE PAREDE|1723|19/05/20|148,98|118918|914659|1303/20
3776|VENTILADOR DE PAREDE|1723|19/05/20|148,98|118918|914659|1303/20
3777|VENTILADOR DE PAREDE|1723|19/05/20|148,98|118918|914659|1303/20
3778|VENTILADOR DE PAREDE|1723|19/05/20|148,98|118918|914659|1303/20
3779|VENTILADOR DE PAREDE|1723|19/05/20|148,98|118918|914659|1303/20
3780|VENTILADOR DE PAREDE|1723|19/05/20|148,98|118918|914659|1303/20
3781|VENTILADOR DE PAREDE|1723|19/05/20|148,98|118918|914659|1303/20
3782|VENTILADOR DE PAREDE|1723|19/05/20|148,98|118918|914659|1303/20
3783|VENTILADOR DE PAREDE|1723|19/05/20|148,98|118918|914659|1303/20
3784|VENTILADOR DE PAREDE|1723|19/05/20|148,98|118918|914659|1303/20
3785|VENTILADOR DE PAREDE|1723|19/05/20|148,98|118918|914659|1303/20
3786|VENTILADOR DE PAREDE|1723|19/05/20|148,98|118918|914659|1303/20
3787|VENTILADOR DE PAREDE|1723|19/05/20|148,98|118918|914659|1303/20
3788|VENTILADOR DE PAREDE|1723|19/05/20|148,98|118918|914659|1303/20
3789|VENTILADOR DE PAREDE|1723|19/05/20|148,98|118918|914659|1303/20
3790|VENTILADOR DE PAREDE|1723|19/05/20|148,98|118918|914659|1303/20
3791|VENTILADOR DE PAREDE|1723|19/05/20|148,98|118918|914659|1303/20
3792|VENTILADOR DE PAREDE|1723|19/05/20|148,98|118918|914659|1303/20
3793|VENTILADOR DE PAREDE|1723|19/05/20|148,98|118918|914659|1303/20
3794|VENTILADOR DE PAREDE|1723|19/05/20|148,98|118918|914659|1303/20
3795|VENTILADOR DE PAREDE|1723|19/05/20|148,98|118918|914659|1303/20
3796|VENTILADOR DE PAREDE|1723|19/05/20|148,98|118918|914659|1303/20
3797|VENTILADOR DE PAREDE|1723|19/05/20|148,98|118918|914659|1303/20
3798|VENTILADOR DE PAREDE|1723|19/05/20|148,98|118918|914659|1303/20
3799|VENTILADOR DE PAREDE|1723|19/05/20|148,98|118918|914659|1303/20
3800|VENTILADOR DE PAREDE|1723|19/05/20|148,98|118918|914659|1303/20
3801|VENTILADOR DE PAREDE|1723|19/05/20|148,98|118918|914659|1303/20
3802|VENTILADOR DE PAREDE|1723|19/05/20|148,98|118918|914659|1303/20
3803|VENTILADOR DE PAREDE|1723|19/05/20|148,98|118918|914659|1303/20
3804|VENTILADOR DE PAREDE|1723|19/05/20|148,98|118918|914659|1303/20
3805|VENTILADOR DE PAREDE|1723|19/05/20|148,98|118918|914659|1303/20
3806|VENTILADOR DE PAREDE|1723|19/05/20|148,98|118918|914659|1303/20
3807|VENTILADOR DE PAREDE|1723|19/05/20|148,98|118918|914659|1303/20
3808|VENTILADOR DE PAREDE|1723|19/05/20|148,98|118918|914659|1303/20
3809|VENTILADOR DE PAREDE|1723|19/05/20|148,98|118918|914659|1303/20
3810|VENTILADOR DE PAREDE|1723|19/05/20|148,98|118918|914659|1303/20
3811|VENTILADOR DE PAREDE|1723|19/05/20|148,98|118918|914659|1303/20
3812|VENTILADOR DE PAREDE|1723|19/05/20|148,98|118918|914659|1303/20
3813|VENTILADOR DE PAREDE|1723|19/05/20|148,98|118918|914659|1303/20
3814|VENTILADOR DE PAREDE|1723|19/05/20|148,98|118918|914659|1303/20
3815|VENTILADOR DE PAREDE|1723|19/05/20|148,98|118918|914659|1303/20
3816|VENTILADOR DE PAREDE|1723|19/05/20|148,98|118918|914659|1303/20
3817|VENTILADOR DE PAREDE|1723|19/05/20|148,98|118918|914659|1303/20
3818|VENTILADOR DE PAREDE|1723|19/05/20|148,98|118918|914659|1303/20
3819|VENTILADOR DE PAREDE|1723|19/05/20|148,98|118918|914659|1303/20
3820|VENTILADOR DE PAREDE|1723|19/05/20|148,98|118918|914659|1303/20
3821|VENTILADOR DE PAREDE|1723|19/05/20|148,98|118918|914659|1303/20
3822|VENTILADOR DE PAREDE|1723|19/05/20|148,98|118918|914659|1303/20
3823|VENTILADOR DE PAREDE|1723|19/05/20|148,98|118918|914659|1303/20
3824|VENTILADOR DE PAREDE|1723|19/05/20|148,98|118918|914659|1303/20
3825|VENTILADOR DE PAREDE|1723|19/05/20|148,98|118918|914659|1303/20
3826|VENTILADOR DE PAREDE|1723|19/05/20|148,98|118918|914659|1303/20
3827|VENTILADOR DE PAREDE|1723|19/05/20|148,98|118918|914659|1303/20
3828|VENTILADOR DE PAREDE|1723|19/05/20|148,98|118918|914659|1303/20
3829|VENTILADOR DE PAREDE|1723|19/05/20|148,98|118918|914659|1303/20
3830|VENTILADOR DE PAREDE|1723|19/05/20|148,98|118918|914659|1303/20
3831|VENTILADOR DE PAREDE|1723|19/05/20|148,98|118918|914659|1303/20
3832|VENTILADOR DE PAREDE|1723|19/05/20|148,98|118918|914659|1303/20
3833|VENTILADOR DE PAREDE|1723|19/05/20|148,98|118918|914659|1303/20
3834|VENTILADOR DE PAREDE|1723|19/05/20|148,98|118918|914659|1303/20
3835|VENTILADOR DE PAREDE|1723|19/05/20|148,98|118918|914659|1303/20
3836|VENTILADOR DE PAREDE|1723|19/05/20|148,98|118918|914659|1303/20
3837|VENTILADOR DE PAREDE|1723|19/05/20|148,98|118918|914659|1303/20
3838|VENTILADOR DE PAREDE|1723|19/05/20|148,98|118918|914659|1303/20
3839|VENTILADOR DE PAREDE|1723|19/05/20|148,98|118918|914659|1303/20
3840|VENTILADOR DE PAREDE|1723|19/05/20|148,98|118918|914659|1303/20
3841|VENTILADOR DE PAREDE|1723|19/05/20|148,98|118918|914659|1303/20
3842|VENTILADOR DE PAREDE|1723|19/05/20|148,98|118918|914659|1303/20
3843|VENTILADOR DE PAREDE|1723|19/05/20|148,98|118918|914659|1303/20
3844|VENTILADOR DE PAREDE|1723|19/05/20|148,98|118918|914659|1303/20
3845|VENTILADOR DE PAREDE|1723|19/05/20|148,98|118918|914659|1303/20
3846|VENTILADOR DE PAREDE|1723|19/05/20|148,98|118918|914659|1303/20
3847|VENTILADOR DE PAREDE|1723|19/05/20|148,98|118918|914659|1303/20
3848|VENTILADOR DE PAREDE|1723|19/05/20|148,98|118918|914659|1303/20
3849|VENTILADOR DE PAREDE|1723|19/05/20|148,98|118918|914659|1303/20
3850|VENTILADOR DE PAREDE|1723|19/05/20|148,98|118918|914659|1303/20
3851|VENTILADOR DE PAREDE|1723|19/05/20|148,98|118918|914659|1303/20
3852|VENTILADOR DE PAREDE|1723|19/05/20|148,98|118918|914659|1303/20
3853|VENTILADOR DE PAREDE|1723|19/05/20|148,98|118918|914659|1303/20
3854|VENTILADOR DE PAREDE|1723|19/05/20|148,98|118918|914659|1303/20
3855|VENTILADOR DE PAREDE|1723|19/05/20|148,98|118918|914659|1303/20
3856|VENTILADOR DE PAREDE|1723|19/05/20|148,98|118918|914659|1303/20
3857|VENTILADOR DE PAREDE|1723|19/05/20|148,98|118918|914659|1303/20
3858|VENTILADOR DE PAREDE|1723|19/05/20|148,98|118918|914659|1303/20
3859|VENTILADOR DE PAREDE|1723|19/05/20|148,98|118918|914659|1303/20
3860|VENTILADOR DE PAREDE|1723|19/05/20|148,98|118918|914659|1303/20
3861|VENTILADOR DE PAREDE|1723|19/05/20|148,98|118918|914659|1303/20
3862|VENTILADOR DE PAREDE|1723|19/05/20|148,98|118918|914659|1303/20
3863|VENTILADOR DE PAREDE|1723|19/05/20|148,98|118918|914659|1303/20
3864|VENTILADOR DE PAREDE|1723|19/05/20|148,98|118918|914659|1303/20
3865|VENTILADOR DE PAREDE|1723|19/05/20|148,98|118918|914659|1303/20
3866|VENTILADOR DE PAREDE|1723|19/05/20|148,98|118918|914659|1303/20
3867|VENTILADOR DE PAREDE|1723|19/05/20|148,98|118918|914659|1303/20
3868|VENTILADOR DE PAREDE|1723|19/05/20|148,98|118918|914659|1303/20
3869|VENTILADOR DE PAREDE|1723|19/05/20|148,98|118918|914659|1303/20
3870|VENTILADOR DE PAREDE|1723|19/05/20|148,98|118918|914659|1303/20
3871|VENTILADOR DE PAREDE|1723|19/05/20|148,98|118918|914659|1303/20
3872|VENTILADOR DE PAREDE|1723|19/05/20|148,98|118918|914659|1303/20
3873|VENTILADOR DE PAREDE|1723|19/05/20|148,98|118918|914659|1303/20
3874|VENTILADOR DE PAREDE|1723|19/05/20|148,98|118918|914659|1303/20
3875|VENTILADOR DE PAREDE|1723|19/05/20|148,98|118918|914659|1303/20
3876|VENTILADOR DE PAREDE|1723|19/05/20|148,98|118918|914659|1303/20
3877|VENTILADOR DE PAREDE|1723|19/05/20|148,98|118918|914659|1303/20
3878|VENTILADOR DE PAREDE|1723|19/05/20|148,98|118918|914659|1303/20
3879|VENTILADOR DE PAREDE|1723|19/05/20|148,98|118918|914659|1303/20
3880|VENTILADOR DE PAREDE|1723|19/05/20|148,98|118918|914659|1303/20
3881|VENTILADOR DE PAREDE|1723|19/05/20|148,98|118918|914659|1303/20
3882|VENTILADOR DE PAREDE|1723|19/05/20|148,98|118918|914659|1303/20
3883|VENTILADOR DE PAREDE|1723|19/05/20|148,98|118918|914659|1303/20
3884|VENTILADOR DE PAREDE|1723|19/05/20|148,98|118918|914659|1303/20
3885|VENTILADOR DE PAREDE|1723|19/05/20|148,98|118918|914659|1303/20
3886|VENTILADOR DE PAREDE|1723|19/05/20|148,98|118918|914659|1303/20
3887|VENTILADOR DE PAREDE|1723|19/05/20|148,98|118918|914659|1303/20
3888|VENTILADOR DE PAREDE|1723|19/05/20|148,98|118918|914659|1303/20
3889|VENTILADOR DE PAREDE|1723|19/05/20|148,98|118918|914659|1303/20
3890|VENTILADOR DE PAREDE|1723|19/05/20|148,98|118918|914659|1303/20
3891|VENTILADOR DE PAREDE|1723|19/05/20|148,98|118918|914659|1303/20
3892|VENTILADOR DE PAREDE|1723|19/05/20|148,98|118918|914659|1303/20
3893|VENTILADOR DE PAREDE|1723|19/05/20|148,98|118918|914659|1303/20
3894|VENTILADOR DE PAREDE|1723|19/05/20|148,98|118918|914659|1303/20
3895|VENTILADOR DE PAREDE|1723|19/05/20|148,98|118918|914659|1303/20
3896|VENTILADOR DE PAREDE|1723|19/05/20|148,98|118918|914659|1303/20
3897|VENTILADOR DE PAREDE|1723|19/05/20|148,98|118918|914659|1303/20
3898|VENTILADOR DE PAREDE|1723|19/05/20|148,98|118918|914659|1303/20
3899|VENTILADOR DE PAREDE|1723|19/05/20|148,98|118918|914659|1303/20
3900|VENTILADOR DE PAREDE|1723|19/05/20|148,98|118918|914660|1306/20
3901|VENTILADOR DE PAREDE|1723|19/05/20|148,98|118918|914660|1306/20
3902|VENTILADOR DE PAREDE|1723|19/05/20|148,98|118918|914660|1306/20
3903|VENTILADOR DE PAREDE|1723|19/05/20|148,98|118918|914660|1306/20
3904|VENTILADOR DE PAREDE|1723|19/05/20|148,98|118918|914660|1306/20
3905|VENTILADOR DE PAREDE|1723|19/05/20|148,98|118918|914660|1306/20
3906|VENTILADOR DE PAREDE|1723|19/05/20|148,98|118918|914660|1306/20
3907|VENTILADOR DE PAREDE|1723|19/05/20|148,98|118918|914660|1306/20
3908|VENTILADOR DE PAREDE|1723|19/05/20|148,98|118918|914660|1306/20
3909|VENTILADOR DE PAREDE|1723|19/05/20|148,98|118918|914660|1306/20
3910|VENTILADOR DE PAREDE|1723|19/05/20|148,98|118918|914660|1306/20
3911|VENTILADOR DE PAREDE|1723|19/05/20|148,98|118918|914660|1306/20
3912|VENTILADOR DE PAREDE|1723|19/05/20|148,98|118918|914660|1306/20
3913|VENTILADOR DE PAREDE|1723|19/05/20|148,98|118918|914660|1306/20
3914|VENTILADOR DE PAREDE|1723|19/05/20|148,98|118918|914660|1306/20
3915|VENTILADOR DE PAREDE|1723|19/05/20|148,98|118918|914660|1306/20
3916|VENTILADOR DE PAREDE|1723|19/05/20|148,98|118918|914660|1306/20
3917|VENTILADOR DE PAREDE|1723|19/05/20|148,98|118918|914660|1306/20
3918|VENTILADOR DE PAREDE|1723|19/05/20|148,98|118918|914660|1306/20
3919|VENTILADOR DE PAREDE|1723|19/05/20|148,98|118918|914660|1306/20
3920|VENTILADOR DE PAREDE|1723|19/05/20|148,98|118918|914660|1306/20
3921|VENTILADOR DE PAREDE|1723|19/05/20|148,98|118918|914660|1306/20
3922|VENTILADOR DE PAREDE|1723|19/05/20|148,98|118918|914660|1306/20
3923|VENTILADOR DE PAREDE|1723|19/05/20|148,98|118918|914660|1306/20
3924|VENTILADOR DE PAREDE|1723|19/05/20|148,98|118918|914660|1306/20
3925|VENTILADOR DE PAREDE|1723|19/05/20|148,98|118918|914660|1306/20
3926|VENTILADOR DE PAREDE|1723|19/05/20|148,98|118918|914660|1306/20
3927|VENTILADOR DE PAREDE|1723|19/05/20|148,98|118918|914660|1306/20
3928|VENTILADOR DE PAREDE|1723|19/05/20|148,98|118918|914660|1306/20
3929|VENTILADOR DE PAREDE|1723|19/05/20|148,98|118918|914660|1306/20
3930|VENTILADOR DE PAREDE|1723|19/05/20|148,98|118918|914660|1306/20
3931|VENTILADOR DE PAREDE|1723|19/05/20|148,98|118918|914660|1306/20
3932|VENTILADOR DE PAREDE|1723|19/05/20|148,98|118918|914660|1306/20
3933|VENTILADOR DE PAREDE|1723|19/05/20|148,98|118918|914660|1306/20
3934|VENTILADOR DE PAREDE|1723|19/05/20|148,98|118918|914660|1306/20
3935|VENTILADOR DE PAREDE|1723|19/05/20|148,98|118918|914660|1306/20
3936|VENTILADOR DE PAREDE|1723|19/05/20|148,98|118918|914660|1306/20
3937|VENTILADOR DE PAREDE|1723|19/05/20|148,98|118918|914660|1306/20
3938|VENTILADOR DE PAREDE|1723|19/05/20|148,98|118918|914660|1306/20
3939|VENTILADOR DE PAREDE|1723|19/05/20|148,98|118918|914660|1306/20
3940|VENTILADOR DE PAREDE|1723|19/05/20|148,98|118918|914660|1306/20
3941|VENTILADOR DE PAREDE|1723|19/05/20|148,98|118918|914660|1306/20
3942|VENTILADOR DE PAREDE|1723|19/05/20|148,98|118918|914660|1306/20
3943|VENTILADOR DE PAREDE|1723|19/05/20|148,98|118918|914660|1306/20
3944|VENTILADOR DE PAREDE|1723|19/05/20|148,98|118918|914660|1306/20
3945|VENTILADOR DE PAREDE|1723|19/05/20|148,98|118918|914660|1306/20
3946|VENTILADOR DE PAREDE|1723|19/05/20|148,98|118918|914660|1306/20
3947|VENTILADOR DE PAREDE|1723|19/05/20|148,98|118918|914660|1306/20
3948|VENTILADOR DE PAREDE|1723|19/05/20|148,98|118918|914660|1306/20
3949|VENTILADOR DE PAREDE|1723|19/05/20|148,98|118918|914660|1306/20
3950|VENTILADOR DE PAREDE|1723|19/05/20|148,98|118918|914660|1306/20
3951|VENTILADOR DE PAREDE|1723|19/05/20|148,98|118918|914660|1306/20
3952|VENTILADOR DE PAREDE|1723|19/05/20|148,98|118918|914660|1306/20
3953|VENTILADOR DE PAREDE|1723|19/05/20|148,98|118918|914660|1306/20
3954|VENTILADOR DE PAREDE|1723|19/05/20|148,98|118918|914660|1306/20
3955|VENTILADOR DE PAREDE|1723|19/05/20|148,98|118918|914660|1306/20
3956|VENTILADOR DE PAREDE|1723|19/05/20|148,98|118918|914660|1306/20
3957|VENTILADOR DE PAREDE|1723|19/05/20|148,98|118918|914660|1306/20
3958|VENTILADOR DE PAREDE|1723|19/05/20|148,98|118918|914660|1306/20
3959|VENTILADOR DE PAREDE|1723|19/05/20|148,98|118918|914660|1306/20
3960|VENTILADOR DE PAREDE|1723|19/05/20|148,98|118918|914660|1306/20
3961|VENTILADOR DE PAREDE|1723|19/05/20|148,98|118918|914660|1306/20
3962|VENTILADOR DE PAREDE|1723|19/05/20|148,98|118918|914660|1306/20
3963|VENTILADOR DE PAREDE|1723|19/05/20|148,98|118918|914660|1306/20
3964|VENTILADOR DE PAREDE|1723|19/05/20|148,98|118918|914660|1306/20
3965|VENTILADOR DE PAREDE|1723|19/05/20|148,98|118918|914660|1306/20
3966|VENTILADOR DE PAREDE|1723|19/05/20|148,98|118918|914660|1306/20
3967|VENTILADOR DE PAREDE|1723|19/05/20|148,98|118918|914660|1306/20
3968|VENTILADOR DE PAREDE|1723|19/05/20|148,98|118918|914660|1306/20
3969|VENTILADOR DE PAREDE|1723|19/05/20|148,98|118918|914660|1306/20
3970|VENTILADOR DE PAREDE|1723|19/05/20|148,98|118918|914660|1306/20
3971|VENTILADOR DE PAREDE|1723|19/05/20|148,98|118918|914660|1306/20
3972|VENTILADOR DE PAREDE|1723|19/05/20|148,98|118918|914660|1306/20
3973|VENTILADOR DE PAREDE|1723|19/05/20|148,98|118918|914660|1306/20
3974|VENTILADOR DE PAREDE|1723|19/05/20|148,98|118918|914660|1306/20
3975|VENTILADOR DE PAREDE|1723|19/05/20|148,98|118918|914660|1306/20
3976|VENTILADOR DE PAREDE|1723|19/05/20|148,98|118918|914660|1306/20
3977|VENTILADOR DE PAREDE|1723|19/05/20|148,98|118918|914660|1306/20
3978|VENTILADOR DE PAREDE|1723|19/05/20|148,98|118918|914660|1306/20
3979|VENTILADOR DE PAREDE|1723|19/05/20|148,98|118918|914660|1306/20
3980|VENTILADOR DE PAREDE|1723|19/05/20|148,98|118918|914660|1306/20
3981|VENTILADOR DE PAREDE|1723|19/05/20|148,98|118918|914660|1306/20
3982|VENTILADOR DE PAREDE|1723|19/05/20|148,98|118918|914660|1306/20
3983|VENTILADOR DE PAREDE|1723|19/05/20|148,98|118918|914660|1306/20
3984|VENTILADOR DE PAREDE|1723|19/05/20|148,98|118918|914660|1306/20
3985|VENTILADOR DE PAREDE|1723|19/05/20|148,98|118918|914660|1306/20
3986|VENTILADOR DE PAREDE|1723|19/05/20|148,98|118918|914660|1306/20
3987|VENTILADOR DE PAREDE|1723|19/05/20|148,98|118918|914660|1306/20
3988|VENTILADOR DE PAREDE|1723|19/05/20|148,98|118918|914660|1306/20
3989|VENTILADOR DE PAREDE|1723|19/05/20|148,98|118918|914660|1306/20
3990|VENTILADOR DE PAREDE|1723|19/05/20|148,98|118918|914660|1306/20
3991|VENTILADOR DE PAREDE|1723|19/05/20|148,98|118918|914660|1306/20
3992|VENTILADOR DE PAREDE|1723|19/05/20|148,98|118918|914660|1306/20
3993|VENTILADOR DE PAREDE|1723|19/05/20|148,98|118918|914660|1306/20
3994|VENTILADOR DE PAREDE|1723|19/05/20|148,98|118918|914660|1306/20
3995|VENTILADOR DE PAREDE|1723|19/05/20|148,98|118918|914660|1306/20
3996|VENTILADOR DE PAREDE|1723|19/05/20|148,98|118918|914660|1306/20
3997|VENTILADOR DE PAREDE|1723|19/05/20|148,98|118918|914660|1306/20
3998|VENTILADOR DE PAREDE|1723|19/05/20|148,98|118918|914660|1306/20
3999|VENTILADOR DE PAREDE|1723|19/05/20|148,98|118918|914660|1306/20
4000|VENTILADOR DE PAREDE|1723|19/05/20|148,98|118918|914660|1306/20
4001|VENTILADOR DE PAREDE|1723|19/05/20|148,98|118918|914660|1306/20
4002|VENTILADOR DE PAREDE|1723|19/05/20|148,98|118918|914660|1306/20
4003|VENTILADOR DE PAREDE|1723|19/05/20|148,98|118918|914660|1306/20
4004|VENTILADOR DE PAREDE|1723|19/05/20|148,98|118918|914660|1306/20
4005|VENTILADOR DE PAREDE|1723|19/05/20|148,98|118918|914660|1306/20
4006|VENTILADOR DE PAREDE|1723|19/05/20|148,98|118918|914660|1306/20
4007|VENTILADOR DE PAREDE|1723|19/05/20|148,98|118918|914660|1306/20
4008|VENTILADOR DE PAREDE|1723|19/05/20|148,98|118918|914660|1306/20
4009|VENTILADOR DE PAREDE|1723|19/05/20|148,98|118918|914660|1306/20
4010|VENTILADOR DE PAREDE|1723|19/05/20|148,98|118918|914660|1306/20
4011|VENTILADOR DE PAREDE|1723|19/05/20|148,98|118918|914660|1306/20
4012|VENTILADOR DE PAREDE|1723|19/05/20|148,98|118918|914660|1306/20
4013|VENTILADOR DE PAREDE|1723|19/05/20|148,98|118918|914660|1306/20
4014|VENTILADOR DE PAREDE|1723|19/05/20|148,98|118918|914660|1306/20
4015|VENTILADOR DE PAREDE|1723|19/05/20|148,98|118918|914660|1306/20
4016|VENTILADOR DE PAREDE|1723|19/05/20|148,98|118918|914661|1305/20
4017|VENTILADOR DE PAREDE|1723|19/05/20|148,98|118918|914661|1305/20
4018|VENTILADOR DE PAREDE|1723|19/05/20|148,98|118918|914661|1305/20
4019|VENTILADOR DE PAREDE|1723|19/05/20|148,98|118918|914661|1305/20
4020|VENTILADOR DE PAREDE|1723|19/05/20|148,98|118918|914661|1305/20
4021|VENTILADOR DE PAREDE|1723|19/05/20|148,98|118918|914661|1305/20
4022|VENTILADOR DE PAREDE|1723|19/05/20|148,98|118918|914661|1305/20
4023|VENTILADOR DE PAREDE|1723|19/05/20|148,98|118918|914661|1305/20
4024|VENTILADOR DE PAREDE|1723|19/05/20|148,98|118918|914661|1305/20
4025|VENTILADOR DE PAREDE|1723|19/05/20|148,98|118918|914661|1305/20
4026|VENTILADOR DE PAREDE|1723|19/05/20|148,98|118918|914661|1305/20
4027|VENTILADOR DE PAREDE|1723|19/05/20|148,98|118918|914661|1305/20
4028|VENTILADOR DE PAREDE|1723|19/05/20|148,98|118918|914661|1305/20
4029|VENTILADOR DE PAREDE|1723|19/05/20|148,98|118918|914661|1305/20
4030|VENTILADOR DE PAREDE|1723|19/05/20|148,98|118918|914661|1305/20
4031|VENTILADOR DE PAREDE|1723|19/05/20|148,98|118918|914661|1305/20
4032|VENTILADOR DE PAREDE|1723|19/05/20|148,98|118918|914661|1305/20
4033|VENTILADOR DE PAREDE|1723|19/05/20|148,98|118918|914661|1305/20
4034|VENTILADOR DE PAREDE|1723|19/05/20|148,98|118918|914661|1305/20
4035|VENTILADOR DE PAREDE|1723|19/05/20|148,98|118918|914661|1305/20
4036|VENTILADOR DE PAREDE|1723|19/05/20|148,98|118918|914661|1305/20
4037|VENTILADOR DE PAREDE|1723|19/05/20|148,98|118918|914661|1305/20
4038|VENTILADOR DE PAREDE|1723|19/05/20|148,98|118918|914661|1305/20
4039|VENTILADOR DE PAREDE|1723|19/05/20|148,98|118918|914661|1305/20
4040|VENTILADOR DE PAREDE|1723|19/05/20|148,98|118918|914661|1305/20
4041|VENTILADOR DE PAREDE|1723|19/05/20|148,98|118918|914661|1305/20
4042|VENTILADOR DE PAREDE|1723|19/05/20|148,98|118918|914661|1305/20
4043|VENTILADOR DE PAREDE|1723|19/05/20|148,98|118918|914661|1305/20
4044|VENTILADOR DE PAREDE|1723|19/05/20|148,98|118918|914661|1305/20
4045|VENTILADOR DE PAREDE|1723|19/05/20|148,98|118918|914661|1305/20
4046|VENTILADOR DE PAREDE|1723|19/05/20|148,98|118918|914661|1305/20
4047|VENTILADOR DE PAREDE|1723|19/05/20|148,98|118918|914661|1305/20
4048|VENTILADOR DE PAREDE|1723|19/05/20|148,98|118918|914661|1305/20
4049|VENTILADOR DE PAREDE|1723|19/05/20|148,98|118918|914661|1305/20
4050|VENTILADOR DE PAREDE|1723|19/05/20|148,98|118918|914661|1305/20
4051|VENTILADOR DE PAREDE|1723|19/05/20|148,98|118918|914661|1305/20
4052|VENTILADOR DE PAREDE|1723|19/05/20|148,98|118918|914661|1305/20
4053|VENTILADOR DE PAREDE|1723|19/05/20|148,98|118918|914661|1305/20
4054|VENTILADOR DE PAREDE|1723|19/05/20|148,98|118918|914661|1305/20
4055|VENTILADOR DE PAREDE|1723|19/05/20|148,98|118918|914661|1305/20
4056|VENTILADOR DE PAREDE|1723|19/05/20|148,98|118918|914661|1305/20
4057|VENTILADOR DE PAREDE|1723|19/05/20|148,98|118918|914661|1305/20
4058|VENTILADOR DE PAREDE|1723|19/05/20|148,98|118918|914661|1305/20
4059|VENTILADOR DE PAREDE|1723|19/05/20|148,98|118918|914661|1305/20
4060|VENTILADOR DE PAREDE|1723|19/05/20|148,98|118918|914661|1305/20
4061|VENTILADOR DE PAREDE|1723|19/05/20|148,98|118918|914661|1305/20
4062|VENTILADOR DE PAREDE|1723|19/05/20|148,98|118918|914661|1305/20
4063|VENTILADOR DE PAREDE|1723|19/05/20|148,98|118918|914661|1305/20
4064|VENTILADOR DE PAREDE|1723|19/05/20|148,98|118918|914661|1305/20
4065|VENTILADOR DE PAREDE|1723|19/05/20|148,98|118918|914661|1305/20
4066|VENTILADOR DE PAREDE|1723|19/05/20|148,98|118918|914661|1305/20
4067|VENTILADOR DE PAREDE|1723|19/05/20|148,98|118918|914661|1305/20
4068|VENTILADOR DE PAREDE|1723|19/05/20|148,98|118918|914661|1305/20
4069|VENTILADOR DE PAREDE|1723|19/05/20|148,98|118918|914661|1305/20
4070|VENTILADOR DE PAREDE|1723|19/05/20|148,98|118918|914661|1305/20
4071|VENTILADOR DE PAREDE|1723|19/05/20|148,98|118918|914661|1305/20
4072|VENTILADOR DE PAREDE|1723|19/05/20|148,98|118918|914661|1305/20
4073|VENTILADOR DE PAREDE|1723|19/05/20|148,98|118918|914661|1305/20
4074|VENTILADOR DE PAREDE|1723|19/05/20|148,98|118918|914661|1305/20
4075|VENTILADOR DE PAREDE|1723|19/05/20|148,98|118918|914661|1305/20
4076|VENTILADOR DE PAREDE|1723|19/05/20|148,98|118918|914661|1305/20
4077|VENTILADOR DE PAREDE|1723|19/05/20|148,98|118918|914661|1305/20
4078|VENTILADOR DE PAREDE|1723|19/05/20|148,98|118918|914661|1305/20
4079|VENTILADOR DE PAREDE|1723|19/05/20|148,98|118918|914661|1305/20
4080|VENTILADOR DE PAREDE|1723|19/05/20|148,98|118918|914661|1305/20
4081|VENTILADOR DE PAREDE|1723|19/05/20|148,98|118918|914661|1305/20
4082|VENTILADOR DE PAREDE|1723|19/05/20|148,98|118918|914661|1305/20
4083|VENTILADOR DE PAREDE|1723|19/05/20|148,98|118918|914661|1305/20
4084|VENTILADOR DE PAREDE|1723|19/05/20|148,98|118918|914661|1305/20
4085|VENTILADOR DE PAREDE|1723|19/05/20|148,98|118918|914661|1305/20
4086|VENTILADOR DE PAREDE|1723|19/05/20|148,98|118918|914661|1305/20
4087|VENTILADOR DE PAREDE|1723|19/05/20|148,98|118918|914661|1305/20
4088|VENTILADOR DE PAREDE|1723|19/05/20|148,98|118918|914661|1305/20
4089|VENTILADOR DE PAREDE|1723|19/05/20|148,98|118918|914661|1305/20
4090|VENTILADOR DE PAREDE|1723|19/05/20|148,98|118918|914661|1305/20
4091|VENTILADOR DE PAREDE|1723|19/05/20|148,98|118918|914661|1305/20
4092|VENTILADOR DE PAREDE|1723|19/05/20|148,98|118918|914661|1305/20
4093|VENTILADOR DE PAREDE|1723|19/05/20|148,98|118918|914661|1305/20
4094|VENTILADOR DE PAREDE|1723|19/05/20|148,98|118918|914661|1305/20
4095|VENTILADOR DE PAREDE|1723|19/05/20|148,98|118918|914661|1305/20
4096|VENTILADOR DE PAREDE|1723|19/05/20|148,98|118918|914661|1305/20
4097|VENTILADOR DE PAREDE|1723|19/05/20|148,98|118918|914661|1305/20
4098|VENTILADOR DE PAREDE|1723|19/05/20|148,98|118918|914661|1305/20
4099|VENTILADOR DE PAREDE|1723|19/05/20|148,98|118918|914661|1305/20
4100|VENTILADOR DE PAREDE|1723|19/05/20|148,98|118918|914661|1305/20
4101|VENTILADOR DE PAREDE|1723|19/05/20|148,98|118918|914661|1305/20
4102|VENTILADOR DE PAREDE|1723|19/05/20|148,98|118918|914661|1305/20
4103|VENTILADOR DE PAREDE|1723|19/05/20|148,98|118918|914661|1305/20
4104|VENTILADOR DE PAREDE|1723|19/05/20|148,98|118918|914661|1305/20
4105|VENTILADOR DE PAREDE|1723|19/05/20|148,98|118918|914661|1305/20
4106|VENTILADOR DE PAREDE|1723|19/05/20|148,98|118918|914661|1305/20
4107|VENTILADOR DE PAREDE|1723|19/05/20|148,98|118918|914661|1305/20
4108|VENTILADOR DE PAREDE|1723|19/05/20|148,98|118918|914661|1305/20
4109|VENTILADOR DE PAREDE|1723|19/05/20|148,98|118918|914661|1305/20
4110|VENTILADOR DE PAREDE|1723|19/05/20|148,98|118918|914661|1305/20
4111|VENTILADOR DE PAREDE|1723|19/05/20|148,98|118918|914661|1305/20
4112|VENTILADOR DE PAREDE|1723|19/05/20|148,98|118918|914661|1305/20
4113|VENTILADOR DE PAREDE|1723|19/05/20|148,98|118918|914661|1305/20
4114|VENTILADOR DE PAREDE|1723|19/05/20|148,98|118918|914661|1305/20
4115|VENTILADOR DE PAREDE|1723|19/05/20|148,98|118918|914661|1305/20
4116|VENTILADOR DE PAREDE|1723|19/05/20|148,98|118918|914661|1305/20
4117|VENTILADOR DE PAREDE|1723|19/05/20|148,98|118918|914661|1305/20
4118|VENTILADOR DE PAREDE|1723|19/05/20|148,98|118918|914661|1305/20
4119|VENTILADOR DE PAREDE|1723|19/05/20|148,98|118918|914661|1305/20
4120|VENTILADOR DE PAREDE|1723|19/05/20|148,98|118918|914661|1305/20
4121|VENTILADOR DE PAREDE|1723|19/05/20|148,98|118918|914661|1305/20
4122|VENTILADOR DE PAREDE|1723|19/05/20|148,98|118918|914661|1305/20
4123|VENTILADOR DE PAREDE|1723|19/05/20|148,98|118918|914661|1305/20
4124|VENTILADOR DE PAREDE|1723|19/05/20|148,98|118918|914661|1305/20
4125|VENTILADOR DE PAREDE|1723|19/05/20|148,98|118918|914661|1305/20
4126|VENTILADOR DE PAREDE|1723|19/05/20|148,98|118918|914661|1305/20
4127|VENTILADOR DE PAREDE|1723|19/05/20|148,98|118918|914661|1305/20
4128|VENTILADOR DE PAREDE|1723|19/05/20|148,98|118918|914661|1305/20
4129|VENTILADOR DE PAREDE|1723|19/05/20|148,98|118918|914661|1305/20
4130|VENTILADOR DE PAREDE|1723|19/05/20|148,98|118918|914661|1305/20
4131|VENTILADOR DE PAREDE|1723|19/05/20|148,98|118918|914661|1305/20
4132|VENTILADOR DE PAREDE|1723|19/05/20|148,98|118918|914661|1305/20
4133|VENTILADOR DE PAREDE|1723|19/05/20|148,98|118918|914661|1305/20
4134|VENTILADOR DE PAREDE|1723|19/05/20|148,98|118918|914661|1305/20
4135|VENTILADOR DE PAREDE|1723|19/05/20|148,98|118918|914661|1305/20
4136|VENTILADOR DE PAREDE|1723|19/05/20|148,98|118918|914661|1305/20
4137|VENTILADOR DE PAREDE|1723|19/05/20|148,98|118918|914661|1305/20
4138|VENTILADOR DE PAREDE|1723|19/05/20|148,98|118918|914661|1305/20
4139|VENTILADOR DE PAREDE|1723|19/05/20|148,98|118918|914661|1305/20
4140|VENTILADOR DE PAREDE|1723|19/05/20|148,98|118918|914661|1305/20
4141|VENTILADOR DE PAREDE|1723|19/05/20|148,98|118918|914661|1305/20
4142|VENTILADOR DE PAREDE|1723|19/05/20|148,98|118918|914661|1305/20
4143|VENTILADOR DE PAREDE|1723|19/05/20|148,98|118918|914661|1305/20
4144|VENTILADOR DE PAREDE|1723|19/05/20|148,98|118918|914661|1305/20
4145|VENTILADOR DE PAREDE|1723|19/05/20|148,98|118918|914661|1305/20
4146|VENTILADOR DE PAREDE|1723|19/05/20|148,98|118918|914661|1305/20
4147|VENTILADOR DE PAREDE|1723|19/05/20|148,98|118918|914661|1305/20
4148|VENTILADOR DE PAREDE|1723|19/05/20|148,98|118918|914661|1305/20
4149|VENTILADOR DE PAREDE|1723|19/05/20|148,98|118918|914661|1305/20
4150|VENTILADOR DE PAREDE|1723|19/05/20|148,98|118918|914661|1305/20
4151|VENTILADOR DE PAREDE|1723|19/05/20|148,98|118918|914661|1305/20
4152|VENTILADOR DE PAREDE|1723|19/05/20|148,98|118918|914661|1305/20
4153|VENTILADOR DE PAREDE|1723|19/05/20|148,98|118918|914661|1305/20
4154|VENTILADOR DE PAREDE|1723|19/05/20|148,98|118918|914661|1305/20
4155|VENTILADOR DE PAREDE|1723|19/05/20|148,98|118918|914661|1305/20
4156|VENTILADOR DE PAREDE|1723|19/05/20|148,98|118918|914661|1305/20
4157|VENTILADOR DE PAREDE|1723|19/05/20|148,98|118918|914661|1305/20
4158|VENTILADOR DE PAREDE|1723|19/05/20|148,98|118918|914661|1305/20
4159|VENTILADOR DE PAREDE|1723|19/05/20|148,98|118918|914661|1305/20
4160|VENTILADOR DE PAREDE|1723|19/05/20|148,98|118918|914661|1305/20
4161|VENTILADOR DE PAREDE|1723|19/05/20|148,98|118918|914661|1305/20
4162|VENTILADOR DE PAREDE|1723|19/05/20|148,98|118918|914661|1305/20
4163|VENTILADOR DE PAREDE|1723|19/05/20|148,98|118918|914661|1305/20
4164|VENTILADOR DE PAREDE|1723|19/05/20|148,98|118918|914661|1305/20
4165|VENTILADOR DE PAREDE|1723|19/05/20|148,98|118918|914661|1305/20
4166|VENTILADOR DE PAREDE|1723|19/05/20|148,98|118918|914661|1305/20
4167|VENTILADOR DE PAREDE|1723|19/05/20|148,98|118918|914661|1305/20
4168|VENTILADOR DE PAREDE|1723|19/05/20|148,98|118918|914661|1305/20
4169|VENTILADOR DE PAREDE|1723|19/05/20|148,98|118918|914661|1305/20
4170|VENTILADOR DE PAREDE|1723|19/05/20|148,98|118918|914661|1305/20
4171|VENTILADOR DE PAREDE|1723|19/05/20|148,98|118918|914661|1305/20
4172|VENTILADOR DE PAREDE|1723|19/05/20|148,98|118918|914661|1305/20
4173|VENTILADOR DE PAREDE|1723|19/05/20|148,98|118918|914661|1305/20
4174|VENTILADOR DE PAREDE|1723|19/05/20|148,98|118918|914661|1305/20
4175|VENTILADOR DE PAREDE|1723|19/05/20|148,98|118918|914661|1305/20
4176|VENTILADOR DE PAREDE|1723|19/05/20|148,98|118918|914661|1305/20
4177|VENTILADOR DE PAREDE|1723|19/05/20|148,98|118918|914661|1305/20
4178|VENTILADOR DE PAREDE|1723|19/05/20|148,98|118918|914661|1305/20
4179|VENTILADOR DE PAREDE|1723|19/05/20|148,98|118918|914661|1305/20
4180|VENTILADOR DE PAREDE|1723|19/05/20|148,98|118918|914661|1305/20
4181|VENTILADOR DE PAREDE|1723|19/05/20|148,98|118918|914661|1305/20
4182|VENTILADOR DE PAREDE|1723|19/05/20|148,98|118918|914661|1305/20
4183|VENTILADOR DE PAREDE|1723|19/05/20|148,98|118918|914661|1305/20
4184|VENTILADOR DE PAREDE|1723|19/05/20|148,98|118918|914661|1305/20
4185|VENTILADOR DE PAREDE|1723|19/05/20|148,98|118918|914661|1305/20
4186|VENTILADOR DE PAREDE|1723|19/05/20|148,98|118918|914661|1305/20
4187|VENTILADOR DE PAREDE|1723|19/05/20|148,98|118918|914661|1305/20
4188|VENTILADOR DE PAREDE|1723|19/05/20|148,98|118918|914661|1305/20
4189|VENTILADOR DE PAREDE|1723|19/05/20|148,98|118918|914661|1305/20
4190|VENTILADOR DE PAREDE|1723|19/05/20|148,98|118918|914661|1305/20
4191|VENTILADOR DE PAREDE|1723|19/05/20|148,98|118918|914661|1305/20
4192|VENTILADOR DE PAREDE|1723|19/05/20|148,98|118918|914661|1305/20
4193|VENTILADOR DE PAREDE|1723|19/05/20|148,98|118918|914661|1305/20
4194|VENTILADOR DE PAREDE|1723|19/05/20|148,98|118918|914661|1305/20
4195|VENTILADOR DE PAREDE|1723|19/05/20|148,98|118918|914661|1305/20
4196|VENTILADOR DE PAREDE|1723|19/05/20|148,98|118918|914661|1305/20
4197|VENTILADOR DE PAREDE|1723|19/05/20|148,98|118918|914661|1305/20
4198|VENTILADOR DE PAREDE|1723|19/05/20|148,98|118918|914661|1305/20
4199|VENTILADOR DE PAREDE|1723|19/05/20|148,98|118918|914661|1305/20
4200|VENTILADOR DE PAREDE|1723|19/05/20|148,98|118918|914661|1305/20
4201|VENTILADOR DE PAREDE|1723|19/05/20|148,98|118918|914661|1305/20
4202|VENTILADOR DE PAREDE|1723|19/05/20|148,98|118918|914661|1305/20
4203|VENTILADOR DE PAREDE|1723|19/05/20|148,98|118918|914661|1305/20
4204|VENTILADOR DE PAREDE|1723|19/05/20|148,98|118918|914661|1305/20
4205|VENTILADOR DE PAREDE|1723|19/05/20|148,98|118918|914661|1305/20
4206|VENTILADOR DE PAREDE|1723|19/05/20|148,98|118918|914661|1305/20
4207|VENTILADOR DE PAREDE|1723|19/05/20|148,98|118918|914661|1305/20
4208|VENTILADOR DE PAREDE|1723|19/05/20|148,98|118918|914661|1305/20
4209|VENTILADOR DE PAREDE|1723|19/05/20|148,98|118918|914661|1305/20
4210|VENTILADOR DE PAREDE|1723|19/05/20|148,98|118918|914661|1305/20
4211|VENTILADOR DE PAREDE|1723|19/05/20|148,98|118918|914661|1305/20
4212|VENTILADOR DE PAREDE|1723|19/05/20|148,98|118918|914661|1305/20
4213|VENTILADOR DE PAREDE|1723|19/05/20|148,98|118918|914661|1305/20
4214|VENTILADOR DE PAREDE|1723|19/05/20|148,98|118918|914661|1305/20
4215|VENTILADOR DE PAREDE|1723|19/05/20|148,98|118918|914661|1305/20
4216|VENTILADOR DE PAREDE|1723|19/05/20|148,98|118918|914661|1305/20
4217|VENTILADOR DE PAREDE|1723|19/05/20|148,98|118918|914661|1305/20
4218|VENTILADOR DE PAREDE|1723|19/05/20|148,98|118918|914661|1305/20
4219|VENTILADOR DE PAREDE|1723|19/05/20|148,98|118918|914661|1305/20
4220|VENTILADOR DE PAREDE|1723|19/05/20|148,98|118918|914661|1305/20
4221|VENTILADOR DE PAREDE|1723|19/05/20|148,98|118918|914661|1305/20
4222|VENTILADOR DE PAREDE|1723|19/05/20|148,98|118918|914661|1305/20
4223|VENTILADOR DE PAREDE|1723|19/05/20|148,98|118918|914661|1305/20
4224|VENTILADOR DE PAREDE|1723|19/05/20|148,98|118918|914661|1305/20
4225|VENTILADOR DE PAREDE|1723|19/05/20|148,98|118918|914661|1305/20
4226|VENTILADOR DE PAREDE|1723|19/05/20|148,98|118918|914661|1305/20
4227|VENTILADOR DE PAREDE|1723|19/05/20|148,98|118918|914661|1305/20
4228|VENTILADOR DE PAREDE|1723|19/05/20|148,98|118918|914661|1305/20
4229|VENTILADOR DE PAREDE|1723|19/05/20|148,98|118918|914661|1305/20
4230|VENTILADOR DE PAREDE|1723|19/05/20|148,98|118918|914661|1305/20
4231|VENTILADOR DE PAREDE|1723|19/05/20|148,98|118918|914661|1305/20
4232|VENTILADOR DE PAREDE|1723|19/05/20|148,98|118918|914661|1305/20
4233|VENTILADOR DE PAREDE|1723|19/05/20|148,98|118918|914661|1305/20
4234|VENTILADOR DE PAREDE|1723|19/05/20|148,98|118918|914661|1305/20
4235|VENTILADOR DE PAREDE|1723|19/05/20|148,98|118918|914661|1305/20
4236|VENTILADOR DE PAREDE|1723|19/05/20|148,98|118918|914661|1305/20
4237|VENTILADOR DE PAREDE|1723|19/05/20|148,98|118918|914661|1305/20
4238|VENTILADOR DE PAREDE|1723|19/05/20|148,98|118918|914661|1305/20
4239|VENTILADOR DE PAREDE|1723|19/05/20|148,98|118918|914661|1305/20
4240|VENTILADOR DE PAREDE|1723|19/05/20|148,98|118918|914661|1305/20
4241|VENTILADOR DE PAREDE|1723|19/05/20|148,98|118918|914661|1305/20
4242|VENTILADOR DE PAREDE|1723|19/05/20|148,98|118918|914661|1305/20
4243|VENTILADOR DE PAREDE|1723|19/05/20|148,98|118918|914661|1305/20
4244|VENTILADOR DE PAREDE|1723|19/05/20|148,98|118918|914661|1305/20
4245|VENTILADOR DE PAREDE|1723|19/05/20|148,98|118918|914661|1305/20
4246|VENTILADOR DE PAREDE|1723|19/05/20|148,98|118918|914661|1305/20
4247|VENTILADOR DE PAREDE|1723|19/05/20|148,98|118918|914661|1305/20
4248|VENTILADOR DE PAREDE|1723|19/05/20|148,98|118918|914662|1304/20
4249|VENTILADOR DE PAREDE|1723|19/05/20|148,98|118918|914662|1304/20
4250|VENTILADOR DE PAREDE|1723|19/05/20|148,98|118918|914662|1304/20
4251|VENTILADOR DE PAREDE|1723|19/05/20|148,98|118918|914662|1304/20
4252|VENTILADOR DE PAREDE|1723|19/05/20|148,98|118918|914662|1304/20
4253|VENTILADOR DE PAREDE|1723|19/05/20|148,98|118918|914662|1304/20
4254|VENTILADOR DE PAREDE|1723|19/05/20|148,98|118918|914662|1304/20
4255|VENTILADOR DE PAREDE|1723|19/05/20|148,98|118918|914662|1304/20
4256|VENTILADOR DE PAREDE|1723|19/05/20|148,98|118918|914662|1304/20
4257|VENTILADOR DE PAREDE|1723|19/05/20|148,98|118918|914662|1304/20
4258|VENTILADOR DE PAREDE|1723|19/05/20|148,98|118918|914662|1304/20
4259|VENTILADOR DE PAREDE|1723|19/05/20|148,98|118918|914662|1304/20
4260|VENTILADOR DE PAREDE|1723|19/05/20|148,98|118918|914662|1304/20
4261|VENTILADOR DE PAREDE|1723|19/05/20|148,98|118918|914662|1304/20
4262|VENTILADOR DE PAREDE|1723|19/05/20|148,98|118918|914662|1304/20
4263|VENTILADOR DE PAREDE|1723|19/05/20|148,98|118918|914662|1304/20
4264|VENTILADOR DE PAREDE|1723|19/05/20|148,98|118918|914662|1304/20
4265|VENTILADOR DE PAREDE|1723|19/05/20|148,98|118918|914662|1304/20
4266|VENTILADOR DE PAREDE|1723|19/05/20|148,98|118918|914662|1304/20
4267|VENTILADOR DE PAREDE|1723|19/05/20|148,98|118918|914662|1304/20
4268|VENTILADOR DE PAREDE|1723|19/05/20|148,98|118918|914662|1304/20
4269|VENTILADOR DE PAREDE|1723|19/05/20|148,98|118918|914662|1304/20
4270|VENTILADOR DE PAREDE|1723|19/05/20|148,98|118918|914662|1304/20
4271|VENTILADOR DE PAREDE|1723|19/05/20|148,98|118918|914662|1304/20
4272|VENTILADOR DE PAREDE|1723|19/05/20|148,98|118918|914662|1304/20
4273|VENTILADOR DE PAREDE|1723|19/05/20|148,98|118918|914662|1304/20
4274|BEBEDOURO|1723|19/05/20|799,99|118383|913181|7449/19
4275|BEBEDOURO|1723|19/05/20|799,99|118383|913181|7449/19
4276|BEBEDOURO|1723|19/05/20|799,99|118383|913181|7449/19
4277|PERFURADOR DE PAPEL 2 FUROS 100F|1740|03/08/20|82,04|118308|915881|1310/20
4278|PERFURADOR DE PAPEL 2 FUROS 100F|1740|03/08/20|82,04|118308|915881|1310/20
4279|PERFURADOR DE PAPEL 2 FUROS 100F|1740|03/08/20|82,04|118308|915881|1310/20
4280|PERFURADOR DE PAPEL 2 FUROS 100F|1740|03/08/20|82,04|118308|915879|1309/20
4281|PERFURADOR DE PAPEL 2 FUROS 100F|1740|03/08/20|82,04|118308|915879|1309/20
4282|PERFURADOR DE PAPEL 2 FUROS 100F|1740|03/08/20|82,04|118308|915879|1309/20
4283|PERFURADOR DE PAPEL 2 FUROS 100F|1740|03/08/20|82,04|118308|915879|1309/20
4284|PERFURADOR DE PAPEL 2 FUROS 100F|1740|03/08/20|82,04|118308|915879|1309/20
4285|PERFURADOR DE PAPEL 2 FUROS 100F|1740|03/08/20|82,04|118308|915879|1309/20
4286|PERFURADOR DE PAPEL 2 FUROS 100F|1740|03/08/20|82,04|118308|915879|1309/20
4287|PERFURADOR DE PAPEL 2 FUROS 100F|1740|03/08/20|82,04|118308|915879|1309/20
4288|PERFURADOR DE PAPEL 2 FUROS 100F|1740|03/08/20|82,04|118308|915879|1309/20
4289|PERFURADOR DE PAPEL 2 FUROS 100F|1740|03/08/20|82,04|118308|915879|1309/20
4290|PERFURADOR DE PAPEL 2 FUROS 100F|1740|03/08/20|82,04|118308|915879|1309/20
4291|PERFURADOR DE PAPEL 2 FUROS 100F|1740|03/08/20|82,04|118308|915879|1309/20
4292|PERFURADOR DE PAPEL 2 FUROS 100F|1740|03/08/20|82,04|118308|915879|1309/20
4293|PERFURADOR DE PAPEL 2 FUROS 100F|1740|03/08/20|82,04|118308|915879|1309/20
4294|PERFURADOR DE PAPEL 2 FUROS 100F|1740|03/08/20|82,04|118308|915879|1309/20
4295|PERFURADOR DE PAPEL 2 FUROS 100F|1740|03/08/20|82,04|118308|915879|1309/20
4296|PERFURADOR DE PAPEL 2 FUROS 100F|1740|03/08/20|82,04|118308|915879|1309/20
4297|PERFURADOR DE PAPEL 2 FUROS 100F|1740|03/08/20|82,04|118308|915879|1309/20
4298|PERFURADOR DE PAPEL 2 FUROS 100F|1740|03/08/20|82,04|118308|915879|1309/20
4299|PERFURADOR DE PAPEL 2 FUROS 100F|1740|03/08/20|82,04|118308|915879|1309/20
4300|PERFURADOR DE PAPEL 2 FUROS 100F|1740|03/08/20|82,04|118308|915879|1309/20
4301|PERFURADOR DE PAPEL 2 FUROS 100F|1740|03/08/20|82,04|118308|915879|1309/20
4302|PERFURADOR DE PAPEL 2 FUROS 100F|1740|03/08/20|82,04|118308|915879|1309/20
4303|PERFURADOR DE PAPEL 2 FUROS 100F|1740|03/08/20|82,04|118308|915879|1309/20
4304|PERFURADOR DE PAPEL 2 FUROS 100F|1740|03/08/20|82,04|118308|915879|1309/20
4305|PERFURADOR DE PAPEL 2 FUROS 100F|1740|03/08/20|82,04|118308|915879|1309/20
4306|PERFURADOR DE PAPEL 2 FUROS 100F|1740|03/08/20|82,04|118308|915879|1309/20
4307|PERFURADOR DE PAPEL 2 FUROS 100F|1740|03/08/20|82,04|118308|915879|1309/20
4308|PERFURADOR DE PAPEL 2 FUROS 100F|1740|03/08/20|82,04|118308|915879|1309/20
4309|PERFURADOR DE PAPEL 2 FUROS 100F|1740|03/08/20|82,04|118308|915879|1309/20
4310|PERFURADOR DE PAPEL 2 FUROS 100F|1740|03/08/20|82,04|118308|915879|1309/20
4311|PERFURADOR DE PAPEL 2 FUROS 100F|1740|03/08/20|82,04|118308|915879|1309/20
4312|PERFURADOR DE PAPEL 2 FUROS 100F|1740|03/08/20|82,04|118308|915879|1309/20
4313|PERFURADOR DE PAPEL 2 FUROS 100F|1740|03/08/20|82,04|118308|915879|1309/20
4314|PERFURADOR DE PAPEL 2 FUROS 100F|1740|03/08/20|82,04|118308|915879|1309/20
4315|PERFURADOR DE PAPEL 2 FUROS 100F|1740|03/08/20|82,04|118308|915879|1309/20
4316|PERFURADOR DE PAPEL 2 FUROS 100F|1740|03/08/20|82,04|118308|915879|1309/20
4317|PERFURADOR DE PAPEL 2 FUROS 100F|1740|03/08/20|82,04|118308|915879|1309/20
4318|PERFURADOR DE PAPEL 2 FUROS 100F|1740|03/08/20|82,04|118308|915879|1309/20
4319|PERFURADOR DE PAPEL 2 FUROS 100F|1740|03/08/20|82,04|118308|915879|1309/20
4320|PERFURADOR DE PAPEL 2 FUROS 100F|1740|03/08/20|82,04|118308|915879|1309/20
4321|PERFURADOR DE PAPEL 2 FUROS 100F|1740|03/08/20|82,04|118308|915879|1309/20
4322|PERFURADOR DE PAPEL 2 FUROS 100F|1740|03/08/20|82,04|118308|915879|1309/20
4323|PERFURADOR DE PAPEL 2 FUROS 100F|1740|03/08/20|82,04|118308|915879|1309/20
4324|PERFURADOR DE PAPEL 2 FUROS 100F|1740|03/08/20|82,04|118308|915879|1309/20
4325|PERFURADOR DE PAPEL 2 FUROS 100F|1740|03/08/20|82,04|118308|915879|1309/20
4326|PERFURADOR DE PAPEL 2 FUROS 100F|1740|03/08/20|82,04|118308|915879|1309/20
4327|PERFURADOR DE PAPEL 2 FUROS 100F|1740|03/08/20|82,04|118308|915879|1309/20
4328|PERFURADOR DE PAPEL 2 FUROS 100F|1740|03/08/20|82,04|118308|915879|1309/20
4329|PERFURADOR DE PAPEL 2 FUROS 100F|1740|03/08/20|82,04|118308|915879|1309/20
4330|PERFURADOR DE PAPEL 2 FUROS 100F|1740|03/08/20|82,04|118308|915879|1309/20
4331|PERFURADOR DE PAPEL 2 FUROS 100F|1740|03/08/20|82,04|118308|915879|1309/20
4332|PERFURADOR DE PAPEL 2 FUROS 100F|1740|03/08/20|82,04|118308|915879|1309/20
4333|PERFURADOR DE PAPEL 2 FUROS 100F|1740|03/08/20|82,04|118308|915879|1309/20
4334|PERFURADOR DE PAPEL 2 FUROS 100F|1740|03/08/20|82,04|118308|915879|1309/20
4335|PERFURADOR DE PAPEL 2 FUROS 100F|1740|03/08/20|82,04|118308|915879|1309/20
4336|PERFURADOR DE PAPEL 2 FUROS 100F|1740|03/08/20|82,04|118308|915879|1309/20
4337|PERFURADOR DE PAPEL 2 FUROS 100F|1740|03/08/20|82,04|118308|915879|1309/20
4338|PERFURADOR DE PAPEL 2 FUROS 100F|1740|03/08/20|82,04|118308|915879|1309/20
4339|PERFURADOR DE PAPEL 2 FUROS 100F|1740|03/08/20|82,04|118308|915879|1309/20
4340|PERFURADOR DE PAPEL 2 FUROS 100F|1740|03/08/20|82,04|118308|915879|1309/20
4341|PERFURADOR DE PAPEL 2 FUROS 100F|1740|03/08/20|82,04|118308|915879|1309/20
4342|PERFURADOR DE PAPEL 2 FUROS 100F|1740|03/08/20|82,04|118308|915879|1309/20
4343|PERFURADOR DE PAPEL 2 FUROS 100F|1740|03/08/20|82,04|118308|915879|1309/20
4344|PERFURADOR DE PAPEL 2 FUROS 100F|1740|03/08/20|82,04|118308|915879|1309/20
4345|PERFURADOR DE PAPEL 2 FUROS 100F|1740|03/08/20|82,04|118308|915879|1309/20
4346|PERFURADOR DE PAPEL 2 FUROS 100F|1740|03/08/20|82,04|118308|915879|1309/20
4347|PERFURADOR DE PAPEL 2 FUROS 100F|1740|03/08/20|82,04|118308|915879|1309/20
4348|PERFURADOR DE PAPEL 2 FUROS 100F|1740|03/08/20|82,04|118308|915879|1309/20
4349|PERFURADOR DE PAPEL 2 FUROS 100F|1740|03/08/20|82,04|118308|915879|1309/20
4350|PERFURADOR DE PAPEL 2 FUROS 100F|1740|03/08/20|82,04|118308|915879|1309/20
4351|PERFURADOR DE PAPEL 2 FUROS 100F|1740|03/08/20|82,04|118308|915879|1309/20
4352|PERFURADOR DE PAPEL 2 FUROS 100F|1740|03/08/20|82,04|118308|915879|1309/20
4353|PERFURADOR DE PAPEL 2 FUROS 100F|1740|03/08/20|82,04|118308|915880|1308/20
4354|PERFURADOR DE PAPEL 2 FUROS 100F|1740|03/08/20|82,04|118308|915880|1308/20
4355|PERFURADOR DE PAPEL 2 FUROS 100F|1740|03/08/20|82,04|118308|915880|1308/20
4356|PERFURADOR DE PAPEL 2 FUROS 100F|1740|03/08/20|82,04|118308|915880|1308/20
4357|PERFURADOR DE PAPEL 2 FUROS 100F|1740|03/08/20|82,04|118308|915880|1308/20
4358|PERFURADOR DE PAPEL 2 FUROS 100F|1740|03/08/20|82,04|118308|915880|1308/20
4359|PERFURADOR DE PAPEL 2 FUROS 100F|1740|03/08/20|82,04|118308|915880|1308/20
4360|PERFURADOR DE PAPEL 2 FUROS 100F|1740|03/08/20|82,04|118308|915880|1308/20
4361|PERFURADOR DE PAPEL 2 FUROS 100F|1740|03/08/20|82,04|118308|915880|1308/20
4362|PERFURADOR DE PAPEL 2 FUROS 100F|1740|03/08/20|82,04|118308|915880|1308/20
4363|PERFURADOR DE PAPEL 2 FUROS 100F|1740|03/08/20|82,04|118308|915880|1308/20
4364|PERFURADOR DE PAPEL 2 FUROS 100F|1740|03/08/20|82,04|118308|915880|1308/20
4365|PERFURADOR DE PAPEL 2 FUROS 100F|1740|03/08/20|82,04|118308|915880|1308/20
4366|PERFURADOR DE PAPEL 2 FUROS 100F|1740|03/08/20|82,04|118308|915880|1308/20
4367|PERFURADOR DE PAPEL 2 FUROS 100F|1740|03/08/20|82,04|118308|915880|1308/20
4368|PERFURADOR DE PAPEL 2 FUROS 100F|1740|03/08/20|82,04|118308|915880|1308/20
4369|PERFURADOR DE PAPEL 2 FUROS 100F|1740|03/08/20|82,04|118308|915880|1308/20
4370|PERFURADOR DE PAPEL 2 FUROS 100F|1740|03/08/20|82,04|118308|915880|1308/20
4371|PERFURADOR DE PAPEL 2 FUROS 100F|1740|03/08/20|82,04|118308|915880|1308/20
4372|PERFURADOR DE PAPEL 2 FUROS 100F|1740|03/08/20|82,04|118308|915880|1308/20
4373|PERFURADOR DE PAPEL 2 FUROS 100F|1740|03/08/20|82,04|118308|915880|1308/20
4374|PERFURADOR DE PAPEL 2 FUROS 100F|1740|03/08/20|82,04|118308|915880|1308/20
4375|PERFURADOR DE PAPEL 2 FUROS 100F|1740|03/08/20|82,04|118308|915880|1308/20
4376|PERFURADOR DE PAPEL 2 FUROS 100F|1740|03/08/20|82,04|118308|915880|1308/20
4377|PERFURADOR DE PAPEL 2 FUROS 100F|1740|03/08/20|82,04|118308|915880|1308/20
4378|PERFURADOR DE PAPEL 2 FUROS 100F|1740|03/08/20|82,04|118308|915880|1308/20
4379|PERFURADOR DE PAPEL 2 FUROS 100F|1740|03/08/20|82,04|118308|915880|1308/20
4380|PERFURADOR DE PAPEL 2 FUROS 100F|1740|03/08/20|82,04|118308|915880|1308/20
4381|PERFURADOR DE PAPEL 2 FUROS 100F|1740|03/08/20|82,04|118308|915880|1308/20
4382|PERFURADOR DE PAPEL 2 FUROS 100F|1740|03/08/20|82,04|118308|915880|1308/20
4383|PERFURADOR DE PAPEL 2 FUROS 100F|1740|03/08/20|82,04|118308|915880|1308/20
4384|PERFURADOR DE PAPEL 2 FUROS 100F|1740|03/08/20|82,04|118308|915880|1308/20
4385|PERFURADOR DE PAPEL 2 FUROS 100F|1740|03/08/20|82,04|118308|915880|1308/20
4386|PERFURADOR DE PAPEL 2 FUROS 100F|1740|03/08/20|82,04|118308|915880|1308/20
4387|PERFURADOR DE PAPEL 2 FUROS 100F|1740|03/08/20|82,04|118308|915880|1308/20
4388|PERFURADOR DE PAPEL 2 FUROS 100F|1740|03/08/20|82,04|118308|915880|1308/20
4389|PERFURADOR DE PAPEL 2 FUROS 100F|1740|03/08/20|82,04|118308|915880|1308/20
4390|PERFURADOR DE PAPEL 2 FUROS 100F|1740|03/08/20|82,04|118308|915880|1308/20
4391|PERFURADOR DE PAPEL 2 FUROS 100F|1740|03/08/20|82,04|118308|915880|1308/20
4392|PERFURADOR DE PAPEL 2 FUROS 100F|1740|03/08/20|82,04|118308|915880|1308/20
4393|PERFURADOR DE PAPEL 2 FUROS 100F|1740|03/08/20|82,04|118308|915880|1308/20
4394|PERFURADOR DE PAPEL 2 FUROS 100F|1740|03/08/20|82,04|118308|915880|1308/20
4395|PERFURADOR DE PAPEL 2 FUROS 100F|1740|03/08/20|82,04|118308|915880|1308/20
4396|PERFURADOR DE PAPEL 2 FUROS 100F|1740|03/08/20|82,04|118308|915880|1308/20
4397|PERFURADOR DE PAPEL 2 FUROS 100F|1740|03/08/20|82,04|118308|915880|1308/20
4398|PERFURADOR DE PAPEL 2 FUROS 100F|1740|03/08/20|82,04|118308|915880|1308/20
4399|PERFURADOR DE PAPEL 2 FUROS 100F|1740|03/08/20|82,04|118308|915880|1308/20
4400|PERFURADOR DE PAPEL 2 FUROS 100F|1740|03/08/20|82,04|118308|915880|1308/20
4401|PERFURADOR DE PAPEL 2 FUROS 100F|1740|03/08/20|82,04|118308|915880|1308/20
4402|PERFURADOR DE PAPEL 2 FUROS 100F|1740|03/08/20|82,04|118308|915880|1308/20
4403|PERFURADOR DE PAPEL 2 FUROS 100F|1740|03/08/20|82,04|118308|915880|1308/20
4404|PERFURADOR DE PAPEL 2 FUROS 100F|1740|03/08/20|82,04|118308|915880|1308/20
4405|PERFURADOR DE PAPEL 2 FUROS 100F|1740|03/08/20|82,04|118308|915880|1308/20
4406|PERFURADOR DE PAPEL 2 FUROS 100F|1740|03/08/20|82,04|118308|915880|1308/20
4407|PERFURADOR DE PAPEL 2 FUROS 100F|1740|03/08/20|82,04|118308|915880|1308/20
4408|PERFURADOR DE PAPEL 2 FUROS 100F|1740|03/08/20|82,04|118308|915880|1308/20
4409|PERFURADOR DE PAPEL 2 FUROS 100F|1740|03/08/20|82,04|118308|915880|1308/20
4410|PERFURADOR DE PAPEL 2 FUROS 100F|1740|03/08/20|82,04|118308|915880|1308/20
4411|PERFURADOR DE PAPEL 2 FUROS 100F|1740|03/08/20|82,04|118308|915880|1308/20
4412|PERFURADOR DE PAPEL 2 FUROS 100F|1740|03/08/20|82,04|118308|915880|1308/20
4413|PERFURADOR DE PAPEL 2 FUROS 100F|1740|03/08/20|82,04|118308|915880|1308/20
4414|PERFURADOR DE PAPEL 2 FUROS 100F|1740|03/08/20|82,04|118308|915880|1308/20
4415|PERFURADOR DE PAPEL 2 FUROS 100F|1740|03/08/20|82,04|118308|915880|1308/20
4416|PERFURADOR DE PAPEL 2 FUROS 100F|1740|03/08/20|82,04|118308|915880|1308/20
4417|PERFURADOR DE PAPEL 2 FUROS 100F|1740|03/08/20|82,04|118308|915880|1308/20
4418|PERFURADOR DE PAPEL 2 FUROS 100F|1740|03/08/20|82,04|118308|915880|1308/20
4419|PERFURADOR DE PAPEL 2 FUROS 100F|1740|03/08/20|82,04|118308|915880|1308/20
4420|PERFURADOR DE PAPEL 2 FUROS 100F|1740|03/08/20|82,04|118308|915880|1308/20
4421|PERFURADOR DE PAPEL 2 FUROS 100F|1740|03/08/20|82,04|118308|915880|1308/20
4422|PERFURADOR DE PAPEL 2 FUROS 100F|1740|03/08/20|82,04|118308|915880|1308/20
4423|PERFURADOR DE PAPEL 2 FUROS 100F|1740|03/08/20|82,04|118308|915880|1308/20
4424|PERFURADOR DE PAPEL 2 FUROS 100F|1740|03/08/20|82,04|118308|915880|1308/20
4425|PERFURADOR DE PAPEL 2 FUROS 100F|1740|03/08/20|82,04|118308|915880|1308/20
4426|PERFURADOR DE PAPEL 2 FUROS 100F|1740|03/08/20|82,04|118308|915880|1308/20
4427|TROMPETE VOGGA VSTR70IN LAQUEA|1740|12/08/20|458,00|118759|917255|74028/20
4428|TROMPETE VOGGA VSTR70IN LAQUEA|1740|12/08/20|458,00|118759|917255|74028/20
4429|TROMPETE VOGGA VSTR70IN LAQUEA|1740|12/08/20|458,00|118759|917255|74028/20
4430|TROMPETE VOGGA VSTR70IN LAQUEA|1740|12/08/20|458,00|118759|917255|74028/20
4431|TROMPETE VOGGA VSTR70IN LAQUEA|1740|12/08/20|458,00|118759|917255|74028/20
4432|TROMPETE VOGGA VSTR70IN LAQUEA|1740|12/08/20|458,00|118759|917255|74028/20
4433|TROMPETE VOGGA VSTR70IN LAQUEA|1740|12/08/20|458,00|118759|917255|74028/20
4434|TROMPETE VOGGA VSTR70IN LAQUEA|1740|12/08/20|458,00|118759|917255|74028/20
4435|TROMPETE VOGGA VSTR70IN LAQUEA|1740|12/08/20|458,00|118759|917255|74028/20
4436|TROMPETE VOGGA VSTR70IN LAQUEA|1740|12/08/20|458,00|118759|917255|74028/20
4437|TROMPETE VOGGA VSTR70IN LAQUEA|1740|12/08/20|458,00|118759|917255|74028/20
4438|TROMPETE VOGGA VSTR70IN LAQUEA|1740|12/08/20|458,00|118759|917255|74028/20
4439|TROMPETE VOGGA VSTR70IN LAQUEA|1740|12/08/20|458,00|118759|917255|74028/20
4440|TROMPETE VOGGA VSTR70IN LAQUEA|1740|12/08/20|458,00|118759|917255|74028/20
4441|TROMPETE VOGGA VSTR70IN LAQUEA|1740|12/08/20|458,00|118759|917255|74028/20
4442|TROMPETE VOGGA VSTR70IN LAQUEA|1740|12/08/20|458,00|118759|917255|74028/20
4443|TROMPETE VOGGA VSTR70IN LAQUEA|1740|12/08/20|458,00|118759|917255|74028/20
4444|TROMPETE VOGGA VSTR70IN LAQUEA|1740|12/08/20|458,00|118759|917255|74028/20
4445|TROMPETE VOGGA VSTR70IN LAQUEA|1740|12/08/20|458,00|118759|917255|74028/20
4446|TROMPETE VOGGA VSTR70IN LAQUEA|1740|12/08/20|458,00|118759|917255|74028/20
4447|TROMPETE VOGGA VSTR70IN LAQUEA|1740|12/08/20|458,00|118759|917255|74028/20
4448|TROMPETE VOGGA VSTR70IN LAQUEA|1740|12/08/20|458,00|118759|917255|74028/20
4449|TROMPETE VOGGA VSTR70IN LAQUEA|1740|12/08/20|458,00|118759|917255|74028/20
4450|TROMPETE VOGGA VSTR70IN LAQUEA|1740|12/08/20|458,00|118759|917255|74028/20
4451|TROMPETE VOGGA VSTR70IN LAQUEA|1740|12/08/20|458,00|118759|917255|74028/20
4452|TROMPETE VOGGA VSTR70IN LAQUEA|1740|12/08/20|458,00|118759|917255|74028/20
4453|TROMPETE VOGGA VSTR70IN LAQUEA|1740|12/08/20|458,00|118759|917255|74028/20
4454|TROMPETE VOGGA VSTR70IN LAQUEA|1740|12/08/20|458,00|118759|917255|74028/20
4455|TROMPETE VOGGA VSTR70IN LAQUEA|1740|12/08/20|458,00|118759|917255|74028/20
4456|TROMPETE VOGGA VSTR70IN LAQUEA|1740|12/08/20|458,00|118759|917255|74028/20
4457|TROMPETE VOGGA VSTR70IN LAQUEA|1740|12/08/20|458,00|118759|917255|74028/20
4458|TROMPETE VOGGA VSTR70IN LAQUEA|1740|12/08/20|458,00|118759|917255|74028/20
4459|TROMPETE VOGGA VSTR70IN LAQUEA|1740|12/08/20|458,00|118759|917255|74028/20
4460|TROMPETE VOGGA VSTR70IN LAQUEA|1740|12/08/20|458,00|118759|917255|74028/20
4461|TROMPETE VOGGA VSTR70IN LAQUEA|1740|12/08/20|458,00|118759|917255|74028/20
4462|TROMPETE VOGGA VSTR70IN LAQUEA|1740|12/08/20|458,00|118759|917255|74028/20
4463|TROMPETE VOGGA VSTR70IN LAQUEA|1740|12/08/20|458,00|118759|917255|74028/20
4464|TROMPETE VOGGA VSTR70IN LAQUEA|1740|12/08/20|458,00|118759|917255|74028/20
4465|TROMPETE VOGGA VSTR70IN LAQUEA|1740|12/08/20|458,00|118759|917255|74028/20
4466|TROMPETE VOGGA VSTR70IN LAQUEA|1740|12/08/20|458,00|118759|917255|74028/20
4467|TROMPETE VOGGA VSTR70IN LAQUEA|1740|12/08/20|458,00|118759|917255|74028/20
4468|TROMPETE VOGGA VSTR70IN LAQUEA|1740|12/08/20|458,00|118759|917255|74028/20
4469|TROMPETE VOGGA VSTR70IN LAQUEA|1740|12/08/20|458,00|118759|917255|74028/20
4470|TROMPETE VOGGA VSTR70IN LAQUEA|1740|12/08/20|458,00|118759|917255|74028/20
4471|TROMPETE VOGGA VSTR70IN LAQUEA|1740|12/08/20|458,00|118759|917255|74028/20
4472|TROMPETE VOGGA VSTR70IN LAQUEA|1740|12/08/20|458,00|118759|917255|74028/20
4473|TROMPETE VOGGA VSTR70IN LAQUEA|1740|12/08/20|458,00|118759|917255|74028/20
4474|TROMPETE VOGGA VSTR70IN LAQUEA|1740|12/08/20|458,00|118759|917255|74028/20
4475|TROMPETE VOGGA VSTR70IN LAQUEA|1740|12/08/20|458,00|118759|917255|74028/20
4476|TROMPETE VOGGA VSTR70IN LAQUEA|1740|12/08/20|458,00|118759|917255|74028/20
4477|TROMPETE VOGGA VSTR70IN LAQUEA|1740|12/08/20|458,00|118759|917255|74028/20
4478|TROMPETE VOGGA VSTR70IN LAQUEA|1740|12/08/20|458,00|118759|917255|74028/20
4479|TROMPETE VOGGA VSTR70IN LAQUEA|1740|12/08/20|458,00|118759|917255|74028/20
4480|TROMPETE VOGGA VSTR70IN LAQUEA|1740|12/08/20|458,00|118759|917255|74028/20
4481|TROMPETE VOGGA VSTR70IN LAQUEA|1740|12/08/20|458,00|118759|917255|74028/20
4482|TROMPETE VOGGA VSTR70IN LAQUEA|1740|12/08/20|458,00|118759|917255|74028/20
4483|TROMPETE VOGGA VSTR70IN LAQUEA|1740|12/08/20|458,00|118759|917255|74028/20
4484|TROMPETE VOGGA VSTR70IN LAQUEA|1740|12/08/20|458,00|118759|917255|74028/20
4485|TROMPETE VOGGA VSTR70IN LAQUEA|1740|12/08/20|458,00|118759|917255|74028/20
4486|TROMPETE VOGGA VSTR70IN LAQUEA|1740|12/08/20|458,00|118759|917255|74028/20
4487|TROMPETE VOGGA VSTR70IN LAQUEA|1740|12/08/20|458,00|118759|917255|74028/20
4488|TROMPETE VOGGA VSTR70IN LAQUEA|1740|12/08/20|458,00|118759|917255|74028/20
4489|TROMPETE VOGGA VSTR70IN LAQUEA|1740|12/08/20|458,00|118759|917255|74028/20
4490|TROMPETE VOGGA VSTR70IN LAQUEA|1740|12/08/20|458,00|118759|917255|74028/20
4491|TROMPETE VOGGA VSTR70IN LAQUEA|1740|12/08/20|458,00|118759|917255|74028/20
4492|TROMPETE VOGGA VSTR70IN LAQUEA|1740|12/08/20|458,00|118759|917255|74028/20
4493|TROMPETE VOGGA VSTR70IN LAQUEA|1740|12/08/20|458,00|118759|917255|74028/20
4494|TROMPETE VOGGA VSTR70IN LAQUEA|1740|12/08/20|458,00|118759|917255|74028/20
4495|TROMPETE VOGGA VSTR70IN LAQUEA|1740|12/08/20|458,00|118759|917255|74028/20
4496|TROMPETE VOGGA VSTR70IN LAQUEA|1740|12/08/20|458,00|118759|917255|74028/20
4497|TROMPETE VOGGA VSTR70IN LAQUEA|1740|12/08/20|458,00|118759|917255|74028/20
4498|TROMPETE VOGGA VSTR70IN LAQUEA|1740|12/08/20|458,00|118759|917255|74028/20
4499|TROMPETE VOGGA VSTR70IN LAQUEA|1740|12/08/20|458,00|118759|917255|74028/20
4500|TROMPETE VOGGA VSTR70IN LAQUEA|1740|12/08/20|458,00|118759|917255|74028/20
4501|TROMPETE VOGGA VSTR70IN LAQUEA|1740|12/08/20|458,00|118759|917255|74028/20
4502|TROMPETE VOGGA VSTR70IN LAQUEA|1740|12/08/20|458,00|118759|917255|74028/20
4503|TROMPETE VOGGA VSTR70IN LAQUEA|1740|12/08/20|458,00|118759|917255|74028/20
4504|TROMPETE VOGGA VSTR70IN LAQUEA|1740|12/08/20|458,00|118759|917255|74028/20
4505|TROMPETE VOGGA VSTR70IN LAQUEA|1740|12/08/20|458,00|118759|917255|74028/20
4506|TROMPETE VOGGA VSTR70IN LAQUEA|1740|12/08/20|458,00|118759|917255|74028/20
4507|TROMPETE VOGGA VSTR70IN LAQUEA|1740|12/08/20|458,00|118759|917255|74028/20
4508|TROMPETE VOGGA VSTR70IN LAQUEA|1740|12/08/20|458,00|118759|917255|74028/20
4509|TROMPETE VOGGA VSTR70IN LAQUEA|1740|12/08/20|458,00|118759|917255|74028/20
4510|TROMPETE VOGGA VSTR70IN LAQUEA|1740|12/08/20|458,00|118759|917255|74028/20
4511|TROMPETE VOGGA VSTR70IN LAQUEA|1740|12/08/20|458,00|118759|917255|74028/20
4512|TROMPETE VOGGA VSTR70IN LAQUEA|1740|12/08/20|458,00|118759|917255|74028/20
4513|TROMPETE VOGGA VSTR70IN LAQUEA|1740|12/08/20|458,00|118759|917255|74028/20
4514|TROMPETE VOGGA VSTR70IN LAQUEA|1740|12/08/20|458,00|118759|917255|74028/20
4515|TROMPETE VOGGA VSTR70IN LAQUEA|1740|12/08/20|458,00|118759|917255|74028/20
4516|TROMPETE VOGGA VSTR70IN LAQUEA|1740|12/08/20|458,00|118759|917255|74028/20
4517|TROMPETE VOGGA VSTR70IN LAQUEA|1740|12/08/20|458,00|118759|917255|74028/20
4518|TROMPETE VOGGA VSTR70IN LAQUEA|1740|12/08/20|458,00|118759|917255|74028/20
4519|TROMPETE VOGGA VSTR70IN LAQUEA|1740|12/08/20|458,00|118759|917255|74028/20
4520|TROMPETE VOGGA VSTR70IN LAQUEA|1740|12/08/20|458,00|118759|917255|74028/20
4521|TROMPETE VOGGA VSTR70IN LAQUEA|1740|12/08/20|458,00|118759|917255|74028/20
4522|TROMPETE VOGGA VSTR70IN LAQUEA|1740|12/08/20|458,00|118759|917255|74028/20
4523|TROMPETE VOGGA VSTR70IN LAQUEA|1740|12/08/20|458,00|118759|917255|74028/20
4524|TROMPETE VOGGA VSTR70IN LAQUEA|1740|12/08/20|458,00|118759|917255|74028/20
4525|TROMPETE VOGGA VSTR70IN LAQUEA|1740|12/08/20|458,00|118759|917255|74028/20
4526|TROMPETE VOGGA VSTR70IN LAQUEA|1740|12/08/20|458,00|118759|917255|74028/20
4527|TROMPETE VOGGA VSTR70IN LAQUEA|1740|12/08/20|458,00|118759|917255|74028/20
4528|TROMPETE VOGGA VSTR70IN LAQUEA|1740|12/08/20|458,00|118759|917255|74028/20
4529|TROMPETE VOGGA VSTR70IN LAQUEA|1740|12/08/20|458,00|118759|917255|74028/20
4530|TROMPETE VOGGA VSTR70IN LAQUEA|1740|12/08/20|458,00|118759|917255|74028/20
4531|TROMPETE VOGGA VSTR70IN LAQUEA|1740|12/08/20|458,00|118759|917255|74028/20
4532|TROMPETE VOGGA VSTR70IN LAQUEA|1740|12/08/20|458,00|118759|917255|74028/20
4533|TROMPETE VOGGA VSTR70IN LAQUEA|1740|12/08/20|458,00|118759|917255|74028/20
4534|TROMPETE VOGGA VSTR70IN LAQUEA|1740|12/08/20|458,00|118759|917255|74028/20
4535|TROMPETE VOGGA VSTR70IN LAQUEA|1740|12/08/20|458,00|118759|917255|74028/20
4536|TROMPETE VOGGA VSTR70IN LAQUEA|1740|12/08/20|458,00|118759|917255|74028/20
4537|TROMPETE VOGGA VSTR70IN LAQUEA|1740|12/08/20|458,00|118759|917255|74028/20
4538|TROMPETE VOGGA VSTR70IN LAQUEA|1740|12/08/20|458,00|118759|917255|74028/20
4539|TROMPETE VOGGA VSTR70IN LAQUEA|1740|12/08/20|458,00|118759|917255|74028/20
4540|TROMPETE VOGGA VSTR70IN LAQUEA|1740|12/08/20|458,00|118759|917255|74028/20
4541|TROMPETE VOGGA VSTR70IN LAQUEA|1740|12/08/20|458,00|118759|917255|74028/20
4542|TROMPETE VOGGA VSTR70IN LAQUEA|1740|12/08/20|458,00|118759|917255|74028/20
4543|TROMPETE VOGGA VSTR70IN LAQUEA|1740|12/08/20|458,00|118759|917255|74028/20
4544|TROMPETE VOGGA VSTR70IN LAQUEA|1740|12/08/20|458,00|118759|917255|74028/20
4545|TROMPETE VOGGA VSTR70IN LAQUEA|1740|12/08/20|458,00|118759|917255|74028/20
4546|TROMPETE VOGGA VSTR70IN LAQUEA|1740|12/08/20|458,00|118759|917255|74028/20
4547|TROMPETE VOGGA VSTR70IN LAQUEA|1740|12/08/20|458,00|118759|917255|74028/20
4548|TROMPETE VOGGA VSTR70IN LAQUEA|1740|12/08/20|458,00|118759|917255|74028/20
4549|TROMPETE VOGGA VSTR70IN LAQUEA|1740|12/08/20|458,00|118759|917255|74028/20
4550|TROMPETE VOGGA VSTR70IN LAQUEA|1740|12/08/20|458,00|118759|917255|74028/20
4551|TROMBONE MICHAEL WTMM35N LAQ|1740|12/08/20|1304,00|118759|917255|74028/20
4552|TROMBONE MICHAEL WTMM35N LAQ|1740|12/08/20|1304,00|118759|917255|74028/20
4553|TROMBONE MICHAEL WTMM35N LAQ|1740|12/08/20|1304,00|118759|917255|74028/20
4554|TROMBONE MICHAEL WTMM35N LAQ|1740|12/08/20|1304,00|118759|917255|74028/20
4555|TROMBONE MICHAEL WTMM35N LAQ|1740|12/08/20|1304,00|118759|917255|74028/20
4556|TROMBONE MICHAEL WTMM35N LAQ|1740|12/08/20|1304,00|118759|917255|74028/20
4557|TROMBONE MICHAEL WTMM35N LAQ|1740|12/08/20|1304,00|118759|917255|74028/20
4558|TROMBONE MICHAEL WTMM35N LAQ|1740|12/08/20|1304,00|118759|917255|74028/20
4559|TROMBONE MICHAEL WTMM35N LAQ|1740|12/08/20|1304,00|118759|917255|74028/20
4560|TROMBONE MICHAEL WTMM35N LAQ|1740|12/08/20|1304,00|118759|917255|74028/20
4561|TROMBONE MICHAEL WTMM35N LAQ|1740|12/08/20|1304,00|118759|917255|74028/20
4562|TROMBONE MICHAEL WTMM35N LAQ|1740|12/08/20|1304,00|118759|917255|74028/20
4563|TROMBONE MICHAEL WTMM35N LAQ|1740|12/08/20|1304,00|118759|917255|74028/20
4564|TROMBONE MICHAEL WTMM35N LAQ|1740|12/08/20|1304,00|118759|917255|74028/20
4565|TROMBONE MICHAEL WTMM35N LAQ|1740|12/08/20|1304,00|118759|917255|74028/20
4566|TROMBONE MICHAEL WTMM35N LAQ|1740|12/08/20|1304,00|118759|917255|74028/20
4567|TROMBONE MICHAEL WTMM35N LAQ|1740|12/08/20|1304,00|118759|917255|74028/20
4568|TROMBONE MICHAEL WTMM35N LAQ|1740|12/08/20|1304,00|118759|917255|74028/20
4569|TROMBONE MICHAEL WTMM35N LAQ|1740|12/08/20|1304,00|118759|917255|74028/20
4570|TROMBONE MICHAEL WTMM35N LAQ|1740|12/08/20|1304,00|118759|917255|74028/20
4571|TROMBONE MICHAEL WTMM35N LAQ|1740|12/08/20|1304,00|118759|917255|74028/20
4572|TROMBONE MICHAEL WTMM35N LAQ|1740|12/08/20|1304,00|118759|917255|74028/20
4573|TROMBONE MICHAEL WTMM35N LAQ|1740|12/08/20|1304,00|118759|917255|74028/20
4574|TROMBONE MICHAEL WTMM35N LAQ|1740|12/08/20|1304,00|118759|917255|74028/20
4575|TROMBONE MICHAEL WTMM35N LAQ|1740|12/08/20|1304,00|118759|917255|74028/20
4576|TROMBONE MICHAEL WTMM35N LAQ|1740|12/08/20|1304,00|118759|917255|74028/20
4577|TROMBONE MICHAEL WTMM35N LAQ|1740|12/08/20|1304,00|118759|917255|74028/20
4578|TROMBONE MICHAEL WTMM35N LAQ|1740|12/08/20|1304,00|118759|917255|74028/20
4579|TROMBONE MICHAEL WTMM35N LAQ|1740|12/08/20|1304,00|118759|917255|74028/20
4580|TROMBONE MICHAEL WTMM35N LAQ|1740|12/08/20|1304,00|118759|917255|74028/20
4581|TROMBONE MICHAEL WTMM35N LAQ|1740|12/08/20|1304,00|118759|917255|74028/20
4582|TROMBONE MICHAEL WTMM35N LAQ|1740|12/08/20|1304,00|118759|917255|74028/20
4583|TROMBONE MICHAEL WTMM35N LAQ|1740|12/08/20|1304,00|118759|917255|74028/20
4584|TROMBONE MICHAEL WTMM35N LAQ|1740|12/08/20|1304,00|118759|917255|74028/20
4585|TROMBONE MICHAEL WTMM35N LAQ|1740|12/08/20|1304,00|118759|917255|74028/20
4586|TROMBONE MICHAEL WTMM35N LAQ|1740|12/08/20|1304,00|118759|917255|74028/20
4587|TROMBONE MICHAEL WTMM35N LAQ|1740|12/08/20|1304,00|118759|917255|74028/20
4588|TROMBONE MICHAEL WTMM35N LAQ|1740|12/08/20|1304,00|118759|917255|74028/20
4589|TROMBONE MICHAEL WTMM35N LAQ|1740|12/08/20|1304,00|118759|917255|74028/20
4590|TROMBONE MICHAEL WTMM35N LAQ|1740|12/08/20|1304,00|118759|917255|74028/20
4591|TROMBONE MICHAEL WTMM35N LAQ|1740|12/08/20|1304,00|118759|917255|74028/20
4592|TROMBONE MICHAEL WTMM35N LAQ|1740|12/08/20|1304,00|118759|917255|74028/20
4593|TROMBONE MICHAEL WTMM35N LAQ|1740|12/08/20|1304,00|118759|917255|74028/20
4594|TROMBONE MICHAEL WTMM35N LAQ|1740|12/08/20|1304,00|118759|917255|74028/20
4595|TROMBONE MICHAEL WTMM35N LAQ|1740|12/08/20|1304,00|118759|917255|74028/20
4596|TROMBONE MICHAEL WTMM35N LAQ|1740|12/08/20|1304,00|118759|917255|74028/20
4597|TROMBONE MICHAEL WTMM35N LAQ|1740|12/08/20|1304,00|118759|917255|74028/20
4598|TROMBONE MICHAEL WTMM35N LAQ|1740|12/08/20|1304,00|118759|917255|74028/20
4599|TROMBONE MICHAEL WTMM35N LAQ|1740|12/08/20|1304,00|118759|917255|74028/20
4600|TROMBONE MICHAEL WTMM35N LAQ|1740|12/08/20|1304,00|118759|917255|74028/20
4601|TROMBONE MICHAEL WTMM35N LAQ|1740|12/08/20|1304,00|118759|917255|74028/20
4602|TROMBONE MICHAEL WTMM35N LAQ|1740|12/08/20|1304,00|118759|917255|74028/20
4603|TROMBONE MICHAEL WTMM35N LAQ|1740|12/08/20|1304,00|118759|917255|74028/20
4604|TROMBONE MICHAEL WTMM35N LAQ|1740|12/08/20|1304,00|118759|917255|74028/20
4605|TROMBONE MICHAEL WTMM35N LAQ|1740|12/08/20|1304,00|118759|917255|74028/20
4606|TROMBONE MICHAEL WTMM35N LAQ|1740|12/08/20|1304,00|118759|917255|74028/20
4607|TROMBONE MICHAEL WTMM35N LAQ|1740|12/08/20|1304,00|118759|917255|74028/20
4608|TROMBONE MICHAEL WTMM35N LAQ|1740|12/08/20|1304,00|118759|917255|74028/20
4609|TROMBONE MICHAEL WTMM35N LAQ|1740|12/08/20|1304,00|118759|917255|74028/20
4610|TROMBONE MICHAEL WTMM35N LAQ|1740|12/08/20|1304,00|118759|917255|74028/20
4611|TROMBONE MICHAEL WTMM35N LAQ|1740|12/08/20|1304,00|118759|917255|74028/20
4612|TROMBONE MICHAEL WTMM35N LAQ|1740|12/08/20|1304,00|118759|917255|74028/20
4613|TROMBONE MICHAEL WTMM35N LAQ|1740|12/08/20|1304,00|118759|917255|74028/20
4614|TROMBONE MICHAEL WTMM35N LAQ|1740|12/08/20|1304,00|118759|917255|74028/20
4615|TROMBONE MICHAEL WTMM35N LAQ|1740|12/08/20|1304,00|118759|917255|74028/20
4616|TROMBONE MICHAEL WTMM35N LAQ|1740|12/08/20|1304,00|118759|917255|74028/20
4617|TROMBONE MICHAEL WTMM35N LAQ|1740|12/08/20|1304,00|118759|917255|74028/20
4618|TROMBONE MICHAEL WTMM35N LAQ|1740|12/08/20|1304,00|118759|917255|74028/20
4619|TROMBONE MICHAEL WTMM35N LAQ|1740|12/08/20|1304,00|118759|917255|74028/20
4620|TROMBONE MICHAEL WTMM35N LAQ|1740|12/08/20|1304,00|118759|917255|74028/20
4621|TROMBONE MICHAEL WTMM35N LAQ|1740|12/08/20|1304,00|118759|917255|74028/20
4622|TROMBONE MICHAEL WTMM35N LAQ|1740|12/08/20|1304,00|118759|917255|74028/20
4623|TROMBONE MICHAEL WTMM35N LAQ|1740|12/08/20|1304,00|118759|917255|74028/20
4624|TROMBONE MICHAEL WTMM35N LAQ|1740|12/08/20|1304,00|118759|917255|74028/20
4625|TROMBONE MICHAEL WTMM35N LAQ|1740|12/08/20|1304,00|118759|917255|74028/20
4626|TROMBONE MICHAEL WTMM35N LAQ|1740|12/08/20|1304,00|118759|917255|74028/20
4627|TROMBONE MICHAEL WTMM35N LAQ|1740|12/08/20|1304,00|118759|917255|74028/20
4628|TROMBONE MICHAEL WTMM35N LAQ|1740|12/08/20|1304,00|118759|917255|74028/20
4629|TROMBONE MICHAEL WTMM35N LAQ|1740|12/08/20|1304,00|118759|917255|74028/20
4630|TROMBONE MICHAEL WTMM35N LAQ|1740|12/08/20|1304,00|118759|917255|74028/20
4631|TROMBONE MICHAEL WTMM35N LAQ|1740|12/08/20|1304,00|118759|917255|74028/20
4632|TROMBONE MICHAEL WTMM35N LAQ|1740|12/08/20|1304,00|118759|917255|74028/20
4633|TROMBONE MICHAEL WTMM35N LAQ|1740|12/08/20|1304,00|118759|917255|74028/20
4634|TROMBONE MICHAEL WTMM35N LAQ|1740|12/08/20|1304,00|118759|917255|74028/20
4635|TROMBONE MICHAEL WTMM35N LAQ|1740|12/08/20|1304,00|118759|917255|74028/20
4636|TROMBONE MICHAEL WTMM35N LAQ|1740|12/08/20|1304,00|118759|917255|74028/20
4637|TROMBONE MICHAEL WTMM35N LAQ|1740|12/08/20|1304,00|118759|917255|74028/20
4638|TROMBONE MICHAEL WTMM35N LAQ|1740|12/08/20|1304,00|118759|917255|74028/20
4639|TROMBONE MICHAEL WTMM35N LAQ|1740|12/08/20|1304,00|118759|917255|74028/20
4640|TROMBONE MICHAEL WTMM35N LAQ|1740|12/08/20|1304,00|118759|917255|74028/20
4641|TROMBONE MICHAEL WTMM35N LAQ|1740|12/08/20|1304,00|118759|917255|74028/20
4642|TROMBONE MICHAEL WTMM35N LAQ|1740|12/08/20|1304,00|118759|917255|74028/20
4643|TROMBONE MICHAEL WTMM35N LAQ|1740|12/08/20|1304,00|118759|917255|74028/20
4644|TROMBONE MICHAEL WTMM35N LAQ|1740|12/08/20|1304,00|118759|917255|74028/20
4645|TROMBONE MICHAEL WTMM35N LAQ|1740|12/08/20|1304,00|118759|917255|74028/20
4646|TROMBONE MICHAEL WTMM35N LAQ|1740|12/08/20|1304,00|118759|917255|74028/20
4647|TROMBONE MICHAEL WTMM35N LAQ|1740|12/08/20|1304,00|118759|917255|74028/20
4648|TROMBONE MICHAEL WTMM35N LAQ|1740|12/08/20|1304,00|118759|917255|74028/20
4649|TROMBONE MICHAEL WTMM35N LAQ|1740|12/08/20|1304,00|118759|917255|74028/20
4650|TROMBONE MICHAEL WTMM35N LAQ|1740|12/08/20|1304,00|118759|917255|74028/20
4651|TROMBONE MICHAEL WTMM35N LAQ|1740|12/08/20|1304,00|118759|917255|74028/20
4652|TROMBONE MICHAEL WTMM35N LAQ|1740|12/08/20|1304,00|118759|917255|74028/20
4653|TROMBONE MICHAEL WTMM35N LAQ|1740|12/08/20|1304,00|118759|917255|74028/20
4654|TROMBONE MICHAEL WTMM35N LAQ|1740|12/08/20|1304,00|118759|917255|74028/20
4655|TROMBONE MICHAEL WTMM35N LAQ|1740|12/08/20|1304,00|118759|917255|74028/20
4656|TROMBONE MICHAEL WTMM35N LAQ|1740|12/08/20|1304,00|118759|917255|74028/20
4657|TROMBONE MICHAEL WTMM35N LAQ|1740|12/08/20|1304,00|118759|917255|74028/20
4658|TROMBONE MICHAEL WTMM35N LAQ|1740|12/08/20|1304,00|118759|917255|74028/20
4659|TROMBONE MICHAEL WTMM35N LAQ|1740|12/08/20|1304,00|118759|917255|74028/20
4660|TROMBONE MICHAEL WTMM35N LAQ|1740|12/08/20|1304,00|118759|917255|74028/20
4661|TROMBONE MICHAEL WTMM35N LAQ|1740|12/08/20|1304,00|118759|917255|74028/20
4662|TROMBONE MICHAEL WTMM35N LAQ|1740|12/08/20|1304,00|118759|917255|74028/20
4663|TROMBONE MICHAEL WTMM35N LAQ|1740|12/08/20|1304,00|118759|917255|74028/20
4664|TROMBONE MICHAEL WTMM35N LAQ|1740|12/08/20|1304,00|118759|917255|74028/20
4665|TROMBONE MICHAEL WTMM35N LAQ|1740|12/08/20|1304,00|118759|917255|74028/20
4666|TROMBONE MICHAEL WTMM35N LAQ|1740|12/08/20|1304,00|118759|917255|74028/20
4667|TROMBONE MICHAEL WTMM35N LAQ|1740|12/08/20|1304,00|118759|917255|74028/20
4668|TROMBONE MICHAEL WTMM35N LAQ|1740|12/08/20|1304,00|118759|917255|74028/20
4669|TROMBONE MICHAEL WTMM35N LAQ|1740|12/08/20|1304,00|118759|917255|74028/20
4670|TROMBONE MICHAEL WTMM35N LAQ|1740|12/08/20|1304,00|118759|917255|74028/20
4671|TROMBONE MICHAEL WTMM35N LAQ|1740|12/08/20|1304,00|118759|917255|74028/20
4672|TROMBONE MICHAEL WTMM35N LAQ|1740|12/08/20|1304,00|118759|917255|74028/20
4673|TROMBONE MICHAEL WTMM35N LAQ|1740|12/08/20|1304,00|118759|917255|74028/20
4674|TROMBONE MICHAEL WTMM35N LAQ|1740|12/08/20|1304,00|118759|917255|74028/20
4675|TROMPA MICHAEL WHRM46N LAQ|1740|12/08/20|1075,00|118759|917255|74028/20
4676|TROMPA MICHAEL WHRM46N LAQ|1740|12/08/20|1075,00|118759|917255|74028/20
4677|TROMPA MICHAEL WHRM46N LAQ|1740|12/08/20|1075,00|118759|917255|74028/20
4678|TROMPA MICHAEL WHRM46N LAQ|1740|12/08/20|1075,00|118759|917255|74028/20
4679|TROMPA MICHAEL WHRM46N LAQ|1740|12/08/20|1075,00|118759|917255|74028/20
4680|TROMPA MICHAEL WHRM46N LAQ|1740|12/08/20|1075,00|118759|917255|74028/20
4681|TROMPA MICHAEL WHRM46N LAQ|1740|12/08/20|1075,00|118759|917255|74028/20
4682|TROMPA MICHAEL WHRM46N LAQ|1740|12/08/20|1075,00|118759|917255|74028/20
4683|TROMPA MICHAEL WHRM46N LAQ|1740|12/08/20|1075,00|118759|917255|74028/20
4684|TROMPA MICHAEL WHRM46N LAQ|1740|12/08/20|1075,00|118759|917255|74028/20
4685|TROMPA MICHAEL WHRM46N LAQ|1740|12/08/20|1075,00|118759|917255|74028/20
4686|TROMPA MICHAEL WHRM46N LAQ|1740|12/08/20|1075,00|118759|917255|74028/20
4687|TROMPA MICHAEL WHRM46N LAQ|1740|12/08/20|1075,00|118759|917255|74028/20
4688|TROMPA MICHAEL WHRM46N LAQ|1740|12/08/20|1075,00|118759|917255|74028/20
4689|TROMPA MICHAEL WHRM46N LAQ|1740|12/08/20|1075,00|118759|917255|74028/20
4690|TROMPA MICHAEL WHRM46N LAQ|1740|12/08/20|1075,00|118759|917255|74028/20
4691|TROMPA MICHAEL WHRM46N LAQ|1740|12/08/20|1075,00|118759|917255|74028/20
4692|TROMPA MICHAEL WHRM46N LAQ|1740|12/08/20|1075,00|118759|917255|74028/20
4693|TROMPA MICHAEL WHRM46N LAQ|1740|12/08/20|1075,00|118759|917255|74028/20
4694|TROMPA MICHAEL WHRM46N LAQ|1740|12/08/20|1075,00|118759|917255|74028/20
4695|TROMPA MICHAEL WHRM46N LAQ|1740|12/08/20|1075,00|118759|917255|74028/20
4696|TROMPA MICHAEL WHRM46N LAQ|1740|12/08/20|1075,00|118759|917255|74028/20
4697|TROMPA MICHAEL WHRM46N LAQ|1740|12/08/20|1075,00|118759|917255|74028/20
4698|TROMPA MICHAEL WHRM46N LAQ|1740|12/08/20|1075,00|118759|917255|74028/20
4699|TROMPA MICHAEL WHRM46N LAQ|1740|12/08/20|1075,00|118759|917255|74028/20
4700|TROMPA MICHAEL WHRM46N LAQ|1740|12/08/20|1075,00|118759|917255|74028/20
4701|TROMPA MICHAEL WHRM46N LAQ|1740|12/08/20|1075,00|118759|917255|74028/20
4702|TROMPA MICHAEL WHRM46N LAQ|1740|12/08/20|1075,00|118759|917255|74028/20
4703|TROMPA MICHAEL WHRM46N LAQ|1740|12/08/20|1075,00|118759|917255|74028/20
4704|TROMPA MICHAEL WHRM46N LAQ|1740|12/08/20|1075,00|118759|917255|74028/20
4705|TROMPA MICHAEL WHRM46N LAQ|1740|12/08/20|1075,00|118759|917255|74028/20
4706|BOMBARDINHO MICHAEL WEPM45N SIB|1740|12/08/20|1477,00|118759|917255|74028/20
4707|BOMBARDINHO MICHAEL WEPM45N SIB|1740|12/08/20|1477,00|118759|917255|74028/20
4708|BOMBARDINHO MICHAEL WEPM45N SIB|1740|12/08/20|1477,00|118759|917255|74028/20
4709|BOMBARDINHO MICHAEL WEPM45N SIB|1740|12/08/20|1477,00|118759|917255|74028/20
4710|BOMBARDINHO MICHAEL WEPM45N SIB|1740|12/08/20|1477,00|118759|917255|74028/20
4711|BOMBARDINHO MICHAEL WEPM45N SIB|1740|12/08/20|1477,00|118759|917255|74028/20
4712|BOMBARDINHO MICHAEL WEPM45N SIB|1740|12/08/20|1477,00|118759|917255|74028/20
4713|BOMBARDINHO MICHAEL WEPM45N SIB|1740|12/08/20|1477,00|118759|917255|74028/20
4714|BOMBARDINHO MICHAEL WEPM45N SIB|1740|12/08/20|1477,00|118759|917255|74028/20
4715|BOMBARDINHO MICHAEL WEPM45N SIB|1740|12/08/20|1477,00|118759|917255|74028/20
4716|BOMBARDINHO MICHAEL WEPM45N SIB|1740|12/08/20|1477,00|118759|917255|74028/20
4717|BOMBARDINHO MICHAEL WEPM45N SIB|1740|12/08/20|1477,00|118759|917255|74028/20
4718|BOMBARDINHO MICHAEL WEPM45N SIB|1740|12/08/20|1477,00|118759|917255|74028/20
4719|BOMBARDINHO MICHAEL WEPM45N SIB|1740|12/08/20|1477,00|118759|917255|74028/20
4720|BOMBARDINHO MICHAEL WEPM45N SIB|1740|12/08/20|1477,00|118759|917255|74028/20
4721|BOMBARDINHO MICHAEL WEPM45N SIB|1740|12/08/20|1477,00|118759|917255|74028/20
4722|BOMBARDINHO MICHAEL WEPM45N SIB|1740|12/08/20|1477,00|118759|917255|74028/20
4723|BOMBARDINHO MICHAEL WEPM45N SIB|1740|12/08/20|1477,00|118759|917255|74028/20
4724|BOMBARDINHO MICHAEL WEPM45N SIB|1740|12/08/20|1477,00|118759|917255|74028/20
4725|BOMBARDINHO MICHAEL WEPM45N SIB|1740|12/08/20|1477,00|118759|917255|74028/20
4726|BOMBARDINHO MICHAEL WEPM45N SIB|1740|12/08/20|1477,00|118759|917255|74028/20
4727|BOMBARDINHO MICHAEL WEPM45N SIB|1740|12/08/20|1477,00|118759|917255|74028/20
4728|BOMBARDINHO MICHAEL WEPM45N SIB|1740|12/08/20|1477,00|118759|917255|74028/20
4729|BOMBARDINHO MICHAEL WEPM45N SIB|1740|12/08/20|1477,00|118759|917255|74028/20
4730|BOMBARDINHO MICHAEL WEPM45N SIB|1740|12/08/20|1477,00|118759|917255|74028/20
4731|BOMBARDINHO MICHAEL WEPM45N SIB|1740|12/08/20|1477,00|118759|917255|74028/20
4732|BOMBARDINHO MICHAEL WEPM45N SIB|1740|12/08/20|1477,00|118759|917255|74028/20
4733|BOMBARDINHO MICHAEL WEPM45N SIB|1740|12/08/20|1477,00|118759|917255|74028/20
4734|BOMBARDINHO MICHAEL WEPM45N SIB|1740|12/08/20|1477,00|118759|917255|74028/20
4735|BOMBARDINHO MICHAEL WEPM45N SIB|1740|12/08/20|1477,00|118759|917255|74028/20
4736|BOMBARDINHO MICHAEL WEPM45N SIB|1740|12/08/20|1477,00|118759|917255|74028/20
4737|TUBA/BOMBARDAO MICHAEL WBBM45N|1740|12/08/20|4157,00|118759|917255|74028/20
4738|TUBA/BOMBARDAO MICHAEL WBBM45N|1740|12/08/20|4157,00|118759|917255|74028/20
4739|TUBA/BOMBARDAO MICHAEL WBBM45N|1740|12/08/20|4157,00|118759|917255|74028/20
4740|TUBA/BOMBARDAO MICHAEL WBBM45N|1740|12/08/20|4157,00|118759|917255|74028/20
4741|TUBA/BOMBARDAO MICHAEL WBBM45N|1740|12/08/20|4157,00|118759|917255|74028/20
4742|TUBA/BOMBARDAO MICHAEL WBBM45N|1740|12/08/20|4157,00|118759|917255|74028/20
4743|TUBA/BOMBARDAO MICHAEL WBBM45N|1740|12/08/20|4157,00|118759|917255|74028/20
4744|TUBA/BOMBARDAO MICHAEL WBBM45N|1740|12/08/20|4157,00|118759|917255|74028/20
4745|TUBA/BOMBARDAO MICHAEL WBBM45N|1740|12/08/20|4157,00|118759|917255|74028/20
4746|TUBA/BOMBARDAO MICHAEL WBBM45N|1740|12/08/20|4157,00|118759|917255|74028/20
4747|TUBA/BOMBARDAO MICHAEL WBBM45N|1740|12/08/20|4157,00|118759|917255|74028/20
4748|TUBA/BOMBARDAO MICHAEL WBBM45N|1740|12/08/20|4157,00|118759|917255|74028/20
4749|TUBA/BOMBARDAO MICHAEL WBBM45N|1740|12/08/20|4157,00|118759|917255|74028/20
4750|TUBA/BOMBARDAO MICHAEL WBBM45N|1740|12/08/20|4157,00|118759|917255|74028/20
4751|TUBA/BOMBARDAO MICHAEL WBBM45N|1740|12/08/20|4157,00|118759|917255|74028/20
4752|TUBA/BOMBARDAO MICHAEL WBBM45N|1740|12/08/20|4157,00|118759|917255|74028/20
4753|TUBA/BOMBARDAO MICHAEL WBBM45N|1740|12/08/20|4157,00|118759|917255|74028/20
4754|TUBA/BOMBARDAO MICHAEL WBBM45N|1740|12/08/20|4157,00|118759|917255|74028/20
4755|TUBA/BOMBARDAO MICHAEL WBBM45N|1740|12/08/20|4157,00|118759|917255|74028/20
4756|TUBA/BOMBARDAO MICHAEL WBBM45N|1740|12/08/20|4157,00|118759|917255|74028/20
4757|TUBA/BOMBARDAO MICHAEL WBBM45N|1740|12/08/20|4157,00|118759|917255|74028/20
4758|TUBA/BOMBARDAO MICHAEL WBBM45N|1740|12/08/20|4157,00|118759|917255|74028/20
4759|TUBA/BOMBARDAO MICHAEL WBBM45N|1740|12/08/20|4157,00|118759|917255|74028/20
4760|TUBA/BOMBARDAO MICHAEL WBBM45N|1740|12/08/20|4157,00|118759|917255|74028/20
4761|TUBA/BOMBARDAO MICHAEL WBBM45N|1740|12/08/20|4157,00|118759|917255|74028/20
4762|TUBA/BOMBARDAO MICHAEL WBBM45N|1740|12/08/20|4157,00|118759|917255|74028/20
4763|TUBA/BOMBARDAO MICHAEL WBBM45N|1740|12/08/20|4157,00|118759|917255|74028/20
4764|TUBA/BOMBARDAO MICHAEL WBBM45N|1740|12/08/20|4157,00|118759|917255|74028/20
4765|TUBA/BOMBARDAO MICHAEL WBBM45N|1740|12/08/20|4157,00|118759|917255|74028/20
4766|TUBA/BOMBARDAO MICHAEL WBBM45N|1740|12/08/20|4157,00|118759|917255|74028/20
4767|TUBA/BOMBARDAO MICHAEL WBBM45N|1740|12/08/20|4157,00|118759|917255|74028/20
4768|CX MARCHA MICHAEL CTM1412|1740|12/08/20|382,00|118759|917255|74028/20
4769|CX MARCHA MICHAEL CTM1412|1740|12/08/20|382,00|118759|917255|74028/20
4770|CX MARCHA MICHAEL CTM1412|1740|12/08/20|382,00|118759|917255|74028/20
4771|CX MARCHA MICHAEL CTM1412|1740|12/08/20|382,00|118759|917255|74028/20
4772|CX MARCHA MICHAEL CTM1412|1740|12/08/20|382,00|118759|917255|74028/20
4773|CX MARCHA MICHAEL CTM1412|1740|12/08/20|382,00|118759|917255|74028/20
4774|CX MARCHA MICHAEL CTM1412|1740|12/08/20|382,00|118759|917255|74028/20
4775|CX MARCHA MICHAEL CTM1412|1740|12/08/20|382,00|118759|917255|74028/20
4776|CX MARCHA MICHAEL CTM1412|1740|12/08/20|382,00|118759|917255|74028/20
4777|CX MARCHA MICHAEL CTM1412|1740|12/08/20|382,00|118759|917255|74028/20
4778|CX MARCHA MICHAEL CTM1412|1740|12/08/20|382,00|118759|917255|74028/20
4779|CX MARCHA MICHAEL CTM1412|1740|12/08/20|382,00|118759|917255|74028/20
4780|CX MARCHA MICHAEL CTM1412|1740|12/08/20|382,00|118759|917255|74028/20
4781|CX MARCHA MICHAEL CTM1412|1740|12/08/20|382,00|118759|917255|74028/20
4782|CX MARCHA MICHAEL CTM1412|1740|12/08/20|382,00|118759|917255|74028/20
4783|CX MARCHA MICHAEL CTM1412|1740|12/08/20|382,00|118759|917255|74028/20
4784|CX MARCHA MICHAEL CTM1412|1740|12/08/20|382,00|118759|917255|74028/20
4785|CX MARCHA MICHAEL CTM1412|1740|12/08/20|382,00|118759|917255|74028/20
4786|CX MARCHA MICHAEL CTM1412|1740|12/08/20|382,00|118759|917255|74028/20
4787|CX MARCHA MICHAEL CTM1412|1740|12/08/20|382,00|118759|917255|74028/20
4788|CX MARCHA MICHAEL CTM1412|1740|12/08/20|382,00|118759|917255|74028/20
4789|CX MARCHA MICHAEL CTM1412|1740|12/08/20|382,00|118759|917255|74028/20
4790|CX MARCHA MICHAEL CTM1412|1740|12/08/20|382,00|118759|917255|74028/20
4791|CX MARCHA MICHAEL CTM1412|1740|12/08/20|382,00|118759|917255|74028/20
4792|CX MARCHA MICHAEL CTM1412|1740|12/08/20|382,00|118759|917255|74028/20
4793|CX MARCHA MICHAEL CTM1412|1740|12/08/20|382,00|118759|917255|74028/20
4794|CX MARCHA MICHAEL CTM1412|1740|12/08/20|382,00|118759|917255|74028/20
4795|CX MARCHA MICHAEL CTM1412|1740|12/08/20|382,00|118759|917255|74028/20
4796|CX MARCHA MICHAEL CTM1412|1740|12/08/20|382,00|118759|917255|74028/20
4797|CX MARCHA MICHAEL CTM1412|1740|12/08/20|382,00|118759|917255|74028/20
4798|CX MARCHA MICHAEL CTM1412|1740|12/08/20|382,00|118759|917255|74028/20
4799|BUMBO MARCHA MICHAEL DBM2014|1740|12/08/20|491,00|118759|917255|74028/20
4800|BUMBO MARCHA MICHAEL DBM2014|1740|12/08/20|491,00|118759|917255|74028/20
4801|BUMBO MARCHA MICHAEL DBM2014|1740|12/08/20|491,00|118759|917255|74028/20
4802|BUMBO MARCHA MICHAEL DBM2014|1740|12/08/20|491,00|118759|917255|74028/20
4803|BUMBO MARCHA MICHAEL DBM2014|1740|12/08/20|491,00|118759|917255|74028/20
4804|BUMBO MARCHA MICHAEL DBM2014|1740|12/08/20|491,00|118759|917255|74028/20
4805|BUMBO MARCHA MICHAEL DBM2014|1740|12/08/20|491,00|118759|917255|74028/20
4806|BUMBO MARCHA MICHAEL DBM2014|1740|12/08/20|491,00|118759|917255|74028/20
4807|BUMBO MARCHA MICHAEL DBM2014|1740|12/08/20|491,00|118759|917255|74028/20
4808|BUMBO MARCHA MICHAEL DBM2014|1740|12/08/20|491,00|118759|917255|74028/20
4809|BUMBO MARCHA MICHAEL DBM2014|1740|12/08/20|491,00|118759|917255|74028/20
4810|BUMBO MARCHA MICHAEL DBM2014|1740|12/08/20|491,00|118759|917255|74028/20
4811|BUMBO MARCHA MICHAEL DBM2014|1740|12/08/20|491,00|118759|917255|74028/20
4812|BUMBO MARCHA MICHAEL DBM2014|1740|12/08/20|491,00|118759|917255|74028/20
4813|BUMBO MARCHA MICHAEL DBM2014|1740|12/08/20|491,00|118759|917255|74028/20
4814|BUMBO MARCHA MICHAEL DBM2014|1740|12/08/20|491,00|118759|917255|74028/20
4815|BUMBO MARCHA MICHAEL DBM2014|1740|12/08/20|491,00|118759|917255|74028/20
4816|BUMBO MARCHA MICHAEL DBM2014|1740|12/08/20|491,00|118759|917255|74028/20
4817|BUMBO MARCHA MICHAEL DBM2014|1740|12/08/20|491,00|118759|917255|74028/20
4818|BUMBO MARCHA MICHAEL DBM2014|1740|12/08/20|491,00|118759|917255|74028/20
4819|BUMBO MARCHA MICHAEL DBM2014|1740|12/08/20|491,00|118759|917255|74028/20
4820|BUMBO MARCHA MICHAEL DBM2014|1740|12/08/20|491,00|118759|917255|74028/20
4821|BUMBO MARCHA MICHAEL DBM2014|1740|12/08/20|491,00|118759|917255|74028/20
4822|BUMBO MARCHA MICHAEL DBM2014|1740|12/08/20|491,00|118759|917255|74028/20
4823|BUMBO MARCHA MICHAEL DBM2014|1740|12/08/20|491,00|118759|917255|74028/20
4824|BUMBO MARCHA MICHAEL DBM2014|1740|12/08/20|491,00|118759|917255|74028/20
4825|BUMBO MARCHA MICHAEL DBM2014|1740|12/08/20|491,00|118759|917255|74028/20
4826|BUMBO MARCHA MICHAEL DBM2014|1740|12/08/20|491,00|118759|917255|74028/20
4827|BUMBO MARCHA MICHAEL DBM2014|1740|12/08/20|491,00|118759|917255|74028/20
4828|BUMBO MARCHA MICHAEL DBM2014|1740|12/08/20|491,00|118759|917255|74028/20
4829|BUMBO MARCHA MICHAEL DBM2014|1740|12/08/20|491,00|118759|917255|74028/20
4830|PRATO 14 MICHAEL MCM14 MARCHA|1740|12/08/20|454,00|118759|917255|74028/20
4831|PRATO 14 MICHAEL MCM15 MARCHA|1740|12/08/20|454,00|118759|917255|74028/20
4832|PRATO 14 MICHAEL MCM16 MARCHA|1740|12/08/20|454,00|118759|917255|74028/20
4833|PRATO 14 MICHAEL MCM17 MARCHA|1740|12/08/20|454,00|118759|917255|74028/20
4834|PRATO 14 MICHAEL MCM18 MARCHA|1740|12/08/20|454,00|118759|917255|74028/20
4835|PRATO 14 MICHAEL MCM19 MARCHA|1740|12/08/20|454,00|118759|917255|74028/20
4836|PRATO 14 MICHAEL MCM20 MARCHA|1740|12/08/20|454,00|118759|917255|74028/20
4837|PRATO 14 MICHAEL MCM21 MARCHA|1740|12/08/20|454,00|118759|917255|74028/20
4838|PRATO 14 MICHAEL MCM22 MARCHA|1740|12/08/20|454,00|118759|917255|74028/20
4839|PRATO 14 MICHAEL MCM23 MARCHA|1740|12/08/20|454,00|118759|917255|74028/20
4840|PRATO 14 MICHAEL MCM24 MARCHA|1740|12/08/20|454,00|118759|917255|74028/20
4841|PRATO 14 MICHAEL MCM25 MARCHA|1740|12/08/20|454,00|118759|917255|74028/20
4842|PRATO 14 MICHAEL MCM26 MARCHA|1740|12/08/20|454,00|118759|917255|74028/20
4843|PRATO 14 MICHAEL MCM27 MARCHA|1740|12/08/20|454,00|118759|917255|74028/20
4844|PRATO 14 MICHAEL MCM28 MARCHA|1740|12/08/20|454,00|118759|917255|74028/20
4845|PRATO 14 MICHAEL MCM29 MARCHA|1740|12/08/20|454,00|118759|917255|74028/20
4846|PRATO 14 MICHAEL MCM30 MARCHA|1740|12/08/20|454,00|118759|917255|74028/20
4847|PRATO 14 MICHAEL MCM31 MARCHA|1740|12/08/20|454,00|118759|917255|74028/20
4848|PRATO 14 MICHAEL MCM32 MARCHA|1740|12/08/20|454,00|118759|917255|74028/20
4849|PRATO 14 MICHAEL MCM33 MARCHA|1740|12/08/20|454,00|118759|917255|74028/20
4850|PRATO 14 MICHAEL MCM34 MARCHA|1740|12/08/20|454,00|118759|917255|74028/20
4851|PRATO 14 MICHAEL MCM35 MARCHA|1740|12/08/20|454,00|118759|917255|74028/20
4852|PRATO 14 MICHAEL MCM36 MARCHA|1740|12/08/20|454,00|118759|917255|74028/20
4853|PRATO 14 MICHAEL MCM37 MARCHA|1740|12/08/20|454,00|118759|917255|74028/20
4854|PRATO 14 MICHAEL MCM38 MARCHA|1740|12/08/20|454,00|118759|917255|74028/20
4855|PRATO 14 MICHAEL MCM39 MARCHA|1740|12/08/20|454,00|118759|917255|74028/20
4856|PRATO 14 MICHAEL MCM40 MARCHA|1740|12/08/20|454,00|118759|917255|74028/20
4857|PRATO 14 MICHAEL MCM41 MARCHA|1740|12/08/20|454,00|118759|917255|74028/20
4858|PRATO 14 MICHAEL MCM42 MARCHA|1740|12/08/20|454,00|118759|917255|74028/20
4859|PRATO 14 MICHAEL MCM43 MARCHA|1740|12/08/20|454,00|118759|917255|74028/20
4860|PRATO 14 MICHAEL MCM44 MARCHA|1740|12/08/20|454,00|118759|917255|74028/20
4861|ESTANTE MICHAEL SAM01|1773|12/08/20|392,00|118759|917255|74028/20
4862|ESTANTE MICHAEL SAM01|1773|12/08/20|392,00|118759|917255|74028/20
4863|ESTANTE MICHAEL SAM01|1773|12/08/20|392,00|118759|917255|74028/20
4864|ESTANTE MICHAEL SAM01|1773|12/08/20|392,00|118759|917255|74028/20
4865|ESTANTE MICHAEL SAM01|1773|12/08/20|392,00|118759|917255|74028/20
4866|ESTANTE MICHAEL SAM01|1773|12/08/20|392,00|118759|917255|74028/20
4867|ESTANTE MICHAEL SAM01|1773|12/08/20|392,00|118759|917255|74028/20
4868|ESTANTE MICHAEL SAM01|1773|12/08/20|392,00|118759|917255|74028/20
4869|ESTANTE MICHAEL SAM01|1773|12/08/20|392,00|118759|917255|74028/20
4870|ESTANTE MICHAEL SAM01|1773|12/08/20|392,00|118759|917255|74028/20
4871|ESTANTE MICHAEL SAM01|1773|12/08/20|392,00|118759|917255|74028/20
4872|ESTANTE MICHAEL SAM01|1773|12/08/20|392,00|118759|917255|74028/20
4873|ESTANTE MICHAEL SAM01|1773|12/08/20|392,00|118759|917255|74028/20
4874|ESTANTE MICHAEL SAM01|1773|12/08/20|392,00|118759|917255|74028/20
4875|ESTANTE MICHAEL SAM01|1773|12/08/20|392,00|118759|917255|74028/20
4876|ESTANTE MICHAEL SAM01|1773|12/08/20|392,00|118759|917255|74028/20
4877|ESTANTE MICHAEL SAM01|1773|12/08/20|392,00|118759|917255|74028/20
4878|ESTANTE MICHAEL SAM01|1773|12/08/20|392,00|118759|917255|74028/20
4879|ESTANTE MICHAEL SAM01|1773|12/08/20|392,00|118759|917255|74028/20
4880|ESTANTE MICHAEL SAM01|1773|12/08/20|392,00|118759|917255|74028/20
4881|ESTANTE MICHAEL SAM01|1773|12/08/20|392,00|118759|917255|74028/20
4882|ESTANTE MICHAEL SAM01|1773|12/08/20|392,00|118759|917255|74028/20
4883|ESTANTE MICHAEL SAM01|1773|12/08/20|392,00|118759|917255|74028/20
4884|ESTANTE MICHAEL SAM01|1773|12/08/20|392,00|118759|917255|74028/20
4885|ESTANTE MICHAEL SAM01|1773|12/08/20|392,00|118759|917255|74028/20
4886|ESTANTE MICHAEL SAM01|1773|12/08/20|392,00|118759|917255|74028/20
4887|ESTANTE MICHAEL SAM01|1773|12/08/20|392,00|118759|917255|74028/20
4888|ESTANTE MICHAEL SAM01|1773|12/08/20|392,00|118759|917255|74028/20
4889|ESTANTE MICHAEL SAM01|1773|12/08/20|392,00|118759|917255|74028/20
4890|ESTANTE MICHAEL SAM01|1773|12/08/20|392,00|118759|917255|74028/20
4891|ESTANTE MICHAEL SAM01|1773|12/08/20|392,00|118759|917255|74028/20
4892|ESTANTE MICHAEL SAM01|1773|12/08/20|392,00|118759|917255|74028/20
4893|ESTANTE MICHAEL SAM01|1773|12/08/20|392,00|118759|917255|74028/20
4894|ESTANTE MICHAEL SAM01|1773|12/08/20|392,00|118759|917255|74028/20
4895|ESTANTE MICHAEL SAM01|1773|12/08/20|392,00|118759|917255|74028/20
4896|ESTANTE MICHAEL SAM01|1773|12/08/20|392,00|118759|917255|74028/20
4897|ESTANTE MICHAEL SAM01|1773|12/08/20|392,00|118759|917255|74028/20
4898|ESTANTE MICHAEL SAM01|1773|12/08/20|392,00|118759|917255|74028/20
4899|ESTANTE MICHAEL SAM01|1773|12/08/20|392,00|118759|917255|74028/20
4900|ESTANTE MICHAEL SAM01|1773|12/08/20|392,00|118759|917255|74028/20
4901|ESTANTE MICHAEL SAM01|1773|12/08/20|392,00|118759|917255|74028/20
4902|ESTANTE MICHAEL SAM01|1773|12/08/20|392,00|118759|917255|74028/20
4903|ESTANTE MICHAEL SAM01|1773|12/08/20|392,00|118759|917255|74028/20
4904|ESTANTE MICHAEL SAM01|1773|12/08/20|392,00|118759|917255|74028/20
4905|ESTANTE MICHAEL SAM01|1773|12/08/20|392,00|118759|917255|74028/20
4906|ESTANTE MICHAEL SAM01|1773|12/08/20|392,00|118759|917255|74028/20
4907|ESTANTE MICHAEL SAM01|1773|12/08/20|392,00|118759|917255|74028/20
4908|ESTANTE MICHAEL SAM01|1773|12/08/20|392,00|118759|917255|74028/20
4909|ESTANTE MICHAEL SAM01|1773|12/08/20|392,00|118759|917255|74028/20
4910|ESTANTE MICHAEL SAM01|1773|12/08/20|392,00|118759|917255|74028/20
4911|ESTANTE MICHAEL SAM01|1773|12/08/20|392,00|118759|917255|74028/20
4912|ESTANTE MICHAEL SAM01|1773|12/08/20|392,00|118759|917255|74028/20
4913|ESTANTE MICHAEL SAM01|1773|12/08/20|392,00|118759|917255|74028/20
4914|ESTANTE MICHAEL SAM01|1773|12/08/20|392,00|118759|917255|74028/20
4915|ESTANTE MICHAEL SAM01|1773|12/08/20|392,00|118759|917255|74028/20
4916|ESTANTE MICHAEL SAM01|1773|12/08/20|392,00|118759|917255|74028/20
4917|ESTANTE MICHAEL SAM01|1773|12/08/20|392,00|118759|917255|74028/20
4918|ESTANTE MICHAEL SAM01|1773|12/08/20|392,00|118759|917255|74028/20
4919|ESTANTE MICHAEL SAM01|1773|12/08/20|392,00|118759|917255|74028/20
4920|ESTANTE MICHAEL SAM01|1773|12/08/20|392,00|118759|917255|74028/20
4921|ESTANTE MICHAEL SAM01|1773|12/08/20|392,00|118759|917255|74028/20
4922|ESTANTE MICHAEL SAM01|1773|12/08/20|392,00|118759|917255|74028/20
4923|ESTANTE MICHAEL SAM01|1773|12/08/20|392,00|118759|917255|74028/20
4924|ESTANTE MICHAEL SAM01|1773|12/08/20|392,00|118759|917255|74028/20
4925|ESTANTE MICHAEL SAM01|1773|12/08/20|392,00|118759|917255|74028/20
4926|ESTANTE MICHAEL SAM01|1773|12/08/20|392,00|118759|917255|74028/20
4927|ESTANTE MICHAEL SAM01|1773|12/08/20|392,00|118759|917255|74028/20
4928|ESTANTE MICHAEL SAM01|1773|12/08/20|392,00|118759|917255|74028/20
4929|ESTANTE MICHAEL SAM01|1773|12/08/20|392,00|118759|917255|74028/20
4930|ESTANTE MICHAEL SAM01|1773|12/08/20|392,00|118759|917255|74028/20
4931|ESTANTE MICHAEL SAM01|1773|12/08/20|392,00|118759|917255|74028/20
4932|ESTANTE MICHAEL SAM01|1773|12/08/20|392,00|118759|917255|74028/20
4933|ESTANTE MICHAEL SAM01|1773|12/08/20|392,00|118759|917255|74028/20
4934|ESTANTE MICHAEL SAM01|1773|12/08/20|392,00|118759|917255|74028/20
4935|ESTANTE MICHAEL SAM01|1773|12/08/20|392,00|118759|917255|74028/20
4936|ESTANTE MICHAEL SAM01|1773|12/08/20|392,00|118759|917255|74028/20
4937|ESTANTE MICHAEL SAM01|1773|12/08/20|392,00|118759|917255|74028/20
4938|ESTANTE MICHAEL SAM01|1773|12/08/20|392,00|118759|917255|74028/20
4939|ESTANTE MICHAEL SAM01|1773|12/08/20|392,00|118759|917255|74028/20
4940|ESTANTE MICHAEL SAM01|1773|12/08/20|392,00|118759|917255|74028/20
4941|ESTANTE MICHAEL SAM01|1773|12/08/20|392,00|118759|917255|74028/20
4942|ESTANTE MICHAEL SAM01|1773|12/08/20|392,00|118759|917255|74028/20
4943|ESTANTE MICHAEL SAM01|1773|12/08/20|392,00|118759|917255|74028/20
4944|ESTANTE MICHAEL SAM01|1773|12/08/20|392,00|118759|917255|74028/20
4945|ESTANTE MICHAEL SAM01|1773|12/08/20|392,00|118759|917255|74028/20
4946|ESTANTE MICHAEL SAM01|1773|12/08/20|392,00|118759|917255|74028/20
4947|ESTANTE MICHAEL SAM01|1773|12/08/20|392,00|118759|917255|74028/20
4948|ESTANTE MICHAEL SAM01|1773|12/08/20|392,00|118759|917255|74028/20
4949|ESTANTE MICHAEL SAM01|1773|12/08/20|392,00|118759|917255|74028/20
4950|ESTANTE MICHAEL SAM01|1773|12/08/20|392,00|118759|917255|74028/20
4951|ESTANTE MICHAEL SAM01|1773|12/08/20|392,00|118759|917255|74028/20
4952|ESTANTE MICHAEL SAM01|1773|12/08/20|392,00|118759|917255|74028/20
4953|ESTANTE MICHAEL SAM01|1773|12/08/20|392,00|118759|917255|74028/20
4954|ESTANTE MICHAEL SAM01|1773|12/08/20|392,00|118759|917255|74028/20
4955|ESTANTE MICHAEL SAM01|1773|12/08/20|392,00|118759|917255|74028/20
4956|ESTANTE MICHAEL SAM01|1773|12/08/20|392,00|118759|917255|74028/20
4957|ESTANTE MICHAEL SAM01|1773|12/08/20|392,00|118759|917255|74028/20
4958|ESTANTE MICHAEL SAM01|1773|12/08/20|392,00|118759|917255|74028/20
4959|ESTANTE MICHAEL SAM01|1773|12/08/20|392,00|118759|917255|74028/20
4960|ESTANTE MICHAEL SAM01|1773|12/08/20|392,00|118759|917255|74028/20
4961|ESTANTE MICHAEL SAM01|1773|12/08/20|392,00|118759|917255|74028/20
4962|ESTANTE MICHAEL SAM01|1773|12/08/20|392,00|118759|917255|74028/20
4963|ESTANTE MICHAEL SAM01|1773|12/08/20|392,00|118759|917255|74028/20
4964|ESTANTE MICHAEL SAM01|1773|12/08/20|392,00|118759|917255|74028/20
4965|ESTANTE MICHAEL SAM01|1773|12/08/20|392,00|118759|917255|74028/20
4966|ESTANTE MICHAEL SAM01|1773|12/08/20|392,00|118759|917255|74028/20
4967|ESTANTE MICHAEL SAM01|1773|12/08/20|392,00|118759|917255|74028/20
4968|ESTANTE MICHAEL SAM01|1773|12/08/20|392,00|118759|917255|74028/20
4969|ESTANTE MICHAEL SAM01|1773|12/08/20|392,00|118759|917255|74028/20
4970|ESTANTE MICHAEL SAM01|1773|12/08/20|392,00|118759|917255|74028/20
4971|ESTANTE MICHAEL SAM01|1773|12/08/20|392,00|118759|917255|74028/20
4972|ESTANTE MICHAEL SAM01|1773|12/08/20|392,00|118759|917255|74028/20
4973|ESTANTE MICHAEL SAM01|1773|12/08/20|392,00|118759|917255|74028/20
4974|ESTANTE MICHAEL SAM01|1773|12/08/20|392,00|118759|917255|74028/20
4975|ESTANTE MICHAEL SAM01|1773|12/08/20|392,00|118759|917255|74028/20
4976|ESTANTE MICHAEL SAM01|1773|12/08/20|392,00|118759|917255|74028/20
4977|ESTANTE MICHAEL SAM01|1773|12/08/20|392,00|118759|917255|74028/20
4978|ESTANTE MICHAEL SAM01|1773|12/08/20|392,00|118759|917255|74028/20
4979|ESTANTE MICHAEL SAM01|1773|12/08/20|392,00|118759|917255|74028/20
4980|ESTANTE MICHAEL SAM01|1773|12/08/20|392,00|118759|917255|74028/20
4981|ESTANTE MICHAEL SAM01|1773|12/08/20|392,00|118759|917255|74028/20
4982|ESTANTE MICHAEL SAM01|1773|12/08/20|392,00|118759|917255|74028/20
4983|ESTANTE MICHAEL SAM01|1773|12/08/20|392,00|118759|917255|74028/20
4984|ESTANTE MICHAEL SAM01|1773|12/08/20|392,00|118759|917255|74028/20
4985|ESTANTE MICHAEL SAM01|1773|12/08/20|392,00|118759|917255|74028/20
4986|ESTANTE MICHAEL SAM01|1773|12/08/20|392,00|118759|917255|74028/20
4987|ESTANTE MICHAEL SAM01|1773|12/08/20|392,00|118759|917255|74028/20
4988|ESTANTE MICHAEL SAM01|1773|12/08/20|392,00|118759|917255|74028/20
4989|ESTANTE MICHAEL SAM01|1773|12/08/20|392,00|118759|917255|74028/20
4990|ESTANTE MICHAEL SAM01|1773|12/08/20|392,00|118759|917255|74028/20
4991|ESTANTE MICHAEL SAM01|1773|12/08/20|392,00|118759|917255|74028/20
4992|ESTANTE MICHAEL SAM01|1773|12/08/20|392,00|118759|917255|74028/20
4993|ESTANTE MICHAEL SAM01|1773|12/08/20|392,00|118759|917255|74028/20
4994|ESTANTE MICHAEL SAM01|1773|12/08/20|392,00|118759|917255|74028/20
4995|ESTANTE MICHAEL SAM01|1773|12/08/20|392,00|118759|917255|74028/20
4996|ESTANTE MICHAEL SAM01|1773|12/08/20|392,00|118759|917255|74028/20
4997|ESTANTE MICHAEL SAM01|1773|12/08/20|392,00|118759|917255|74028/20
4998|ESTANTE MICHAEL SAM01|1773|12/08/20|392,00|118759|917255|74028/20
4999|ESTANTE MICHAEL SAM01|1773|12/08/20|392,00|118759|917255|74028/20
5000|ESTANTE MICHAEL SAM01|1773|12/08/20|392,00|118759|917255|74028/20
5001|ESTANTE MICHAEL SAM01|1773|12/08/20|392,00|118759|917255|74028/20
5002|ESTANTE MICHAEL SAM01|1773|12/08/20|392,00|118759|917255|74028/20
5003|ESTANTE MICHAEL SAM01|1773|12/08/20|392,00|118759|917255|74028/20
5004|ESTANTE MICHAEL SAM01|1773|12/08/20|392,00|118759|917255|74028/20
5005|ESTANTE MICHAEL SAM01|1773|12/08/20|392,00|118759|917255|74028/20
5006|ESTANTE MICHAEL SAM01|1773|12/08/20|392,00|118759|917255|74028/20
5007|ESTANTE MICHAEL SAM01|1773|12/08/20|392,00|118759|917255|74028/20
5008|ESTANTE MICHAEL SAM01|1773|12/08/20|392,00|118759|917255|74028/20
5009|ESTANTE MICHAEL SAM01|1773|12/08/20|392,00|118759|917255|74028/20
5010|ESTANTE MICHAEL SAM01|1773|12/08/20|392,00|118759|917255|74028/20
5011|ESTANTE MICHAEL SAM01|1773|12/08/20|392,00|118759|917255|74028/20
5012|ESTANTE MICHAEL SAM01|1773|12/08/20|392,00|118759|917255|74028/20
5013|ESTANTE MICHAEL SAM01|1773|12/08/20|392,00|118759|917255|74028/20
5014|ESTANTE MICHAEL SAM01|1773|12/08/20|392,00|118759|917255|74028/20
5015|ESTANTE MICHAEL SAM01|1773|12/08/20|392,00|118759|917255|74028/20
5016|ESTANTE MICHAEL SAM01|1773|12/08/20|392,00|118759|917255|74028/20
5017|ESTANTE MICHAEL SAM01|1773|12/08/20|392,00|118759|917255|74028/20
5018|ESTANTE MICHAEL SAM01|1773|12/08/20|392,00|118759|917255|74028/20
5019|ESTANTE MICHAEL SAM01|1773|12/08/20|392,00|118759|917255|74028/20
5020|ESTANTE MICHAEL SAM01|1773|12/08/20|392,00|118759|917255|74028/20
5021|ESTANTE MICHAEL SAM01|1773|12/08/20|392,00|118759|917255|74028/20
5022|ESTANTE MICHAEL SAM01|1773|12/08/20|392,00|118759|917255|74028/20
5023|ESTANTE MICHAEL SAM01|1773|12/08/20|392,00|118759|917255|74028/20
5024|ESTANTE MICHAEL SAM01|1773|12/08/20|392,00|118759|917255|74028/20
5025|ESTANTE MICHAEL SAM01|1773|12/08/20|392,00|118759|917255|74028/20
5026|ESTANTE MICHAEL SAM01|1773|12/08/20|392,00|118759|917255|74028/20
5027|ESTANTE MICHAEL SAM01|1773|12/08/20|392,00|118759|917255|74028/20
5028|ESTANTE MICHAEL SAM01|1773|12/08/20|392,00|118759|917255|74028/20
5029|ESTANTE MICHAEL SAM01|1773|12/08/20|392,00|118759|917255|74028/20
5030|ESTANTE MICHAEL SAM01|1773|12/08/20|392,00|118759|917255|74028/20
5031|ESTANTE MICHAEL SAM01|1773|12/08/20|392,00|118759|917255|74028/20
5032|ESTANTE MICHAEL SAM01|1773|12/08/20|392,00|118759|917255|74028/20
5033|ESTANTE MICHAEL SAM01|1773|12/08/20|392,00|118759|917255|74028/20
5034|ESTANTE MICHAEL SAM01|1773|12/08/20|392,00|118759|917255|74028/20
5035|ESTANTE MICHAEL SAM01|1773|12/08/20|392,00|118759|917255|74028/20
5036|ESTANTE MICHAEL SAM01|1773|12/08/20|392,00|118759|917255|74028/20
5037|ESTANTE MICHAEL SAM01|1773|12/08/20|392,00|118759|917255|74028/20
5038|ESTANTE MICHAEL SAM01|1773|12/08/20|392,00|118759|917255|74028/20
5039|ESTANTE MICHAEL SAM01|1773|12/08/20|392,00|118759|917255|74028/20
5040|ESTANTE MICHAEL SAM01|1773|12/08/20|392,00|118759|917255|74028/20
5041|ESTANTE MICHAEL SAM01|1773|12/08/20|392,00|118759|917255|74028/20
5042|ESTANTE MICHAEL SAM01|1773|12/08/20|392,00|118759|917255|74028/20
5043|ESTANTE MICHAEL SAM01|1773|12/08/20|392,00|118759|917255|74028/20
5044|ESTANTE MICHAEL SAM01|1773|12/08/20|392,00|118759|917255|74028/20
5045|ESTANTE MICHAEL SAM01|1773|12/08/20|392,00|118759|917255|74028/20
5046|ESTANTE MICHAEL SAM01|1773|12/08/20|392,00|118759|917255|74028/20
5047|ESTANTE MICHAEL SAM01|1773|12/08/20|392,00|118759|917255|74028/20
5048|ESTANTE MICHAEL SAM01|1773|12/08/20|392,00|118759|917255|74028/20
5049|ESTANTE MICHAEL SAM01|1773|12/08/20|392,00|118759|917255|74028/20
5050|ESTANTE MICHAEL SAM01|1773|12/08/20|392,00|118759|917255|74028/20
5051|ESTANTE MICHAEL SAM01|1773|12/08/20|392,00|118759|917255|74028/20
5052|ESTANTE MICHAEL SAM01|1773|12/08/20|392,00|118759|917255|74028/20
5053|ESTANTE MICHAEL SAM01|1773|12/08/20|392,00|118759|917255|74028/20
5054|ESTANTE MICHAEL SAM01|1773|12/08/20|392,00|118759|917255|74028/20
5055|ESTANTE MICHAEL SAM01|1773|12/08/20|392,00|118759|917255|74028/20
5056|ESTANTE MICHAEL SAM01|1773|12/08/20|392,00|118759|917255|74028/20
5057|ESTANTE MICHAEL SAM01|1773|12/08/20|392,00|118759|917255|74028/20
5058|ESTANTE MICHAEL SAM01|1773|12/08/20|392,00|118759|917255|74028/20
5059|ESTANTE MICHAEL SAM01|1773|12/08/20|392,00|118759|917255|74028/20
5060|ESTANTE MICHAEL SAM01|1773|12/08/20|392,00|118759|917255|74028/20
5061|ESTANTE MICHAEL SAM01|1773|12/08/20|392,00|118759|917255|74028/20
5062|ESTANTE MICHAEL SAM01|1773|12/08/20|392,00|118759|917255|74028/20
5063|ESTANTE MICHAEL SAM01|1773|12/08/20|392,00|118759|917255|74028/20
5064|ESTANTE MICHAEL SAM01|1773|12/08/20|392,00|118759|917255|74028/20
5065|ESTANTE MICHAEL SAM01|1773|12/08/20|392,00|118759|917255|74028/20
5066|ESTANTE MICHAEL SAM01|1773|12/08/20|392,00|118759|917255|74028/20
5067|ESTANTE MICHAEL SAM01|1773|12/08/20|392,00|118759|917255|74028/20
5068|ESTANTE MICHAEL SAM01|1773|12/08/20|392,00|118759|917255|74028/20
5069|ESTANTE MICHAEL SAM01|1773|12/08/20|392,00|118759|917255|74028/20
5070|ESTANTE MICHAEL SAM01|1773|12/08/20|392,00|118759|917255|74028/20
5071|ESTANTE MICHAEL SAM01|1773|12/08/20|392,00|118759|917255|74028/20
5072|ESTANTE MICHAEL SAM01|1773|12/08/20|392,00|118759|917255|74028/20
5073|ESTANTE MICHAEL SAM01|1773|12/08/20|392,00|118759|917255|74028/20
5074|ESTANTE MICHAEL SAM01|1773|12/08/20|392,00|118759|917255|74028/20
5075|ESTANTE MICHAEL SAM01|1773|12/08/20|392,00|118759|917255|74028/20
5076|ESTANTE MICHAEL SAM01|1773|12/08/20|392,00|118759|917255|74028/20
5077|ESTANTE MICHAEL SAM01|1773|12/08/20|392,00|118759|917255|74028/20
5078|ESTANTE MICHAEL SAM01|1773|12/08/20|392,00|118759|917255|74028/20
5079|ESTANTE MICHAEL SAM01|1773|12/08/20|392,00|118759|917255|74028/20
5080|ESTANTE MICHAEL SAM01|1773|12/08/20|392,00|118759|917255|74028/20
5081|ESTANTE MICHAEL SAM01|1773|12/08/20|392,00|118759|917255|74028/20
5082|ESTANTE MICHAEL SAM01|1773|12/08/20|392,00|118759|917255|74028/20
5083|ESTANTE MICHAEL SAM01|1773|12/08/20|392,00|118759|917255|74028/20
5084|ESTANTE MICHAEL SAM01|1773|12/08/20|392,00|118759|917255|74028/20
5085|ESTANTE MICHAEL SAM01|1773|12/08/20|392,00|118759|917255|74028/20
5086|ESTANTE MICHAEL SAM01|1773|12/08/20|392,00|118759|917255|74028/20
5087|ESTANTE MICHAEL SAM01|1773|12/08/20|392,00|118759|917255|74028/20
5088|ESTANTE MICHAEL SAM01|1773|12/08/20|392,00|118759|917255|74028/20
5089|ESTANTE MICHAEL SAM01|1773|12/08/20|392,00|118759|917255|74028/20
5090|ESTANTE MICHAEL SAM01|1773|12/08/20|392,00|118759|917255|74028/20
5091|ESTANTE MICHAEL SAM01|1773|12/08/20|392,00|118759|917255|74028/20
5092|ESTANTE MICHAEL SAM01|1773|12/08/20|392,00|118759|917255|74028/20
5093|ESTANTE MICHAEL SAM01|1773|12/08/20|392,00|118759|917255|74028/20
5094|ESTANTE MICHAEL SAM01|1773|12/08/20|392,00|118759|917255|74028/20
5095|ESTANTE MICHAEL SAM01|1773|12/08/20|392,00|118759|917255|74028/20
5096|ESTANTE MICHAEL SAM01|1773|12/08/20|392,00|118759|917255|74028/20
5097|ESTANTE MICHAEL SAM01|1773|12/08/20|392,00|118759|917255|74028/20
5098|ESTANTE MICHAEL SAM01|1773|12/08/20|392,00|118759|917255|74028/20
5099|ESTANTE MICHAEL SAM01|1773|12/08/20|392,00|118759|917255|74028/20
5100|ESTANTE MICHAEL SAM01|1773|12/08/20|392,00|118759|917255|74028/20
5101|ESTANTE MICHAEL SAM01|1773|12/08/20|392,00|118759|917255|74028/20
5102|ESTANTE MICHAEL SAM01|1773|12/08/20|392,00|118759|917255|74028/20
5103|ESTANTE MICHAEL SAM01|1773|12/08/20|392,00|118759|917255|74028/20
5104|ESTANTE MICHAEL SAM01|1773|12/08/20|392,00|118759|917255|74028/20
5105|ESTANTE MICHAEL SAM01|1773|12/08/20|392,00|118759|917255|74028/20
5106|ESTANTE MICHAEL SAM01|1773|12/08/20|392,00|118759|917255|74028/20
5107|ESTANTE MICHAEL SAM01|1773|12/08/20|392,00|118759|917255|74028/20
5108|ESTANTE MICHAEL SAM01|1773|12/08/20|392,00|118759|917255|74028/20
5109|ESTANTE MICHAEL SAM01|1773|12/08/20|392,00|118759|917255|74028/20
5110|ESTANTE MICHAEL SAM01|1773|12/08/20|392,00|118759|917255|74028/20
5111|ESTANTE MICHAEL SAM01|1773|12/08/20|392,00|118759|917255|74028/20
5112|ESTANTE MICHAEL SAM01|1773|12/08/20|392,00|118759|917255|74028/20
5113|ESTANTE MICHAEL SAM01|1773|12/08/20|392,00|118759|917255|74028/20
5114|ESTANTE MICHAEL SAM01|1773|12/08/20|392,00|118759|917255|74028/20
5115|ESTANTE MICHAEL SAM01|1773|12/08/20|392,00|118759|917255|74028/20
5116|ESTANTE MICHAEL SAM01|1773|12/08/20|392,00|118759|917255|74028/20
5117|ESTANTE MICHAEL SAM01|1773|12/08/20|392,00|118759|917255|74028/20
5118|ESTANTE MICHAEL SAM01|1773|12/08/20|392,00|118759|917255|74028/20
5119|ESTANTE MICHAEL SAM01|1773|12/08/20|392,00|118759|917255|74028/20
5120|ESTANTE MICHAEL SAM01|1773|12/08/20|392,00|118759|917255|74028/20
5121|ESTANTE MICHAEL SAM01|1773|12/08/20|392,00|118759|917255|74028/20
5122|ESTANTE MICHAEL SAM01|1773|12/08/20|392,00|118759|917255|74028/20
5123|ESTANTE MICHAEL SAM01|1773|12/08/20|392,00|118759|917255|74028/20
5124|ESTANTE MICHAEL SAM01|1773|12/08/20|392,00|118759|917255|74028/20
5125|ESTANTE MICHAEL SAM01|1773|12/08/20|392,00|118759|917255|74028/20
5126|ESTANTE MICHAEL SAM01|1773|12/08/20|392,00|118759|917255|74028/20
5127|ESTANTE MICHAEL SAM01|1773|12/08/20|392,00|118759|917255|74028/20
5128|ESTANTE MICHAEL SAM01|1773|12/08/20|392,00|118759|917255|74028/20
5129|ESTANTE MICHAEL SAM01|1773|12/08/20|392,00|118759|917255|74028/20
5130|ESTANTE MICHAEL SAM01|1773|12/08/20|392,00|118759|917255|74028/20
5131|ESTANTE MICHAEL SAM01|1773|12/08/20|392,00|118759|917255|74028/20
5132|ESTANTE MICHAEL SAM01|1773|12/08/20|392,00|118759|917255|74028/20
5133|ESTANTE MICHAEL SAM01|1773|12/08/20|392,00|118759|917255|74028/20
5134|ESTANTE MICHAEL SAM01|1773|12/08/20|392,00|118759|917255|74028/20
5135|ESTANTE MICHAEL SAM01|1773|12/08/20|392,00|118759|917255|74028/20
5136|ESTANTE MICHAEL SAM01|1773|12/08/20|392,00|118759|917255|74028/20
5137|ESTANTE MICHAEL SAM01|1773|12/08/20|392,00|118759|917255|74028/20
5138|ESTANTE MICHAEL SAM01|1773|12/08/20|392,00|118759|917255|74028/20
5139|ESTANTE MICHAEL SAM01|1773|12/08/20|392,00|118759|917255|74028/20
5140|ESTANTE MICHAEL SAM01|1773|12/08/20|392,00|118759|917255|74028/20
5141|ESTANTE MICHAEL SAM01|1773|12/08/20|392,00|118759|917255|74028/20
5142|ESTANTE MICHAEL SAM01|1773|12/08/20|392,00|118759|917255|74028/20
5143|ESTANTE MICHAEL SAM01|1773|12/08/20|392,00|118759|917255|74028/20
5144|ESTANTE MICHAEL SAM01|1773|12/08/20|392,00|118759|917255|74028/20
5145|ESTANTE MICHAEL SAM01|1773|12/08/20|392,00|118759|917255|74028/20
5146|ESTANTE MICHAEL SAM01|1773|12/08/20|392,00|118759|917255|74028/20
5147|ESTANTE MICHAEL SAM01|1773|12/08/20|392,00|118759|917255|74028/20
5148|ESTANTE MICHAEL SAM01|1773|12/08/20|392,00|118759|917255|74028/20
5149|ESTANTE MICHAEL SAM01|1773|12/08/20|392,00|118759|917255|74028/20
5150|ESTANTE MICHAEL SAM01|1773|12/08/20|392,00|118759|917255|74028/20
5151|ESTANTE MICHAEL SAM01|1773|12/08/20|392,00|118759|917255|74028/20
5152|ESTANTE MICHAEL SAM01|1773|12/08/20|392,00|118759|917255|74028/20
5153|ESTANTE MICHAEL SAM01|1773|12/08/20|392,00|118759|917255|74028/20
5154|ESTANTE MICHAEL SAM01|1773|12/08/20|392,00|118759|917255|74028/20
5155|ESTANTE MICHAEL SAM01|1773|12/08/20|392,00|118759|917255|74028/20
5156|ESTANTE MICHAEL SAM01|1773|12/08/20|392,00|118759|917255|74028/20
5157|ESTANTE MICHAEL SAM01|1773|12/08/20|392,00|118759|917255|74028/20
5158|ESTANTE MICHAEL SAM01|1773|12/08/20|392,00|118759|917255|74028/20
5159|ESTANTE MICHAEL SAM01|1773|12/08/20|392,00|118759|917255|74028/20
5160|ESTANTE MICHAEL SAM01|1773|12/08/20|392,00|118759|917255|74028/20
5161|ESTANTE MICHAEL SAM01|1773|12/08/20|392,00|118759|917255|74028/20
5162|ESTANTE MICHAEL SAM01|1773|12/08/20|392,00|118759|917255|74028/20
5163|ESTANTE MICHAEL SAM01|1773|12/08/20|392,00|118759|917255|74028/20
5164|ESTANTE MICHAEL SAM01|1773|12/08/20|392,00|118759|917255|74028/20
5165|ESTANTE MICHAEL SAM01|1773|12/08/20|392,00|118759|917255|74028/20
5166|ESTANTE MICHAEL SAM01|1773|12/08/20|392,00|118759|917255|74028/20
5167|ESTANTE MICHAEL SAM01|1773|12/08/20|392,00|118759|917255|74028/20
5168|ESTANTE MICHAEL SAM01|1773|12/08/20|392,00|118759|917255|74028/20
5169|ESTANTE MICHAEL SAM01|1773|12/08/20|392,00|118759|917255|74028/20
5170|ESTANTE MICHAEL SAM01|1773|12/08/20|392,00|118759|917255|74028/20
5171|ESTANTE MICHAEL SAM01|1773|12/08/20|392,00|118759|917255|74028/20
5172|ESTANTE MICHAEL SAM01|1773|12/08/20|392,00|118759|917255|74028/20
5173|ESTANTE MICHAEL SAM01|1773|12/08/20|392,00|118759|917255|74028/20
5174|ESTANTE MICHAEL SAM01|1773|12/08/20|392,00|118759|917255|74028/20
5175|ESTANTE MICHAEL SAM01|1773|12/08/20|392,00|118759|917255|74028/20
5176|ESTANTE MICHAEL SAM01|1773|12/08/20|392,00|118759|917255|74028/20
5177|ESTANTE MICHAEL SAM01|1773|12/08/20|392,00|118759|917255|74028/20
5178|ESTANTE MICHAEL SAM01|1773|12/08/20|392,00|118759|917255|74028/20
5179|ESTANTE MICHAEL SAM01|1773|12/08/20|392,00|118759|917255|74028/20
5180|ESTANTE MICHAEL SAM01|1773|12/08/20|392,00|118759|917255|74028/20
5181|ESTANTE MICHAEL SAM01|1773|12/08/20|392,00|118759|917255|74028/20
5182|ESTANTE MICHAEL SAM01|1773|12/08/20|392,00|118759|917255|74028/20
5183|ESTANTE MICHAEL SAM01|1773|12/08/20|392,00|118759|917255|74028/20
5184|ESTANTE MICHAEL SAM01|1773|12/08/20|392,00|118759|917255|74028/20
5185|ESTANTE MICHAEL SAM01|1773|12/08/20|392,00|118759|917255|74028/20
5186|ESTANTE MICHAEL SAM01|1773|12/08/20|392,00|118759|917255|74028/20
5187|ESTANTE MICHAEL SAM01|1773|12/08/20|392,00|118759|917255|74028/20
5188|ESTANTE MICHAEL SAM01|1773|12/08/20|392,00|118759|917255|74028/20
5189|ESTANTE MICHAEL SAM01|1773|12/08/20|392,00|118759|917255|74028/20
5190|ESTANTE MICHAEL SAM01|1773|12/08/20|392,00|118759|917255|74028/20
5191|ESTANTE MICHAEL SAM01|1773|12/08/20|392,00|118759|917255|74028/20
5192|ESTANTE MICHAEL SAM01|1773|12/08/20|392,00|118759|917255|74028/20
5193|ESTANTE MICHAEL SAM01|1773|12/08/20|392,00|118759|917255|74028/20
5194|ESTANTE MICHAEL SAM01|1773|12/08/20|392,00|118759|917255|74028/20
5195|ESTANTE MICHAEL SAM01|1773|12/08/20|392,00|118759|917255|74028/20
5196|ESTANTE MICHAEL SAM01|1773|12/08/20|392,00|118759|917255|74028/20
5197|ESTANTE MICHAEL SAM01|1773|12/08/20|392,00|118759|917255|74028/20
5198|ESTANTE MICHAEL SAM01|1773|12/08/20|392,00|118759|917255|74028/20
5199|ESTANTE MICHAEL SAM01|1773|12/08/20|392,00|118759|917255|74028/20
5200|ESTANTE MICHAEL SAM01|1773|12/08/20|392,00|118759|917255|74028/20
5201|ESTANTE MICHAEL SAM01|1773|12/08/20|392,00|118759|917255|74028/20
5202|ESTANTE MICHAEL SAM01|1773|12/08/20|392,00|118759|917255|74028/20
5203|ESTANTE MICHAEL SAM01|1773|12/08/20|392,00|118759|917255|74028/20
5204|ESTANTE MICHAEL SAM01|1773|12/08/20|392,00|118759|917255|74028/20
5205|ESTANTE MICHAEL SAM01|1773|12/08/20|392,00|118759|917255|74028/20
5206|ESTANTE MICHAEL SAM01|1773|12/08/20|392,00|118759|917255|74028/20
5207|ESTANTE MICHAEL SAM01|1773|12/08/20|392,00|118759|917255|74028/20
5208|ESTANTE MICHAEL SAM01|1773|12/08/20|392,00|118759|917255|74028/20
5209|ESTANTE MICHAEL SAM01|1773|12/08/20|392,00|118759|917255|74028/20
5210|ESTANTE MICHAEL SAM01|1773|12/08/20|392,00|118759|917255|74028/20
5211|ESTANTE MICHAEL SAM01|1773|12/08/20|392,00|118759|917255|74028/20
5212|ESTANTE MICHAEL SAM01|1773|12/08/20|392,00|118759|917255|74028/20
5213|ESTANTE MICHAEL SAM01|1773|12/08/20|392,00|118759|917255|74028/20
5214|ESTANTE MICHAEL SAM01|1773|12/08/20|392,00|118759|917255|74028/20
5215|ESTANTE MICHAEL SAM01|1773|12/08/20|392,00|118759|917255|74028/20
5216|ESTANTE MICHAEL SAM01|1773|12/08/20|392,00|118759|917255|74028/20
5217|ESTANTE MICHAEL SAM01|1773|12/08/20|392,00|118759|917255|74028/20
5218|ESTANTE MICHAEL SAM01|1773|12/08/20|392,00|118759|917255|74028/20
5219|ESTANTE MICHAEL SAM01|1773|12/08/20|392,00|118759|917255|74028/20
5220|ESTANTE MICHAEL SAM01|1773|12/08/20|392,00|118759|917255|74028/20
5221|ESTANTE MICHAEL SAM01|1773|12/08/20|392,00|118759|917255|74028/20
5222|ESTANTE MICHAEL SAM01|1773|12/08/20|392,00|118759|917255|74028/20
5223|ESTANTE MICHAEL SAM01|1773|12/08/20|392,00|118759|917255|74028/20
5224|ESTANTE MICHAEL SAM01|1773|12/08/20|392,00|118759|917255|74028/20
5225|ESTANTE MICHAEL SAM01|1773|12/08/20|392,00|118759|917255|74028/20
5226|ESTANTE MICHAEL SAM01|1773|12/08/20|392,00|118759|917255|74028/20
5227|ESTANTE MICHAEL SAM01|1773|12/08/20|392,00|118759|917255|74028/20
5228|ESTANTE MICHAEL SAM01|1773|12/08/20|392,00|118759|917255|74028/20
5229|ESTANTE MICHAEL SAM01|1773|12/08/20|392,00|118759|917255|74028/20
5230|ESTANTE MICHAEL SAM01|1773|12/08/20|392,00|118759|917255|74028/20
5231|ESTANTE MICHAEL SAM01|1773|12/08/20|392,00|118759|917255|74028/20
5232|ESTANTE MICHAEL SAM01|1773|12/08/20|392,00|118759|917255|74028/20
5233|ESTANTE MICHAEL SAM01|1773|12/08/20|392,00|118759|917255|74028/20
5234|ESTANTE MICHAEL SAM01|1773|12/08/20|392,00|118759|917255|74028/20
5235|ESTANTE MICHAEL SAM01|1773|12/08/20|392,00|118759|917255|74028/20
5236|ESTANTE MICHAEL SAM01|1773|12/08/20|392,00|118759|917255|74028/20
5237|ESTANTE MICHAEL SAM01|1773|12/08/20|392,00|118759|917255|74028/20
5238|ESTANTE MICHAEL SAM01|1773|12/08/20|392,00|118759|917255|74028/20
5239|ESTANTE MICHAEL SAM01|1773|12/08/20|392,00|118759|917255|74028/20
5240|ESTANTE MICHAEL SAM01|1773|12/08/20|392,00|118759|917255|74028/20
5241|ESTANTE MICHAEL SAM01|1773|12/08/20|392,00|118759|917255|74028/20
5242|ESTANTE MICHAEL SAM01|1773|12/08/20|392,00|118759|917255|74028/20
5243|ESTANTE MICHAEL SAM01|1773|12/08/20|392,00|118759|917255|74028/20
5244|ESTANTE MICHAEL SAM01|1773|12/08/20|392,00|118759|917255|74028/20
5245|ESTANTE MICHAEL SAM01|1773|12/08/20|392,00|118759|917255|74028/20
5246|ESTANTE MICHAEL SAM01|1773|12/08/20|392,00|118759|917255|74028/20
5247|ESTANTE MICHAEL SAM01|1773|12/08/20|392,00|118759|917255|74028/20
5248|ESTANTE MICHAEL SAM01|1773|12/08/20|392,00|118759|917255|74028/20
5249|ESTANTE MICHAEL SAM01|1773|12/08/20|392,00|118759|917255|74028/20
5250|ESTANTE MICHAEL SAM01|1773|12/08/20|392,00|118759|917255|74028/20
5251|ESTANTE MICHAEL SAM01|1773|12/08/20|392,00|118759|917255|74028/20
5252|ESTANTE MICHAEL SAM01|1773|12/08/20|392,00|118759|917255|74028/20
5253|ESTANTE MICHAEL SAM01|1773|12/08/20|392,00|118759|917255|74028/20
5254|ESTANTE MICHAEL SAM01|1773|12/08/20|392,00|118759|917255|74028/20
5255|ESTANTE MICHAEL SAM01|1773|12/08/20|392,00|118759|917255|74028/20
5256|ESTANTE MICHAEL SAM01|1773|12/08/20|392,00|118759|917255|74028/20
5257|ESTANTE MICHAEL SAM01|1773|12/08/20|392,00|118759|917255|74028/20
5258|ESTANTE MICHAEL SAM01|1773|12/08/20|392,00|118759|917255|74028/20
5259|ESTANTE MICHAEL SAM01|1773|12/08/20|392,00|118759|917255|74028/20
5260|ESTANTE MICHAEL SAM01|1773|12/08/20|392,00|118759|917255|74028/20
5261|ESTANTE MICHAEL SAM01|1773|12/08/20|392,00|118759|917255|74028/20
5262|ESTANTE MICHAEL SAM01|1773|12/08/20|392,00|118759|917255|74028/20
5263|ESTANTE MICHAEL SAM01|1773|12/08/20|392,00|118759|917255|74028/20
5264|ESTANTE MICHAEL SAM01|1773|12/08/20|392,00|118759|917255|74028/20
5265|ESTANTE MICHAEL SAM01|1773|12/08/20|392,00|118759|917255|74028/20
5266|ESTANTE MICHAEL SAM01|1773|12/08/20|392,00|118759|917255|74028/20
5267|ESTANTE MICHAEL SAM01|1773|12/08/20|392,00|118759|917255|74028/20
5268|ESTANTE MICHAEL SAM01|1773|12/08/20|392,00|118759|917255|74028/20
5269|ESTANTE MICHAEL SAM01|1773|12/08/20|392,00|118759|917255|74028/20
5270|ESTANTE MICHAEL SAM01|1773|12/08/20|392,00|118759|917255|74028/20
5271|ESTANTE MICHAEL SAM01|1773|12/08/20|392,00|118759|917255|74028/20
5272|ESTANTE MICHAEL SAM01|1773|12/08/20|392,00|118759|917255|74028/20
5273|ESTANTE MICHAEL SAM01|1773|12/08/20|392,00|118759|917255|74028/20
5274|ESTANTE MICHAEL SAM01|1773|12/08/20|392,00|118759|917255|74028/20
5275|ESTANTE MICHAEL SAM01|1773|12/08/20|392,00|118759|917255|74028/20
5276|ESTANTE MICHAEL SAM01|1773|12/08/20|392,00|118759|917255|74028/20
5277|ESTANTE MICHAEL SAM01|1773|12/08/20|392,00|118759|917255|74028/20
5278|ESTANTE MICHAEL SAM01|1773|12/08/20|392,00|118759|917255|74028/20
5279|ESTANTE MICHAEL SAM01|1773|12/08/20|392,00|118759|917255|74028/20
5280|ESTANTE MICHAEL SAM01|1773|12/08/20|392,00|118759|917255|74028/20
5281|ESTANTE MICHAEL SAM01|1773|12/08/20|392,00|118759|917255|74028/20
5282|ESTANTE MICHAEL SAM01|1773|12/08/20|392,00|118759|917255|74028/20
5283|ESTANTE MICHAEL SAM01|1773|12/08/20|392,00|118759|917255|74028/20
5284|ESTANTE MICHAEL SAM01|1773|12/08/20|392,00|118759|917255|74028/20
5285|ESTANTE MICHAEL SAM01|1773|12/08/20|392,00|118759|917255|74028/20
5286|ESTANTE MICHAEL SAM01|1773|12/08/20|392,00|118759|917255|74028/20
5287|ESTANTE MICHAEL SAM01|1773|12/08/20|392,00|118759|917255|74028/20
5288|ESTANTE MICHAEL SAM01|1773|12/08/20|392,00|118759|917255|74028/20
5289|ESTANTE MICHAEL SAM01|1773|12/08/20|392,00|118759|917255|74028/20
5290|ESTANTE MICHAEL SAM01|1773|12/08/20|392,00|118759|917255|74028/20
5291|ESTANTE MICHAEL SAM01|1773|12/08/20|392,00|118759|917255|74028/20
5292|ESTANTE MICHAEL SAM01|1773|12/08/20|392,00|118759|917255|74028/20
5293|ESTANTE MICHAEL SAM01|1773|12/08/20|392,00|118759|917255|74028/20
5294|ESTANTE MICHAEL SAM01|1773|12/08/20|392,00|118759|917255|74028/20
5295|TROMPETE VOGGA VSTR70IN LAQUEA|1740|12/08/20|458,00|118759|917255|74028/20
5296|TROMPETE VOGGA VSTR70IN LAQUEA|1740|12/08/20|458,00|118759|917255|74028/20
5297|TROMPETE VOGGA VSTR70IN LAQUEA|1740|12/08/20|458,00|118759|917255|74028/20
5298|TROMPETE VOGGA VSTR70IN LAQUEA|1740|12/08/20|458,00|118759|917255|74028/20
5299|TROMPETE VOGGA VSTR70IN LAQUEA|1740|12/08/20|458,00|118759|917255|74028/20
5300|TROMPETE VOGGA VSTR70IN LAQUEA|1740|12/08/20|458,00|118759|917255|74028/20
5301|TROMPETE VOGGA VSTR70IN LAQUEA|1740|12/08/20|458,00|118759|917255|74028/20
5302|TROMPETE VOGGA VSTR70IN LAQUEA|1740|12/08/20|458,00|118759|917255|74028/20
5303|TROMPETE VOGGA VSTR70IN LAQUEA|1740|12/08/20|458,00|118759|917255|74028/20
5304|TROMPETE VOGGA VSTR70IN LAQUEA|1740|12/08/20|458,00|118759|917255|74028/20
5305|TROMPETE VOGGA VSTR70IN LAQUEA|1740|12/08/20|458,00|118759|917255|74028/20
5306|TROMPETE VOGGA VSTR70IN LAQUEA|1740|12/08/20|458,00|118759|917255|74028/20
5307|TROMPETE VOGGA VSTR70IN LAQUEA|1740|12/08/20|458,00|118759|917255|74028/20
5308|TROMPETE VOGGA VSTR70IN LAQUEA|1740|12/08/20|458,00|118759|917255|74028/20
5309|TROMPETE VOGGA VSTR70IN LAQUEA|1740|12/08/20|458,00|118759|917255|74028/20
5310|TROMPETE VOGGA VSTR70IN LAQUEA|1740|12/08/20|458,00|118759|917255|74028/20
5311|TROMPETE VOGGA VSTR70IN LAQUEA|1740|12/08/20|458,00|118759|917255|74028/20
5312|TROMPETE VOGGA VSTR70IN LAQUEA|1740|12/08/20|458,00|118759|917255|74028/20
5313|TROMPETE VOGGA VSTR70IN LAQUEA|1740|12/08/20|458,00|118759|917255|74028/20
5314|TROMPETE VOGGA VSTR70IN LAQUEA|1740|12/08/20|458,00|118759|917255|74028/20
5315|TROMPETE VOGGA VSTR70IN LAQUEA|1740|12/08/20|458,00|118759|917255|74028/20
5316|TROMPETE VOGGA VSTR70IN LAQUEA|1740|12/08/20|458,00|118759|917255|74028/20
5317|TROMPETE VOGGA VSTR70IN LAQUEA|1740|12/08/20|458,00|118759|917255|74028/20
5318|TROMPETE VOGGA VSTR70IN LAQUEA|1740|12/08/20|458,00|118759|917255|74028/20
5319|TROMPETE VOGGA VSTR70IN LAQUEA|1740|12/08/20|458,00|118759|917255|74028/20
5320|TROMPETE VOGGA VSTR70IN LAQUEA|1740|12/08/20|458,00|118759|917255|74028/20
5321|TROMPETE VOGGA VSTR70IN LAQUEA|1740|12/08/20|458,00|118759|917255|74028/20
5322|TROMPETE VOGGA VSTR70IN LAQUEA|1740|12/08/20|458,00|118759|917255|74028/20
5323|TROMPETE VOGGA VSTR70IN LAQUEA|1740|12/08/20|458,00|118759|917255|74028/20
5324|TROMPETE VOGGA VSTR70IN LAQUEA|1740|12/08/20|458,00|118759|917255|74028/20
5325|TROMPETE VOGGA VSTR70IN LAQUEA|1740|12/08/20|458,00|118759|917255|74028/20
5326|TROMPETE VOGGA VSTR70IN LAQUEA|1740|12/08/20|458,00|118759|917255|74028/20
5327|TROMPETE VOGGA VSTR70IN LAQUEA|1740|12/08/20|458,00|118759|917255|74028/20
5328|TROMPETE VOGGA VSTR70IN LAQUEA|1740|12/08/20|458,00|118759|917255|74028/20
5329|TROMPETE VOGGA VSTR70IN LAQUEA|1740|12/08/20|458,00|118759|917255|74028/20
5330|TROMPETE VOGGA VSTR70IN LAQUEA|1740|12/08/20|458,00|118759|917255|74028/20
5331|TROMPETE VOGGA VSTR70IN LAQUEA|1740|12/08/20|458,00|118759|917255|74028/20
5332|TROMPETE VOGGA VSTR70IN LAQUEA|1740|12/08/20|458,00|118759|917255|74028/20
5333|TROMPETE VOGGA VSTR70IN LAQUEA|1740|12/08/20|458,00|118759|917255|74028/20
5334|TROMPETE VOGGA VSTR70IN LAQUEA|1740|12/08/20|458,00|118759|917255|74028/20
5335|TROMPETE VOGGA VSTR70IN LAQUEA|1740|12/08/20|458,00|118759|917255|74028/20
5336|TROMPETE VOGGA VSTR70IN LAQUEA|1740|12/08/20|458,00|118759|917255|74028/20
5337|TROMPETE VOGGA VSTR70IN LAQUEA|1740|12/08/20|458,00|118759|917255|74028/20
5338|TROMPETE VOGGA VSTR70IN LAQUEA|1740|12/08/20|458,00|118759|917255|74028/20
5339|TROMPETE VOGGA VSTR70IN LAQUEA|1740|12/08/20|458,00|118759|917255|74028/20
5340|TROMPETE VOGGA VSTR70IN LAQUEA|1740|12/08/20|458,00|118759|917255|74028/20
5341|TROMPETE VOGGA VSTR70IN LAQUEA|1740|12/08/20|458,00|118759|917255|74028/20
5342|TROMPETE VOGGA VSTR70IN LAQUEA|1740|12/08/20|458,00|118759|917255|74028/20
5343|TROMPETE VOGGA VSTR70IN LAQUEA|1740|12/08/20|458,00|118759|917255|74028/20
5344|TROMPETE VOGGA VSTR70IN LAQUEA|1740|12/08/20|458,00|118759|917255|74028/20
5345|TROMPETE VOGGA VSTR70IN LAQUEA|1740|12/08/20|458,00|118759|917255|74028/20
5346|TROMPETE VOGGA VSTR70IN LAQUEA|1740|12/08/20|458,00|118759|917255|74028/20
5347|TROMPETE VOGGA VSTR70IN LAQUEA|1740|12/08/20|458,00|118759|917255|74028/20
5348|TROMPETE VOGGA VSTR70IN LAQUEA|1740|12/08/20|458,00|118759|917255|74028/20
5349|TROMPETE VOGGA VSTR70IN LAQUEA|1740|12/08/20|458,00|118759|917255|74028/20
5350|TROMPETE VOGGA VSTR70IN LAQUEA|1740|12/08/20|458,00|118759|917255|74028/20
5351|TROMPETE VOGGA VSTR70IN LAQUEA|1740|12/08/20|458,00|118759|917255|74028/20
5352|TROMPETE VOGGA VSTR70IN LAQUEA|1740|12/08/20|458,00|118759|917255|74028/20
5353|TROMPETE VOGGA VSTR70IN LAQUEA|1740|12/08/20|458,00|118759|917255|74028/20
5354|TROMPETE VOGGA VSTR70IN LAQUEA|1740|12/08/20|458,00|118759|917255|74028/20
5355|TROMPETE VOGGA VSTR70IN LAQUEA|1740|12/08/20|458,00|118759|917255|74028/20
5356|TROMPETE VOGGA VSTR70IN LAQUEA|1740|12/08/20|458,00|118759|917255|74028/20
5357|TROMPETE VOGGA VSTR70IN LAQUEA|1740|12/08/20|458,00|118759|917255|74028/20
5358|TROMPETE VOGGA VSTR70IN LAQUEA|1740|12/08/20|458,00|118759|917255|74028/20
5359|TROMPETE VOGGA VSTR70IN LAQUEA|1740|12/08/20|458,00|118759|917255|74028/20
5360|TROMPETE VOGGA VSTR70IN LAQUEA|1740|12/08/20|458,00|118759|917255|74028/20
5361|TROMPETE VOGGA VSTR70IN LAQUEA|1740|12/08/20|458,00|118759|917255|74028/20
5362|TROMPETE VOGGA VSTR70IN LAQUEA|1740|12/08/20|458,00|118759|917255|74028/20
5363|TROMPETE VOGGA VSTR70IN LAQUEA|1740|12/08/20|458,00|118759|917255|74028/20
5364|TROMPETE VOGGA VSTR70IN LAQUEA|1740|12/08/20|458,00|118759|917255|74028/20
5365|TROMPETE VOGGA VSTR70IN LAQUEA|1740|12/08/20|458,00|118759|917255|74028/20
5366|TROMPETE VOGGA VSTR70IN LAQUEA|1740|12/08/20|458,00|118759|917255|74028/20
5367|TROMPETE VOGGA VSTR70IN LAQUEA|1740|12/08/20|458,00|118759|917255|74028/20
5368|TROMPETE VOGGA VSTR70IN LAQUEA|1740|12/08/20|458,00|118759|917255|74028/20
5369|TROMPETE VOGGA VSTR70IN LAQUEA|1740|12/08/20|458,00|118759|917255|74028/20
5370|TROMPETE VOGGA VSTR70IN LAQUEA|1740|12/08/20|458,00|118759|917255|74028/20
5371|TROMPETE VOGGA VSTR70IN LAQUEA|1740|12/08/20|458,00|118759|917255|74028/20
5372|TROMPETE VOGGA VSTR70IN LAQUEA|1740|12/08/20|458,00|118759|917255|74028/20
5373|TROMPETE VOGGA VSTR70IN LAQUEA|1740|12/08/20|458,00|118759|917255|74028/20
5374|TROMPETE VOGGA VSTR70IN LAQUEA|1740|12/08/20|458,00|118759|917255|74028/20
5375|TROMPETE VOGGA VSTR70IN LAQUEA|1740|12/08/20|458,00|118759|917255|74028/20
5376|TROMPETE VOGGA VSTR70IN LAQUEA|1740|12/08/20|458,00|118759|917255|74028/20
5377|TROMPETE VOGGA VSTR70IN LAQUEA|1740|12/08/20|458,00|118759|917255|74028/20
5378|TROMPETE VOGGA VSTR70IN LAQUEA|1740|12/08/20|458,00|118759|917255|74028/20
5379|TROMPETE VOGGA VSTR70IN LAQUEA|1740|12/08/20|458,00|118759|917255|74028/20
5380|TROMPETE VOGGA VSTR70IN LAQUEA|1740|12/08/20|458,00|118759|917255|74028/20
5381|TROMPETE VOGGA VSTR70IN LAQUEA|1740|12/08/20|458,00|118759|917255|74028/20
5382|TROMPETE VOGGA VSTR70IN LAQUEA|1740|12/08/20|458,00|118759|917255|74028/20
5383|TROMPETE VOGGA VSTR70IN LAQUEA|1740|12/08/20|458,00|118759|917255|74028/20
5384|TROMPETE VOGGA VSTR70IN LAQUEA|1740|12/08/20|458,00|118759|917255|74028/20
5385|TROMPETE VOGGA VSTR70IN LAQUEA|1740|12/08/20|458,00|118759|917255|74028/20
5386|TROMPETE VOGGA VSTR70IN LAQUEA|1740|12/08/20|458,00|118759|917255|74028/20
5387|TROMPETE VOGGA VSTR70IN LAQUEA|1740|12/08/20|458,00|118759|917255|74028/20
5388|TROMPETE VOGGA VSTR70IN LAQUEA|1740|12/08/20|458,00|118759|917255|74028/20
5389|TROMPETE VOGGA VSTR70IN LAQUEA|1740|12/08/20|458,00|118759|917255|74028/20
5390|TROMPETE VOGGA VSTR70IN LAQUEA|1740|12/08/20|458,00|118759|917255|74028/20
5391|TROMPETE VOGGA VSTR70IN LAQUEA|1740|12/08/20|458,00|118759|917255|74028/20
5392|TROMPETE VOGGA VSTR70IN LAQUEA|1740|12/08/20|458,00|118759|917255|74028/20
5393|TROMPETE VOGGA VSTR70IN LAQUEA|1740|12/08/20|458,00|118759|917255|74028/20
5394|TROMPETE VOGGA VSTR70IN LAQUEA|1740|12/08/20|458,00|118759|917255|74028/20
5395|TROMPETE VOGGA VSTR70IN LAQUEA|1740|12/08/20|458,00|118759|917255|74028/20
5396|TROMPETE VOGGA VSTR70IN LAQUEA|1740|12/08/20|458,00|118759|917255|74028/20
5397|TROMPETE VOGGA VSTR70IN LAQUEA|1740|12/08/20|458,00|118759|917255|74028/20
5398|TROMPETE VOGGA VSTR70IN LAQUEA|1740|12/08/20|458,00|118759|917255|74028/20
5399|TROMPETE VOGGA VSTR70IN LAQUEA|1740|12/08/20|458,00|118759|917255|74028/20
5400|TROMPETE VOGGA VSTR70IN LAQUEA|1740|12/08/20|458,00|118759|917255|74028/20
5401|TROMPETE VOGGA VSTR70IN LAQUEA|1740|12/08/20|458,00|118759|917255|74028/20
5402|TROMPETE VOGGA VSTR70IN LAQUEA|1740|12/08/20|458,00|118759|917255|74028/20
5403|TROMPETE VOGGA VSTR70IN LAQUEA|1740|12/08/20|458,00|118759|917255|74028/20
5404|TROMPETE VOGGA VSTR70IN LAQUEA|1740|12/08/20|458,00|118759|917255|74028/20
5405|TROMPETE VOGGA VSTR70IN LAQUEA|1740|12/08/20|458,00|118759|917255|74028/20
5406|TROMPETE VOGGA VSTR70IN LAQUEA|1740|12/08/20|458,00|118759|917255|74028/20
5407|TROMBONE MICHAEL WTMM35N LAQ|1740|12/08/20|1304,00|118759|917255|74028/20
5408|TROMBONE MICHAEL WTMM35N LAQ|1740|12/08/20|1304,00|118759|917255|74028/20
5409|TROMBONE MICHAEL WTMM35N LAQ|1740|12/08/20|1304,00|118759|917255|74028/20
5410|TROMBONE MICHAEL WTMM35N LAQ|1740|12/08/20|1304,00|118759|917255|74028/20
5411|TROMBONE MICHAEL WTMM35N LAQ|1740|12/08/20|1304,00|118759|917255|74028/20
5412|TROMBONE MICHAEL WTMM35N LAQ|1740|12/08/20|1304,00|118759|917255|74028/20
5413|TROMBONE MICHAEL WTMM35N LAQ|1740|12/08/20|1304,00|118759|917255|74028/20
5414|TROMBONE MICHAEL WTMM35N LAQ|1740|12/08/20|1304,00|118759|917255|74028/20
5415|TROMBONE MICHAEL WTMM35N LAQ|1740|12/08/20|1304,00|118759|917255|74028/20
5416|TROMBONE MICHAEL WTMM35N LAQ|1740|12/08/20|1304,00|118759|917255|74028/20
5417|TROMBONE MICHAEL WTMM35N LAQ|1740|12/08/20|1304,00|118759|917255|74028/20
5418|TROMBONE MICHAEL WTMM35N LAQ|1740|12/08/20|1304,00|118759|917255|74028/20
5419|TROMBONE MICHAEL WTMM35N LAQ|1740|12/08/20|1304,00|118759|917255|74028/20
5420|TROMBONE MICHAEL WTMM35N LAQ|1740|12/08/20|1304,00|118759|917255|74028/20
5421|TROMBONE MICHAEL WTMM35N LAQ|1740|12/08/20|1304,00|118759|917255|74028/20
5422|TROMBONE MICHAEL WTMM35N LAQ|1740|12/08/20|1304,00|118759|917255|74028/20
5423|TROMBONE MICHAEL WTMM35N LAQ|1740|12/08/20|1304,00|118759|917255|74028/20
5424|TROMBONE MICHAEL WTMM35N LAQ|1740|12/08/20|1304,00|118759|917255|74028/20
5425|TROMBONE MICHAEL WTMM35N LAQ|1740|12/08/20|1304,00|118759|917255|74028/20
5426|TROMBONE MICHAEL WTMM35N LAQ|1740|12/08/20|1304,00|118759|917255|74028/20
5427|TROMBONE MICHAEL WTMM35N LAQ|1740|12/08/20|1304,00|118759|917255|74028/20
5428|TROMBONE MICHAEL WTMM35N LAQ|1740|12/08/20|1304,00|118759|917255|74028/20
5429|TROMBONE MICHAEL WTMM35N LAQ|1740|12/08/20|1304,00|118759|917255|74028/20
5430|TROMBONE MICHAEL WTMM35N LAQ|1740|12/08/20|1304,00|118759|917255|74028/20
5431|TROMBONE MICHAEL WTMM35N LAQ|1740|12/08/20|1304,00|118759|917255|74028/20
5432|TROMBONE MICHAEL WTMM35N LAQ|1740|12/08/20|1304,00|118759|917255|74028/20
5433|TROMBONE MICHAEL WTMM35N LAQ|1740|12/08/20|1304,00|118759|917255|74028/20
5434|TROMBONE MICHAEL WTMM35N LAQ|1740|12/08/20|1304,00|118759|917255|74028/20
5435|TROMBONE MICHAEL WTMM35N LAQ|1740|12/08/20|1304,00|118759|917255|74028/20
5436|TROMBONE MICHAEL WTMM35N LAQ|1740|12/08/20|1304,00|118759|917255|74028/20
5437|TROMBONE MICHAEL WTMM35N LAQ|1740|12/08/20|1304,00|118759|917255|74028/20
5438|TROMBONE MICHAEL WTMM35N LAQ|1740|12/08/20|1304,00|118759|917255|74028/20
5439|TROMBONE MICHAEL WTMM35N LAQ|1740|12/08/20|1304,00|118759|917255|74028/20
5440|TROMBONE MICHAEL WTMM35N LAQ|1740|12/08/20|1304,00|118759|917255|74028/20
5441|TROMBONE MICHAEL WTMM35N LAQ|1740|12/08/20|1304,00|118759|917255|74028/20
5442|TROMBONE MICHAEL WTMM35N LAQ|1740|12/08/20|1304,00|118759|917255|74028/20
5443|TROMBONE MICHAEL WTMM35N LAQ|1740|12/08/20|1304,00|118759|917255|74028/20
5444|TROMBONE MICHAEL WTMM35N LAQ|1740|12/08/20|1304,00|118759|917255|74028/20
5445|TROMBONE MICHAEL WTMM35N LAQ|1740|12/08/20|1304,00|118759|917255|74028/20
5446|TROMBONE MICHAEL WTMM35N LAQ|1740|12/08/20|1304,00|118759|917255|74028/20
5447|TROMBONE MICHAEL WTMM35N LAQ|1740|12/08/20|1304,00|118759|917255|74028/20
5448|TROMBONE MICHAEL WTMM35N LAQ|1740|12/08/20|1304,00|118759|917255|74028/20
5449|TROMBONE MICHAEL WTMM35N LAQ|1740|12/08/20|1304,00|118759|917255|74028/20
5450|TROMBONE MICHAEL WTMM35N LAQ|1740|12/08/20|1304,00|118759|917255|74028/20
5451|TROMBONE MICHAEL WTMM35N LAQ|1740|12/08/20|1304,00|118759|917255|74028/20
5452|TROMBONE MICHAEL WTMM35N LAQ|1740|12/08/20|1304,00|118759|917255|74028/20
5453|TROMBONE MICHAEL WTMM35N LAQ|1740|12/08/20|1304,00|118759|917255|74028/20
5454|TROMBONE MICHAEL WTMM35N LAQ|1740|12/08/20|1304,00|118759|917255|74028/20
5455|TROMBONE MICHAEL WTMM35N LAQ|1740|12/08/20|1304,00|118759|917255|74028/20
5456|TROMBONE MICHAEL WTMM35N LAQ|1740|12/08/20|1304,00|118759|917255|74028/20
5457|TROMBONE MICHAEL WTMM35N LAQ|1740|12/08/20|1304,00|118759|917255|74028/20
5458|TROMBONE MICHAEL WTMM35N LAQ|1740|12/08/20|1304,00|118759|917255|74028/20
5459|TROMBONE MICHAEL WTMM35N LAQ|1740|12/08/20|1304,00|118759|917255|74028/20
5460|TROMBONE MICHAEL WTMM35N LAQ|1740|12/08/20|1304,00|118759|917255|74028/20
5461|TROMBONE MICHAEL WTMM35N LAQ|1740|12/08/20|1304,00|118759|917255|74028/20
5462|TROMBONE MICHAEL WTMM35N LAQ|1740|12/08/20|1304,00|118759|917255|74028/20
5463|TROMBONE MICHAEL WTMM35N LAQ|1740|12/08/20|1304,00|118759|917255|74028/20
5464|TROMBONE MICHAEL WTMM35N LAQ|1740|12/08/20|1304,00|118759|917255|74028/20
5465|TROMBONE MICHAEL WTMM35N LAQ|1740|12/08/20|1304,00|118759|917255|74028/20
5466|TROMBONE MICHAEL WTMM35N LAQ|1740|12/08/20|1304,00|118759|917255|74028/20
5467|TROMBONE MICHAEL WTMM35N LAQ|1740|12/08/20|1304,00|118759|917255|74028/20
5468|TROMBONE MICHAEL WTMM35N LAQ|1740|12/08/20|1304,00|118759|917255|74028/20
5469|TROMBONE MICHAEL WTMM35N LAQ|1740|12/08/20|1304,00|118759|917255|74028/20
5470|TROMBONE MICHAEL WTMM35N LAQ|1740|12/08/20|1304,00|118759|917255|74028/20
5471|TROMBONE MICHAEL WTMM35N LAQ|1740|12/08/20|1304,00|118759|917255|74028/20
5472|TROMBONE MICHAEL WTMM35N LAQ|1740|12/08/20|1304,00|118759|917255|74028/20
5473|TROMBONE MICHAEL WTMM35N LAQ|1740|12/08/20|1304,00|118759|917255|74028/20
5474|TROMBONE MICHAEL WTMM35N LAQ|1740|12/08/20|1304,00|118759|917255|74028/20
5475|TROMBONE MICHAEL WTMM35N LAQ|1740|12/08/20|1304,00|118759|917255|74028/20
5476|TROMBONE MICHAEL WTMM35N LAQ|1740|12/08/20|1304,00|118759|917255|74028/20
5477|TROMBONE MICHAEL WTMM35N LAQ|1740|12/08/20|1304,00|118759|917255|74028/20
5478|TROMBONE MICHAEL WTMM35N LAQ|1740|12/08/20|1304,00|118759|917255|74028/20
5479|TROMBONE MICHAEL WTMM35N LAQ|1740|12/08/20|1304,00|118759|917255|74028/20
5480|TROMBONE MICHAEL WTMM35N LAQ|1740|12/08/20|1304,00|118759|917255|74028/20
5481|TROMBONE MICHAEL WTMM35N LAQ|1740|12/08/20|1304,00|118759|917255|74028/20
5482|TROMBONE MICHAEL WTMM35N LAQ|1740|12/08/20|1304,00|118759|917255|74028/20
5483|TROMBONE MICHAEL WTMM35N LAQ|1740|12/08/20|1304,00|118759|917255|74028/20
5484|TROMBONE MICHAEL WTMM35N LAQ|1740|12/08/20|1304,00|118759|917255|74028/20
5485|TROMBONE MICHAEL WTMM35N LAQ|1740|12/08/20|1304,00|118759|917255|74028/20
5486|TROMBONE MICHAEL WTMM35N LAQ|1740|12/08/20|1304,00|118759|917255|74028/20
5487|TROMBONE MICHAEL WTMM35N LAQ|1740|12/08/20|1304,00|118759|917255|74028/20
5488|TROMBONE MICHAEL WTMM35N LAQ|1740|12/08/20|1304,00|118759|917255|74028/20
5489|TROMBONE MICHAEL WTMM35N LAQ|1740|12/08/20|1304,00|118759|917255|74028/20
5490|TROMBONE MICHAEL WTMM35N LAQ|1740|12/08/20|1304,00|118759|917255|74028/20
5491|TROMBONE MICHAEL WTMM35N LAQ|1740|12/08/20|1304,00|118759|917255|74028/20
5492|TROMBONE MICHAEL WTMM35N LAQ|1740|12/08/20|1304,00|118759|917255|74028/20
5493|TROMBONE MICHAEL WTMM35N LAQ|1740|12/08/20|1304,00|118759|917255|74028/20
5494|TROMBONE MICHAEL WTMM35N LAQ|1740|12/08/20|1304,00|118759|917255|74028/20
5495|TROMBONE MICHAEL WTMM35N LAQ|1740|12/08/20|1304,00|118759|917255|74028/20
5496|TROMBONE MICHAEL WTMM35N LAQ|1740|12/08/20|1304,00|118759|917255|74028/20
5497|TROMBONE MICHAEL WTMM35N LAQ|1740|12/08/20|1304,00|118759|917255|74028/20
5498|TROMBONE MICHAEL WTMM35N LAQ|1740|12/08/20|1304,00|118759|917255|74028/20
5499|TROMBONE MICHAEL WTMM35N LAQ|1740|12/08/20|1304,00|118759|917255|74028/20
5500|TROMBONE MICHAEL WTMM35N LAQ|1740|12/08/20|1304,00|118759|917255|74028/20
5501|TROMBONE MICHAEL WTMM35N LAQ|1740|12/08/20|1304,00|118759|917255|74028/20
5502|TROMBONE MICHAEL WTMM35N LAQ|1740|12/08/20|1304,00|118759|917255|74028/20
5503|TROMBONE MICHAEL WTMM35N LAQ|1740|12/08/20|1304,00|118759|917255|74028/20
5504|TROMBONE MICHAEL WTMM35N LAQ|1740|12/08/20|1304,00|118759|917255|74028/20
5505|TROMBONE MICHAEL WTMM35N LAQ|1740|12/08/20|1304,00|118759|917255|74028/20
5506|TROMBONE MICHAEL WTMM35N LAQ|1740|12/08/20|1304,00|118759|917255|74028/20
5507|TROMBONE MICHAEL WTMM35N LAQ|1740|12/08/20|1304,00|118759|917255|74028/20
5508|TROMBONE MICHAEL WTMM35N LAQ|1740|12/08/20|1304,00|118759|917255|74028/20
5509|TROMBONE MICHAEL WTMM35N LAQ|1740|12/08/20|1304,00|118759|917255|74028/20
5510|TROMBONE MICHAEL WTMM35N LAQ|1740|12/08/20|1304,00|118759|917255|74028/20
5511|TROMBONE MICHAEL WTMM35N LAQ|1740|12/08/20|1304,00|118759|917255|74028/20
5512|TROMBONE MICHAEL WTMM35N LAQ|1740|12/08/20|1304,00|118759|917255|74028/20
5513|TROMBONE MICHAEL WTMM35N LAQ|1740|12/08/20|1304,00|118759|917255|74028/20
5514|TROMBONE MICHAEL WTMM35N LAQ|1740|12/08/20|1304,00|118759|917255|74028/20
5515|TROMBONE MICHAEL WTMM35N LAQ|1740|12/08/20|1304,00|118759|917255|74028/20
5516|TROMBONE MICHAEL WTMM35N LAQ|1740|12/08/20|1304,00|118759|917255|74028/20
5517|TROMBONE MICHAEL WTMM35N LAQ|1740|12/08/20|1304,00|118759|917255|74028/20
5518|TROMBONE MICHAEL WTMM35N LAQ|1740|12/08/20|1304,00|118759|917255|74028/20
5519|TROMPA MICHAEL WHRM46N LAQ|1740|12/08/20|1075,00|118759|917255|74028/20
5520|TROMPA MICHAEL WHRM46N LAQ|1740|12/08/20|1075,00|118759|917255|74028/20
5521|TROMPA MICHAEL WHRM46N LAQ|1740|12/08/20|1075,00|118759|917255|74028/20
5522|TROMPA MICHAEL WHRM46N LAQ|1740|12/08/20|1075,00|118759|917255|74028/20
5523|TROMPA MICHAEL WHRM46N LAQ|1740|12/08/20|1075,00|118759|917255|74028/20
5524|TROMPA MICHAEL WHRM46N LAQ|1740|12/08/20|1075,00|118759|917255|74028/20
5525|TROMPA MICHAEL WHRM46N LAQ|1740|12/08/20|1075,00|118759|917255|74028/20
5526|TROMPA MICHAEL WHRM46N LAQ|1740|12/08/20|1075,00|118759|917255|74028/20
5527|TROMPA MICHAEL WHRM46N LAQ|1740|12/08/20|1075,00|118759|917255|74028/20
5528|TROMPA MICHAEL WHRM46N LAQ|1740|12/08/20|1075,00|118759|917255|74028/20
5529|TROMPA MICHAEL WHRM46N LAQ|1740|12/08/20|1075,00|118759|917255|74028/20
5530|TROMPA MICHAEL WHRM46N LAQ|1740|12/08/20|1075,00|118759|917255|74028/20
5531|TROMPA MICHAEL WHRM46N LAQ|1740|12/08/20|1075,00|118759|917255|74028/20
5532|TROMPA MICHAEL WHRM46N LAQ|1740|12/08/20|1075,00|118759|917255|74028/20
5533|TROMPA MICHAEL WHRM46N LAQ|1740|12/08/20|1075,00|118759|917255|74028/20
5534|TROMPA MICHAEL WHRM46N LAQ|1740|12/08/20|1075,00|118759|917255|74028/20
5535|TROMPA MICHAEL WHRM46N LAQ|1740|12/08/20|1075,00|118759|917255|74028/20
5536|TROMPA MICHAEL WHRM46N LAQ|1740|12/08/20|1075,00|118759|917255|74028/20
5537|TROMPA MICHAEL WHRM46N LAQ|1740|12/08/20|1075,00|118759|917255|74028/20
5538|TROMPA MICHAEL WHRM46N LAQ|1740|12/08/20|1075,00|118759|917255|74028/20
5539|TROMPA MICHAEL WHRM46N LAQ|1740|12/08/20|1075,00|118759|917255|74028/20
5540|TROMPA MICHAEL WHRM46N LAQ|1740|12/08/20|1075,00|118759|917255|74028/20
5541|TROMPA MICHAEL WHRM46N LAQ|1740|12/08/20|1075,00|118759|917255|74028/20
5542|TROMPA MICHAEL WHRM46N LAQ|1740|12/08/20|1075,00|118759|917255|74028/20
5543|TROMPA MICHAEL WHRM46N LAQ|1740|12/08/20|1075,00|118759|917255|74028/20
5544|TROMPA MICHAEL WHRM46N LAQ|1740|12/08/20|1075,00|118759|917255|74028/20
5545|TROMPA MICHAEL WHRM46N LAQ|1740|12/08/20|1075,00|118759|917255|74028/20
5546|TROMPA MICHAEL WHRM46N LAQ|1740|12/08/20|1075,00|118759|917255|74028/20
5547|BOMBARDINHO MICHAEL WEPM45N SIB|1740|12/08/20|1477,00|118759|917255|74028/20
5548|BOMBARDINHO MICHAEL WEPM45N SIB|1740|12/08/20|1477,00|118759|917255|74028/20
5549|BOMBARDINHO MICHAEL WEPM45N SIB|1740|12/08/20|1477,00|118759|917255|74028/20
5550|BOMBARDINHO MICHAEL WEPM45N SIB|1740|12/08/20|1477,00|118759|917255|74028/20
5551|BOMBARDINHO MICHAEL WEPM45N SIB|1740|12/08/20|1477,00|118759|917255|74028/20
5552|BOMBARDINHO MICHAEL WEPM45N SIB|1740|12/08/20|1477,00|118759|917255|74028/20
5553|BOMBARDINHO MICHAEL WEPM45N SIB|1740|12/08/20|1477,00|118759|917255|74028/20
5554|BOMBARDINHO MICHAEL WEPM45N SIB|1740|12/08/20|1477,00|118759|917255|74028/20
5555|BOMBARDINHO MICHAEL WEPM45N SIB|1740|12/08/20|1477,00|118759|917255|74028/20
5556|BOMBARDINHO MICHAEL WEPM45N SIB|1740|12/08/20|1477,00|118759|917255|74028/20
5557|BOMBARDINHO MICHAEL WEPM45N SIB|1740|12/08/20|1477,00|118759|917255|74028/20
5558|BOMBARDINHO MICHAEL WEPM45N SIB|1740|12/08/20|1477,00|118759|917255|74028/20
5559|BOMBARDINHO MICHAEL WEPM45N SIB|1740|12/08/20|1477,00|118759|917255|74028/20
5560|BOMBARDINHO MICHAEL WEPM45N SIB|1740|12/08/20|1477,00|118759|917255|74028/20
5561|BOMBARDINHO MICHAEL WEPM45N SIB|1740|12/08/20|1477,00|118759|917255|74028/20
5562|BOMBARDINHO MICHAEL WEPM45N SIB|1740|12/08/20|1477,00|118759|917255|74028/20
5563|BOMBARDINHO MICHAEL WEPM45N SIB|1740|12/08/20|1477,00|118759|917255|74028/20
5564|BOMBARDINHO MICHAEL WEPM45N SIB|1740|12/08/20|1477,00|118759|917255|74028/20
5565|BOMBARDINHO MICHAEL WEPM45N SIB|1740|12/08/20|1477,00|118759|917255|74028/20
5566|BOMBARDINHO MICHAEL WEPM45N SIB|1740|12/08/20|1477,00|118759|917255|74028/20
5567|BOMBARDINHO MICHAEL WEPM45N SIB|1740|12/08/20|1477,00|118759|917255|74028/20
5568|BOMBARDINHO MICHAEL WEPM45N SIB|1740|12/08/20|1477,00|118759|917255|74028/20
5569|BOMBARDINHO MICHAEL WEPM45N SIB|1740|12/08/20|1477,00|118759|917255|74028/20
5570|BOMBARDINHO MICHAEL WEPM45N SIB|1740|12/08/20|1477,00|118759|917255|74028/20
5571|BOMBARDINHO MICHAEL WEPM45N SIB|1740|12/08/20|1477,00|118759|917255|74028/20
5572|BOMBARDINHO MICHAEL WEPM45N SIB|1740|12/08/20|1477,00|118759|917255|74028/20
5573|BOMBARDINHO MICHAEL WEPM45N SIB|1740|12/08/20|1477,00|118759|917255|74028/20
5574|BOMBARDINHO MICHAEL WEPM45N SIB|1740|12/08/20|1477,00|118759|917255|74028/20
5575|TUBA/BOMBARDAO MICHAEL WBBM45N|1740|12/08/20|4157,00|118759|917255|74028/20
5576|TUBA/BOMBARDAO MICHAEL WBBM45N|1740|12/08/20|4157,00|118759|917255|74028/20
5577|TUBA/BOMBARDAO MICHAEL WBBM45N|1740|12/08/20|4157,00|118759|917255|74028/20
5578|TUBA/BOMBARDAO MICHAEL WBBM45N|1740|12/08/20|4157,00|118759|917255|74028/20
5579|TUBA/BOMBARDAO MICHAEL WBBM45N|1740|12/08/20|4157,00|118759|917255|74028/20
5580|TUBA/BOMBARDAO MICHAEL WBBM45N|1740|12/08/20|4157,00|118759|917255|74028/20
5581|TUBA/BOMBARDAO MICHAEL WBBM45N|1740|12/08/20|4157,00|118759|917255|74028/20
5582|TUBA/BOMBARDAO MICHAEL WBBM45N|1740|12/08/20|4157,00|118759|917255|74028/20
5583|TUBA/BOMBARDAO MICHAEL WBBM45N|1740|12/08/20|4157,00|118759|917255|74028/20
5584|TUBA/BOMBARDAO MICHAEL WBBM45N|1740|12/08/20|4157,00|118759|917255|74028/20
5585|TUBA/BOMBARDAO MICHAEL WBBM45N|1740|12/08/20|4157,00|118759|917255|74028/20
5586|TUBA/BOMBARDAO MICHAEL WBBM45N|1740|12/08/20|4157,00|118759|917255|74028/20
5587|TUBA/BOMBARDAO MICHAEL WBBM45N|1740|12/08/20|4157,00|118759|917255|74028/20
5588|TUBA/BOMBARDAO MICHAEL WBBM45N|1740|12/08/20|4157,00|118759|917255|74028/20
5589|TUBA/BOMBARDAO MICHAEL WBBM45N|1740|12/08/20|4157,00|118759|917255|74028/20
5590|TUBA/BOMBARDAO MICHAEL WBBM45N|1740|12/08/20|4157,00|118759|917255|74028/20
5591|TUBA/BOMBARDAO MICHAEL WBBM45N|1740|12/08/20|4157,00|118759|917255|74028/20
5592|TUBA/BOMBARDAO MICHAEL WBBM45N|1740|12/08/20|4157,00|118759|917255|74028/20
5593|TUBA/BOMBARDAO MICHAEL WBBM45N|1740|12/08/20|4157,00|118759|917255|74028/20
5594|TUBA/BOMBARDAO MICHAEL WBBM45N|1740|12/08/20|4157,00|118759|917255|74028/20
5595|TUBA/BOMBARDAO MICHAEL WBBM45N|1740|12/08/20|4157,00|118759|917255|74028/20
5596|TUBA/BOMBARDAO MICHAEL WBBM45N|1740|12/08/20|4157,00|118759|917255|74028/20
5597|TUBA/BOMBARDAO MICHAEL WBBM45N|1740|12/08/20|4157,00|118759|917255|74028/20
5598|TUBA/BOMBARDAO MICHAEL WBBM45N|1740|12/08/20|4157,00|118759|917255|74028/20
5599|TUBA/BOMBARDAO MICHAEL WBBM45N|1740|12/08/20|4157,00|118759|917255|74028/20
5600|TUBA/BOMBARDAO MICHAEL WBBM45N|1740|12/08/20|4157,00|118759|917255|74028/20
5601|TUBA/BOMBARDAO MICHAEL WBBM45N|1740|12/08/20|4157,00|118759|917255|74028/20
5602|TUBA/BOMBARDAO MICHAEL WBBM45N|1740|12/08/20|4157,00|118759|917255|74028/20
5603|CX MARCHA MICHAEL CTM1412|1740|12/08/20|382,00|118759|917255|74028/20
5604|CX MARCHA MICHAEL CTM1412|1740|12/08/20|382,00|118759|917255|74028/20
5605|CX MARCHA MICHAEL CTM1412|1740|12/08/20|382,00|118759|917255|74028/20
5606|CX MARCHA MICHAEL CTM1412|1740|12/08/20|382,00|118759|917255|74028/20
5607|CX MARCHA MICHAEL CTM1412|1740|12/08/20|382,00|118759|917255|74028/20
5608|CX MARCHA MICHAEL CTM1412|1740|12/08/20|382,00|118759|917255|74028/20
5609|CX MARCHA MICHAEL CTM1412|1740|12/08/20|382,00|118759|917255|74028/20
5610|CX MARCHA MICHAEL CTM1412|1740|12/08/20|382,00|118759|917255|74028/20
5611|CX MARCHA MICHAEL CTM1412|1740|12/08/20|382,00|118759|917255|74028/20
5612|CX MARCHA MICHAEL CTM1412|1740|12/08/20|382,00|118759|917255|74028/20
5613|CX MARCHA MICHAEL CTM1412|1740|12/08/20|382,00|118759|917255|74028/20
5614|CX MARCHA MICHAEL CTM1412|1740|12/08/20|382,00|118759|917255|74028/20
5615|CX MARCHA MICHAEL CTM1412|1740|12/08/20|382,00|118759|917255|74028/20
5616|CX MARCHA MICHAEL CTM1412|1740|12/08/20|382,00|118759|917255|74028/20
5617|CX MARCHA MICHAEL CTM1412|1740|12/08/20|382,00|118759|917255|74028/20
5618|CX MARCHA MICHAEL CTM1412|1740|12/08/20|382,00|118759|917255|74028/20
5619|CX MARCHA MICHAEL CTM1412|1740|12/08/20|382,00|118759|917255|74028/20
5620|CX MARCHA MICHAEL CTM1412|1740|12/08/20|382,00|118759|917255|74028/20
5621|CX MARCHA MICHAEL CTM1412|1740|12/08/20|382,00|118759|917255|74028/20
5622|CX MARCHA MICHAEL CTM1412|1740|12/08/20|382,00|118759|917255|74028/20
5623|CX MARCHA MICHAEL CTM1412|1740|12/08/20|382,00|118759|917255|74028/20
5624|CX MARCHA MICHAEL CTM1412|1740|12/08/20|382,00|118759|917255|74028/20
5625|CX MARCHA MICHAEL CTM1412|1740|12/08/20|382,00|118759|917255|74028/20
5626|CX MARCHA MICHAEL CTM1412|1740|12/08/20|382,00|118759|917255|74028/20
5627|CX MARCHA MICHAEL CTM1412|1740|12/08/20|382,00|118759|917255|74028/20
5628|CX MARCHA MICHAEL CTM1412|1740|12/08/20|382,00|118759|917255|74028/20
5629|CX MARCHA MICHAEL CTM1412|1740|12/08/20|382,00|118759|917255|74028/20
5630|CX MARCHA MICHAEL CTM1412|1740|12/08/20|382,00|118759|917255|74028/20
5631|BUMBO MARCHA MICHAEL DBM2014|1740|12/08/20|491,00|118759|917255|74028/20
5632|BUMBO MARCHA MICHAEL DBM2014|1740|12/08/20|491,00|118759|917255|74028/20
5633|BUMBO MARCHA MICHAEL DBM2014|1740|12/08/20|491,00|118759|917255|74028/20
5634|BUMBO MARCHA MICHAEL DBM2014|1740|12/08/20|491,00|118759|917255|74028/20
5635|BUMBO MARCHA MICHAEL DBM2014|1740|12/08/20|491,00|118759|917255|74028/20
5636|BUMBO MARCHA MICHAEL DBM2014|1740|12/08/20|491,00|118759|917255|74028/20
5637|BUMBO MARCHA MICHAEL DBM2014|1740|12/08/20|491,00|118759|917255|74028/20
5638|BUMBO MARCHA MICHAEL DBM2014|1740|12/08/20|491,00|118759|917255|74028/20
5639|BUMBO MARCHA MICHAEL DBM2014|1740|12/08/20|491,00|118759|917255|74028/20
5640|BUMBO MARCHA MICHAEL DBM2014|1740|12/08/20|491,00|118759|917255|74028/20
5641|BUMBO MARCHA MICHAEL DBM2014|1740|12/08/20|491,00|118759|917255|74028/20
5642|BUMBO MARCHA MICHAEL DBM2014|1740|12/08/20|491,00|118759|917255|74028/20
5643|BUMBO MARCHA MICHAEL DBM2014|1740|12/08/20|491,00|118759|917255|74028/20
5644|BUMBO MARCHA MICHAEL DBM2014|1740|12/08/20|491,00|118759|917255|74028/20
5645|BUMBO MARCHA MICHAEL DBM2014|1740|12/08/20|491,00|118759|917255|74028/20
5646|BUMBO MARCHA MICHAEL DBM2014|1740|12/08/20|491,00|118759|917255|74028/20
5647|BUMBO MARCHA MICHAEL DBM2014|1740|12/08/20|491,00|118759|917255|74028/20
5648|BUMBO MARCHA MICHAEL DBM2014|1740|12/08/20|491,00|118759|917255|74028/20
5649|BUMBO MARCHA MICHAEL DBM2014|1740|12/08/20|491,00|118759|917255|74028/20
5650|BUMBO MARCHA MICHAEL DBM2014|1740|12/08/20|491,00|118759|917255|74028/20
5651|BUMBO MARCHA MICHAEL DBM2014|1740|12/08/20|491,00|118759|917255|74028/20
5652|BUMBO MARCHA MICHAEL DBM2014|1740|12/08/20|491,00|118759|917255|74028/20
5653|BUMBO MARCHA MICHAEL DBM2014|1740|12/08/20|491,00|118759|917255|74028/20
5654|BUMBO MARCHA MICHAEL DBM2014|1740|12/08/20|491,00|118759|917255|74028/20
5655|BUMBO MARCHA MICHAEL DBM2014|1740|12/08/20|491,00|118759|917255|74028/20
5656|BUMBO MARCHA MICHAEL DBM2014|1740|12/08/20|491,00|118759|917255|74028/20
5657|BUMBO MARCHA MICHAEL DBM2014|1740|12/08/20|491,00|118759|917255|74028/20
5658|BUMBO MARCHA MICHAEL DBM2014|1740|12/08/20|491,00|118759|917255|74028/20
5659|PRATO 14 MICHAEL MCM14 MARCHA|1740|12/08/20|454,00|118759|917255|74028/20
5660|PRATO 14 MICHAEL MCM14 MARCHA|1740|12/08/20|454,00|118759|917255|74028/20
5661|PRATO 14 MICHAEL MCM14 MARCHA|1740|12/08/20|454,00|118759|917255|74028/20
5662|PRATO 14 MICHAEL MCM14 MARCHA|1740|12/08/20|454,00|118759|917255|74028/20
5663|PRATO 14 MICHAEL MCM14 MARCHA|1740|12/08/20|454,00|118759|917255|74028/20
5664|PRATO 14 MICHAEL MCM14 MARCHA|1740|12/08/20|454,00|118759|917255|74028/20
5665|PRATO 14 MICHAEL MCM14 MARCHA|1740|12/08/20|454,00|118759|917255|74028/20
5666|PRATO 14 MICHAEL MCM14 MARCHA|1740|12/08/20|454,00|118759|917255|74028/20
5667|PRATO 14 MICHAEL MCM14 MARCHA|1740|12/08/20|454,00|118759|917255|74028/20
5668|PRATO 14 MICHAEL MCM14 MARCHA|1740|12/08/20|454,00|118759|917255|74028/20
5669|PRATO 14 MICHAEL MCM14 MARCHA|1740|12/08/20|454,00|118759|917255|74028/20
5670|PRATO 14 MICHAEL MCM14 MARCHA|1740|12/08/20|454,00|118759|917255|74028/20
5671|PRATO 14 MICHAEL MCM14 MARCHA|1740|12/08/20|454,00|118759|917255|74028/20
5672|PRATO 14 MICHAEL MCM14 MARCHA|1740|12/08/20|454,00|118759|917255|74028/20
5673|PRATO 14 MICHAEL MCM14 MARCHA|1740|12/08/20|454,00|118759|917255|74028/20
5674|PRATO 14 MICHAEL MCM14 MARCHA|1740|12/08/20|454,00|118759|917255|74028/20
5675|PRATO 14 MICHAEL MCM14 MARCHA|1740|12/08/20|454,00|118759|917255|74028/20
5676|PRATO 14 MICHAEL MCM14 MARCHA|1740|12/08/20|454,00|118759|917255|74028/20
5677|PRATO 14 MICHAEL MCM14 MARCHA|1740|12/08/20|454,00|118759|917255|74028/20
5678|PRATO 14 MICHAEL MCM14 MARCHA|1740|12/08/20|454,00|118759|917255|74028/20
5679|PRATO 14 MICHAEL MCM14 MARCHA|1740|12/08/20|454,00|118759|917255|74028/20
5680|PRATO 14 MICHAEL MCM14 MARCHA|1740|12/08/20|454,00|118759|917255|74028/20
5681|PRATO 14 MICHAEL MCM14 MARCHA|1740|12/08/20|454,00|118759|917255|74028/20
5682|PRATO 14 MICHAEL MCM14 MARCHA|1740|12/08/20|454,00|118759|917255|74028/20
5683|PRATO 14 MICHAEL MCM14 MARCHA|1740|12/08/20|454,00|118759|917255|74028/20
5684|PRATO 14 MICHAEL MCM14 MARCHA|1740|12/08/20|454,00|118759|917255|74028/20
5685|PRATO 14 MICHAEL MCM14 MARCHA|1740|12/08/20|454,00|118759|917255|74028/20
5686|PRATO 14 MICHAEL MCM14 MARCHA|1740|12/08/20|454,00|118759|917255|74028/20
5687|ESTANTE MICHAEL SAM01|1773|12/08/20|42,00|118759|917255|74028/20
5688|ESTANTE MICHAEL SAM01|1773|12/08/20|42,00|118759|917255|74028/20
5689|ESTANTE MICHAEL SAM01|1773|12/08/20|42,00|118759|917255|74028/20
5690|ESTANTE MICHAEL SAM01|1773|12/08/20|42,00|118759|917255|74028/20
5691|ESTANTE MICHAEL SAM01|1773|12/08/20|42,00|118759|917255|74028/20
5692|ESTANTE MICHAEL SAM01|1773|12/08/20|42,00|118759|917255|74028/20
5693|ESTANTE MICHAEL SAM01|1773|12/08/20|42,00|118759|917255|74028/20
5694|ESTANTE MICHAEL SAM01|1773|12/08/20|42,00|118759|917255|74028/20
5695|ESTANTE MICHAEL SAM01|1773|12/08/20|42,00|118759|917255|74028/20
5696|ESTANTE MICHAEL SAM01|1773|12/08/20|42,00|118759|917255|74028/20
5697|ESTANTE MICHAEL SAM01|1773|12/08/20|42,00|118759|917255|74028/20
5698|ESTANTE MICHAEL SAM01|1773|12/08/20|42,00|118759|917255|74028/20
5699|ESTANTE MICHAEL SAM01|1773|12/08/20|42,00|118759|917255|74028/20
5700|ESTANTE MICHAEL SAM01|1773|12/08/20|42,00|118759|917255|74028/20
5701|ESTANTE MICHAEL SAM01|1773|12/08/20|42,00|118759|917255|74028/20
5702|ESTANTE MICHAEL SAM01|1773|12/08/20|42,00|118759|917255|74028/20
5703|ESTANTE MICHAEL SAM01|1773|12/08/20|42,00|118759|917255|74028/20
5704|ESTANTE MICHAEL SAM01|1773|12/08/20|42,00|118759|917255|74028/20
5705|ESTANTE MICHAEL SAM01|1773|12/08/20|42,00|118759|917255|74028/20
5706|ESTANTE MICHAEL SAM01|1773|12/08/20|42,00|118759|917255|74028/20
5707|ESTANTE MICHAEL SAM01|1773|12/08/20|42,00|118759|917255|74028/20
5708|ESTANTE MICHAEL SAM01|1773|12/08/20|42,00|118759|917255|74028/20
5709|ESTANTE MICHAEL SAM01|1773|12/08/20|42,00|118759|917255|74028/20
5710|ESTANTE MICHAEL SAM01|1773|12/08/20|42,00|118759|917255|74028/20
5711|ESTANTE MICHAEL SAM01|1773|12/08/20|42,00|118759|917255|74028/20
5712|ESTANTE MICHAEL SAM01|1773|12/08/20|42,00|118759|917255|74028/20
5713|ESTANTE MICHAEL SAM01|1773|12/08/20|42,00|118759|917255|74028/20
5714|ESTANTE MICHAEL SAM01|1773|12/08/20|42,00|118759|917255|74028/20
5715|ESTANTE MICHAEL SAM01|1773|12/08/20|42,00|118759|917255|74028/20
5716|ESTANTE MICHAEL SAM01|1773|12/08/20|42,00|118759|917255|74028/20
5717|ESTANTE MICHAEL SAM01|1773|12/08/20|42,00|118759|917255|74028/20
5718|ESTANTE MICHAEL SAM01|1773|12/08/20|42,00|118759|917255|74028/20
5719|ESTANTE MICHAEL SAM01|1773|12/08/20|42,00|118759|917255|74028/20
5720|ESTANTE MICHAEL SAM01|1773|12/08/20|42,00|118759|917255|74028/20
5721|ESTANTE MICHAEL SAM01|1773|12/08/20|42,00|118759|917255|74028/20
5722|ESTANTE MICHAEL SAM01|1773|12/08/20|42,00|118759|917255|74028/20
5723|ESTANTE MICHAEL SAM01|1773|12/08/20|42,00|118759|917255|74028/20
5724|ESTANTE MICHAEL SAM01|1773|12/08/20|42,00|118759|917255|74028/20
5725|ESTANTE MICHAEL SAM01|1773|12/08/20|42,00|118759|917255|74028/20
5726|ESTANTE MICHAEL SAM01|1773|12/08/20|42,00|118759|917255|74028/20
5727|ESTANTE MICHAEL SAM01|1773|12/08/20|42,00|118759|917255|74028/20
5728|ESTANTE MICHAEL SAM01|1773|12/08/20|42,00|118759|917255|74028/20
5729|ESTANTE MICHAEL SAM01|1773|12/08/20|42,00|118759|917255|74028/20
5730|ESTANTE MICHAEL SAM01|1773|12/08/20|42,00|118759|917255|74028/20
5731|ESTANTE MICHAEL SAM01|1773|12/08/20|42,00|118759|917255|74028/20
5732|ESTANTE MICHAEL SAM01|1773|12/08/20|42,00|118759|917255|74028/20
5733|ESTANTE MICHAEL SAM01|1773|12/08/20|42,00|118759|917255|74028/20
5734|ESTANTE MICHAEL SAM01|1773|12/08/20|42,00|118759|917255|74028/20
5735|ESTANTE MICHAEL SAM01|1773|12/08/20|42,00|118759|917255|74028/20
5736|ESTANTE MICHAEL SAM01|1773|12/08/20|42,00|118759|917255|74028/20
5737|ESTANTE MICHAEL SAM01|1773|12/08/20|42,00|118759|917255|74028/20
5738|ESTANTE MICHAEL SAM01|1773|12/08/20|42,00|118759|917255|74028/20
5739|ESTANTE MICHAEL SAM01|1773|12/08/20|42,00|118759|917255|74028/20
5740|ESTANTE MICHAEL SAM01|1773|12/08/20|42,00|118759|917255|74028/20
5741|ESTANTE MICHAEL SAM01|1773|12/08/20|42,00|118759|917255|74028/20
5742|ESTANTE MICHAEL SAM01|1773|12/08/20|42,00|118759|917255|74028/20
5743|ESTANTE MICHAEL SAM01|1773|12/08/20|42,00|118759|917255|74028/20
5744|ESTANTE MICHAEL SAM01|1773|12/08/20|42,00|118759|917255|74028/20
5745|ESTANTE MICHAEL SAM01|1773|12/08/20|42,00|118759|917255|74028/20
5746|ESTANTE MICHAEL SAM01|1773|12/08/20|42,00|118759|917255|74028/20
5747|ESTANTE MICHAEL SAM01|1773|12/08/20|42,00|118759|917255|74028/20
5748|ESTANTE MICHAEL SAM01|1773|12/08/20|42,00|118759|917255|74028/20
5749|ESTANTE MICHAEL SAM01|1773|12/08/20|42,00|118759|917255|74028/20
5750|ESTANTE MICHAEL SAM01|1773|12/08/20|42,00|118759|917255|74028/20
5751|ESTANTE MICHAEL SAM01|1773|12/08/20|42,00|118759|917255|74028/20
5752|ESTANTE MICHAEL SAM01|1773|12/08/20|42,00|118759|917255|74028/20
5753|ESTANTE MICHAEL SAM01|1773|12/08/20|42,00|118759|917255|74028/20
5754|ESTANTE MICHAEL SAM01|1773|12/08/20|42,00|118759|917255|74028/20
5755|ESTANTE MICHAEL SAM01|1773|12/08/20|42,00|118759|917255|74028/20
5756|ESTANTE MICHAEL SAM01|1773|12/08/20|42,00|118759|917255|74028/20
5757|ESTANTE MICHAEL SAM01|1773|12/08/20|42,00|118759|917255|74028/20
5758|ESTANTE MICHAEL SAM01|1773|12/08/20|42,00|118759|917255|74028/20
5759|ESTANTE MICHAEL SAM01|1773|12/08/20|42,00|118759|917255|74028/20
5760|ESTANTE MICHAEL SAM01|1773|12/08/20|42,00|118759|917255|74028/20
5761|ESTANTE MICHAEL SAM01|1773|12/08/20|42,00|118759|917255|74028/20
5762|ESTANTE MICHAEL SAM01|1773|12/08/20|42,00|118759|917255|74028/20
5763|ESTANTE MICHAEL SAM01|1773|12/08/20|42,00|118759|917255|74028/20
5764|ESTANTE MICHAEL SAM01|1773|12/08/20|42,00|118759|917255|74028/20
5765|ESTANTE MICHAEL SAM01|1773|12/08/20|42,00|118759|917255|74028/20
5766|ESTANTE MICHAEL SAM01|1773|12/08/20|42,00|118759|917255|74028/20
5767|ESTANTE MICHAEL SAM01|1773|12/08/20|42,00|118759|917255|74028/20
5768|ESTANTE MICHAEL SAM01|1773|12/08/20|42,00|118759|917255|74028/20
5769|ESTANTE MICHAEL SAM01|1773|12/08/20|42,00|118759|917255|74028/20
5770|ESTANTE MICHAEL SAM01|1773|12/08/20|42,00|118759|917255|74028/20
5771|ESTANTE MICHAEL SAM01|1773|12/08/20|42,00|118759|917255|74028/20
5772|ESTANTE MICHAEL SAM01|1773|12/08/20|42,00|118759|917255|74028/20
5773|ESTANTE MICHAEL SAM01|1773|12/08/20|42,00|118759|917255|74028/20
5774|ESTANTE MICHAEL SAM01|1773|12/08/20|42,00|118759|917255|74028/20
5775|ESTANTE MICHAEL SAM01|1773|12/08/20|42,00|118759|917255|74028/20
5776|ESTANTE MICHAEL SAM01|1773|12/08/20|42,00|118759|917255|74028/20
5777|ESTANTE MICHAEL SAM01|1773|12/08/20|42,00|118759|917255|74028/20
5778|ESTANTE MICHAEL SAM01|1773|12/08/20|42,00|118759|917255|74028/20
5779|ESTANTE MICHAEL SAM01|1773|12/08/20|42,00|118759|917255|74028/20
5780|ESTANTE MICHAEL SAM01|1773|12/08/20|42,00|118759|917255|74028/20
5781|ESTANTE MICHAEL SAM01|1773|12/08/20|42,00|118759|917255|74028/20
5782|ESTANTE MICHAEL SAM01|1773|12/08/20|42,00|118759|917255|74028/20
5783|ESTANTE MICHAEL SAM01|1773|12/08/20|42,00|118759|917255|74028/20
5784|ESTANTE MICHAEL SAM01|1773|12/08/20|42,00|118759|917255|74028/20
5785|ESTANTE MICHAEL SAM01|1773|12/08/20|42,00|118759|917255|74028/20
5786|ESTANTE MICHAEL SAM01|1773|12/08/20|42,00|118759|917255|74028/20
5787|ESTANTE MICHAEL SAM01|1773|12/08/20|42,00|118759|917255|74028/20
5788|ESTANTE MICHAEL SAM01|1773|12/08/20|42,00|118759|917255|74028/20
5789|ESTANTE MICHAEL SAM01|1773|12/08/20|42,00|118759|917255|74028/20
5790|ESTANTE MICHAEL SAM01|1773|12/08/20|42,00|118759|917255|74028/20
5791|ESTANTE MICHAEL SAM01|1773|12/08/20|42,00|118759|917255|74028/20
5792|ESTANTE MICHAEL SAM01|1773|12/08/20|42,00|118759|917255|74028/20
5793|ESTANTE MICHAEL SAM01|1773|12/08/20|42,00|118759|917255|74028/20
5794|ESTANTE MICHAEL SAM01|1773|12/08/20|42,00|118759|917255|74028/20
5795|ESTANTE MICHAEL SAM01|1773|12/08/20|42,00|118759|917255|74028/20
5796|ESTANTE MICHAEL SAM01|1773|12/08/20|42,00|118759|917255|74028/20
5797|ESTANTE MICHAEL SAM01|1773|12/08/20|42,00|118759|917255|74028/20
5798|ESTANTE MICHAEL SAM01|1773|12/08/20|42,00|118759|917255|74028/20
5799|ESTANTE MICHAEL SAM01|1773|12/08/20|42,00|118759|917255|74028/20
5800|ESTANTE MICHAEL SAM01|1773|12/08/20|42,00|118759|917255|74028/20
5801|ESTANTE MICHAEL SAM01|1773|12/08/20|42,00|118759|917255|74028/20
5802|ESTANTE MICHAEL SAM01|1773|12/08/20|42,00|118759|917255|74028/20
5803|ESTANTE MICHAEL SAM01|1773|12/08/20|42,00|118759|917255|74028/20
5804|ESTANTE MICHAEL SAM01|1773|12/08/20|42,00|118759|917255|74028/20
5805|ESTANTE MICHAEL SAM01|1773|12/08/20|42,00|118759|917255|74028/20
5806|ESTANTE MICHAEL SAM01|1773|12/08/20|42,00|118759|917255|74028/20
5807|ESTANTE MICHAEL SAM01|1773|12/08/20|42,00|118759|917255|74028/20
5808|ESTANTE MICHAEL SAM01|1773|12/08/20|42,00|118759|917255|74028/20
5809|ESTANTE MICHAEL SAM01|1773|12/08/20|42,00|118759|917255|74028/20
5810|ESTANTE MICHAEL SAM01|1773|12/08/20|42,00|118759|917255|74028/20
5811|ESTANTE MICHAEL SAM01|1773|12/08/20|42,00|118759|917255|74028/20
5812|ESTANTE MICHAEL SAM01|1773|12/08/20|42,00|118759|917255|74028/20
5813|ESTANTE MICHAEL SAM01|1773|12/08/20|42,00|118759|917255|74028/20
5814|ESTANTE MICHAEL SAM01|1773|12/08/20|42,00|118759|917255|74028/20
5815|ESTANTE MICHAEL SAM01|1773|12/08/20|42,00|118759|917255|74028/20
5816|ESTANTE MICHAEL SAM01|1773|12/08/20|42,00|118759|917255|74028/20
5817|ESTANTE MICHAEL SAM01|1773|12/08/20|42,00|118759|917255|74028/20
5818|ESTANTE MICHAEL SAM01|1773|12/08/20|42,00|118759|917255|74028/20
5819|ESTANTE MICHAEL SAM01|1773|12/08/20|42,00|118759|917255|74028/20
5820|ESTANTE MICHAEL SAM01|1773|12/08/20|42,00|118759|917255|74028/20
5821|ESTANTE MICHAEL SAM01|1773|12/08/20|42,00|118759|917255|74028/20
5822|ESTANTE MICHAEL SAM01|1773|12/08/20|42,00|118759|917255|74028/20
5823|ESTANTE MICHAEL SAM01|1773|12/08/20|42,00|118759|917255|74028/20
5824|ESTANTE MICHAEL SAM01|1773|12/08/20|42,00|118759|917255|74028/20
5825|ESTANTE MICHAEL SAM01|1773|12/08/20|42,00|118759|917255|74028/20
5826|ESTANTE MICHAEL SAM01|1773|12/08/20|42,00|118759|917255|74028/20
5827|ESTANTE MICHAEL SAM01|1773|12/08/20|42,00|118759|917255|74028/20
5828|ESTANTE MICHAEL SAM01|1773|12/08/20|42,00|118759|917255|74028/20
5829|ESTANTE MICHAEL SAM01|1773|12/08/20|42,00|118759|917255|74028/20
5830|ESTANTE MICHAEL SAM01|1773|12/08/20|42,00|118759|917255|74028/20
5831|ESTANTE MICHAEL SAM01|1773|12/08/20|42,00|118759|917255|74028/20
5832|ESTANTE MICHAEL SAM01|1773|12/08/20|42,00|118759|917255|74028/20
5833|ESTANTE MICHAEL SAM01|1773|12/08/20|42,00|118759|917255|74028/20
5834|ESTANTE MICHAEL SAM01|1773|12/08/20|42,00|118759|917255|74028/20
5835|ESTANTE MICHAEL SAM01|1773|12/08/20|42,00|118759|917255|74028/20
5836|ESTANTE MICHAEL SAM01|1773|12/08/20|42,00|118759|917255|74028/20
5837|ESTANTE MICHAEL SAM01|1773|12/08/20|42,00|118759|917255|74028/20
5838|ESTANTE MICHAEL SAM01|1773|12/08/20|42,00|118759|917255|74028/20
5839|ESTANTE MICHAEL SAM01|1773|12/08/20|42,00|118759|917255|74028/20
5840|ESTANTE MICHAEL SAM01|1773|12/08/20|42,00|118759|917255|74028/20
5841|ESTANTE MICHAEL SAM01|1773|12/08/20|42,00|118759|917255|74028/20
5842|ESTANTE MICHAEL SAM01|1773|12/08/20|42,00|118759|917255|74028/20
5843|ESTANTE MICHAEL SAM01|1773|12/08/20|42,00|118759|917255|74028/20
5844|ESTANTE MICHAEL SAM01|1773|12/08/20|42,00|118759|917255|74028/20
5845|ESTANTE MICHAEL SAM01|1773|12/08/20|42,00|118759|917255|74028/20
5846|ESTANTE MICHAEL SAM01|1773|12/08/20|42,00|118759|917255|74028/20
5847|ESTANTE MICHAEL SAM01|1773|12/08/20|42,00|118759|917255|74028/20
5848|ESTANTE MICHAEL SAM01|1773|12/08/20|42,00|118759|917255|74028/20
5849|ESTANTE MICHAEL SAM01|1773|12/08/20|42,00|118759|917255|74028/20
5850|ESTANTE MICHAEL SAM01|1773|12/08/20|42,00|118759|917255|74028/20
5851|ESTANTE MICHAEL SAM01|1773|12/08/20|42,00|118759|917255|74028/20
5852|ESTANTE MICHAEL SAM01|1773|12/08/20|42,00|118759|917255|74028/20
5853|ESTANTE MICHAEL SAM01|1773|12/08/20|42,00|118759|917255|74028/20
5854|ESTANTE MICHAEL SAM01|1773|12/08/20|42,00|118759|917255|74028/20
5855|ESTANTE MICHAEL SAM01|1773|12/08/20|42,00|118759|917255|74028/20
5856|ESTANTE MICHAEL SAM01|1773|12/08/20|42,00|118759|917255|74028/20
5857|ESTANTE MICHAEL SAM01|1773|12/08/20|42,00|118759|917255|74028/20
5858|ESTANTE MICHAEL SAM01|1773|12/08/20|42,00|118759|917255|74028/20
5859|ESTANTE MICHAEL SAM01|1773|12/08/20|42,00|118759|917255|74028/20
5860|ESTANTE MICHAEL SAM01|1773|12/08/20|42,00|118759|917255|74028/20
5861|ESTANTE MICHAEL SAM01|1773|12/08/20|42,00|118759|917255|74028/20
5862|ESTANTE MICHAEL SAM01|1773|12/08/20|42,00|118759|917255|74028/20
5863|ESTANTE MICHAEL SAM01|1773|12/08/20|42,00|118759|917255|74028/20
5864|ESTANTE MICHAEL SAM01|1773|12/08/20|42,00|118759|917255|74028/20
5865|ESTANTE MICHAEL SAM01|1773|12/08/20|42,00|118759|917255|74028/20
5866|ESTANTE MICHAEL SAM01|1773|12/08/20|42,00|118759|917255|74028/20
5867|ESTANTE MICHAEL SAM01|1773|12/08/20|42,00|118759|917255|74028/20
5868|ESTANTE MICHAEL SAM01|1773|12/08/20|42,00|118759|917255|74028/20
5869|ESTANTE MICHAEL SAM01|1773|12/08/20|42,00|118759|917255|74028/20
5870|ESTANTE MICHAEL SAM01|1773|12/08/20|42,00|118759|917255|74028/20
5871|ESTANTE MICHAEL SAM01|1773|12/08/20|42,00|118759|917255|74028/20
5872|ESTANTE MICHAEL SAM01|1773|12/08/20|42,00|118759|917255|74028/20
5873|ESTANTE MICHAEL SAM01|1773|12/08/20|42,00|118759|917255|74028/20
5874|ESTANTE MICHAEL SAM01|1773|12/08/20|42,00|118759|917255|74028/20
5875|ESTANTE MICHAEL SAM01|1773|12/08/20|42,00|118759|917255|74028/20
5876|ESTANTE MICHAEL SAM01|1773|12/08/20|42,00|118759|917255|74028/20
5877|ESTANTE MICHAEL SAM01|1773|12/08/20|42,00|118759|917255|74028/20
5878|ESTANTE MICHAEL SAM01|1773|12/08/20|42,00|118759|917255|74028/20
5879|ESTANTE MICHAEL SAM01|1773|12/08/20|42,00|118759|917255|74028/20
5880|ESTANTE MICHAEL SAM01|1773|12/08/20|42,00|118759|917255|74028/20
5881|ESTANTE MICHAEL SAM01|1773|12/08/20|42,00|118759|917255|74028/20
5882|ESTANTE MICHAEL SAM01|1773|12/08/20|42,00|118759|917255|74028/20
5883|ESTANTE MICHAEL SAM01|1773|12/08/20|42,00|118759|917255|74028/20
5884|ESTANTE MICHAEL SAM01|1773|12/08/20|42,00|118759|917255|74028/20
5885|ESTANTE MICHAEL SAM01|1773|12/08/20|42,00|118759|917255|74028/20
5886|ESTANTE MICHAEL SAM01|1773|12/08/20|42,00|118759|917255|74028/20
5887|ESTANTE MICHAEL SAM01|1773|12/08/20|42,00|118759|917255|74028/20
5888|ESTANTE MICHAEL SAM01|1773|12/08/20|42,00|118759|917255|74028/20
5889|ESTANTE MICHAEL SAM01|1773|12/08/20|42,00|118759|917255|74028/20
5890|ESTANTE MICHAEL SAM01|1773|12/08/20|42,00|118759|917255|74028/20
5891|ESTANTE MICHAEL SAM01|1773|12/08/20|42,00|118759|917255|74028/20
5892|ESTANTE MICHAEL SAM01|1773|12/08/20|42,00|118759|917255|74028/20
5893|ESTANTE MICHAEL SAM01|1773|12/08/20|42,00|118759|917255|74028/20
5894|ESTANTE MICHAEL SAM01|1773|12/08/20|42,00|118759|917255|74028/20
5895|ESTANTE MICHAEL SAM01|1773|12/08/20|42,00|118759|917255|74028/20
5896|ESTANTE MICHAEL SAM01|1773|12/08/20|42,00|118759|917255|74028/20
5897|ESTANTE MICHAEL SAM01|1773|12/08/20|42,00|118759|917255|74028/20
5898|ESTANTE MICHAEL SAM01|1773|12/08/20|42,00|118759|917255|74028/20
5899|ESTANTE MICHAEL SAM01|1773|12/08/20|42,00|118759|917255|74028/20
5900|ESTANTE MICHAEL SAM01|1773|12/08/20|42,00|118759|917255|74028/20
5901|ESTANTE MICHAEL SAM01|1773|12/08/20|42,00|118759|917255|74028/20
5902|ESTANTE MICHAEL SAM01|1773|12/08/20|42,00|118759|917255|74028/20
5903|ESTANTE MICHAEL SAM01|1773|12/08/20|42,00|118759|917255|74028/20
5904|ESTANTE MICHAEL SAM01|1773|12/08/20|42,00|118759|917255|74028/20
5905|ESTANTE MICHAEL SAM01|1773|12/08/20|42,00|118759|917255|74028/20
5906|ESTANTE MICHAEL SAM01|1773|12/08/20|42,00|118759|917255|74028/20
5907|ESTANTE MICHAEL SAM01|1773|12/08/20|42,00|118759|917255|74028/20
5908|ESTANTE MICHAEL SAM01|1773|12/08/20|42,00|118759|917255|74028/20
5909|ESTANTE MICHAEL SAM01|1773|12/08/20|42,00|118759|917255|74028/20
5910|ESTANTE MICHAEL SAM01|1773|12/08/20|42,00|118759|917255|74028/20
5911|ESTANTE MICHAEL SAM01|1773|12/08/20|42,00|118759|917255|74028/20
5912|ESTANTE MICHAEL SAM01|1773|12/08/20|42,00|118759|917255|74028/20
5913|ESTANTE MICHAEL SAM01|1773|12/08/20|42,00|118759|917255|74028/20
5914|ESTANTE MICHAEL SAM01|1773|12/08/20|42,00|118759|917255|74028/20
5915|ESTANTE MICHAEL SAM01|1773|12/08/20|42,00|118759|917255|74028/20
5916|ESTANTE MICHAEL SAM01|1773|12/08/20|42,00|118759|917255|74028/20
5917|ESTANTE MICHAEL SAM01|1773|12/08/20|42,00|118759|917255|74028/20
5918|ESTANTE MICHAEL SAM01|1773|12/08/20|42,00|118759|917255|74028/20
5919|ESTANTE MICHAEL SAM01|1773|12/08/20|42,00|118759|917255|74028/20
5920|ESTANTE MICHAEL SAM01|1773|12/08/20|42,00|118759|917255|74028/20
5921|ESTANTE MICHAEL SAM01|1773|12/08/20|42,00|118759|917255|74028/20
5922|ESTANTE MICHAEL SAM01|1773|12/08/20|42,00|118759|917255|74028/20
5923|ESTANTE MICHAEL SAM01|1773|12/08/20|42,00|118759|917255|74028/20
5924|ESTANTE MICHAEL SAM01|1773|12/08/20|42,00|118759|917255|74028/20
5925|ESTANTE MICHAEL SAM01|1773|12/08/20|42,00|118759|917255|74028/20
5926|ESTANTE MICHAEL SAM01|1773|12/08/20|42,00|118759|917255|74028/20
5927|ESTANTE MICHAEL SAM01|1773|12/08/20|42,00|118759|917255|74028/20
5928|ESTANTE MICHAEL SAM01|1773|12/08/20|42,00|118759|917255|74028/20
5929|ESTANTE MICHAEL SAM01|1773|12/08/20|42,00|118759|917255|74028/20
5930|ESTANTE MICHAEL SAM01|1773|12/08/20|42,00|118759|917255|74028/20
5931|ESTANTE MICHAEL SAM01|1773|12/08/20|42,00|118759|917255|74028/20
5932|ESTANTE MICHAEL SAM01|1773|12/08/20|42,00|118759|917255|74028/20
5933|ESTANTE MICHAEL SAM01|1773|12/08/20|42,00|118759|917255|74028/20
5934|ESTANTE MICHAEL SAM01|1773|12/08/20|42,00|118759|917255|74028/20
5935|ESTANTE MICHAEL SAM01|1773|12/08/20|42,00|118759|917255|74028/20
5936|ESTANTE MICHAEL SAM01|1773|12/08/20|42,00|118759|917255|74028/20
5937|ESTANTE MICHAEL SAM01|1773|12/08/20|42,00|118759|917255|74028/20
5938|ESTANTE MICHAEL SAM01|1773|12/08/20|42,00|118759|917255|74028/20
5939|ESTANTE MICHAEL SAM01|1773|12/08/20|42,00|118759|917255|74028/20
5940|ESTANTE MICHAEL SAM01|1773|12/08/20|42,00|118759|917255|74028/20
5941|ESTANTE MICHAEL SAM01|1773|12/08/20|42,00|118759|917255|74028/20
5942|ESTANTE MICHAEL SAM01|1773|12/08/20|42,00|118759|917255|74028/20
5943|ESTANTE MICHAEL SAM01|1773|12/08/20|42,00|118759|917255|74028/20
5944|ESTANTE MICHAEL SAM01|1773|12/08/20|42,00|118759|917255|74028/20
5945|ESTANTE MICHAEL SAM01|1773|12/08/20|42,00|118759|917255|74028/20
5946|ESTANTE MICHAEL SAM01|1773|12/08/20|42,00|118759|917255|74028/20
5947|ESTANTE MICHAEL SAM01|1773|12/08/20|42,00|118759|917255|74028/20
5948|ESTANTE MICHAEL SAM01|1773|12/08/20|42,00|118759|917255|74028/20
5949|ESTANTE MICHAEL SAM01|1773|12/08/20|42,00|118759|917255|74028/20
5950|ESTANTE MICHAEL SAM01|1773|12/08/20|42,00|118759|917255|74028/20
5951|ESTANTE MICHAEL SAM01|1773|12/08/20|42,00|118759|917255|74028/20
5952|ESTANTE MICHAEL SAM01|1773|12/08/20|42,00|118759|917255|74028/20
5953|ESTANTE MICHAEL SAM01|1773|12/08/20|42,00|118759|917255|74028/20
5954|ESTANTE MICHAEL SAM01|1773|12/08/20|42,00|118759|917255|74028/20
5955|ESTANTE MICHAEL SAM01|1773|12/08/20|42,00|118759|917255|74028/20
5956|ESTANTE MICHAEL SAM01|1773|12/08/20|42,00|118759|917255|74028/20
5957|ESTANTE MICHAEL SAM01|1773|12/08/20|42,00|118759|917255|74028/20
5958|ESTANTE MICHAEL SAM01|1773|12/08/20|42,00|118759|917255|74028/20
5959|ESTANTE MICHAEL SAM01|1773|12/08/20|42,00|118759|917255|74028/20
5960|ESTANTE MICHAEL SAM01|1773|12/08/20|42,00|118759|917255|74028/20
5961|ESTANTE MICHAEL SAM01|1773|12/08/20|42,00|118759|917255|74028/20
5962|ESTANTE MICHAEL SAM01|1773|12/08/20|42,00|118759|917255|74028/20
5963|ESTANTE MICHAEL SAM01|1773|12/08/20|42,00|118759|917255|74028/20
5964|ESTANTE MICHAEL SAM01|1773|12/08/20|42,00|118759|917255|74028/20
5965|ESTANTE MICHAEL SAM01|1773|12/08/20|42,00|118759|917255|74028/20
5966|ESTANTE MICHAEL SAM01|1773|12/08/20|42,00|118759|917255|74028/20
5967|ESTANTE MICHAEL SAM01|1773|12/08/20|42,00|118759|917255|74028/20
5968|ESTANTE MICHAEL SAM01|1773|12/08/20|42,00|118759|917255|74028/20
5969|ESTANTE MICHAEL SAM01|1773|12/08/20|42,00|118759|917255|74028/20
5970|ESTANTE MICHAEL SAM01|1773|12/08/20|42,00|118759|917255|74028/20
5971|ESTANTE MICHAEL SAM01|1773|12/08/20|42,00|118759|917255|74028/20
5972|ESTANTE MICHAEL SAM01|1773|12/08/20|42,00|118759|917255|74028/20
5973|ESTANTE MICHAEL SAM01|1773|12/08/20|42,00|118759|917255|74028/20
5974|ESTANTE MICHAEL SAM01|1773|12/08/20|42,00|118759|917255|74028/20
5975|ESTANTE MICHAEL SAM01|1773|12/08/20|42,00|118759|917255|74028/20
5976|ESTANTE MICHAEL SAM01|1773|12/08/20|42,00|118759|917255|74028/20
5977|ESTANTE MICHAEL SAM01|1773|12/08/20|42,00|118759|917255|74028/20
5978|ESTANTE MICHAEL SAM01|1773|12/08/20|42,00|118759|917255|74028/20
5979|ESTANTE MICHAEL SAM01|1773|12/08/20|42,00|118759|917255|74028/20
5980|ESTANTE MICHAEL SAM01|1773|12/08/20|42,00|118759|917255|74028/20
5981|ESTANTE MICHAEL SAM01|1773|12/08/20|42,00|118759|917255|74028/20
5982|ESTANTE MICHAEL SAM01|1773|12/08/20|42,00|118759|917255|74028/20
5983|ESTANTE MICHAEL SAM01|1773|12/08/20|42,00|118759|917255|74028/20
5984|ESTANTE MICHAEL SAM01|1773|12/08/20|42,00|118759|917255|74028/20
5985|ESTANTE MICHAEL SAM01|1773|12/08/20|42,00|118759|917255|74028/20
5986|ESTANTE MICHAEL SAM01|1773|12/08/20|42,00|118759|917255|74028/20
5987|ESTANTE MICHAEL SAM01|1773|12/08/20|42,00|118759|917255|74028/20
5988|ESTANTE MICHAEL SAM01|1773|12/08/20|42,00|118759|917255|74028/20
5989|ESTANTE MICHAEL SAM01|1773|12/08/20|42,00|118759|917255|74028/20
5990|ESTANTE MICHAEL SAM01|1773|12/08/20|42,00|118759|917255|74028/20
5991|ESTANTE MICHAEL SAM01|1773|12/08/20|42,00|118759|917255|74028/20
5992|ESTANTE MICHAEL SAM01|1773|12/08/20|42,00|118759|917255|74028/20
5993|ESTANTE MICHAEL SAM01|1773|12/08/20|42,00|118759|917255|74028/20
5994|ESTANTE MICHAEL SAM01|1773|12/08/20|42,00|118759|917255|74028/20
5995|ESTANTE MICHAEL SAM01|1773|12/08/20|42,00|118759|917255|74028/20
5996|ESTANTE MICHAEL SAM01|1773|12/08/20|42,00|118759|917255|74028/20
5997|ESTANTE MICHAEL SAM01|1773|12/08/20|42,00|118759|917255|74028/20
5998|ESTANTE MICHAEL SAM01|1773|12/08/20|42,00|118759|917255|74028/20
5999|ESTANTE MICHAEL SAM01|1773|12/08/20|42,00|118759|917255|74028/20
6000|ESTANTE MICHAEL SAM01|1773|12/08/20|42,00|118759|917255|74028/20
6001|ESTANTE MICHAEL SAM01|1773|12/08/20|42,00|118759|917255|74028/20
6002|ESTANTE MICHAEL SAM01|1773|12/08/20|42,00|118759|917255|74028/20
6003|ESTANTE MICHAEL SAM01|1773|12/08/20|42,00|118759|917255|74028/20
6004|ESTANTE MICHAEL SAM01|1773|12/08/20|42,00|118759|917255|74028/20
6005|ESTANTE MICHAEL SAM01|1773|12/08/20|42,00|118759|917255|74028/20
6006|ESTANTE MICHAEL SAM01|1773|12/08/20|42,00|118759|917255|74028/20
6007|ESTANTE MICHAEL SAM01|1773|12/08/20|42,00|118759|917255|74028/20
6008|ESTANTE MICHAEL SAM01|1773|12/08/20|42,00|118759|917255|74028/20
6009|ESTANTE MICHAEL SAM01|1773|12/08/20|42,00|118759|917255|74028/20
6010|ESTANTE MICHAEL SAM01|1773|12/08/20|42,00|118759|917255|74028/20
6011|ESTANTE MICHAEL SAM01|1773|12/08/20|42,00|118759|917255|74028/20
6012|ESTANTE MICHAEL SAM01|1773|12/08/20|42,00|118759|917255|74028/20
6013|ESTANTE MICHAEL SAM01|1773|12/08/20|42,00|118759|917255|74028/20
6014|ESTANTE MICHAEL SAM01|1773|12/08/20|42,00|118759|917255|74028/20
6015|ESTANTE MICHAEL SAM01|1773|12/08/20|42,00|118759|917255|74028/20
6016|ESTANTE MICHAEL SAM01|1773|12/08/20|42,00|118759|917255|74028/20
6017|ESTANTE MICHAEL SAM01|1773|12/08/20|42,00|118759|917255|74028/20
6018|ESTANTE MICHAEL SAM01|1773|12/08/20|42,00|118759|917255|74028/20
6019|ESTANTE MICHAEL SAM01|1773|12/08/20|42,00|118759|917255|74028/20
6020|ESTANTE MICHAEL SAM01|1773|12/08/20|42,00|118759|917255|74028/20
6021|ESTANTE MICHAEL SAM01|1773|12/08/20|42,00|118759|917255|74028/20
6022|ESTANTE MICHAEL SAM01|1773|12/08/20|42,00|118759|917255|74028/20
6023|ESTANTE MICHAEL SAM01|1773|12/08/20|42,00|118759|917255|74028/20
6024|ESTANTE MICHAEL SAM01|1773|12/08/20|42,00|118759|917255|74028/20
6025|ESTANTE MICHAEL SAM01|1773|12/08/20|42,00|118759|917255|74028/20
6026|ESTANTE MICHAEL SAM01|1773|12/08/20|42,00|118759|917255|74028/20
6027|ESTANTE MICHAEL SAM01|1773|12/08/20|42,00|118759|917255|74028/20
6028|ESTANTE MICHAEL SAM01|1773|12/08/20|42,00|118759|917255|74028/20
6029|ESTANTE MICHAEL SAM01|1773|12/08/20|42,00|118759|917255|74028/20
6030|ESTANTE MICHAEL SAM01|1773|12/08/20|42,00|118759|917255|74028/20
6031|ESTANTE MICHAEL SAM01|1773|12/08/20|42,00|118759|917255|74028/20
6032|ESTANTE MICHAEL SAM01|1773|12/08/20|42,00|118759|917255|74028/20
6033|ESTANTE MICHAEL SAM01|1773|12/08/20|42,00|118759|917255|74028/20
6034|ESTANTE MICHAEL SAM01|1773|12/08/20|42,00|118759|917255|74028/20
6035|ESTANTE MICHAEL SAM01|1773|12/08/20|42,00|118759|917255|74028/20
6036|ESTANTE MICHAEL SAM01|1773|12/08/20|42,00|118759|917255|74028/20
6037|ESTANTE MICHAEL SAM01|1773|12/08/20|42,00|118759|917255|74028/20
6038|ESTANTE MICHAEL SAM01|1773|12/08/20|42,00|118759|917255|74028/20
6039|ESTANTE MICHAEL SAM01|1773|12/08/20|42,00|118759|917255|74028/20
6040|ESTANTE MICHAEL SAM01|1773|12/08/20|42,00|118759|917255|74028/20
6041|ESTANTE MICHAEL SAM01|1773|12/08/20|42,00|118759|917255|74028/20
6042|ESTANTE MICHAEL SAM01|1773|12/08/20|42,00|118759|917255|74028/20
6043|ESTANTE MICHAEL SAM01|1773|12/08/20|42,00|118759|917255|74028/20
6044|ESTANTE MICHAEL SAM01|1773|12/08/20|42,00|118759|917255|74028/20
6045|ESTANTE MICHAEL SAM01|1773|12/08/20|42,00|118759|917255|74028/20
6046|ESTANTE MICHAEL SAM01|1773|12/08/20|42,00|118759|917255|74028/20
6047|ESTANTE MICHAEL SAM01|1773|12/08/20|42,00|118759|917255|74028/20
6048|ESTANTE MICHAEL SAM01|1773|12/08/20|42,00|118759|917255|74028/20
6049|ESTANTE MICHAEL SAM01|1773|12/08/20|42,00|118759|917255|74028/20
6050|ESTANTE MICHAEL SAM01|1773|12/08/20|42,00|118759|917255|74028/20
6051|ESTANTE MICHAEL SAM01|1773|12/08/20|42,00|118759|917255|74028/20
6052|ESTANTE MICHAEL SAM01|1773|12/08/20|42,00|118759|917255|74028/20
6053|ESTANTE MICHAEL SAM01|1773|12/08/20|42,00|118759|917255|74028/20
6054|ESTANTE MICHAEL SAM01|1773|12/08/20|42,00|118759|917255|74028/20
6055|ESTANTE MICHAEL SAM01|1773|12/08/20|42,00|118759|917255|74028/20
6056|ESTANTE MICHAEL SAM01|1773|12/08/20|42,00|118759|917255|74028/20
6057|ESTANTE MICHAEL SAM01|1773|12/08/20|42,00|118759|917255|74028/20
6058|ESTANTE MICHAEL SAM01|1773|12/08/20|42,00|118759|917255|74028/20
6059|ESTANTE MICHAEL SAM01|1773|12/08/20|42,00|118759|917255|74028/20
6060|ESTANTE MICHAEL SAM01|1773|12/08/20|42,00|118759|917255|74028/20
6061|ESTANTE MICHAEL SAM01|1773|12/08/20|42,00|118759|917255|74028/20
6062|ESTANTE MICHAEL SAM01|1773|12/08/20|42,00|118759|917255|74028/20
6063|ESTANTE MICHAEL SAM01|1773|12/08/20|42,00|118759|917255|74028/20
6064|ESTANTE MICHAEL SAM01|1773|12/08/20|42,00|118759|917255|74028/20
6065|ESTANTE MICHAEL SAM01|1773|12/08/20|42,00|118759|917255|74028/20
6066|ESTANTE MICHAEL SAM01|1773|12/08/20|42,00|118759|917255|74028/20
6067|ESTANTE MICHAEL SAM01|1773|12/08/20|42,00|118759|917255|74028/20
6068|ESTANTE MICHAEL SAM01|1773|12/08/20|42,00|118759|917255|74028/20
6069|ESTANTE MICHAEL SAM01|1773|12/08/20|42,00|118759|917255|74028/20
6070|ESTANTE MICHAEL SAM01|1773|12/08/20|42,00|118759|917255|74028/20
6071|ESTANTE MICHAEL SAM01|1773|12/08/20|42,00|118759|917255|74028/20
6072|ESTANTE MICHAEL SAM01|1773|12/08/20|42,00|118759|917255|74028/20
6073|ESTANTE MICHAEL SAM01|1773|12/08/20|42,00|118759|917255|74028/20
6074|ESTANTE MICHAEL SAM01|1773|12/08/20|42,00|118759|917255|74028/20
6075|ESTANTE MICHAEL SAM01|1773|12/08/20|42,00|118759|917255|74028/20
6076|ESTANTE MICHAEL SAM01|1773|12/08/20|42,00|118759|917255|74028/20
6077|ESTANTE MICHAEL SAM01|1773|12/08/20|42,00|118759|917255|74028/20
6078|ESTANTE MICHAEL SAM01|1773|12/08/20|42,00|118759|917255|74028/20