OP;CGM;CNPJ;NOME;ELEMENTO;VALOR OP;VALOR RET;TIPO RET;DATA OP
560827;;;;;46813.06;1404.39;RETENC. ISS EM LIQUIDAÇÃO;
560827;;;;;46813.06;793.89;INSS - PREST. SERV. PROPRIO;
560827;;;;;46813.06;702.2;IRRF SOBRE O TRABALHO PRINCIPAL - PJ;
560828;;;;;46925.38;1407.76;RETENC. ISS EM LIQUIDAÇÃO;
560828;;;;;46925.38;795.79;INSS - PREST. SERV. PROPRIO;
560828;;;;;46925.38;703.88;IRRF SOBRE O TRABALHO PRINCIPAL - PJ;
560829;;;;;35900;1077;RETENC. ISS EM LIQUIDAÇÃO;
560829;;;;;35900;608.82;INSS - PREST. SERV. PROPRIO;
560829;;;;;35900;538.5;IRRF SOBRE O TRABALHO PRINCIPAL - PJ;
560848;;;;;;;;
560851;;;;;;;;
560852;;;;;;;;
560854;;;;;;;;
560855;;;;;;;;
560856;;;;;;;;
560857;;;;;;;;
560858;;;;;;;;
560859;;;;;;;;
560862;;;;;;;;
560863;;;;;;;;
560865;;;;;;;;
560868;;;;;2240;112;ISS - PMVR;
560869;;;;;456;22.8;ISS - PMVR;
560870;;;;;80;4;ISS - PMVR;
560871;;;;;720;36;ISS - PMVR;
560873;;;;;1360;68;ISS - PMVR;
560875;;;;;680;34;ISS - PMVR;
560877;;;;;880;44;ISS - PMVR;
560878;;;;;2052;102.6;ISS - PMVR;
560881;;;;;32878.02;1607.74;ISS - PMVR;
560889;;;;;;;;
560890;;;;;;;;
560897;;;;;;;;
560898;;;;;;;;
560899;;;;;;;;
560900;;;;;;;;
560901;;;;;;;;
560902;;;;;;;;
560904;;;;;;;;
560905;;;;;;;;
560906;;;;;;;;
560907;;;;;3933.36;159.3;ISS - PMVR;
560908;;;;;243.4;12.17;ISS - PMVR;
560908;;;;;243.4;11.68;IRRF - PRESTADOR DE SERVIÇOS;
560909;;;;;;;;
560914;;;;;;;;
560921;;;;;4182.2;200.75;IRRF - PRESTADOR DE SERVIÇOS;
560925;;;;;78570;942.84;IRRF - FORNECIMENTO DE BENS;
560926;;;;;39285;471.42;IRRF - FORNECIMENTO DE BENS;
560927;;;;;39285;471.42;IRRF - FORNECIMENTO DE BENS;
560936;;;;;;;;
560938;;;;;;;;
560943;;;;;24944.4;299.33;IRRF - FORNECIMENTO DE BENS;
560944;;;;;24195.6;290.34;IRRF - FORNECIMENTO DE BENS;
560945;;;;;25615.2;307.38;IRRF - FORNECIMENTO DE BENS;
560946;;;;;30225;362.7;IRRF - FORNECIMENTO DE BENS;
560958;;;;;;;;
560959;;;;;;;;
560961;;;;;;;;
560974;;;;;;;;
560978;;;;;210722;4214.44;ISS - PMVR;
560978;;;;;210722;737.53;INSS PRESTADORES DE SERVIÇO PJ;
560984;;;;;6690.88;337.35;IRRF SOBRE O TRABALHO PRINCIPAL - PJ;
560993;;;;;;;;
560994;;;;;4606;69.09;IRRF - GESTAO PLENA - SUS;
560994;;;;;4606;92.12;ISS - GESTAO PLENA;
560995;;;;;;;;
561003;;;;;1600;24;IRRF - GESTAO PLENA - SUS;
561003;;;;;1600;32;ISS - GESTAO PLENA;
561004;;;;;1598711.92;90820.08;RETENC. ISS EM LIQUIDAÇÃO;
561004;;;;;1598711.92;63574.06;INSS - PREST. SERV. PROPRIO;
561004;;;;;1598711.92;87187.28;IRRF SOBRE O TRABALHO PRINCIPAL - PJ;
561005;;;;;;;;
561006;;;;;;;;
561015;;;;;;;;
561018;;;;;39.36;39.36;HSJB - IRRF RETIDO EM N.F;
561021;;;;;;;;
561023;;;;;;;;
561028;;;;;;;;
561031;;;;;;;;
561032;;;;;8110;389.28;IRRF - PRESTADOR DE SERVIÇOS;
561033;;;;;13380.04;468.3;RETENC. ISS EM LIQUIDAÇÃO;
561033;;;;;13380.04;294.36;INSS - PREST. SERV. PROPRIO;
561038;;;;;;;;
561039;;;;;;;;
561040;;;;;;;;
561041;;;;;14484;9964.6;IRRF - TRABALHO PRINCIPAL PF PMVR;
561041;;;;;14484;1428.46;INSTITUTO NACIONAL DO SEGURO SOCIAL;
561042;;;;;4739.68;227.5;IRRF - PRESTADOR DE SERVIÇOS;
561043;;;;;1727.62;69.97;ISS - PMVR;
561050;;;;;;;;
561053;;;;;41.64;41.64;HSJB - IRRF RETIDO EM N.F;
561054;;;;;;;;
561057;;;;;;;;
561058;;;;;;;;
561062;;;;;;;;
561068;;;;;;;;
561073;;;;;;;;
561081;;;;;2.99;2.99;HSJB - IRRF RETIDO EM N.F;
561089;;;;;;;;
561092;;;;;;;;
561093;;;;;;;;
561095;;;;;;;;
561097;;;;;28933.2;1388.79;IRRF - GESTAO PLENA - SUS;
561098;;;;;;;;
561099;;;;;;;;
561100;;;;;;;;
561101;;;;;48.02;48.02;HSJB - IRRF RETIDO EM N.F;
561102;;;;;;161799.75;HSJB - ISS - PMVR;
561103;;;;;;48539.93;HSJB - IRRF RETIDO EM N.F;
561104;;;;;43399.8;2083.19;IRRF - GESTAO PLENA - SUS;
561104;;;;;43399.8;429.66;MULTAS E JUROS DE MORA DE OUTRAS RECEITA;
561105;;;;;39198.83;587.98;IRRF - GESTAO PLENA - SUS;
561105;;;;;39198.83;1959.94;ISS - GESTAO PLENA;
561106;;;;;10849.95;520.8;IRRF - GESTAO PLENA - SUS;
561107;;;;;;;;
561108;;;;;3782.35;188.26;IRRF - GOV ESTADO - F 193;
561109;;;;;;;;
561111;;;;;;;;
561112;;;;;8521.36;1447.37;IRRF - PMVR;
561113;;;;;;;;
561114;;;;;;;;
561118;;;;;635.29;635.29;HSJB - IRRF RETIDO EM N.F;
561121;;;;;28933.2;1388.79;IRRF - GESTAO PLENA - SUS;
561123;;;;;43399.8;2083.19;IRRF - GESTAO PLENA - SUS;
561123;;;;;43399.8;2005.08;MULTAS E JUROS DE MORA DE OUTRAS RECEITA;
561128;;;;;;;;
561133;;;;;345061.08;6197.28;IRRF - GESTAO PLENA - SUS;
561133;;;;;345061.08;20657.6;ISS - GESTAO PLENA;
561134;;;;;126138.25;1892.07;IRRF - GESTAO PLENA - SUS;
561134;;;;;126138.25;6306.91;ISS - GESTAO PLENA;
561135;;;;;;;;
561136;;;;;124916.95;1873.75;IRRF - GESTAO PLENA - SUS;
561136;;;;;124916.95;6245.85;ISS - GESTAO PLENA;
561137;;;;;145809;2187.14;IRRF - GESTAO PLENA - SUS;
561137;;;;;145809;7290.45;ISS - GESTAO PLENA;
561138;;;;;69.12;69.12;HSJB - IRRF RETIDO EM N.F;
561139;;;;;10849.95;520.8;IRRF - GESTAO PLENA - SUS;
561140;;;;;;;;
561142;;;;;;;;
561150;;;;;;;;
561151;;;;;2194.63;32.92;IRRF - GESTAO PLENA - SUS;
561151;;;;;2194.63;109.73;ISS - GESTAO PLENA;
561154;;;;;;;;
561155;;;;;73346.37;1100.2;IRRF - GESTAO PLENA - SUS;
561155;;;;;73346.37;3667.32;ISS - GESTAO PLENA;
561158;;;;;5084.02;76.26;IRRF - GESTAO PLENA - SUS;
561158;;;;;5084.02;254.2;ISS - GESTAO PLENA;
561160;;;;;17106.21;256.59;IRRF - GESTAO PLENA - SUS;
561160;;;;;17106.21;855.31;ISS - GESTAO PLENA;
561161;;;;;;;;
561162;;;;;12428.88;186.43;IRRF - GESTAO PLENA - SUS;
561162;;;;;12428.88;621.44;ISS - GESTAO PLENA;
561165;;;;;;;;
561167;;;;;5.18;5.18;HSJB - IRRF RETIDO EM N.F;
561169;;;;;4366.27;65.49;IRRF - GESTAO PLENA - SUS;
561169;;;;;4366.27;218.31;ISS - GESTAO PLENA;
561171;;;;;11446.92;171.7;IRRF - GESTAO PLENA - SUS;
561171;;;;;11446.92;572.35;ISS - GESTAO PLENA;
561176;;;;;129.4;1.94;IRRF - GESTAO PLENA - SUS;
561176;;;;;129.4;6.47;ISS - GESTAO PLENA;
561178;;;;;5659.94;84.9;IRRF - GESTAO PLENA - SUS;
561178;;;;;5659.94;283;ISS - GESTAO PLENA;
561179;;;;;;;;
561182;;;;;2503.48;37.55;IRRF - GESTAO PLENA - SUS;
561182;;;;;2503.48;125.17;ISS - GESTAO PLENA;
561183;;;;;260.06;260.06;HSJB - IRRF RETIDO EM N.F;
561186;;;;;;;;
561187;;;;;;;;
561190;;;;;;;;
561191;;;;;22.44;22.44;HSJB - IRRF RETIDO EM N.F;
561192;;;;;;;;
561194;;;;;;;;
561195;;;;;17.25;17.25;HSJB - IRRF RETIDO EM N.F;
561196;;;;;;;;
561197;;;;;7.73;7.73;HSJB - IRRF RETIDO EM N.F;
561198;;;;;;;;
561199;;;;;8.23;8.23;HSJB - IRRF RETIDO EM N.F;
561202;;;;;3895;46.74;IRRF - FORNECIMENTO DE BENS;
561203;;;;;103525;1242.3;IRRF - FORNECIMENTO DE BENS;
561205;;;;;;;;
561208;;;;;96.3;96.3;HSJB - IRRF RETIDO EM N.F;
561211;;;;;;;;
561212;;;;;;;;
561213;;;;;25.65;25.65;HSJB - IRRF RETIDO EM N.F;
561215;;;;;;;;
561216;;;;;;;;
561217;;;;;9.76;9.76;HSJB - IRRF RETIDO EM N.F;
561218;;;;;93;93;HSJB - IRRF RETIDO EM N.F;
561220;;;;;3679.61;44.15;IRRF - FORNECIMENTO DE BENS;
561221;;;;;;;;
561223;;;;;15.96;15.96;HSJB - IRRF RETIDO EM N.F;
561224;;;;;;;;
561228;;;;;;;;
561229;;;;;;;;
561230;;;;;2.14;2.14;HSJB - IRRF RETIDO EM N.F;
561231;;;;;94811;4550.93;IRRF - GESTAO PLENA - SUS;
561232;;;;;;;;
561233;;;;;123.42;123.42;HSJB - IRRF RETIDO EM N.F;
561235;;;;;;;;
561236;;;;;715;78.65;INSS - FOLHA PAGTO;
561236;;;;;715;35.75;ISS - PMVR;
561237;;;;;;;;
561238;;;;;147.85;147.85;HSJB - IRRF RETIDO EM N.F;
561239;;;;;;;;
561240;;;;;7482;126.72;IRRF - GESTAO PLENA - SUS;
561240;;;;;7482;422.4;ISS - GESTAO PLENA;
561241;;;;;688;14.93;ISS - PMVR;
561242;;;;;16134.85;619.58;ISS - GESTAO PLENA;
561243;;;;;12075;181.13;IRRF - GESTAO PLENA - SUS;
561243;;;;;12075;241.5;ISS - GESTAO PLENA;
561244;;;;;7800;97.81;IRRF - GESTAO PLENA - SUS;
561244;;;;;7800;407.55;ISS - GESTAO PLENA;
561245;;;;;;;;
561246;;;;;;;;
561247;;;;;0.5;0.5;HSJB - IRRF RETIDO EM N.F;
561250;;;;;1727126.38;25906.9;IRRF - GESTAO PLENA - SUS;
561252;;;;;;;;
561255;;;;;;;;
561258;;;;;31.68;31.68;HSJB - IRRF RETIDO EM N.F;
561259;;;;;112;5.38;IRRF - PRESTADOR DE SERVIÇOS;
561260;;;;;;;;
561262;;;;;2886;34.63;IRRF - FORNECIMENTO DE BENS;
561267;;;;;;;;
561270;;;;;;;;
561272;;;;;;;;
561275;;;;;54598.95;1097.44;ISS - PMVR;
561278;;;;;;;;
561282;;;;;89611.31;2688.34;ISS - PMVR;
561282;;;;;89611.31;4301.34;IRRF - PRESTADOR DE SERVIÇOS;
561282;;;;;89611.31;1478.59;INSS PRESTADORES DE SERVIÇO PJ;
561283;;;;;;;;
561288;;;;;34.88;34.88;HSJB - IRRF RETIDO EM N.F;
561294;;;;;;;;
561295;;;;;7700;115.5;IRRF - GESTAO PLENA - SUS;
561295;;;;;7700;154;ISS - GESTAO PLENA;
561296;;;;;59551.63;1786.55;ISS - PMVR;
561296;;;;;59551.63;2858.48;IRRF - PRESTADOR DE SERVIÇOS;
561296;;;;;59551.63;982.6;INSS PRESTADORES DE SERVIÇO PJ;
561297;;;;;;;;
561298;;;;;2592.25;38.88;IRRF - GESTAO PLENA - SUS;
561298;;;;;2592.25;51.84;ISS - GESTAO PLENA;
561300;;;;;15.98;15.98;HSJB - IRRF RETIDO EM N.F;
561301;;;;;;;;
561304;;;;;;;;
561305;;;;;;;;
561306;;;;;;;;
561310;;;;;;;;
561313;;;;;82659.18;2479.78;ISS - PMVR;
561313;;;;;82659.18;3967.64;IRRF - PRESTADOR DE SERVIÇOS;
561313;;;;;82659.18;1363.88;INSS PRESTADORES DE SERVIÇO PJ;
561314;;;;;;;;
561316;;;;;758.16;758.16;HSJB - IRRF RETIDO EM N.F;
561318;;;;;;;;
561321;;;;;;;;
561323;;;;;480.09;7.2;IRRF - GESTAO PLENA - SUS;
561323;;;;;480.09;24;ISS - GESTAO PLENA;
561326;;;;;643.16;9.65;IRRF - GESTAO PLENA - SUS;
561326;;;;;643.16;32.16;ISS - GESTAO PLENA;
561328;;;;;1869.92;28.05;IRRF - GESTAO PLENA - SUS;
561328;;;;;1869.92;93.5;ISS - GESTAO PLENA;
561329;;;;;1847.09;27.71;IRRF - GESTAO PLENA - SUS;
561329;;;;;1847.09;92.35;ISS - GESTAO PLENA;
561330;;;;;10716.02;160.74;IRRF - GESTAO PLENA - SUS;
561330;;;;;10716.02;535.8;ISS - GESTAO PLENA;
561331;;;;;186284.36;3223.53;IRRF - GESTAO PLENA - SUS;
561331;;;;;186284.36;10745.09;ISS - GESTAO PLENA;
561332;;;;;28617.4;28617.4;RESTITUICAO EMPRÉSTIMO C/ O MINIST. DA S;
561339;;;;;998.99;47.95;IRRF SOBRE O TRABALHO PRINCIPAL - PJ;
561340;;;;;77696.42;3884.82;ISS - PMVR;
561340;;;;;77696.42;932.35;IRRF - PRESTADOR DE SERVIÇOS;
561340;;;;;77696.42;2991.31;INSS PRESTADORES DE SERVIÇO PJ;
561341;;;;;;;;
561342;;;;;;;;
561343;;;;;31.68;31.68;HSJB - IRRF RETIDO EM N.F;
561344;;;;;;;;
561345;;;;;;;;
561346;;;;;;;;
561347;;;;;;;;
561348;;;;;;;;
561349;;;;;;;;
561350;;;;;;;;
561351;;;;;;;;
561352;;;;;;;;
561354;;;;;89994.58;6329.79;IRRF - GESTAO PLENA - SUS;
561356;;;;;0.96;0.96;HSJB - IRRF RETIDO EM N.F;
561358;;;;;26303.92;1262.59;IRRF - GESTAO PLENA - SUS;
561360;;;;;;;;
561362;;;;;66;66;HSJB - IRRF RETIDO EM N.F;
561363;;;;;;;;
561364;;;;;;;;
561365;;;;;;;;
561368;;;;;;;;
561370;;;;;;;;
561371;;;;;104.4;104.4;HSJB - IRRF RETIDO EM N.F;
561372;;;;;;;;
561373;;;;;;;;
561374;;;;;;;;
561375;;;;;;;;
561376;;;;;5.67;5.67;HSJB - IRRF RETIDO EM N.F;
561377;;;;;15.1;15.1;HSJB - IRRF RETIDO EM N.F;
561378;;;;;7045;140.9;ISS - PMVR;
561380;;;;;;;;
561381;;;;;2859.28;47.45;IRRF - GOV ESTADO - F 193;
561382;;;;;;;;
561383;;;;;62.95;62.95;HSJB - IRRF RETIDO EM N.F;
561384;;;;;;;;
561385;;;;;;;;
561386;;;;;;;;
561387;;;;;15.27;15.27;HSJB - IRRF RETIDO EM N.F;
561388;;;;;;;;
561389;;;;;;;;
561390;;;;;;;;
561393;;;;;;;;
561394;;;;;;;;
561396;;;;;;;;
561400;;;;;;;;
561403;;;;;49.38;49.38;HSJB - IRRF RETIDO EM N.F;
561406;;;;;;;;
561407;;;;;;;;
561410;;;;;;;;
561411;;;;;;;;
561413;;;;;20.99;20.99;HSJB - IRRF RETIDO EM N.F;
561414;;;;;;;;
561415;;;;;;;;
561416;;;;;34964.96;3209.32;ISS - FME;
561418;;;;;;;;
561420;;;;;;;;
561424;;;;;3.96;3.96;HSJB - IRRF RETIDO EM N.F;
561426;;;;;;;;
561427;;;;;11.88;11.88;HSJB - IRRF RETIDO EM N.F;
561428;;;;;;;;
561429;;;;;192;192;HSJB - IRRF RETIDO EM N.F;
561431;;;;;;;;
561432;;;;;;;;
561433;;;;;;;;
561435;;;;;;;;
561436;;;;;;;;
561437;;;;;4860.8;243.04;ISS - FME;
561438;;;;;24052.5;1202.63;RETENCAO RELATIVA AO ISS  ROYALTES PETRO;
561438;;;;;24052.5;2645.78;RETENCAO - INSS ROYALTES PETROLEO FONTE;
561438;;;;;24052.5;1154.52;RETENCAO RELATIVA IRRF  ROYALTIES PETROL;
561439;;;;;591.24;591.24;HSJB - IRRF RETIDO EM N.F;
561443;;;;;4571.56;365.83;IRRF - GOV ESTADO - F 193;
561446;;;;;;;;
561448;;;;;;;;
561450;;;;;;;;
561453;;;;;17817.25;267.26;IRRF - GESTAO PLENA - SUS;
561453;;;;;17817.25;356.34;ISS - GESTAO PLENA;
561456;;;;;;;;
561457;;;;;5.04;5.04;HSJB - IRRF RETIDO EM N.F;
561459;;;;;;;;
561464;;;;;;;;
561468;;;;;;;;
561470;;;;;;;;
561486;;;;;;;;
561487;;;;;9;9;HSJB - IRRF RETIDO EM N.F;
561488;;;;;;;;
561489;;;;;;;;
561492;;;;;20467.2;255.26;IRRF - GESTAO PLENA - SUS;
561492;;;;;20467.2;1063.58;ISS - GESTAO PLENA;
561493;;;;;;;;
561494;;;;;;;;
561495;;;;;;;;
561496;;;;;;;;
561497;;;;;;;;
561499;;;;;;;;
561501;;;;;;;;
561503;;;;;172.8;172.8;HSJB - IRRF RETIDO EM N.F;
561504;;;;;;;;
561506;;;;;29421.61;713.46;IRRF - GESTAO PLENA - SUS;
561506;;;;;29421.61;2378.21;ISS - GESTAO PLENA;
561507;;;;;;;;
561510;;;;;;;;
561512;;;;;;;;
561516;;;;;;;;
561520;;;;;92.26;92.26;HSJB - IRRF RETIDO EM N.F;
561521;;;;;;;;
561525;;;;;;;;
561527;;;;;;;;
561529;;;;;2259.1;33.89;IRRF - GESTAO PLENA - SUS;
561529;;;;;2259.1;112.96;ISS - GESTAO PLENA;
561530;;;;;;;;
561531;;;;;;;;
561533;;;;;40.78;40.78;HSJB - IRRF RETIDO EM N.F;
561535;;;;;435;435;HSJB - IRRF RETIDO EM N.F;
561536;;;;;;;;
561538;;;;;3614.58;144.58;ISS - PMVR;
561538;;;;;3614.58;173.5;IRRF - PRESTADOR DE SERVIÇOS;
561539;;;;;32.37;32.37;HSJB - IRRF RETIDO EM N.F;
561540;;;;;;;;
561541;;;;;;;;
561542;;;;;;;;
561543;;;;;;;;
561544;;;;;;;;
561546;;;;;34.42;34.42;HSJB - IRRF RETIDO EM N.F;
561547;;;;;;;;
561549;;;;;;;;
561550;;;;;;;;
561551;;;;;32.37;32.37;HSJB - IRRF RETIDO EM N.F;
561553;;;;;295650;4930.26;IRRF - GESTAO PLENA - SUS;
561553;;;;;295650;20542.78;ISS - GESTAO PLENA;
561554;;;;;17084.85;205.02;IRRF - GESTAO PLENA - SUS;
561554;;;;;17084.85;854.24;ISS - GESTAO PLENA;
561555;;;;;;;;
561556;;;;;;;;
561557;;;;;;;;
561558;;;;;32.37;32.37;HSJB - IRRF RETIDO EM N.F;
561559;;;;;;;;
561560;;;;;193.39;193.39;HSJB - IRRF RETIDO EM N.F;
561561;;;;;;;;
561562;;;;;34.42;34.42;HSJB - IRRF RETIDO EM N.F;
561563;;;;;;;;
561564;;;;;32.37;32.37;HSJB - IRRF RETIDO EM N.F;
561565;;;;;;;;
561567;;;;;;;;
561569;;;;;2430;210.6;IRRF - GESTAO PLENA - SUS;
561569;;;;;2430;280.8;ISS - GESTAO PLENA;
561570;;;;;1369.71;1369.71;RESTITUICOES ANTECIPACAO DE PAGAMENTO -;
561573;;;;;7744.09;7744.09;INSTITUTO NACIONAL DO SEGURO SOCIAL;
561574;;;;;;;;
561575;;;;;290418.92;6087.76;ISS - GOV ESTADO  F 193;
561576;;;;;34.42;34.42;HSJB - IRRF RETIDO EM N.F;
561577;;;;;;;;
561578;;;;;32.37;32.37;HSJB - IRRF RETIDO EM N.F;
561580;;;;;;;;
561581;;;;;;;;
561582;;;;;32.37;32.37;HSJB - IRRF RETIDO EM N.F;
561583;;;;;372.6;372.6;HSJB - IRRF RETIDO EM N.F;
561584;;;;;350700;5260.5;IRRF - GESTAO PLENA - SUS;
561584;;;;;350700;17535;ISS - GESTAO PLENA;
561585;;;;;32.42;32.42;HSJB - IRRF RETIDO EM N.F;
561594;;;;;;;;
561595;;;;;;;;
561596;;;;;;;;
561597;;;;;2778;41.67;IRRF - GESTAO PLENA - SUS;
561597;;;;;2778;138.9;ISS - GESTAO PLENA;
561598;;;;;;;;
561599;;;;;85226.46;1022.71;IRRF - FORNECIMENTO DE BENS;
561600;;;;;22549.44;22549.44;INSTITUTO NACIONAL DO SEGURO SOCIAL;
561601;;;;;1638.24;1638.24;OUTRAS RESTITUICOES - F 200 - FMS;
561602;;;;;206685.92;12299.69;ISS - PMVR;
561603;;;;;;;;
561604;;;;;44.81;44.81;HSJB - IRRF RETIDO EM N.F;
561605;;;;;;;;
561606;;;;;1983.6;23.8;IRRF - GESTAO PLENA - SUS;
561606;;;;;1983.6;99.18;ISS - GESTAO PLENA;
561607;;;;;4160;49.92;IRRF - GESTAO PLENA - SUS;
561607;;;;;4160;208;ISS - GESTAO PLENA;
561609;;;;;;;;
561610;;;;;;;;
561611;;;;;35868;778.33;ISS - GESTAO PLENA;
561613;;;;;434.72;20.87;IRRF - PRESTADOR DE SERVIÇOS;
561616;;;;;;;;
561617;;;;;;;;
561618;;;;;59.94;59.94;HSJB - IRRF RETIDO EM N.F;
561619;;;;;280456.4;12592.49;RETENC. ISS EM LIQUIDAÇÃO;
561623;;;;;;;;
561625;;;;;475.2;475.2;HSJB - IRRF RETIDO EM N.F;
561626;;;;;15751.16;189.01;IRRF - GESTAO PLENA - SUS;
561626;;;;;15751.16;472.53;ISS - GESTAO PLENA;
561627;;;;;91686;4584.3;RETENC. ISS EM LIQUIDAÇÃO;
561627;;;;;91686;4400.93;IRRF SOBRE O TRABALHO PRINCIPAL - PJ;
561628;;;;;27826.65;333.92;IRRF - GESTAO PLENA - SUS;
561628;;;;;27826.65;1391.33;ISS - GESTAO PLENA;
561630;;;;;;;;
561631;;;;;;;;
561632;;;;;5760;86.4;IRRF - GESTAO PLENA - SUS;
561632;;;;;5760;288;ISS - GESTAO PLENA;
561633;;;;;169536.63;406.89;IRRF SOBRE O TRABALHO PRINCIPAL - PJ;
561634;;;;;390322.19;10352.14;ISS - PMVR;
561634;;;;;390322.19;24845.13;IRRF - PRESTADOR DE SERVIÇOS;
561637;;;;;;;;
561638;;;;;;;;
561639;;;;;97408.34;413.09;IRRF SOBRE O TRABALHO PRINCIPAL - PJ;
561640;;;;;155.22;155.22;HSJB - IRRF RETIDO EM N.F;
561643;;;;;29340;1196.67;ISS - GESTAO PLENA;
561644;;;;;;;;
561646;;;;;;;;
561647;;;;;;;;
561648;;;;;18722.05;4132.15;IRRF - TRABALHO PRINCIPAL PF PMVR;
561649;;;;;;;;
561650;;;;;520;26;RETENC. ISS EM LIQUIDAÇÃO;
561650;;;;;520;57.2;INSTITUTO NACIONAL DO SEGURO SOCIAL;
561651;;;;;6363.1;305.42;IRRF SOBRE O TRABALHO PRINCIPAL - PJ;
561652;;;;;455;22.75;RETENC. ISS EM LIQUIDAÇÃO;
561652;;;;;455;50.05;INSTITUTO NACIONAL DO SEGURO SOCIAL;
561653;;;;;;;;
561654;;;;;6363.1;305.42;IRRF SOBRE O TRABALHO PRINCIPAL - PJ;
561655;;;;;;;;
561656;;;;;6363.1;305.42;IRRF SOBRE O TRABALHO PRINCIPAL - PJ;
561657;;;;;;;;
561658;;;;;2937.85;35.25;IRRF SOBRE O TRABALHO PRINCIPAL - PJ;
561659;;;;;17.86;17.86;HSJB - IRRF RETIDO EM N.F;
561660;;;;;14802;361.66;ISS - GESTAO PLENA;
561661;;;;;2400;120;RETENC. ISS EM LIQUIDAÇÃO;
561661;;;;;2400;115.2;IRRF SOBRE O TRABALHO PRINCIPAL - PJ;
561662;;;;;;;;
561663;;;;;;;;
561664;;;;;;;;
561665;;;;;;;;
561666;;;;;;;;
561667;;;;;;;;
561668;;;;;;;;
561669;;;;;10000;1698.67;IRRF - TRABALHO PRINCIPAL PF PMVR;
561670;;;;;;;;
561671;;;;;;;;
561672;;;;;12366.56;593.59;IRRF - TRABALHO PRINCIPAL PF PMVR;
561673;;;;;720;8.64;IRRF SOBRE O TRABALHO PRINCIPAL - PJ;
561677;;;;;863.6;10.36;IRRF SOBRE O TRABALHO PRINCIPAL - PJ;
561678;;;;;;;;
561679;;;;;975;48.75;RETENC. ISS EM LIQUIDAÇÃO;
561679;;;;;975;107.25;INSTITUTO NACIONAL DO SEGURO SOCIAL;
561680;;;;;780;39;RETENC. ISS EM LIQUIDAÇÃO;
561680;;;;;780;85.8;INSTITUTO NACIONAL DO SEGURO SOCIAL;
561681;;;;;;;;
561682;;;;;;;;
561683;;;;;3000;13.2;IRRF - TRABALHO PRINCIPAL PF PMVR;
561684;;;;;;;;
561685;;;;;;;;
561686;;;;;;;;
561687;;;;;;;;
561689;;;;;79100;949.2;IRRF SOBRE O TRABALHO PRINCIPAL - PJ;
561690;;;;;79100;949.2;IRRF SOBRE O TRABALHO PRINCIPAL - PJ;
561691;;;;;;;;
561692;;;;;;;;
561693;;;;;;;;
561694;;;;;6400;307.2;IRRF SOBRE O TRABALHO PRINCIPAL - PJ;
561695;;;;;;;;
561696;;;;;27.83;27.83;HSJB - IRRF RETIDO EM N.F;
561697;;;;;4808.33;96.17;ISS - PMVR;
561698;;;;;;;;
561699;;;;;;;;
561700;;;;;;;;
561701;;;;;26651.3;319.82;IRRF - GESTAO PLENA - SUS;
561702;;;;;;;;
561704;;;;;23.56;23.56;HSJB - IRRF RETIDO EM N.F;
561706;;;;;;;;
561707;;;;;;;;
561708;;;;;5600;151.2;ISS - GESTAO PLENA;
561709;;;;;;;;
561710;;;;;679.96;32.64;IRRF - PRESTADOR DE SERVIÇOS;
561711;;;;;;;;
561712;;;;;;;;
561713;;;;;;;;
561714;;;;;;;;
561715;;;;;69.82;69.82;HSJB - IRRF RETIDO EM N.F;
561716;;;;;13279.56;159.35;IRRF - GESTAO PLENA - SUS;
561717;;;;;;;;
561718;;;;;;;;
561719;;;;;;;;
561721;;;;;;;;
561722;;;;;;;;
561723;;;;;19677;236.12;IRRF - GESTAO PLENA - SUS;
561723;;;;;19677;983.85;ISS - GESTAO PLENA;
561724;;;;;;;;
561725;;;;;;;;
561726;;;;;54.24;54.24;HSJB - IRRF RETIDO EM N.F;
561727;;;;;5427.85;65.13;IRRF SOBRE O TRABALHO PRINCIPAL - PJ;
561728;;;;;390;4.68;IRRF SOBRE O TRABALHO PRINCIPAL - PJ;
561729;;;;;6024.18;90.37;IRRF - GESTAO PLENA - SUS;
561729;;;;;6024.18;301.21;ISS - GESTAO PLENA;
561730;;;;;;;;
561731;;;;;;;;
561732;;;;;;;;
561735;;;;;4127.79;49.53;IRRF SOBRE O TRABALHO PRINCIPAL - PJ;
561738;;;;;4127.79;49.53;IRRF SOBRE O TRABALHO PRINCIPAL - PJ;
561739;;;;;;;;
561742;;;;;;;;
561744;;;;;;;;
561745;;;;;;;;
561746;;;;;0.91;0.91;HSJB - IRRF RETIDO EM N.F;
561747;;;;;;;;
561748;;;;;10.08;10.08;HSJB - IRRF RETIDO EM N.F;
561749;;;;;;;;
561750;;;;;;;;
561751;;;;;0.23;0.23;HSJB - IRRF RETIDO EM N.F;
561752;;;;;20512;428.16;IRRF - GESTAO PLENA - SUS;
561752;;;;;20512;713.6;ISS - GESTAO PLENA;
561753;;;;;;;;
561755;;;;;135;135;HSJB - IRRF RETIDO EM N.F;
561756;;;;;;;;
561757;;;;;4.46;4.46;HSJB - IRRF RETIDO EM N.F;
561758;;;;;;;;
561760;;;;;;;;
561762;;;;;72;72;HSJB - IRRF RETIDO EM N.F;
561763;;;;;;;;
561764;;;;;2.82;2.82;HSJB - IRRF RETIDO EM N.F;
561769;;;;;;;;
561770;;;;;;;;
561771;;;;;;;;
561773;;;;;1.43;1.43;HSJB - IRRF RETIDO EM N.F;
561774;;;;;;;;
561775;;;;;691.2;691.2;HSJB - IRRF RETIDO EM N.F;
561776;;;;;;;;
561777;;;;;4.5;4.5;HSJB - IRRF RETIDO EM N.F;
561778;;;;;;;;
561779;;;;;;;;
561780;;;;;2.23;2.23;HSJB - IRRF RETIDO EM N.F;
561781;;;;;;;;
561784;;;;;16.78;16.78;HSJB - IRRF RETIDO EM N.F;
561789;;;;;;;;
561791;;;;;9070;326.18;ISS - GESTAO PLENA;
561793;;;;;;;;
561794;;;;;;;;
561795;;;;;20.28;20.28;HSJB - IRRF RETIDO EM N.F;
561796;;;;;;;;
561797;;;;;38920;518.16;IRRF - GESTAO PLENA - SUS;
561797;;;;;38920;2159;ISS - GESTAO PLENA;
561798;;;;;;;;
561799;;;;;1274;19.11;IRRF - GESTAO PLENA - SUS;
561799;;;;;1274;25.48;ISS - GESTAO PLENA;
561800;;;;;;;;
561801;;;;;7.26;7.26;HSJB - IRRF RETIDO EM N.F;
561802;;;;;;;;
561803;;;;;;;;
561804;;;;;9800;507.64;ISS - GESTAO PLENA;
561805;;;;;;;;
561806;;;;;77.4;77.4;HSJB - IRRF RETIDO EM N.F;
561811;;;;;;;;
561812;;;;;;;;
561813;;;;;;;;
561814;;;;;;;;
561815;;;;;;;;
561817;;;;;;;;
561819;;;;;352.56;352.56;INSTITUTO NACIONAL DO SEGURO SOCIAL;
561820;;;;;;;;
561821;;;;;;;;
561824;;;;;;;;
561825;;;;;;;;
561826;;;;;;;;
561827;;;;;;;;
561828;;;;;3.54;3.54;HSJB - IRRF RETIDO EM N.F;
561830;;;;;;;;
561835;;;;;;;;
561837;;;;;;;;
561839;;;;;;;;
561840;;;;;12488;301.51;IRRF - GESTAO PLENA - SUS;
561840;;;;;12488;1256.3;ISS - GESTAO PLENA;
561841;;;;;12.24;12.24;HSJB - IRRF RETIDO EM N.F;
561842;;;;;31789.56;366.85;IRRF - FORNECIMENTO DE BENS;
561843;;;;;;;;
561844;;;;;;;;
561845;;;;;13.83;13.83;HSJB - IRRF RETIDO EM N.F;
561846;;;;;20.26;20.26;HSJB - IRRF RETIDO EM N.F;
561847;;;;;2259114.63;11095.87;IRRF - PRESTADOR DE SERVIÇOS;
561847;;;;;2259114.63;24313.26;IRRF - FORNECIMENTO DE BENS;
561848;;;;;;;;
561850;;;;;198168.47;1787;IRRF - PRESTADOR DE SERVIÇOS;
561850;;;;;198168.47;1928.27;IRRF - FORNECIMENTO DE BENS;
561851;;;;;20.28;20.28;HSJB - IRRF RETIDO EM N.F;
561852;;;;;;;;
561854;;;;;;;;
561855;;;;;20.26;20.26;HSJB - IRRF RETIDO EM N.F;
561856;;;;;24.96;24.96;HSJB - IRRF RETIDO EM N.F;
561857;;;;;;;;
561858;;;;;;;;
561859;;;;;20.27;20.27;HSJB - IRRF RETIDO EM N.F;
561860;;;;;;;;
561861;;;;;;;;
561862;;;;;;;;
561863;;;;;20.28;20.28;HSJB - IRRF RETIDO EM N.F;
561864;;;;;;;;
561866;;;;;6950.53;83.41;IRRF - PMVR;
561866;;;;;6950.53;208.53;ISS - PMVR;
561868;;;;;;;;
561869;;;;;48273.75;579.28;IRRF - PMVR;
561869;;;;;48273.75;1448.21;ISS - PMVR;
561870;;;;;68273.75;819.28;IRRF - PMVR;
561870;;;;;68273.75;2048.21;ISS - PMVR;
561871;;;;;;;;
561872;;;;;20.27;20.27;HSJB - IRRF RETIDO EM N.F;
561873;;;;;48273.75;579.28;IRRF - PMVR;
561873;;;;;48273.75;1448.21;ISS - PMVR;
561874;;;;;5836.72;70.04;IRRF - PMVR;
561874;;;;;5836.72;175.1;ISS - PMVR;
561875;;;;;;;;
561880;;;;;;;;
561882;;;;;187271.5;8989.03;IRRF - GESTAO PLENA - SUS;
561882;;;;;187271.5;3745.43;ISS - GESTAO PLENA;
561883;;;;;2.12;2.12;HSJB - IRRF RETIDO EM N.F;
561884;;;;;;;;
561885;;;;;371.36;371.36;RESTITUI0ES (ANTECIPACAO DE PAGAMENTO) -;
561886;;;;;72787.33;1498.14;IRRF - GESTAO PLENA - SUS;
561887;;;;;;;;
561888;;;;;;;;
561889;;;;;;;;
561890;;;;;;;;
561891;;;;;;;;
561892;;;;;;;;
561893;;;;;;;;
561894;;;;;;;;
561895;;;;;;;;
561896;;;;;;;;
561897;;;;;;;;
561898;;;;;;;;
561899;;;;;;;;
561900;;;;;;;;
561901;;;;;5050;242.4;IRRF - PRESTADOR DE SERVIÇOS;
561902;;;;;;;;
561903;;;;;32.59;32.59;HSJB - IRRF RETIDO EM N.F;
561904;;;;;;;;
561906;;;;;6.61;6.61;HSJB - IRRF RETIDO EM N.F;
561907;;;;;;;;
561908;;;;;;;;
561909;;;;;;;;
561910;;;;;;;;
561911;;;;;;;;
561913;;;;;;;;
561914;;;;;;;;
561916;;;;;;;;
561917;;;;;;;;
561918;;;;;61.68;61.68;HSJB - IRRF RETIDO EM N.F;
561919;;;;;361.2;17.34;IRRF - PMVR;
561920;;;;;;;;
561921;;;;;;;;
561923;;;;;;;;
561924;;;;;;;;
561925;;;;;;;;
561928;;;;;;;;
561930;;;;;;;;
561931;;;;;;;;
561933;;;;;;;;
561934;;;;;;;;
561935;;;;;2.23;2.23;HSJB - IRRF RETIDO EM N.F;
561936;;;;;;;;
561937;;;;;39300;1886.4;IRRF RETIDO EM N.F.;
561938;;;;;;;;
561939;;;;;;;;
561940;;;;;99700;4785.6;IRRF RETIDO EM N.F.;
561941;;;;;;;;
561942;;;;;;;;
561943;;;;;2.24;2.24;HSJB - IRRF RETIDO EM N.F;
561944;;;;;87.6;87.6;HSJB - IRRF RETIDO EM N.F;
561945;;;;;;;;
561946;;;;;277061.27;4155.92;IRRF - GESTAO PLENA - SUS;
561946;;;;;277061.27;13853.06;ISS - GESTAO PLENA;
561947;;;;;3.41;3.41;HSJB - IRRF RETIDO EM N.F;
561950;;;;;63032.1;886.41;IRRF - GESTAO PLENA - SUS;
561950;;;;;63032.1;3693.38;ISS - GESTAO PLENA;
561954;;;;;24409.8;292.91;IRRF - FORNECIMENTO DE BENS;
561957;;;;;;;;
561958;;;;;;;;
561959;;;;;;;;
561960;;;;;6.97;6.97;HSJB - IRRF RETIDO EM N.F;
561963;;;;;;;;
561965;;;;;11938;640.95;IRRF - GESTAO PLENA - SUS;
561965;;;;;11938;2136.5;ISS - GESTAO PLENA;
561966;;;;;;;;
561967;;;;;1.43;1.43;HSJB - IRRF RETIDO EM N.F;
561968;;;;;36400;1820;ISS - GOV ESTADO  F 193;
561968;;;;;36400;546;IRRF - GOV ESTADO - F 193;
561978;;;;;;;;
561980;;;;;25.2;25.2;HSJB - IRRF RETIDO EM N.F;
561981;;;;;;;;
561982;;;;;;;;
561983;;;;;;;;
561984;;;;;2.23;2.23;HSJB - IRRF RETIDO EM N.F;
561985;;;;;6500;130;ISS - PMVR;
561987;;;;;;;;
561989;;;;;4.48;4.48;HSJB - IRRF RETIDO EM N.F;
561992;;;;;;;;
561993;;;;;;;;
561994;;;;;55.61;55.61;HSJB - IRRF RETIDO EM N.F;
561996;;;;;;;;
561997;;;;;;;;
561999;;;;;68.61;68.61;HSJB - IRRF RETIDO EM N.F;
562000;;;;;;;;
562001;;;;;44.8;44.8;HSJB - IRRF RETIDO EM N.F;
562002;;;;;;;;
562003;;;;;;;;
562004;;;;;;;;
562005;;;;;;;;
562006;;;;;21.13;21.13;HSJB - IRRF RETIDO EM N.F;
562007;;;;;;;;
562008;;;;;;;;
562009;;;;;;;;
562010;;;;;19.26;19.26;HSJB - IRRF RETIDO EM N.F;
562011;;;;;;;;
562012;;;;;;;;
562013;;;;;;;;
562014;;;;;7.26;7.26;HSJB - IRRF RETIDO EM N.F;
562015;;;;;;;;
562016;;;;;1080;40.3;ISS - GESTAO PLENA;
562017;;;;;18.03;18.03;HSJB - IRRF RETIDO EM N.F;
562018;;;;;;;;
562019;;;;;;;;
562020;;;;;721.47;14.64;IRRF - GESTAO PLENA - SUS;
562021;;;;;13900;486.5;ISS - GESTAO PLENA;
562022;;;;;;;;
562023;;;;;;;;
562024;;;;;5646.64;94.71;IRRF - GESTAO PLENA - SUS;
562025;;;;;;;;
562026;;;;;;;;
562027;;;;;;;;
562028;;;;;;;;
562034;;;;;;;;
562039;;;;;38.21;38.21;HSJB - IRRF RETIDO EM N.F;
562045;;;;;;;;
562046;;;;;;;;
562048;;;;;;;;
562049;;;;;4.13;4.13;HSJB - IRRF RETIDO EM N.F;
562050;;;;;;;;
562052;;;;;135.6;135.6;HSJB - IRRF RETIDO EM N.F;
562055;;;;;;;;
562061;;;;;289307.71;6321.8;IRRF - GESTAO PLENA - SUS;
562061;;;;;289307.71;12643.61;ISS - GESTAO PLENA;
562062;;;;;;;;
562063;;;;;;;;
562064;;;;;;;;
562065;;;;;3345;50.18;IRRF - GESTAO PLENA - SUS;
562065;;;;;3345;167.24;ISS - GESTAO PLENA;
562066;;;;;;;;
562067;;;;;;;;
562068;;;;;;;;
562069;;;;;;;;
562070;;;;;2.42;2.42;HSJB - IRRF RETIDO EM N.F;
562071;;;;;3510;106.47;IRRF - GESTAO PLENA - SUS;
562071;;;;;3510;443.6;ISS - GESTAO PLENA;
562072;;;;;;;;
562073;;;;;18.67;18.67;HSJB - IRRF RETIDO EM N.F;
562074;;;;;;;;
562075;;;;;;;;
562076;;;;;;;;
562077;;;;;44.42;44.42;HSJB - IRRF RETIDO EM N.F;
562078;;;;;;;;
562080;;;;;17000;723.35;ISS - FME;
562083;;;;;;;;
562084;;;;;;;;
562085;;;;;;;;
562087;;;;;;;;
562089;;;;;78;78;HSJB - IRRF RETIDO EM N.F;
562090;;;;;;;;
562091;;;;;;;;
562100;;;;;;;;
562101;;;;;;;;
562102;;;;;;;;
562103;;;;;12.03;12.03;HSJB - IRRF RETIDO EM N.F;
562105;;;;;298500;4477.5;IRRF - GESTAO PLENA - SUS;
562105;;;;;298500;14925;ISS - GESTAO PLENA;
562109;;;;;;;;
562112;;;;;29931.3;1436.7;IRRF - GESTAO PLENA - SUS;
562113;;;;;;;;
562114;;;;;99086.9;4756.17;IRRF - GESTAO PLENA - SUS;
562115;;;;;99086.9;4756.17;IRRF - GESTAO PLENA - SUS;
562116;;;;;;;;
562117;;;;;;;;
562118;;;;;39.48;39.48;HSJB - IRRF RETIDO EM N.F;
562119;;;;;10.69;10.69;HSJB - IRRF RETIDO EM N.F;
562120;;;;;1016.99;12.2;IRRF - FORNECIMENTO DE BENS;
562121;;;;;27740.65;332.89;IRRF - GESTAO PLENA - SUS;
562121;;;;;27740.65;832.22;ISS - GESTAO PLENA;
562122;;;;;;;;
562123;;;;;31531.02;378.37;IRRF - GESTAO PLENA - SUS;
562123;;;;;31531.02;945.93;ISS - GESTAO PLENA;
562124;;;;;45047.14;540.56;IRRF - FORNECIMENTO DE BENS;
562125;;;;;;;;
562126;;;;;1.19;1.19;HSJB - IRRF RETIDO EM N.F;
562127;;;;;2813.1;33.75;IRRF - FORNECIMENTO DE BENS;
562130;;;;;12746.98;152.96;IRRF - FORNECIMENTO DE BENS;
562134;;;;;2988.49;35.86;IRRF SOBRE O TRABALHO PRINCIPAL - PJ;
562135;;;;;2390.79;28.69;IRRF SOBRE O TRABALHO PRINCIPAL - PJ;
562136;;;;;1494.24;17.93;IRRF SOBRE O TRABALHO PRINCIPAL - PJ;
562137;;;;;2390.79;28.69;IRRF SOBRE O TRABALHO PRINCIPAL - PJ;
562138;;;;;84913;1018.95;IRRF - FORNECIMENTO DE BENS;
562139;;;;;13525.34;162.3;IRRF - FORNECIMENTO DE BENS;
562140;;;;;;;;
562141;;;;;2988.49;35.86;IRRF SOBRE O TRABALHO PRINCIPAL - PJ;
562142;;;;;33914.19;2023.41;ISS - GOV ESTADO  F 193;
562143;;;;;2390.79;28.69;IRRF SOBRE O TRABALHO PRINCIPAL - PJ;
562144;;;;;1494.24;17.93;IRRF SOBRE O TRABALHO PRINCIPAL - PJ;
562145;;;;;1494.24;17.93;IRRF SOBRE O TRABALHO PRINCIPAL - PJ;
562146;;;;;161.91;161.91;HSJB - IRRF RETIDO EM N.F;
562147;;;;;1494.24;17.93;IRRF SOBRE O TRABALHO PRINCIPAL - PJ;
562148;;;;;;;;
562149;;;;;2988.49;35.86;IRRF SOBRE O TRABALHO PRINCIPAL - PJ;
562150;;;;;1494.24;17.93;IRRF SOBRE O TRABALHO PRINCIPAL - PJ;
562151;;;;;2390.79;28.69;IRRF SOBRE O TRABALHO PRINCIPAL - PJ;
562152;;;;;2390.79;28.69;IRRF SOBRE O TRABALHO PRINCIPAL - PJ;
562153;;;;;1494.24;17.93;IRRF SOBRE O TRABALHO PRINCIPAL - PJ;
562155;;;;;;;;
562156;;;;;6.68;6.68;HSJB - IRRF RETIDO EM N.F;
562157;;;;;6154.61;73.86;IRRF SOBRE O TRABALHO PRINCIPAL - PJ;
562158;;;;;;;;
562159;;;;;;;;
562160;;;;;2.65;2.65;HSJB - IRRF RETIDO EM N.F;
562161;;;;;12515.4;408.49;ISS - GESTAO PLENA;
562162;;;;;24925.82;732.15;ISS - GESTAO PLENA;
562163;;;;;;;;
562164;;;;;88;88;HSJB - IRRF RETIDO EM N.F;
562165;;;;;;;;
562166;;;;;;;;
562167;;;;;57.1;57.1;HSJB - IRRF RETIDO EM N.F;
562168;;;;;15.88;15.88;HSJB - IRRF RETIDO EM N.F;
562169;;;;;;;;
562170;;;;;;;;
562171;;;;;;;;
562172;;;;;76.05;76.05;HSJB - IRRF RETIDO EM N.F;
562173;;;;;5.35;5.35;HSJB - IRRF RETIDO EM N.F;
562174;;;;;;;;
562175;;;;;;;;
562176;;;;;6.68;6.68;HSJB - IRRF RETIDO EM N.F;
562178;;;;;;;;
562179;;;;;144.17;144.17;HSJB - IRRF RETIDO EM N.F;
562180;;;;;;;;
562181;;;;;;;;
562182;;;;;87.61;87.61;HSJB - IRRF RETIDO EM N.F;
562183;;;;;;;;
562184;;;;;31;31;HSJB - IRRF RETIDO EM N.F;
562185;;;;;;;;
562186;;;;;105.53;105.53;HSJB - IRRF RETIDO EM N.F;
562188;;;;;;;;
562190;;;;;31;31;HSJB - IRRF RETIDO EM N.F;
562191;;;;;;;;
562192;;;;;31;31;HSJB - IRRF RETIDO EM N.F;
562193;;;;;;;;
562194;;;;;;;;
562195;;;;;31;31;HSJB - IRRF RETIDO EM N.F;
562196;;;;;89.9;89.9;HSJB - IRRF RETIDO EM N.F;
562197;;;;;;;;
562198;;;;;31;31;HSJB - IRRF RETIDO EM N.F;
562199;;;;;;;;
562200;;;;;31;31;HSJB - IRRF RETIDO EM N.F;
562201;;;;;;;;
562202;;;;;31;31;HSJB - IRRF RETIDO EM N.F;
562203;;;;;;;;
562204;;;;;37.45;37.45;HSJB - IRRF RETIDO EM N.F;
562205;;;;;;;;
562206;;;;;75.35;75.35;HSJB - IRRF RETIDO EM N.F;
562207;;;;;;;;
562208;;;;;58.57;58.57;HSJB - IRRF RETIDO EM N.F;
562209;;;;;;;;
562210;;;;;;;;
562211;;;;;77.59;77.59;HSJB - IRRF RETIDO EM N.F;
562212;;;;;47.2;47.2;HSJB - IRRF RETIDO EM N.F;
562214;;;;;;;;
562215;;;;;;;;
562216;;;;;389.84;389.84;HSJB - IRRF RETIDO EM N.F;
562217;;;;;77.59;77.59;HSJB - IRRF RETIDO EM N.F;
562218;;;;;;;;
562219;;;;;51.58;51.58;HSJB - IRRF RETIDO EM N.F;
562220;;;;;;;;
562221;;;;;33.6;33.6;HSJB - IRRF RETIDO EM N.F;
562223;;;;;;;;
562225;;;;;;;;
562226;;;;;2970;148.5;ISS - PMVR;
562227;;;;;;;;
562228;;;;;;;;
562229;;;;;;;;
562230;;;;;11.16;11.16;HSJB - IRRF RETIDO EM N.F;
562231;;;;;5559.26;166.78;ISS - GOV ESTADO  F 193;
562231;;;;;5559.26;66.71;IRRF - GOV ESTADO - F 193;
562232;;;;;;;;
562233;;;;;14482.13;173.79;IRRF - GESTAO PLENA - SUS;
562233;;;;;14482.13;434.46;ISS - GESTAO PLENA;
562234;;;;;;;;
562235;;;;;;;;
562236;;;;;82158;985.9;IRRF - GESTAO PLENA - SUS;
562236;;;;;82158;2464.74;ISS - GESTAO PLENA;
562237;;;;;1070.61;12.85;IRRF - GESTAO PLENA - SUS;
562237;;;;;1070.61;32.12;ISS - GESTAO PLENA;
562240;;;;;;;;
562242;;;;;;;;
562243;;;;;3520;168.96;IRRF - GESTAO PLENA - SUS;
562243;;;;;3520;176;ISS - GESTAO PLENA;
562244;;;;;;;;
562245;;;;;16.8;16.8;HSJB - IRRF RETIDO EM N.F;
562247;;;;;;;;
562249;;;;;;;;
562251;;;;;;;;
562252;;;;;76.05;76.05;HSJB - IRRF RETIDO EM N.F;
562254;;;;;;;;
562256;;;;;73.44;73.44;HSJB - IRRF RETIDO EM N.F;
562258;;;;;;;;
562259;;;;;;;;
562260;;;;;53.52;53.52;HSJB - IRRF RETIDO EM N.F;
562261;;;;;;;;
562262;;;;;;;;
562263;;;;;6364.52;314.25;IRRF - PRESTADOR DE SERVIÇOS;
562266;;;;;;;;
562267;;;;;;;;
562271;;;;;1134.6;54.46;IRRF - GESTAO PLENA - SUS;
562271;;;;;1134.6;22.69;ISS - GESTAO PLENA;
562272;;;;;;;;
562273;;;;;;;;
562274;;;;;;;;
562275;;;;;176.14;176.14;HSJB - IRRF RETIDO EM N.F;
562276;;;;;;;;
562277;;;;;;;;
562278;;;;;89.46;89.46;HSJB - IRRF RETIDO EM N.F;
562279;;;;;294.45;294.45;HSJB - IRRF RETIDO EM N.F;
562280;;;;;;;;
562281;;;;;77.99;77.99;HSJB - IRRF RETIDO EM N.F;
562282;;;;;188;9.4;RETENCAO RELATIVA AO ISS  ROYALTES PETRO;
562282;;;;;188;2.25;RETENCAO RELATIVA IRRF  ROYALTIES PETROL;
562283;;;;;94;4.7;RETENCAO RELATIVA AO ISS  ROYALTES PETRO;
562283;;;;;94;1.12;RETENCAO RELATIVA IRRF  ROYALTIES PETROL;
562284;;;;;;;;
562285;;;;;282;14.1;RETENCAO RELATIVA AO ISS  ROYALTES PETRO;
562285;;;;;282;3.38;RETENCAO RELATIVA IRRF  ROYALTIES PETROL;
562286;;;;;13.33;13.33;HSJB - IRRF RETIDO EM N.F;
562287;;;;;;;;
562288;;;;;752;37.6;RETENCAO RELATIVA AO ISS  ROYALTES PETRO;
562288;;;;;752;9.02;RETENCAO RELATIVA IRRF  ROYALTIES PETROL;
562289;;;;;;;;
562290;;;;;9.49;9.49;HSJB - IRRF RETIDO EM N.F;
562291;;;;;377.58;4.53;RETENCAO RELATIVA IRRF  ROYALTIES PETROL;
562292;;;;;251.16;3.01;RETENCAO RELATIVA IRRF  ROYALTIES PETROL;
562293;;;;;;;;
562294;;;;;234.7;2.81;RETENCAO RELATIVA IRRF  ROYALTIES PETROL;
562295;;;;;66.54;66.54;HSJB - IRRF RETIDO EM N.F;
562296;;;;;190.81;2.28;RETENCAO RELATIVA IRRF  ROYALTIES PETROL;
562297;;;;;;;;
562298;;;;;245.48;245.48;HSJB - IRRF RETIDO EM N.F;
562299;;;;;;;;
562300;;;;;68.46;68.46;HSJB - IRRF RETIDO EM N.F;
562301;;;;;;;;
562302;;;;;21.55;21.55;HSJB - IRRF RETIDO EM N.F;
562303;;;;;;;;
562304;;;;;139.83;139.83;HSJB - IRRF RETIDO EM N.F;
562305;;;;;;;;
562306;;;;;;;;
562307;;;;;13.91;13.91;HSJB - IRRF RETIDO EM N.F;
562308;;;;;;;;
562309;;;;;21.6;21.6;HSJB - IRRF RETIDO EM N.F;
562310;;;;;;;;
562311;;;;;40.71;40.71;HSJB - IRRF RETIDO EM N.F;
562312;;;;;;;;
562313;;;;;;;;
562314;;;;;96.36;96.36;HSJB - IRRF RETIDO EM N.F;
562315;;;;;;;;
562316;;;;;;;;
562317;;;;;;;;
562318;;;;;;;;
562320;;;;;1426.8;1426.8;HSJB - IRRF RETIDO EM N.F;
562321;;;;;9369.6;191.82;IRRF - GESTAO PLENA - SUS;
562322;;;;;;;;
562323;;;;;;;;
562324;;;;;35.17;35.17;HSJB - IRRF RETIDO EM N.F;
562325;;;;;;;;
562326;;;;;;;;
562327;;;;;;;;
562328;;;;;2.68;2.68;HSJB - IRRF RETIDO EM N.F;
562329;;;;;70.07;70.07;HSJB - IRRF RETIDO EM N.F;
562330;;;;;280.71;280.71;HSJB - IRRF RETIDO EM N.F;
562331;;;;;;;;
562332;;;;;10.74;10.74;HSJB - IRRF RETIDO EM N.F;
562333;;;;;;;;
562334;;;;;7250.12;362.51;ISS - FME;
562335;;;;;;;;
562336;;;;;;;;
562337;;;;;13971.11;431.22;ISS - FME;
562337;;;;;13971.11;172.49;IRRF - FME;
562338;;;;;;;;
562341;;;;;66183.6;5353.97;ISS - GESTAO PLENA;
562342;;;;;;;;
562343;;;;;;;;
562344;;;;;44.18;44.18;HSJB - IRRF RETIDO EM N.F;
562345;;;;;;;;
562346;;;;;13.74;13.74;HSJB - IRRF RETIDO EM N.F;
562347;;;;;;;;
562348;;;;;17.39;17.39;HSJB - IRRF RETIDO EM N.F;
562349;;;;;24897.6;298.77;IRRF - FORNECIMENTO DE BENS;
562350;;;;;25443.6;305.32;IRRF - FORNECIMENTO DE BENS;
562351;;;;;24655.8;295.86;IRRF - FORNECIMENTO DE BENS;
562352;;;;;;;;
562353;;;;;14.92;14.92;HSJB - IRRF RETIDO EM N.F;
562354;;;;;39285;471.42;IRRF - FORNECIMENTO DE BENS;
562355;;;;;39285;471.42;IRRF - FORNECIMENTO DE BENS;
562356;;;;;39285;471.42;IRRF - FORNECIMENTO DE BENS;
562357;;;;;;;;
562358;;;;;126.72;126.72;HSJB - IRRF RETIDO EM N.F;
562359;;;;;;;;
562360;;;;;;;;
562361;;;;;;;;
562362;;;;;68.24;68.24;HSJB - IRRF RETIDO EM N.F;
562363;;;;;;;;
562364;;;;;;;;
562365;;;;;;;;
562366;;;;;;;;
562367;;;;;;;;
562368;;;;;;;;
562369;;;;;14894.64;180.91;IRRF SOBRE O TRABALHO PRINCIPAL - PJ;
562370;;;;;;;;
562371;;;;;;;;
562372;;;;;56354.87;676.26;IRRF SOBRE O TRABALHO PRINCIPAL - PJ;
562373;;;;;;;;
562374;;;;;100913.17;2216.98;IRRF SOBRE O TRABALHO PRINCIPAL - PJ;
562375;;;;;728503.76;8742.05;IRRF SOBRE O TRABALHO PRINCIPAL - PJ;
562377;;;;;257348.9;3090.69;IRRF SOBRE O TRABALHO PRINCIPAL - PJ;
562378;;;;;;;;
562379;;;;;131939.89;1585.87;IRRF SOBRE O TRABALHO PRINCIPAL - PJ;
562380;;;;;;;;
562381;;;;;5.04;5.04;HSJB - IRRF RETIDO EM N.F;
562382;;;;;;;;
562383;;;;;;;;
562385;;;;;;;;
562386;;;;;65.02;65.02;HSJB - IRRF RETIDO EM N.F;
562387;;;;;;;;
562388;;;;;4.56;4.56;HSJB - IRRF RETIDO EM N.F;
562389;;;;;11960;574.08;IRRF SOBRE O TRABALHO PRINCIPAL - PJ;
562390;;;;;;;;
562391;;;;;;;;
562392;;;;;;;;
562393;;;;;;;;
562394;;;;;;;;
562395;;;;;34.8;34.8;HSJB - IRRF RETIDO EM N.F;
562396;;;;;;;;
562397;;;;;;;;
562398;;;;;;;;
562399;;;;;57.6;57.6;HSJB - IRRF RETIDO EM N.F;
562400;;;;;;;;
562401;;;;;;;;
562402;;;;;135.47;135.47;HSJB - IRRF RETIDO EM N.F;
562403;;;;;476116.4;25280.95;IRRF SOBRE O TRABALHO PRINCIPAL - PJ;
562416;;;;;;;;
562419;;;;;;;;
562420;;;;;15.84;15.84;HSJB - IRRF RETIDO EM N.F;
562421;;;;;;;;
562422;;;;;8.38;8.38;HSJB - IRRF RETIDO EM N.F;
562423;;;;;;;;
562424;;;;;15.84;15.84;HSJB - IRRF RETIDO EM N.F;
562425;;;;;7798.5;225.67;RETENC. ISS EM LIQUIDAÇÃO;
562426;;;;;;;;
562428;;;;;15.84;15.84;HSJB - IRRF RETIDO EM N.F;
562429;;;;;;;;
562430;;;;;15.84;15.84;HSJB - IRRF RETIDO EM N.F;
562432;;;;;;;;
562433;;;;;67.82;67.82;HSJB - IRRF RETIDO EM N.F;
562435;;;;;;;;
562436;;;;;;;;
562437;;;;;67.82;67.82;HSJB - IRRF RETIDO EM N.F;
562438;;;;;36.72;36.72;HSJB - IRRF RETIDO EM N.F;
562439;;;;;;;;
562441;;;;;;;;
562444;;;;;;;;
562446;;;;;;;;
562447;;;;;;;;
562449;;;;;;;;
562451;;;;;62.66;62.66;HSJB - IRRF RETIDO EM N.F;
562452;;;;;11.98;11.98;HSJB - IRRF RETIDO EM N.F;
562453;;;;;;;;
562454;;;;;;;;
562455;;;;;;;;
562456;;;;;;;;
562457;;;;;57.1;57.1;HSJB - IRRF RETIDO EM N.F;
562458;;;;;2148.51;2148.51;RESTITUICOES ANTECIPACAO DE PAGAMENTO -;
562460;;;;;33756.97;33756.97;INSTITUTO NACIONAL DO SEGURO SOCIAL;
562461;;;;;218136.45;30688.15;ISS - GOV ESTADO  F 193;
562461;;;;;218136.45;6137.63;IRRF - GOV ESTADO - F 193;
562463;;;;;7117;7117;INSTITUTO NACIONAL DO SEGURO SOCIAL;
562464;;;;;;;;
562465;;;;;;;;
562466;;;;;;;;
562467;;;;;232.8;232.8;HSJB - IRRF RETIDO EM N.F;
562468;;;;;;;;
562469;;;;;;;;
562470;;;;;;;;
562471;;;;;;;;
562472;;;;;;;;
562473;;;;;2.67;2.67;HSJB - IRRF RETIDO EM N.F;
562474;;;;;21.96;21.96;HSJB - IRRF RETIDO EM N.F;
562475;;;;;188.76;188.76;HSJB - IRRF RETIDO EM N.F;
562476;;;;;;;;
562477;;;;;;;;
562478;;;;;23.76;23.76;HSJB - IRRF RETIDO EM N.F;
562479;;;;;;;;
562480;;;;;6.68;6.68;HSJB - IRRF RETIDO EM N.F;
562481;;;;;;;;
562482;;;;;;;;
562483;;;;;;;;
562484;;;;;74.52;74.52;HSJB - IRRF RETIDO EM N.F;
562485;;;;;49544.7;1005.72;IRRF - SALARIO EDUCAÇÃO;
562486;;;;;;;;
562487;;;;;;;;
562488;;;;;;;;
562489;;;;;;;;
562490;;;;;;;;
562491;;;;;30;30;HSJB - IRRF RETIDO EM N.F;
562492;;;;;;;;
562493;;;;;34.8;34.8;HSJB - IRRF RETIDO EM N.F;
562496;;;;;;;;
562497;;;;;;;;
562498;;;;;;;;
562499;;;;;;;;
562500;;;;;173.78;173.78;HSJB - IRRF RETIDO EM N.F;
562501;;;;;;;;
562502;;;;;32.4;32.4;HSJB - IRRF RETIDO EM N.F;
562503;;;;;;;;
562504;;;;;;;;
562505;;;;;1300;15.6;IRRF - FME;
562506;;;;;13.37;13.37;HSJB - IRRF RETIDO EM N.F;
562507;;;;;888;10.65;IRRF - FME;
562508;;;;;28472;854.16;ISS - FME;
562508;;;;;28472;341.66;IRRF - FME;
562509;;;;;30353;910.59;ISS - FME;
562509;;;;;30353;364.24;IRRF - FME;
562510;;;;;;;;
562511;;;;;2.65;2.65;HSJB - IRRF RETIDO EM N.F;
562512;;;;;1067;1067;RESTITUICOES ANTECIPACAO DE PAGAMENTO -;
562515;;;;;282791.88;5819.52;ISS - GOV ESTADO  F 193;
562517;;;;;;;;
562519;;;;;2.24;2.24;HSJB - IRRF RETIDO EM N.F;
562522;;;;;;;;
562523;;;;;;;;
562525;;;;;;;;
562526;;;;;;;;
562528;;;;;10144.87;121.74;IRRF - FORNECIMENTO DE BENS;
562530;;;;;;;;
562531;;;;;;;;
562532;;;;;32.37;32.37;HSJB - IRRF RETIDO EM N.F;
562537;;;;;;;;
562538;;;;;;;;
562539;;;;;32.37;32.37;HSJB - IRRF RETIDO EM N.F;
562540;;;;;;;;
562541;;;;;;;;
562542;;;;;32.37;32.37;HSJB - IRRF RETIDO EM N.F;
562543;;;;;;;;
562544;;;;;32.37;32.37;HSJB - IRRF RETIDO EM N.F;
562545;;;;;;;;
562546;;;;;32.37;32.37;HSJB - IRRF RETIDO EM N.F;
562547;;;;;;;;
562548;;;;;32.37;32.37;HSJB - IRRF RETIDO EM N.F;
562549;;;;;;;;
562550;;;;;119;119;HSJB - ISS - PMVR;
562552;;;;;71.4;71.4;HSJB - IRRF RETIDO EM N.F;
562554;;;;;;;;
562555;;;;;34.42;34.42;HSJB - IRRF RETIDO EM N.F;
562557;;;;;;;;
562559;;;;;15.88;15.88;HSJB - IRRF RETIDO EM N.F;
562561;;;;;;;;
562566;;;;;;;;
562567;;;;;;;;
562570;;;;;;;;
562572;;;;;;;;
562573;;;;;8.42;8.42;HSJB - IRRF RETIDO EM N.F;
562574;;;;;613.92;613.92;HSJB - IRRF RETIDO EM N.F;
562576;;;;;;;;
562577;;;;;1.43;1.43;HSJB - IRRF RETIDO EM N.F;
562578;;;;;;;;
562579;;;;;16.56;16.56;HSJB - IRRF RETIDO EM N.F;
562580;;;;;;;;
562581;;;;;2.2;2.2;HSJB - IRRF RETIDO EM N.F;
562585;;;;;;;;
562587;;;;;;;;
562589;;;;;;;;
562590;;;;;312.08;312.08;HSJB - IRRF RETIDO EM N.F;
562592;;;;;393.24;393.24;HSJB - IRRF RETIDO EM N.F;
562594;;;;;;;;
562595;;;;;;;;
562599;;;;;;;;
562600;;;;;16.2;16.2;HSJB - IRRF RETIDO EM N.F;
562601;;;;;;;;
562604;;;;;;;;
562607;;;;;585821.8;9211.21;IRRF - GESTAO PLENA - SUS;
562607;;;;;585821.8;30704.03;ISS - GESTAO PLENA;
562610;;;;;17335.93;260.04;IRRF - GESTAO PLENA - SUS;
562610;;;;;17335.93;866.8;ISS - GESTAO PLENA;
562613;;;;;9440.4;472.02;ISS - PMVR;
562613;;;;;9440.4;453.14;IRRF - PRESTADOR DE SERVIÇOS;
562614;;;;;22193.89;1109.69;ISS - PMVR;
562614;;;;;22193.89;1065.31;IRRF - PRESTADOR DE SERVIÇOS;
562615;;;;;;;;
562616;;;;;;;;
562617;;;;;;;;
562618;;;;;;;;
562619;;;;;;;;
562624;;;;;;;;
562625;;;;;;;;
562627;;;;;232480;6974.4;RETENC. ISS EM LIQUIDAÇÃO;
562627;;;;;232480;8136.8;INSS - PREST. SERV. PROPRIO;
562627;;;;;232480;2789.76;IRRF SOBRE O TRABALHO PRINCIPAL - PJ;
562629;;;;;5859.78;292.99;RETENC. ISS EM LIQUIDAÇÃO;
562633;;;;;;;;
562634;;;;;;;;
562636;;;;;43580.72;2179.04;RETENC. ISS EM LIQUIDAÇÃO;
562637;;;;;;;;
562640;;;;;;;;
562641;;;;;24.8;24.8;HSJB - IRRF RETIDO EM N.F;
562642;;;;;;;;
562643;;;;;;;;
562644;;;;;70514.03;3525.7;RETENC. ISS EM LIQUIDAÇÃO;
562646;;;;;;;;
562647;;;;;;;;
562649;;;;;;;;
562650;;;;;;;;
562651;;;;;;;;
562652;;;;;;;;
562653;;;;;;;;
562654;;;;;;;;
562655;;;;;;;;
562656;;;;;;;;
562657;;;;;;;;
562658;;;;;;;;
562661;;;;;;;;
562662;;;;;;;;
562663;;;;;;;;
562664;;;;;;;;
562665;;;;;;;;
562666;;;;;;;;
562667;;;;;;;;
562668;;;;;;;;
562669;;;;;;;;
562670;;;;;;;;
562671;;;;;;;;
562672;;;;;;;;
562673;;;;;;;;
562674;;;;;;;;
562676;;;;;;;;
562677;;;;;;;;
562678;;;;;;;;
562679;;;;;;;;
562680;;;;;;;;
562681;;;;;;;;
562682;;;;;;;;
562684;;;;;;;;
562685;;;;;;;;
562686;;;;;;;;
562687;;;;;2;2;HSJB - IRRF RETIDO EM N.F;
562688;;;;;;;;
562689;;;;;;;;
562690;;;;;;;;
562691;;;;;;;;
562692;;;;;;;;
562693;;;;;;;;
562694;;;;;;;;
562695;;;;;8698.33;417.52;IRRF SOBRE O TRABALHO PRINCIPAL - PJ;
562696;;;;;;;;
562697;;;;;;;;
562698;;;;;;;;
562699;;;;;8698.33;417.52;IRRF SOBRE O TRABALHO PRINCIPAL - PJ;
562700;;;;;;;;
562701;;;;;;;;
562702;;;;;;;;
562703;;;;;58920;707.04;IRRF SOBRE O TRABALHO PRINCIPAL - PJ;
562704;;;;;;;;
562705;;;;;;;;
562706;;;;;;;;
562708;;;;;;;;
562709;;;;;;;;
562711;;;;;;;;
562712;;;;;;;;
562713;;;;;;;;
562715;;;;;;;;
562716;;;;;;;;
562717;;;;;;;;
562718;;;;;4329.5;51.95;IRRF SOBRE O TRABALHO PRINCIPAL - PJ;
562719;;;;;;;;
562720;;;;;;;;
562721;;;;;6431.26;77.18;IRRF SOBRE O TRABALHO PRINCIPAL - PJ;
562722;;;;;31.68;31.68;HSJB - IRRF RETIDO EM N.F;
562723;;;;;;;;
562724;;;;;;;;
562725;;;;;;;;
562726;;;;;;;;
562727;;;;;133.15;133.15;HSJB - IRRF RETIDO EM N.F;
562729;;;;;5874.12;88.11;IRRF - GESTAO PLENA - SUS;
562730;;;;;;;;
562731;;;;;;;;
562732;;;;;;;;
562733;;;;;;;;
562734;;;;;146320;1755.84;IRRF SOBRE O TRABALHO PRINCIPAL - PJ;
562735;;;;;;;;
562736;;;;;;;;
562737;;;;;567.6;567.6;HSJB - IRRF RETIDO EM N.F;
562738;;;;;390;7.84;RETENC. ISS EM LIQUIDAÇÃO;
562739;;;;;;;;
562740;;;;;;;;
562741;;;;;339.7;339.7;HSJB - IRRF RETIDO EM N.F;
562742;;;;;53030.84;2650.04;RETENC. ISS EM LIQUIDAÇÃO;
562744;;;;;;;;
562746;;;;;144137.12;7206.86;RETENC. ISS EM LIQUIDAÇÃO;
562747;;;;;;;;
562748;;;;;;;;
562751;;;;;;;;
562752;;;;;;;;
562754;;;;;;;;
562758;;;;;;;;
562759;;;;;;;;
562761;;;;;;;;
562762;;;;;;;;
562765;;;;;;;;
562766;;;;;;;;
562767;;;;;;;;
562768;;;;;493.44;493.44;HSJB - IRRF RETIDO EM N.F;
562769;;;;;;;;
562770;;;;;;;;
562771;;;;;3625.42;43.51;IRRF SOBRE O TRABALHO PRINCIPAL - PJ;
562772;;;;;570.5;6.84;IRRF SOBRE O TRABALHO PRINCIPAL - PJ;
562773;;;;;;;;
562774;;;;;;;;
562775;;;;;;;;
562777;;;;;;;;
562778;;;;;;;;
562779;;;;;1722.5;1722.5;HSJB - IRRF RETIDO EM N.F;
562783;;;;;;;;
562784;;;;;;;;
562785;;;;;;;;
562786;;;;;;;;
562788;;;;;7798.5;156.75;RETENC. ISS EM LIQUIDAÇÃO;
562790;;;;;;;;
562793;;;;;5546;194.11;RETENC. ISS EM LIQUIDAÇÃO;
562793;;;;;5546;122.01;INSS - PREST. SERV. PROPRIO;
562794;;;;;;;;
562796;;;;;;;;
562798;;;;;;;;
562800;;;;;;;;
562801;;;;;;;;
562802;;;;;;;;
562804;;;;;;;;
562805;;;;;1180;47.2;ISS - PMVR;
562815;;;;;6088.85;121.79;ISS - PMVR;
562817;;;;;;;;
562818;;;;;6349.5;126.99;ISS - PMVR;
562827;;;;;;;;
562828;;;;;;;;
562829;;;;;;;;
562830;;;;;;;;
562831;;;;;;;;
562832;;;;;;;;
562835;;;;;;;;
562838;;;;;35.08;35.08;HSJB - IRRF RETIDO EM N.F;
562840;;;;;25408.87;508.18;ISS - PMVR;
562845;;;;;;;;
562846;;;;;;;;
562847;;;;;;;;
562848;;;;;;;;
562849;;;;;;;;
562850;;;;;;;;
562851;;;;;5914.19;118.28;ISS - PMVR;
562852;;;;;27.29;27.29;HSJB - IRRF RETIDO EM N.F;
562853;;;;;;;;
562854;;;;;;;;
562855;;;;;;;;
562856;;;;;;;;
562858;;;;;;;;
562859;;;;;;;;
562860;;;;;;;;
562861;;;;;4.39;4.39;HSJB - IRRF RETIDO EM N.F;
562862;;;;;6400;307.2;IRRF SOBRE O TRABALHO PRINCIPAL - PJ;
562863;;;;;;;;
562864;;;;;;;;
562865;;;;;25600;1228.8;IRRF SOBRE O TRABALHO PRINCIPAL - PJ;
562866;;;;;35.08;35.08;HSJB - IRRF RETIDO EM N.F;
562867;;;;;7798.5;212.12;RETENC. ISS EM LIQUIDAÇÃO;
562868;;;;;7798.5;212.12;RETENC. ISS EM LIQUIDAÇÃO;
562869;;;;;479.5;1.15;IRRF - FORNECIMENTO DE BENS;
562870;;;;;7798.5;212.12;RETENC. ISS EM LIQUIDAÇÃO;
562871;;;;;;;;
562872;;;;;;;;
562873;;;;;;;;
562874;;;;;35.54;35.54;HSJB - IRRF RETIDO EM N.F;
562875;;;;;12.9;12.9;HSJB - IRRF RETIDO EM N.F;
562876;;;;;;;;
562877;;;;;;;;
562878;;;;;;;;
562879;;;;;;;;
562880;;;;;;;;
562881;;;;;29.77;29.77;HSJB - IRRF RETIDO EM N.F;
562883;;;;;;;;
562885;;;;;;;;
562886;;;;;25.49;25.49;HSJB - IRRF RETIDO EM N.F;
562888;;;;;;;;
562889;;;;;;;;
562890;;;;;20.69;20.69;HSJB - IRRF RETIDO EM N.F;
562891;;;;;;;;
562892;;;;;23.16;23.16;HSJB - IRRF RETIDO EM N.F;
562893;;;;;;;;
562894;;;;;;;;
562901;;;;;4425;132.75;RETENC. ISS EM LIQUIDAÇÃO;
562902;;;;;;;;
562913;;;;;;;;
562915;;;;;6771.2;81.26;IRRF - FORNECIMENTO DE BENS;
562916;;;;;1653.05;19.84;IRRF - FORNECIMENTO DE BENS;
562917;;;;;203.75;2.44;IRRF - FORNECIMENTO DE BENS;
562918;;;;;;;;
562919;;;;;;;;
562920;;;;;;;;
562921;;;;;35.08;35.08;HSJB - IRRF RETIDO EM N.F;
562922;;;;;;;;
562923;;;;;25.49;25.49;HSJB - IRRF RETIDO EM N.F;
562924;;;;;;;;
562925;;;;;;;;
562926;;;;;;;;
562928;;;;;;;;
562929;;;;;;;;
562931;;;;;;;;
562932;;;;;;;;
562933;;;;;35.08;35.08;HSJB - IRRF RETIDO EM N.F;
562935;;;;;109.44;109.44;HSJB - IRRF RETIDO EM N.F;
562936;;;;;;;;
562938;;;;;;;;
562939;;;;;35.08;35.08;HSJB - IRRF RETIDO EM N.F;
562940;;;;;;;;
562943;;;;;;;;
562944;;;;;186.17;186.17;INSTITUTO NACIONAL DO SEGURO SOCIAL;
562946;;;;;101.52;101.52;RESTITUI0ES (ANTECIPACAO DE PAGAMENTO) -;
562947;;;;;;;;
562951;;;;;36.88;36.88;HSJB - IRRF RETIDO EM N.F;
562953;;;;;3250;156;IRRF - PRESTADOR DE SERVIÇOS;
562956;;;;;16637.14;846.24;ISS - GESTAO PLENA;
562957;;;;;;;;
562958;;;;;27.29;27.29;HSJB - IRRF RETIDO EM N.F;
562959;;;;;;;;
562960;;;;;173.21;173.21;HSJB - IRRF RETIDO EM N.F;
562961;;;;;140.04;140.04;HSJB - IRRF RETIDO EM N.F;
562965;;;;;;;;
562968;;;;;;;;
562969;;;;;;;;
562971;;;;;;;;
562972;;;;;25.49;25.49;HSJB - IRRF RETIDO EM N.F;
562973;;;;;;;;
562974;;;;;;;;
562975;;;;;;;;
562976;;;;;;;;
562977;;;;;271.44;271.44;HSJB - IRRF RETIDO EM N.F;
562978;;;;;;;;
562979;;;;;680970.09;21689.71;ISS - PMVR;
562979;;;;;680970.09;74906.62;INSTITUTO NACIONAL DO SEGURO SOCIAL;
562979;;;;;680970.09;943.4;PENSÃO ALIMENTICIA;
562981;;;;;;;;
562982;;;;;36.88;36.88;HSJB - IRRF RETIDO EM N.F;
562983;;;;;475.2;475.2;HSJB - IRRF RETIDO EM N.F;
562984;;;;;;;;
562985;;;;;12.9;12.9;HSJB - IRRF RETIDO EM N.F;
562986;;;;;;;;
562987;;;;;25.49;25.49;HSJB - IRRF RETIDO EM N.F;
562990;;;;;;;;
562992;;;;;12.9;12.9;HSJB - IRRF RETIDO EM N.F;
562994;;;;;;;;
562996;;;;;;;;
562997;;;;;;;;
562998;;;;;35.08;35.08;HSJB - IRRF RETIDO EM N.F;
562999;;;;;659753.31;659753.31;INSTITUTO NACIONAL DO SEGURO SOCIAL;
563000;;;;;1228787.88;1228787.88;IRRF - PMVR;
563002;;;;;;;;
563003;;;;;;;;
563004;;;;;;;;
563006;;;;;54.72;54.72;HSJB - IRRF RETIDO EM N.F;
563008;;;;;27.29;27.29;HSJB - IRRF RETIDO EM N.F;
563010;;;;;142350.04;7117.5;ISS - PMVR;
563010;;;;;142350.04;15658.44;INSTITUTO NACIONAL DO SEGURO SOCIAL;
563011;;;;;;;;
563012;;;;;;;;
563013;;;;;22.79;22.79;HSJB - IRRF RETIDO EM N.F;
563014;;;;;;;;
563015;;;;;;;;
563016;;;;;1.45;1.45;HSJB - IRRF RETIDO EM N.F;
563017;;;;;;;;
563018;;;;;;;;
563019;;;;;;;;
563020;;;;;;;;
563021;;;;;;;;
563022;;;;;;;;
563023;;;;;;;;
563024;;;;;54478.62;2613.92;ISS - PMVR;
563024;;;;;54478.62;5992.59;INSTITUTO NACIONAL DO SEGURO SOCIAL;
563026;;;;;;;;
563031;;;;;;;;
563032;;;;;27.29;27.29;HSJB - IRRF RETIDO EM N.F;
563033;;;;;;;;
563034;;;;;12.9;12.9;HSJB - IRRF RETIDO EM N.F;
563048;;;;;;;;
563049;;;;;12.46;12.46;HSJB - IRRF RETIDO EM N.F;
563077;;;;;;;;
563083;;;;;;;;
563084;;;;;;;;
563085;;;;;;;;
563086;;;;;25.49;25.49;HSJB - IRRF RETIDO EM N.F;
563088;;;;;;;;
563094;;;;;;;;
563097;;;;;12.9;12.9;HSJB - IRRF RETIDO EM N.F;
563099;;;;;;;;
563100;;;;;;;;
563101;;;;;27.29;27.29;HSJB - IRRF RETIDO EM N.F;
563105;;;;;;;;
563108;;;;;2.38;2.38;HSJB - IRRF RETIDO EM N.F;
563110;;;;;;;;
563111;;;;;17.7;17.7;HSJB - IRRF RETIDO EM N.F;
563113;;;;;;;;
563114;;;;;12.9;12.9;HSJB - IRRF RETIDO EM N.F;
563116;;;;;;;;
563117;;;;;11.42;11.42;HSJB - IRRF RETIDO EM N.F;
563119;;;;;;;;
563120;;;;;;;;
563122;;;;;72.12;72.12;HSJB - IRRF RETIDO EM N.F;
563126;;;;;;;;
563129;;;;;25.49;25.49;HSJB - IRRF RETIDO EM N.F;
563131;;;;;;;;
563135;;;;;;;;
563139;;;;;25.49;25.49;HSJB - IRRF RETIDO EM N.F;
563146;;;;;;;;
563148;;;;;;;;
563149;;;;;27.29;27.29;HSJB - IRRF RETIDO EM N.F;
563154;;;;;;;;
563156;;;;;;;;
563159;;;;;;;;
563162;;;;;18.7;18.7;HSJB - IRRF RETIDO EM N.F;
563163;;;;;;;;
563165;;;;;;;;
563166;;;;;;;;
563168;;;;;;;;
563169;;;;;;;;
563172;;;;;;;;
563173;;;;;;;;
563177;;;;;;;;
563178;;;;;;;;
563181;;;;;;;;
563183;;;;;;;;
563185;;;;;;;;
563188;;;;;;;;
563193;;;;;;;;
563194;;;;;;;;
563196;;;;;6300;75.6;IR/PIS/COFINS/CSLL RETIDO N.F;
563198;;;;;;;;
563201;;;;;;;;
563204;;;;;;;;
563205;;;;;1434.62;17.21;IR/PIS/COFINS/CSLL RETIDO N.F;
563206;;;;;;;;
563210;;;;;6.68;6.68;HSJB - IRRF RETIDO EM N.F;
563212;;;;;11897.6;148.39;IRRF - GESTAO PLENA - SUS;
563212;;;;;11897.6;618.26;ISS - GESTAO PLENA;
563217;;;;;;;;
563218;;;;;;;;
563225;;;;;6800;326.4;IRRF - GESTAO PLENA - SUS;
563226;;;;;6500;312;IRRF - GESTAO PLENA - SUS;
563227;;;;;;;;
563228;;;;;6500;312;IRRF - GESTAO PLENA - SUS;
563230;;;;;6500;312;IRRF - GESTAO PLENA - SUS;
563231;;;;;;;;
563233;;;;;;;;
563253;;;;;;;;
563256;;;;;35.08;35.08;HSJB - IRRF RETIDO EM N.F;
563258;;;;;;;;
563259;;;;;;;;
563262;;;;;;;;
563266;;;;;6.68;6.68;HSJB - IRRF RETIDO EM N.F;
563267;;;;;;;;
563272;;;;;35.08;35.08;HSJB - IRRF RETIDO EM N.F;
563275;;;;;;;;
563277;;;;;;;;
563279;;;;;5.11;5.11;HSJB - IRRF RETIDO EM N.F;
563281;;;;;;;;
563282;;;;;;;;
563283;;;;;5.11;5.11;HSJB - IRRF RETIDO EM N.F;
563287;;;;;36.99;36.99;HSJB - IRRF RETIDO EM N.F;
563289;;;;;;;;
563291;;;;;27.29;27.29;HSJB - IRRF RETIDO EM N.F;
563294;;;;;;;;
563296;;;;;571964.04;29561.55;RETENC. ISS EM LIQUIDAÇÃO;
563296;;;;;571964.04;19510.62;INSS - PREST. SERV. PROPRIO;
563296;;;;;571964.04;28379.08;IRRF SOBRE O TRABALHO PRINCIPAL - PJ;
563299;;;;;551;8.26;IRRF - GESTAO PLENA - SUS;
563299;;;;;551;27.55;ISS - GESTAO PLENA;
563303;;;;;;;;
563305;;;;;12.9;12.9;HSJB - IRRF RETIDO EM N.F;
563307;;;;;;;;
563309;;;;;;;;
563310;;;;;;;;
563312;;;;;;;;
563314;;;;;205.37;205.37;HSJB - IRRF RETIDO EM N.F;
563315;;;;;2204;33.06;IRRF - GESTAO PLENA - SUS;
563315;;;;;2204;110.2;ISS - GESTAO PLENA;
563316;;;;;25.49;25.49;HSJB - IRRF RETIDO EM N.F;
563317;;;;;;;;
563318;;;;;25.49;25.49;HSJB - IRRF RETIDO EM N.F;
563319;;;;;102960.77;1544.41;IRRF - GESTAO PLENA - SUS;
563319;;;;;102960.77;5148.04;ISS - GESTAO PLENA;
563320;;;;;;;;
563321;;;;;;;;
563322;;;;;12.03;12.03;HSJB - IRRF RETIDO EM N.F;
563324;;;;;640;9.6;IRRF - GESTAO PLENA - SUS;
563324;;;;;640;32;ISS - GESTAO PLENA;
563325;;;;;76.62;76.62;HSJB - IRRF RETIDO EM N.F;
563331;;;;;1862;27.93;IRRF - GESTAO PLENA - SUS;
563331;;;;;1862;37.24;ISS - GESTAO PLENA;
563334;;;;;;;;
563336;;;;;;;;
563337;;;;;;;;
563339;;;;;;;;
563341;;;;;;;;
563342;;;;;23.76;23.76;HSJB - IRRF RETIDO EM N.F;
563343;;;;;;;;
563344;;;;;;;;
563345;;;;;;;;
563346;;;;;;;;
563347;;;;;;;;
563348;;;;;;;;
563349;;;;;;;;
563350;;;;;;;;
563351;;;;;;;;
563352;;;;;;;;
563353;;;;;144900;1898.29;IRRF - GESTAO PLENA - SUS;
563353;;;;;144900;7909.97;ISS - GESTAO PLENA;
563354;;;;;;;;
563355;;;;;;;;
563356;;;;;;;;
563357;;;;;;;;
563359;;;;;;;;
563360;;;;;;;;
563361;;;;;;;;
563362;;;;;;;;
563363;;;;;64.8;64.8;HSJB - IRRF RETIDO EM N.F;
563364;;;;;;;;
563365;;;;;22500;917.7;ISS - GESTAO PLENA;
563366;;;;;;;;
563367;;;;;;;;
563368;;;;;;;;
563369;;;;;;;;
563370;;;;;;;;
563371;;;;;;;;
563372;;;;;;;;
563373;;;;;;;;
563374;;;;;;;;
563375;;;;;;;;
563376;;;;;;;;
563377;;;;;;;;
563378;;;;;;;;
563380;;;;;;;;
563381;;;;;;;;
563383;;;;;;;;
563385;;;;;;;;
563386;;;;;;;;
563387;;;;;;;;
563388;;;;;;;;
563390;;;;;;;;
563391;;;;;;;;
563392;;;;;;;;
563393;;;;;;;;
563395;;;;;;;;
563404;;;;;;;;
563405;;;;;;;;
563406;;;;;;;;
563407;;;;;;;;
563408;;;;;;;;
563409;;;;;15.84;15.84;HSJB - IRRF RETIDO EM N.F;
563410;;;;;;;;
563411;;;;;;;;
563412;;;;;;;;
563413;;;;;11.98;11.98;HSJB - IRRF RETIDO EM N.F;
563414;;;;;;;;
563415;;;;;;;;
563416;;;;;;;;
563418;;;;;;;;
563419;;;;;11.98;11.98;HSJB - IRRF RETIDO EM N.F;
563420;;;;;;;;
563421;;;;;;;;
563423;;;;;11.98;11.98;HSJB - IRRF RETIDO EM N.F;
563424;;;;;316.8;316.8;HSJB - IRRF RETIDO EM N.F;
563427;;;;;;;;
563428;;;;;28.97;28.97;HSJB - IRRF RETIDO EM N.F;
563431;;;;;;;;
563432;;;;;;;;
563433;;;;;;;;
563435;;;;;2230;111.5;ISS - PMVR;
563439;;;;;;;;
563441;;;;;;;;
563443;;;;;;;;
563444;;;;;192;9.6;ISS - PMVR;
563446;;;;;;;;
563447;;;;;;;;
563449;;;;;396.03;19;IRRF - FME;
563450;;;;;706;8.47;IRRF - FME;
563451;;;;;894;17.97;ISS - PMVR;
563454;;;;;;;;
563455;;;;;1320;26.53;ISS - PMVR;
563467;;;;;;;;
563469;;;;;;;;
563470;;;;;;;;
563471;;;;;1230;24.72;ISS - PMVR;
563472;;;;;;;;
563474;;;;;104.4;104.4;HSJB - IRRF RETIDO EM N.F;
563476;;;;;;;;
563479;;;;;;;;
563480;;;;;57.24;57.24;HSJB - IRRF RETIDO EM N.F;
563482;;;;;;;;
563483;;;;;;;;
563484;;;;;108;108;HSJB - IRRF RETIDO EM N.F;
563487;;;;;;;;
563488;;;;;26125;313.5;IRRF - FORNECIMENTO DE BENS;
563489;;;;;;;;
563490;;;;;;;;
563491;;;;;1371614.18;20574.21;IRRF - GESTAO PLENA - SUS;
563492;;;;;44.8;44.8;HSJB - IRRF RETIDO EM N.F;
563493;;;;;;;;
563494;;;;;19.26;19.26;HSJB - IRRF RETIDO EM N.F;
563495;;;;;;;;
563497;;;;;;;;
563498;;;;;17242.5;258.64;IRRF - GESTAO PLENA - SUS;
563498;;;;;17242.5;344.85;ISS - GESTAO PLENA;
563499;;;;;;;;
563500;;;;;44.8;44.8;HSJB - IRRF RETIDO EM N.F;
563501;;;;;;;;
563502;;;;;;;;
563503;;;;;;;;
563504;;;;;;;;
563505;;;;;17.67;17.67;HSJB - IRRF RETIDO EM N.F;
563506;;;;;4900;98;ISS - PMVR;
563507;;;;;816.32;816.32;HSJB - IRRF RETIDO EM N.F;
563508;;;;;;;;
563509;;;;;4081.61;4081.61;ISS - PMVR;
563510;;;;;1.43;1.43;HSJB - IRRF RETIDO EM N.F;
563511;;;;;;;;
563512;;;;;5669.19;85.04;IRRF - GESTAO PLENA - SUS;
563512;;;;;5669.19;283.46;ISS - GESTAO PLENA;
563513;;;;;;;;
563514;;;;;17.68;17.68;HSJB - IRRF RETIDO EM N.F;
563516;;;;;;;;
563517;;;;;0.91;0.91;HSJB - IRRF RETIDO EM N.F;
563518;;;;;1078;16.17;IRRF - GESTAO PLENA - SUS;
563518;;;;;1078;21.56;ISS - GESTAO PLENA;
563519;;;;;;;;
563520;;;;;44.8;44.8;HSJB - IRRF RETIDO EM N.F;
563521;;;;;;;;
563522;;;;;;;;
563523;;;;;17.45;17.45;HSJB - IRRF RETIDO EM N.F;
563524;;;;;11226;355.71;IRRF - GESTAO PLENA - SUS;
563524;;;;;11226;1185.7;ISS - GESTAO PLENA;
563525;;;;;;;;
563526;;;;;;;;
563527;;;;;16.8;16.8;HSJB - IRRF RETIDO EM N.F;
563528;;;;;;;;
563529;;;;;;;;
563530;;;;;16.8;16.8;HSJB - IRRF RETIDO EM N.F;
563531;;;;;9120;109.44;IRRF - GESTAO PLENA - SUS;
563531;;;;;9120;456;ISS - GESTAO PLENA;
563532;;;;;;;;
563533;;;;;20.25;20.25;HSJB - IRRF RETIDO EM N.F;
563534;;;;;;;;
563535;;;;;20.27;20.27;HSJB - IRRF RETIDO EM N.F;
563536;;;;;;;;
563537;;;;;44.8;44.8;HSJB - IRRF RETIDO EM N.F;
563538;;;;;;;;
563539;;;;;;;;
563540;;;;;137.04;137.04;HSJB - IRRF RETIDO EM N.F;
563541;;;;;6664;99.96;IRRF - GESTAO PLENA - SUS;
563541;;;;;6664;333.2;ISS - GESTAO PLENA;
563542;;;;;368241.6;5523.62;IRRF - GESTAO PLENA - SUS;
563542;;;;;368241.6;11047.25;ISS - GESTAO PLENA;
563554;;;;;;;;
563555;;;;;16.8;16.8;HSJB - IRRF RETIDO EM N.F;
563556;;;;;4154;62.31;IRRF - GESTAO PLENA - SUS;
563556;;;;;4154;207.7;ISS - GESTAO PLENA;
563557;;;;;;;;
563558;;;;;477.6;477.6;HSJB - IRRF RETIDO EM N.F;
563559;;;;;;;;
563560;;;;;44.8;44.8;HSJB - IRRF RETIDO EM N.F;
563562;;;;;;;;
563563;;;;;20.28;20.28;HSJB - IRRF RETIDO EM N.F;
563564;;;;;2970;48.6;IRRF - GESTAO PLENA - SUS;
563564;;;;;2970;65.8;ISS - GESTAO PLENA;
563565;;;;;;;;
563567;;;;;;;;
563569;;;;;1.43;1.43;HSJB - IRRF RETIDO EM N.F;
563571;;;;;249;3.73;IRRF - GESTAO PLENA - SUS;
563571;;;;;249;12.45;ISS - GESTAO PLENA;
563572;;;;;;;;
563573;;;;;;;;
563574;;;;;20.28;20.28;HSJB - IRRF RETIDO EM N.F;
563575;;;;;15885.86;614.78;ISS - GESTAO PLENA;
563576;;;;;;;;
563577;;;;;6638.88;541.31;ISS - GESTAO PLENA;
563578;;;;;7.26;7.26;HSJB - IRRF RETIDO EM N.F;
563579;;;;;;;;
563580;;;;;8980;107.76;IRRF - GESTAO PLENA - SUS;
563580;;;;;8980;179.6;ISS - GESTAO PLENA;
563581;;;;;;;;
563582;;;;;;;;
563583;;;;;15.84;15.84;HSJB - IRRF RETIDO EM N.F;
563584;;;;;;;;
563585;;;;;16.8;16.8;HSJB - IRRF RETIDO EM N.F;
563586;;;;;;;;
563592;;;;;;;;
563593;;;;;;;;
563595;;;;;;;;
563596;;;;;;;;
563597;;;;;19.26;19.26;HSJB - IRRF RETIDO EM N.F;
563599;;;;;15.84;15.84;HSJB - IRRF RETIDO EM N.F;
563602;;;;;;;;
563603;;;;;2.23;2.23;HSJB - IRRF RETIDO EM N.F;
563608;;;;;;;;
563610;;;;;;;;
563612;;;;;56.28;56.28;HSJB - IRRF RETIDO EM N.F;
563615;;;;;;;;
563616;;;;;;;;
563617;;;;;20.27;20.27;HSJB - IRRF RETIDO EM N.F;
563618;;;;;;;;
563619;;;;;;;;
563620;;;;;2.35;2.35;HSJB - IRRF RETIDO EM N.F;
563621;;;;;;;;
563622;;;;;44.8;44.8;HSJB - IRRF RETIDO EM N.F;
563623;;;;;;;;
563624;;;;;11760;141.12;IRRF - FME;
563625;;;;;;;;
563626;;;;;11.47;11.47;HSJB - IRRF RETIDO EM N.F;
563628;;;;;;;;
563629;;;;;6.58;6.58;HSJB - IRRF RETIDO EM N.F;
563630;;;;;;;;
563631;;;;;0.46;0.46;HSJB - IRRF RETIDO EM N.F;
563632;;;;;;;;
563633;;;;;;;;
563634;;;;;;;;
563635;;;;;;;;
563636;;;;;;;;
563638;;;;;1264.5;15.17;IR/PIS/COFINS/CSLL RETIDO N.F;
563639;;;;;;;;
563640;;;;;;;;
563641;;;;;;;;
563642;;;;;1264.5;15.17;IR/PIS/COFINS/CSLL RETIDO N.F;
563643;;;;;;;;
563644;;;;;39910.74;478.93;IR/PIS/COFINS/CSLL RETIDO N.F;
563645;;;;;8451;101.41;IR/PIS/COFINS/CSLL RETIDO N.F;
563646;;;;;41043.7;492.52;IR/PIS/COFINS/CSLL RETIDO N.F;
563647;;;;;2810.8;33.72;IR/PIS/COFINS/CSLL RETIDO N.F;
563648;;;;;;;;
563649;;;;;;;;
563651;;;;;;;;
563652;;;;;;;;
563654;;;;;135.47;135.47;HSJB - IRRF RETIDO EM N.F;
563655;;;;;;;;
563656;;;;;10401.86;124.82;IRRF - FORNECIMENTO DE BENS;
563657;;;;;;;;
563659;;;;;663.81;33.19;ISS - PMVR;
563659;;;;;663.81;31.86;IRRF - PRESTADOR DE SERVIÇOS;
563661;;;;;663.82;33.19;ISS - PMVR;
563661;;;;;663.82;31.86;IRRF - PRESTADOR DE SERVIÇOS;
563662;;;;;;;;
563663;;;;;;;;
563664;;;;;;;;
563665;;;;;42.04;42.04;HSJB - IRRF RETIDO EM N.F;
563666;;;;;;;;
563667;;;;;96;96;HSJB - IRRF RETIDO EM N.F;
563668;;;;;;;;
563669;;;;;;;;
563670;;;;;;;;
563671;;;;;;;;
563672;;;;;;;;
563673;;;;;32.37;32.37;HSJB - IRRF RETIDO EM N.F;
563674;;;;;;;;
563675;;;;;;;;
563676;;;;;;;;
563677;;;;;;;;
563678;;;;;;;;
563679;;;;;;;;
563681;;;;;;;;
563682;;;;;;;;
563688;;;;;34.42;34.42;HSJB - IRRF RETIDO EM N.F;
563690;;;;;;;;
563691;;;;;4199.4;282.09;IRRF - GESTAO PLENA - SUS;
563692;;;;;;;;
563693;;;;;;;;
563694;;;;;;;;
563695;;;;;9920;119.04;IRRF - GESTAO PLENA - SUS;
563695;;;;;9920;198.4;ISS - GESTAO PLENA;
563696;;;;;;;;
563697;;;;;;;;
563699;;;;;10187.88;407.52;ISS - GESTAO PLENA;
563700;;;;;;;;
563701;;;;;34.42;34.42;HSJB - IRRF RETIDO EM N.F;
563702;;;;;165.6;165.6;HSJB - IRRF RETIDO EM N.F;
563703;;;;;;;;
563704;;;;;;;;
563705;;;;;;;;
563706;;;;;;;;
563707;;;;;;;;
563708;;;;;;;;
563709;;;;;;;;
563710;;;;;;;;
563711;;;;;;;;
563712;;;;;;;;
563714;;;;;32.37;32.37;HSJB - IRRF RETIDO EM N.F;
563715;;;;;;;;
563716;;;;;;;;
563717;;;;;760.87;28.69;IRRF - PRESTADOR DE SERVIÇOS;
563718;;;;;2830;35.49;IRRF - GESTAO PLENA - SUS;
563718;;;;;2830;147.87;ISS - GESTAO PLENA;
563719;;;;;;;;
563720;;;;;33715.52;674.31;ISS - GOV ESTADO  F 193;
563720;;;;;33715.52;404.59;IRRF - GOV ESTADO - F 193;
563721;;;;;;;;
563722;;;;;;;;
563724;;;;;;;;
563726;;;;;;;;
563727;;;;;273.6;273.6;HSJB - IRRF RETIDO EM N.F;
563728;;;;;;;;
563730;;;;;2592.25;38.88;IRRF - GESTAO PLENA - SUS;
563730;;;;;2592.25;51.84;ISS - GESTAO PLENA;
563731;;;;;2816;140.8;ISS - GESTAO PLENA;
563732;;;;;;;;
563733;;;;;;;;
563734;;;;;;;;
563735;;;;;;;;
563736;;;;;;;;
563737;;;;;5347.76;267.39;ISS - GESTAO PLENA;
563738;;;;;;;;
563741;;;;;79.2;79.2;HSJB - IRRF RETIDO EM N.F;
563742;;;;;13813.6;690.68;ISS - GESTAO PLENA;
563743;;;;;;;;
563744;;;;;4303.91;215.2;ISS - GOV ESTADO  F 193;
563747;;;;;;;;
563750;;;;;22.44;22.44;HSJB - IRRF RETIDO EM N.F;
563751;;;;;19688.77;984.44;ISS - GOV ESTADO  F 193;
563751;;;;;19688.77;295.33;IRRF - GOV ESTADO - F 193;
563757;;;;;;;;
563758;;;;;;;;
563759;;;;;11.16;11.16;HSJB - IRRF RETIDO EM N.F;
563760;;;;;;;;
563765;;;;;;;;
563766;;;;;;;;
563767;;;;;;;;
563768;;;;;;;;
563769;;;;;;;;
563770;;;;;;;;
563771;;;;;;;;
563772;;;;;50573.28;1011.47;ISS - GOV ESTADO  F 193;
563772;;;;;50573.28;606.88;IRRF - GOV ESTADO - F 193;
563773;;;;;;;;
563774;;;;;147.85;147.85;HSJB - IRRF RETIDO EM N.F;
563775;;;;;;;;
563776;;;;;48843.25;586.11;IRRF - FORNECIMENTO DE BENS;
563777;;;;;73380;880.56;IRRF - FORNECIMENTO DE BENS;
563778;;;;;5057.5;60.69;IRRF - FORNECIMENTO DE BENS;
563779;;;;;13672.1;164.06;IRRF - FORNECIMENTO DE BENS;
563780;;;;;;;;
563781;;;;;;;;
563782;;;;;27.29;27.29;HSJB - IRRF RETIDO EM N.F;
563783;;;;;25000;300;IRRF - GESTAO PLENA - SUS;
563783;;;;;25000;750;ISS - GESTAO PLENA;
563784;;;;;;;;
563787;;;;;;;;
563788;;;;;1920;23.04;IRRF - GESTAO PLENA - SUS;
563788;;;;;1920;96;ISS - GESTAO PLENA;
563789;;;;;25.49;25.49;HSJB - IRRF RETIDO EM N.F;
563791;;;;;38619;463.43;IRRF - PMVR;
563791;;;;;38619;1158.57;ISS - PMVR;
563792;;;;;707.64;26.73;ISS - PMVR;
563793;;;;;;;;
563795;;;;;;;;
563797;;;;;35.08;35.08;HSJB - IRRF RETIDO EM N.F;
563799;;;;;68.24;68.24;HSJB - IRRF RETIDO EM N.F;
563800;;;;;;;;
563802;;;;;;;;
563803;;;;;686;8.23;IRRF - GESTAO PLENA - SUS;
563803;;;;;686;20.58;ISS - GESTAO PLENA;
563805;;;;;;;;
563806;;;;;581.98;581.98;HSJB - IRRF RETIDO EM N.F;
563807;;;;;;;;
563808;;;;;27.29;27.29;HSJB - IRRF RETIDO EM N.F;
563810;;;;;;;;
563811;;;;;;;;
563813;;;;;73.91;73.91;HSJB - IRRF RETIDO EM N.F;
563816;;;;;;;;
563817;;;;;;;;
563818;;;;;;;;
563819;;;;;12.9;12.9;HSJB - IRRF RETIDO EM N.F;
563821;;;;;;;;
563822;;;;;1141355.27;177604.59;IRRF - TRABALHO PRINCIPAL PF PMVR;
563822;;;;;1141355.27;79497.43;INSS - PESSOAL PROPRIO;
563825;;;;;;;;
563826;;;;;;;;
563828;;;;;277.2;277.2;HSJB - IRRF RETIDO EM N.F;
563830;;;;;;;;
563831;;;;;27.29;27.29;HSJB - IRRF RETIDO EM N.F;
563832;;;;;;;;
563833;;;;;;;;
563834;;;;;248.4;248.4;HSJB - IRRF RETIDO EM N.F;
563838;;;;;;;;
563839;;;;;29.77;29.77;HSJB - IRRF RETIDO EM N.F;
563841;;;;;;;;
563842;;;;;25.49;25.49;HSJB - IRRF RETIDO EM N.F;
563844;;;;;;;;
563845;;;;;248.4;248.4;HSJB - IRRF RETIDO EM N.F;
563846;;;;;;;;
563847;;;;;25.49;25.49;HSJB - IRRF RETIDO EM N.F;
563855;;;;;;;;
563856;;;;;27.29;27.29;HSJB - IRRF RETIDO EM N.F;
563857;;;;;;;;
563858;;;;;;;;
563859;;;;;12.9;12.9;HSJB - IRRF RETIDO EM N.F;
563860;;;;;46.77;46.77;HSJB - IRRF RETIDO EM N.F;
563861;;;;;;;;
563862;;;;;25.49;25.49;HSJB - IRRF RETIDO EM N.F;
563863;;;;;;;;
563864;;;;;25.49;25.49;HSJB - IRRF RETIDO EM N.F;
563866;;;;;;;;
563867;;;;;390.1;390.1;HSJB - IRRF RETIDO EM N.F;
563868;;;;;;;;
563869;;;;;;;;
563870;;;;;;;;
563872;;;;;;;;
563875;;;;;;;;
563876;;;;;;;;
563877;;;;;;;;
563878;;;;;;;;
563879;;;;;;;;
563880;;;;;29.77;29.77;HSJB - IRRF RETIDO EM N.F;
563881;;;;;;;;
563882;;;;;;;;
563883;;;;;;;;
563884;;;;;;;;
563885;;;;;;;;
563886;;;;;;;;
563887;;;;;;;;
563888;;;;;27.29;27.29;HSJB - IRRF RETIDO EM N.F;
563889;;;;;;;;
563890;;;;;;;;
563891;;;;;;;;
563892;;;;;;;;
563893;;;;;22.79;22.79;HSJB - IRRF RETIDO EM N.F;
563895;;;;;;;;
563896;;;;;28199.03;1367.65;ISS - PMVR;
563897;;;;;25.49;25.49;HSJB - IRRF RETIDO EM N.F;
563898;;;;;2120;101.76;IRRF - PJ PRESTADOR DE SERVIÇOS;
563899;;;;;4660;55.92;IRRF - FME;
563900;;;;;;;;
563901;;;;;36.88;36.88;HSJB - IRRF RETIDO EM N.F;
563902;;;;;;;;
563903;;;;;46200.86;2569.53;ISS - PMVR;
563903;;;;;46200.86;2466.75;IRRF - PRESTADOR DE SERVIÇOS;
563904;;;;;;;;
563905;;;;;;;;
563907;;;;;144.77;144.77;HSJB - IRRF RETIDO EM N.F;
563912;;;;;4626.86;349.73;IRRF - PMVR;
563913;;;;;99086.9;4756.17;IRRF - GESTAO PLENA - SUS;
563918;;;;;;;;
563920;;;;;;;;
563921;;;;;;;;
563922;;;;;;;;
563923;;;;;104.54;104.54;HSJB - IRRF RETIDO EM N.F;
563925;;;;;;;;
563929;;;;;;;;
563930;;;;;;;;
563931;;;;;;;;
563932;;;;;;;;
563933;;;;;4589.24;220.28;IRRF - PRESTADOR DE SERVIÇOS;
563934;;;;;;;;
563935;;;;;;;;
563936;;;;;15.38;15.38;HSJB - ISS - PMVR;
563937;;;;;;;;
563938;;;;;15.38;15.38;HSJB - ISS - PMVR;
563939;;;;;;;;
563940;;;;;;;;
563941;;;;;;;;
563942;;;;;;;;
563943;;;;;;;;
563944;;;;;9585.72;115.03;IR/PIS/COFINS/CSLL RETIDO N.F;
563945;;;;;25544.66;306.54;IR/PIS/COFINS/CSLL RETIDO N.F;
563946;;;;;843;10.12;IR/PIS/COFINS/CSLL RETIDO N.F;
563947;;;;;25459.18;305.51;IR/PIS/COFINS/CSLL RETIDO N.F;
563948;;;;;9397.57;112.77;IR/PIS/COFINS/CSLL RETIDO N.F;
563949;;;;;;;;
563950;;;;;50218.33;602.62;IR/PIS/COFINS/CSLL RETIDO N.F;
563951;;;;;;;;
563952;;;;;;;;
563953;;;;;54.24;54.24;HSJB - IRRF RETIDO EM N.F;
563954;;;;;;;;
563955;;;;;114.25;1.37;IRRF - FORNECIMENTO DE BENS;
563956;;;;;;;;
563957;;;;;;;;
563958;;;;;;;;
563959;;;;;;;;
563960;;;;;13.33;13.33;HSJB - IRRF RETIDO EM N.F;
563962;;;;;;;;
563963;;;;;294.98;294.98;HSJB - IRRF RETIDO EM N.F;
563966;;;;;;;;
563967;;;;;9.49;9.49;HSJB - IRRF RETIDO EM N.F;
563968;;;;;;;;
563971;;;;;14.11;14.11;HSJB - IRRF RETIDO EM N.F;
563973;;;;;;;;
563974;;;;;;;;
563975;;;;;230.58;230.58;HSJB - IRRF RETIDO EM N.F;
563976;;;;;67.09;67.09;HSJB - IRRF RETIDO EM N.F;
563977;;;;;;;;
563978;;;;;;;;
563980;;;;;;;;
563982;;;;;;;;
563984;;;;;;;;
563985;;;;;;;;
563986;;;;;;;;
563987;;;;;;;;
563988;;;;;;;;
563989;;;;;;;;
563990;;;;;18.7;18.7;HSJB - IRRF RETIDO EM N.F;
563992;;;;;;;;
563993;;;;;;;;
563994;;;;;;;;
563995;;;;;;;;
563996;;;;;7.2;7.2;HSJB - IRRF RETIDO EM N.F;
563997;;;;;67.68;67.68;HSJB - IRRF RETIDO EM N.F;
563998;;;;;;;;
563999;;;;;;;;
564001;;;;;;;;
564002;;;;;;;;
564003;;;;;;;;
564004;;;;;32098.16;32098.16;INSTITUTO NACIONAL DO SEGURO SOCIAL;
564005;;;;;1945.6;1945.6;RESTITUI0ES (ANTECIPACAO DE PAGAMENTO) -;
564006;;;;;;;;
564007;;;;;;;;
564008;;;;;;;;
564009;;;;;;;;
564010;;;;;69.24;69.24;HSJB - IRRF RETIDO EM N.F;
564011;;;;;246966.06;5836.03;IRRF - GESTAO PLENA - SUS;
564011;;;;;246966.06;29180.14;ISS - GESTAO PLENA;
564012;;;;;;;;
564013;;;;;;;;
564014;;;;;59.66;59.66;HSJB - IRRF RETIDO EM N.F;
564015;;;;;;;;
564016;;;;;1.44;1.44;HSJB - IRRF RETIDO EM N.F;
564021;;;;;8085;97.02;IRRF - FORNECIMENTO DE BENS;
564026;;;;;;;;
564038;;;;;38.76;38.76;HSJB - IRRF RETIDO EM N.F;
564044;;;;;;;;
564045;;;;;11524;908.99;INSTITUTO NACIONAL DO SEGURO SOCIAL;
564054;;;;;679.96;32.64;IRRF - PRESTADOR DE SERVIÇOS;
564057;;;;;6136;73.63;IR/PIS/COFINS/CSLL RETIDO N.F;
564058;;;;;4474;53.7;IR/PIS/COFINS/CSLL RETIDO N.F;
564059;;;;;;;;
564060;;;;;13000;2679;IRRF - PMVR;
564061;;;;;63.36;63.36;HSJB - IRRF RETIDO EM N.F;
564062;;;;;;;;
564064;;;;;;;;
564066;;;;;3782.35;188.26;IRRF - GOV ESTADO - F 193;
564067;;;;;;;;
564069;;;;;;;;
564070;;;;;112;5.38;IRRF - PRESTADOR DE SERVIÇOS;
564072;;;;;5.16;5.16;HSJB - IRRF RETIDO EM N.F;
564076;;;;;57553.9;1232.29;IRRF - GESTAO PLENA - SUS;
564076;;;;;57553.9;5134.56;ISS - GESTAO PLENA;
564078;;;;;;;;
564079;;;;;;;;
564080;;;;;;;;
564082;;;;;;;;
564083;;;;;;;;
564084;;;;;495.36;495.36;HSJB - IRRF RETIDO EM N.F;
564086;;;;;;;;
564087;;;;;;;;
564089;;;;;;;;
564092;;;;;;;;
564096;;;;;;;;
564100;;;;;;;;
564101;;;;;;;;
564105;;;;;1300;143;INSTITUTO NACIONAL DO SEGURO SOCIAL;
564107;;;;;;;;
564108;;;;;;;;
564109;;;;;293.74;293.74;HSJB - IRRF RETIDO EM N.F;
564110;;;;;;;;
564112;;;;;;;;
564113;;;;;;;;
564114;;;;;234.84;234.84;HSJB - IRRF RETIDO EM N.F;
564116;;;;;;;;
564117;;;;;;;;
564118;;;;;;;;
564119;;;;;;;;
564120;;;;;;;;
564121;;;;;;;;
564122;;;;;96000;5028.39;ISS - FME;
564123;;;;;;;;
564124;;;;;86787.75;5028.39;ISS - FME;
564125;;;;;;;;
564126;;;;;;;;
564127;;;;;;;;
564131;;;;;;;;
564135;;;;;;;;
564139;;;;;15974;508.7;ISS - GESTAO PLENA;
564140;;;;;;;;
564141;;;;;;;;
564144;;;;;;;;
564146;;;;;4571.56;365.83;IRRF - GOV ESTADO - F 193;
564147;;;;;8521.36;1447.37;IRRF - PMVR;
564148;;;;;;;;
564149;;;;;31.68;31.68;HSJB - IRRF RETIDO EM N.F;
564152;;;;;;;;
564153;;;;;;;;
564154;;;;;;;;
564155;;;;;151.2;151.2;HSJB - IRRF RETIDO EM N.F;
564156;;;;;;;;
564157;;;;;;;;
564158;;;;;;;;
564159;;;;;23856.87;1704.06;ISS - FME;
564160;;;;;;;;
564161;;;;;;;;
564162;;;;;2.3;2.3;HSJB - IRRF RETIDO EM N.F;
564163;;;;;;;;
564164;;;;;;;;
564165;;;;;48585.42;48585.42;HSJB - IRRF RETIDO EM N.F;
564167;;;;;;;;
564168;;;;;161951.41;161951.41;ISS - PMVR;
564173;;;;;;;;
564174;;;;;;;;
564176;;;;;;;;
564177;;;;;;;;
564179;;;;;816.32;816.32;HSJB - IRRF RETIDO EM N.F;
564180;;;;;4081.61;4081.61;ISS - PMVR;
564182;;;;;8716.04;8716.04;INSTITUTO NACIONAL DO SEGURO SOCIAL;
564183;;;;;;;;
564184;;;;;;;;
564185;;;;;;;;
564186;;;;;;;;
564187;;;;;;;;
564188;;;;;;;;
564189;;;;;;;;
564190;;;;;;;;
564191;;;;;;;;
564192;;;;;;;;
564193;;;;;;;;
564194;;;;;;;;
564195;;;;;73086.48;6939.06;RETENC. ISS EM LIQUIDAÇÃO;
564196;;;;;;;;
564199;;;;;48870.81;48870.81;HSJB - IRRF RETIDO EM N.F;
564200;;;;;4127.79;49.53;IRRF SOBRE O TRABALHO PRINCIPAL - PJ;
564203;;;;;162902.7;162902.7;ISS - PMVR;
564204;;;;;3703.5;285.17;INSTITUTO NACIONAL DO SEGURO SOCIAL;
564204;;;;;3703.5;185.17;ISS - PMVR;
564204;;;;;3703.5;177.77;IRRF RETIDO EM N.F.;
564204;;;;;3703.5;172.22;PIS/COFINS/CSLL RETIDO N.F;
564205;;;;;;;;
564206;;;;;;;;
564207;;;;;76.62;76.62;HSJB - IRRF RETIDO EM N.F;
564208;;;;;5367.62;64.41;IRRF SOBRE O TRABALHO PRINCIPAL - PJ;
564209;;;;;;;;
564210;;;;;3898.9;46.78;IRRF SOBRE O TRABALHO PRINCIPAL - PJ;
564211;;;;;3898.9;46.78;IRRF SOBRE O TRABALHO PRINCIPAL - PJ;
564212;;;;;;;;
564213;;;;;2500;50.25;RETENC. ISS EM LIQUIDAÇÃO;
564214;;;;;523538;6282.45;IRRF - FME;
564215;;;;;;;;
564216;;;;;8.21;8.21;HSJB - IRRF RETIDO EM N.F;
564217;;;;;1039262;12471.14;IRRF - FME;
564219;;;;;1172100;14065.2;IRRF - FME;
564220;;;;;;;;
564221;;;;;;;;
564222;;;;;6500;736.17;IRRF - TRABALHO PRINCIPAL PF PMVR;
564224;;;;;754.2;9.05;IRRF SOBRE O TRABALHO PRINCIPAL - PJ;
564225;;;;;624;7.49;IRRF SOBRE O TRABALHO PRINCIPAL - PJ;
564227;;;;;;;;
564228;;;;;3000;13.2;IRRF - TRABALHO PRINCIPAL PF PMVR;
564229;;;;;;;;
564230;;;;;;;;
564231;;;;;4.39;4.39;HSJB - IRRF RETIDO EM N.F;
564233;;;;;477917.92;10169.41;ISS - PMVR;
564233;;;;;477917.92;24406.57;IRRF - PRESTADOR DE SERVIÇOS;
564234;;;;;;;;
564235;;;;;18722.05;4132.15;IRRF - TRABALHO PRINCIPAL PF PMVR;
564236;;;;;;;;
564237;;;;;;;;
564238;;;;;25135.37;1133.61;ISS - PMVR;
564239;;;;;;;;
564243;;;;;;;;
564246;;;;;8514.9;408.71;IRRF SOBRE O TRABALHO PRINCIPAL - PJ;
564247;;;;;;;;
564248;;;;;;;;
564250;;;;;;;;
564252;;;;;;;;
564253;;;;;;;;
564255;;;;;;;;
564256;;;;;;;;
564257;;;;;;;;
564258;;;;;;;;
564259;;;;;;;;
564260;;;;;0.95;0.95;HSJB - IRRF RETIDO EM N.F;
564261;;;;;;;;
564263;;;;;;;;
564264;;;;;20000;1000;ISS - PMVR;
564266;;;;;;;;
564268;;;;;3440.96;41.29;IRRF SOBRE O TRABALHO PRINCIPAL - PJ;
564269;;;;;;;;
564270;;;;;;;;
564271;;;;;;;;
564272;;;;;220.8;220.8;HSJB - IRRF RETIDO EM N.F;
564273;;;;;;;;
564275;;;;;;;;
564276;;;;;100567.77;5028.39;ISS - FME FUNDEB;
564277;;;;;;;;
564278;;;;;;;;
564279;;;;;;;;
564280;;;;;;;;
564283;;;;;;;;
564284;;;;;;;;
564285;;;;;;;;
564286;;;;;;;;
564287;;;;;;;;
564291;;;;;;;;
564292;;;;;;;;
564295;;;;;;;;
564296;;;;;;;;
564297;;;;;;;;
564298;;;;;;;;
564299;;;;;;;;
564300;;;;;;;;
564301;;;;;;;;
564302;;;;;15876;218.09;IRRF - GESTAO PLENA - SUS;
564302;;;;;15876;908.7;ISS - GESTAO PLENA;
564307;;;;;3388.44;50.83;IRRF - GESTAO PLENA - SUS;
564307;;;;;3388.44;169.42;ISS - GESTAO PLENA;
564308;;;;;5950.86;89.26;IRRF - GESTAO PLENA - SUS;
564308;;;;;5950.86;297.54;ISS - GESTAO PLENA;
564310;;;;;5708.87;85.63;IRRF - GESTAO PLENA - SUS;
564310;;;;;5708.87;285.44;ISS - GESTAO PLENA;
564312;;;;;2251.46;33.77;IRRF - GESTAO PLENA - SUS;
564312;;;;;2251.46;112.57;ISS - GESTAO PLENA;
564315;;;;;68870.79;1033.06;IRRF - GESTAO PLENA - SUS;
564315;;;;;68870.79;3443.54;ISS - GESTAO PLENA;
564317;;;;;23817;357.26;IRRF - GESTAO PLENA - SUS;
564317;;;;;23817;1190.85;ISS - GESTAO PLENA;
564319;;;;;;;;
564321;;;;;25600;1228.8;IRRF SOBRE O TRABALHO PRINCIPAL - PJ;
564323;;;;;;;;
564326;;;;;226947;3404.2;IRRF - GESTAO PLENA - SUS;
564326;;;;;226947;11347.35;ISS - GESTAO PLENA;
564328;;;;;372280.7;5584.21;IRRF - GESTAO PLENA - SUS;
564328;;;;;372280.7;18614.04;ISS - GESTAO PLENA;
564329;;;;;171789;2576.84;IRRF - GESTAO PLENA - SUS;
564329;;;;;171789;8589.45;ISS - GESTAO PLENA;
564330;;;;;64533.9;968.01;IRRF - GESTAO PLENA - SUS;
564330;;;;;64533.9;3226.7;ISS - GESTAO PLENA;
564331;;;;;249020.93;12451.05;ISS - GOV ESTADO  F 193;
564331;;;;;249020.93;3735.31;IRRF - GOV ESTADO - F 193;
564332;;;;;;;;
564333;;;;;;;;
564334;;;;;;;;
564335;;;;;34592.97;518.89;IRRF - GESTAO PLENA - SUS;
564335;;;;;34592.97;1729.65;ISS - GESTAO PLENA;
564336;;;;;34.03;34.03;HSJB - IRRF RETIDO EM N.F;
564338;;;;;;;;
564339;;;;;352.8;352.8;HSJB - IRRF RETIDO EM N.F;
564340;;;;;631920.64;31596.03;RETENC. ISS EM LIQUIDAÇÃO;
564340;;;;;631920.64;24328.94;INSS - PREST. SERV. PROPRIO;
564340;;;;;631920.64;30332.19;IRRF SOBRE O TRABALHO PRINCIPAL - PJ;
564341;;;;;;;;
564342;;;;;39285;471.42;IRRF - FORNECIMENTO DE BENS;
564343;;;;;;;;
564344;;;;;30076.64;1503.83;RETENC. ISS EM LIQUIDAÇÃO;
564344;;;;;30076.64;1157.95;INSS - PREST. SERV. PROPRIO;
564344;;;;;30076.64;1443.68;IRRF SOBRE O TRABALHO PRINCIPAL - PJ;
564345;;;;;7744.09;7744.09;INSTITUTO NACIONAL DO SEGURO SOCIAL;
564346;;;;;1369.71;1369.71;RESTITUI0ES (ANTECIPACAO DE PAGAMENTO) -;
564347;;;;;295274.13;6087.76;ISS - GESTAO PLENA;
564348;;;;;;;;
564350;;;;;;;;
564351;;;;;131.64;131.64;HSJB - IRRF RETIDO EM N.F;
564352;;;;;;;;
564357;;;;;;;;
564358;;;;;;;;
564360;;;;;;;;
564361;;;;;;;;
564363;;;;;;;;
564364;;;;;;;;
564365;;;;;;;;
564366;;;;;;;;
564367;;;;;;;;
564368;;;;;;;;
564369;;;;;2246.67;2246.67;INSTITUTO NACIONAL DO SEGURO SOCIAL;
564371;;;;;726.75;726.75;RESTITUICOES ANTECIPACAO DE PAGAMENTO -;
564373;;;;;73233.73;2567.63;ISS - GOV ESTADO  F 193;
564377;;;;;;;;
564378;;;;;51.43;51.43;HSJB - IRRF RETIDO EM N.F;
564379;;;;;5325;63.9;IRRF - FORNECIMENTO DE BENS;
564380;;;;;400;4.8;IRRF - FORNECIMENTO DE BENS;
564381;;;;;23229.5;278.75;IRRF - FORNECIMENTO DE BENS;
564382;;;;;9600;115.2;IRRF - FORNECIMENTO DE BENS;
564383;;;;;11488;137.85;IRRF - FORNECIMENTO DE BENS;
564384;;;;;;;;
564385;;;;;;;;
564387;;;;;;;;
564388;;;;;;;;
564389;;;;;;;;
564390;;;;;;;;
564391;;;;;29251.04;1299.51;ISS - PMVR;
564393;;;;;;;;
564394;;;;;;;;
564395;;;;;;;;
564396;;;;;;;;
564397;;;;;;;;
564399;;;;;;;;
564400;;;;;;;;
564401;;;;;3000;31.2;IRRF - TRABALHO PRINCIPAL PF PMVR;
564402;;;;;1003.2;48.15;IRRF - PRESTADOR DE SERVIÇOS;
564403;;;;;;;;
564404;;;;;;;;
564405;;;;;;;;
564406;;;;;2.44;2.44;HSJB - IRRF RETIDO EM N.F;
564407;;;;;19130.71;771.94;RETENC. ISS EM LIQUIDAÇÃO;
564407;;;;;19130.71;648.19;INSS - PREST. SERV. PROPRIO;
564409;;;;;;;;
564421;;;;;;;;
564422;;;;;;;;
564425;;;;;197.04;197.04;HSJB - IRRF RETIDO EM N.F;
564440;;;;;;;;
564441;;;;;14.53;14.53;HSJB - IRRF RETIDO EM N.F;
564446;;;;;;;;
564449;;;;;24.72;24.72;HSJB - IRRF RETIDO EM N.F;
564451;;;;;;;;
564460;;;;;;;;
564465;;;;;;;;
564467;;;;;147.85;147.85;HSJB - IRRF RETIDO EM N.F;
564468;;;;;18;18;HSJB - IRRF RETIDO EM N.F;
564473;;;;;;;;
564474;;;;;15.36;15.36;HSJB - IRRF RETIDO EM N.F;
564475;;;;;;;;
564476;;;;;5808;69.7;IR/PIS/COFINS/CSLL RETIDO N.F;
564477;;;;;7137.4;85.65;IR/PIS/COFINS/CSLL RETIDO N.F;
564478;;;;;5018;60.21;IR/PIS/COFINS/CSLL RETIDO N.F;
564479;;;;;;;;
564480;;;;;2169.12;26.03;IR/PIS/COFINS/CSLL RETIDO N.F;
564481;;;;;;;;
564482;;;;;;;;
564484;;;;;;;;
564485;;;;;;;;
564486;;;;;;;;
564487;;;;;51.43;51.43;HSJB - IRRF RETIDO EM N.F;
564488;;;;;663.82;33.19;ISS - PMVR;
564488;;;;;663.82;31.86;IRRF - PRESTADOR DE SERVIÇOS;
564489;;;;;;;;
564490;;;;;;;;
564491;;;;;;;;
564492;;;;;;;;
564493;;;;;2.17;2.17;HSJB - IRRF RETIDO EM N.F;
564496;;;;;544;54.4;RETENC. ISS EM LIQUIDAÇÃO;
564496;;;;;544;52.43;IRRF SOBRE O TRABALHO PRINCIPAL - PJ;
564497;;;;;;;;
564499;;;;;;;;
564500;;;;;6.88;6.88;HSJB - IRRF RETIDO EM N.F;
564501;;;;;348.51;14.93;ISS - PMVR;
564502;;;;;;;;
564503;;;;;;;;
564505;;;;;99700;4785.6;IRRF RETIDO EM N.F.;
564506;;;;;;;;
564507;;;;;39300;1886.4;IRRF RETIDO EM N.F.;
564508;;;;;;;;
564510;;;;;;;;
564513;;;;;;;;
564515;;;;;6.96;6.96;HSJB - IRRF RETIDO EM N.F;
564518;;;;;;;;
564520;;;;;;;;
564521;;;;;;;;
564522;;;;;;;;
564523;;;;;;;;
564524;;;;;;;;
564525;;;;;0.96;0.96;HSJB - IRRF RETIDO EM N.F;
564526;;;;;;;;
564527;;;;;;;;
564528;;;;;33739.55;1521.65;RETENC. ISS EM LIQUIDAÇÃO;
564529;;;;;;;;
564530;;;;;31199.98;1560;RETENC. ISS EM LIQUIDAÇÃO;
564531;;;;;;;;
564532;;;;;;;;
564533;;;;;;;;
564534;;;;;;;;
564535;;;;;;;;
564536;;;;;;;;
564537;;;;;;;;
564538;;;;;;;;
564539;;;;;;;;
564540;;;;;2765.8;33.18;IR/PIS/COFINS/CSLL RETIDO N.F;
564541;;;;;51174.55;614.09;IR/PIS/COFINS/CSLL RETIDO N.F;
564543;;;;;;;;
564546;;;;;;;;
564547;;;;;816.32;816.32;HSJB - IRRF RETIDO EM N.F;
564548;;;;;4081.61;4081.61;ISS - PMVR;
564549;;;;;;;;
564550;;;;;;;;
564551;;;;;2316.56;34.74;IRRF - GESTAO PLENA - SUS;
564551;;;;;2316.56;46.33;ISS - GESTAO PLENA;
564552;;;;;;;;
564553;;;;;;;;
564554;;;;;2316.56;34.74;IRRF - GESTAO PLENA - SUS;
564554;;;;;2316.56;46.33;ISS - GESTAO PLENA;
564555;;;;;;;;
564556;;;;;644.85;644.85;HSJB - IRRF RETIDO EM N.F;
564557;;;;;2316.56;34.74;IRRF - GESTAO PLENA - SUS;
564557;;;;;2316.56;46.33;ISS - GESTAO PLENA;
564558;;;;;;;;
564559;;;;;2316.56;34.74;IRRF - GESTAO PLENA - SUS;
564559;;;;;2316.56;46.33;ISS - GESTAO PLENA;
564560;;;;;2316.56;34.74;IRRF - GESTAO PLENA - SUS;
564560;;;;;2316.56;46.33;ISS - GESTAO PLENA;
564561;;;;;2316.56;34.74;IRRF - GESTAO PLENA - SUS;
564561;;;;;2316.56;46.33;ISS - GESTAO PLENA;
564564;;;;;29115.45;349.38;IRRF - GESTAO PLENA - SUS;
564564;;;;;29115.45;1455.77;ISS - GESTAO PLENA;
564565;;;;;;;;
564566;;;;;623.35;623.35;HSJB - IRRF RETIDO EM N.F;
564567;;;;;;;;
564568;;;;;;;;
564569;;;;;;;;
564570;;;;;129;129;HSJB - IRRF RETIDO EM N.F;
564571;;;;;;;;
564572;;;;;231.59;231.59;HSJB - IRRF RETIDO EM N.F;
564573;;;;;6400;307.2;IRRF SOBRE O TRABALHO PRINCIPAL - PJ;
564574;;;;;;;;
564576;;;;;14.92;14.92;HSJB - IRRF RETIDO EM N.F;
564579;;;;;;;;
564580;;;;;1680;62.16;ISS - GESTAO PLENA;
564581;;;;;106785.36;1281.42;IRRF - FORNECIMENTO DE BENS;
564582;;;;;;;;
564583;;;;;189.38;189.38;HSJB - IRRF RETIDO EM N.F;
564587;;;;;6300;105;IRRF - GESTAO PLENA - SUS;
564587;;;;;6300;140;ISS - GESTAO PLENA;
564591;;;;;;;;
564594;;;;;3250;39;IRRF - GESTAO PLENA - SUS;
564594;;;;;3250;162.5;ISS - GESTAO PLENA;
564604;;;;;15535.86;186.43;IRRF - GESTAO PLENA - SUS;
564604;;;;;15535.86;776.79;ISS - GESTAO PLENA;
564605;;;;;6336;76.03;IR/PIS/COFINS/CSLL RETIDO N.F;
564606;;;;;;;;
564607;;;;;843;10.12;IR/PIS/COFINS/CSLL RETIDO N.F;
564608;;;;;;;;
564609;;;;;14695.16;176.34;IR/PIS/COFINS/CSLL RETIDO N.F;
564610;;;;;;;;
564611;;;;;28.3;28.3;HSJB - IRRF RETIDO EM N.F;
564612;;;;;114967.51;3449.02;ISS - PMVR;
564612;;;;;114967.51;5518.44;IRRF - PRESTADOR DE SERVIÇOS;
564612;;;;;114967.51;1896.96;INSS PRESTADORES DE SERVIÇO PJ;
564613;;;;;;;;
564614;;;;;;;;
564615;;;;;;;;
564616;;;;;;;;
564617;;;;;;;;
564618;;;;;;;;
564619;;;;;;;;
564620;;;;;;;;
564621;;;;;;;;
564622;;;;;;;;
564623;;;;;2859.28;47.45;IRRF - GOV ESTADO - F 193;
564624;;;;;70634.26;2119.03;ISS - PMVR;
564624;;;;;70634.26;3390.44;IRRF - PRESTADOR DE SERVIÇOS;
564624;;;;;70634.26;1165.47;INSS PRESTADORES DE SERVIÇO PJ;
564625;;;;;6.1;6.1;HSJB - IRRF RETIDO EM N.F;
564626;;;;;;;;
564627;;;;;;;;
564628;;;;;;;;
564629;;;;;;;;
564632;;;;;;;;
564633;;;;;;;;
564635;;;;;1727.62;71;ISS - PMVR;
564636;;;;;;;;
564637;;;;;157.5;157.5;HSJB - IRRF RETIDO EM N.F;
564644;;;;;191.8;0.46;IRRF - FORNECIMENTO DE BENS;
564645;;;;;;;;
564646;;;;;244.83;244.83;HSJB - IRRF RETIDO EM N.F;
564651;;;;;;;;
564652;;;;;6518.92;312.9;IR/PIS/COFINS/CSLL RETIDO N.F;
564653;;;;;;;;
564654;;;;;;;;
564655;;;;;;;;
564656;;;;;1.39;1.39;HSJB - IRRF RETIDO EM N.F;
564658;;;;;;;;
564659;;;;;108;108;HSJB - IRRF RETIDO EM N.F;
564663;;;;;;;;
564665;;;;;;;;
564667;;;;;259.35;259.35;ISS - PMVR;
564668;;;;;;;;
564669;;;;;;;;
564677;;;;;;;;
564679;;;;;;;;
564680;;;;;;;;
564681;;;;;8910;175.12;IRRF - GESTAO PLENA - SUS;
564681;;;;;8910;729.7;ISS - GESTAO PLENA;
564682;;;;;;;;
564684;;;;;;;;
564685;;;;;;;;
564686;;;;;;;;
564687;;;;;24108;631.6;ISS - GESTAO PLENA;
564689;;;;;;;;
564691;;;;;;;;
564692;;;;;106.32;106.32;HSJB - IRRF RETIDO EM N.F;
564693;;;;;;;;
564694;;;;;;;;
564696;;;;;;;;
564697;;;;;;;;
564698;;;;;;;;
564699;;;;;7000;315.7;ISS - FME;
564700;;;;;25654.2;307.85;IRRF - FORNECIMENTO DE BENS;
564701;;;;;25474.8;305.69;IRRF - FORNECIMENTO DE BENS;
564702;;;;;24835.2;298.02;IRRF - FORNECIMENTO DE BENS;
564710;;;;;;;;
564716;;;;;;;;
564718;;;;;;;;
564719;;;;;14418.96;173.02;IRRF SOBRE O TRABALHO PRINCIPAL - PJ;
564722;;;;;;;;
564725;;;;;220084.12;6958.14;ISS - PMVR;
564725;;;;;220084.12;1217.68;INSS PRESTADORES DE SERVIÇO PJ;
564727;;;;;;;;
564728;;;;;;;;
564729;;;;;;;;
564730;;;;;;;;
564732;;;;;60;60;HSJB - IRRF RETIDO EM N.F;
564734;;;;;;;;
564735;;;;;;;;
564736;;;;;;;;
564738;;;;;;;;
564739;;;;;246;246;HSJB - IRRF RETIDO EM N.F;
564741;;;;;;;;
564742;;;;;;;;
564746;;;;;;;;
564748;;;;;29.77;29.77;HSJB - IRRF RETIDO EM N.F;
564749;;;;;;;;
564750;;;;;;;;
564751;;;;;20.69;20.69;HSJB - IRRF RETIDO EM N.F;
564752;;;;;;;;
564753;;;;;;;;
564754;;;;;;;;
564755;;;;;;;;
564756;;;;;;;;
564757;;;;;12.9;12.9;HSJB - IRRF RETIDO EM N.F;
564758;;;;;;;;
564759;;;;;15672.05;188.06;IRRF SOBRE O TRABALHO PRINCIPAL - PJ;
564760;;;;;;;;
564761;;;;;25.49;25.49;HSJB - IRRF RETIDO EM N.F;
564762;;;;;;;;
564763;;;;;12.9;12.9;HSJB - IRRF RETIDO EM N.F;
564764;;;;;;;;
564765;;;;;;;;
564766;;;;;;;;
564768;;;;;5904.75;5904.75;HSJB - IRRF RETIDO EM N.F;
564771;;;;;;;;
564772;;;;;;;;
564776;;;;;100494.3;3014.86;ISS - PMVR;
564776;;;;;100494.3;4823.77;IRRF - PRESTADOR DE SERVIÇOS;
564776;;;;;100494.3;1658.17;INSS PRESTADORES DE SERVIÇO PJ;
564779;;;;;7000;315.7;RETENC. ISS EM LIQUIDAÇÃO;
564782;;;;;;;;
564790;;;;;1019.91;47.95;IRRF SOBRE O TRABALHO PRINCIPAL - PJ;
564792;;;;;;;;
564793;;;;;110.4;110.4;HSJB - IRRF RETIDO EM N.F;
564802;;;;;;;;
564803;;;;;158.76;158.76;HSJB - IRRF RETIDO EM N.F;
564805;;;;;;;;
564811;;;;;2767.56;2767.56;INSTITUTO NACIONAL DO SEGURO SOCIAL;
564813;;;;;81098;2515.96;ISS - GESTAO PLENA;
564815;;;;;;;;
564824;;;;;;;;
564825;;;;;0.38;0.38;HSJB - IRRF RETIDO EM N.F;
564828;;;;;;;;
564829;;;;;435;435;HSJB - IRRF RETIDO EM N.F;
564831;;;;;7027.99;337.34;IRRF SOBRE O TRABALHO PRINCIPAL - PJ;
564832;;;;;2168.76;109.34;IRRF SOBRE O TRABALHO PRINCIPAL - PJ;
564833;;;;;2168.76;109.34;IRRF SOBRE O TRABALHO PRINCIPAL - PJ;
564834;;;;;2168.76;109.34;IRRF SOBRE O TRABALHO PRINCIPAL - PJ;
564835;;;;;;;;
564838;;;;;;;;
564840;;;;;6.05;6.05;HSJB - IRRF RETIDO EM N.F;
564842;;;;;;;;
564843;;;;;;;;
564844;;;;;;;;
564845;;;;;;;;
564846;;;;;75312.13;4263.06;RETENC. ISS EM LIQUIDAÇÃO;
564846;;;;;75312.13;9378.73;INSS - PREST. SERV. PROPRIO;
564846;;;;;75312.13;4092.54;IRRF SOBRE O TRABALHO PRINCIPAL - PJ;
564847;;;;;;;;
564848;;;;;19760.7;1320.18;RETENC. ISS EM LIQUIDAÇÃO;
564848;;;;;19760.7;316.84;IRRF SOBRE O TRABALHO PRINCIPAL - PJ;
564851;;;;;15296;764.8;RETENC. ISS EM LIQUIDAÇÃO;
564851;;;;;15296;183.55;IRRF SOBRE O TRABALHO PRINCIPAL - PJ;
564852;;;;;5736;286.8;ISS PROPRIO;
564852;;;;;5736;68.83;IRRF SOBRE O TRABALHO PRINCIPAL - PJ;
564853;;;;;7648;382.4;RETENC. ISS EM LIQUIDAÇÃO;
564853;;;;;7648;91.78;IRRF SOBRE O TRABALHO PRINCIPAL - PJ;
564854;;;;;175.18;175.18;INSTITUTO NACIONAL DO SEGURO SOCIAL;
564855;;;;;7787.96;278.71;ISS - GESTAO PLENA;
564861;;;;;;;;
564863;;;;;;;;
564864;;;;;;;;
564865;;;;;;;;
564866;;;;;;;;
564867;;;;;;;;
564868;;;;;;;;
564869;;;;;;;;
564870;;;;;;;;
564871;;;;;14535;218.02;IRRF - GESTAO PLENA - SUS;
564871;;;;;14535;726.75;ISS - GESTAO PLENA;
564872;;;;;;;;
564873;;;;;;;;
564874;;;;;;;;
564877;;;;;;;;
564879;;;;;;;;
564881;;;;;;;;
564885;;;;;11172;531.6;IRRF - GESTAO PLENA - SUS;
564885;;;;;11172;1772;ISS - GESTAO PLENA;
564886;;;;;;;;
564887;;;;;;;;
564888;;;;;;;;
564896;;;;;;;;
564897;;;;;192;192;HSJB - IRRF RETIDO EM N.F;
564909;;;;;;;;
564910;;;;;;;;
564911;;;;;;;;
564912;;;;;217.8;217.8;HSJB - IRRF RETIDO EM N.F;
564914;;;;;;;;
564916;;;;;;;;
564918;;;;;;;;
564919;;;;;;;;
564920;;;;;5166;61.99;IR/PIS/COFINS/CSLL RETIDO N.F;
564921;;;;;;;;
564922;;;;;44.99;44.99;HSJB - IRRF RETIDO EM N.F;
564923;;;;;;;;
564924;;;;;304.38;304.38;HSJB - IRRF RETIDO EM N.F;
564925;;;;;;;;
564934;;;;;;;;
564935;;;;;;;;
564937;;;;;;;;
564940;;;;;;;;
564941;;;;;;;;
564942;;;;;;;;
564943;;;;;25.68;0.97;ISS - PMVR;
564944;;;;;;;;
564945;;;;;;;;
564946;;;;;4632.94;69.49;IRRF - GESTAO PLENA - SUS;
564946;;;;;4632.94;231.65;ISS - GESTAO PLENA;
564947;;;;;389.84;389.84;HSJB - IRRF RETIDO EM N.F;
564948;;;;;1143.53;17.15;IRRF - GESTAO PLENA - SUS;
564948;;;;;1143.53;57.18;ISS - GESTAO PLENA;
564950;;;;;597.98;8.97;IRRF - GESTAO PLENA - SUS;
564950;;;;;597.98;29.9;ISS - GESTAO PLENA;
564951;;;;;;;;
564952;;;;;;;;
564953;;;;;28617.4;28617.4;RESTITUICAO EMPRÉSTIMO C/ O MINIST. DA S;
564954;;;;;189862.22;3411.8;IRRF - GESTAO PLENA - SUS;
564954;;;;;189862.22;11372.65;ISS - GESTAO PLENA;
564955;;;;;;;;
564956;;;;;;;;
564958;;;;;64116;3205.8;RETENC. ISS EM LIQUIDAÇÃO;
564958;;;;;64116;3077.57;IRRF SOBRE O TRABALHO PRINCIPAL - PJ;
564959;;;;;;;;
564960;;;;;106688.71;6596.77;RETENC. ISS EM LIQUIDAÇÃO;
564961;;;;;;;;
564962;;;;;15.88;15.88;HSJB - IRRF RETIDO EM N.F;
564963;;;;;;;;
564964;;;;;5.35;5.35;HSJB - IRRF RETIDO EM N.F;
564965;;;;;;;;
564967;;;;;5816.88;279.21;IRRF - PRESTADOR DE SERVIÇOS;
564968;;;;;11463.65;550.25;IRRF - GESTAO PLENA - SUS;
564970;;;;;11714.45;562.29;IRRF - GESTAO PLENA - SUS;
564971;;;;;;;;
564972;;;;;;;;
564974;;;;;;;;
564978;;;;;;;;
564979;;;;;;;;
564982;;;;;;;;
564983;;;;;;;;
564984;;;;;12936;298.54;IRRF - GESTAO PLENA - SUS;
564984;;;;;12936;497.56;ISS - GESTAO PLENA;
564985;;;;;;;;
564987;;;;;;;;
564988;;;;;12.03;12.03;HSJB - IRRF RETIDO EM N.F;
564989;;;;;;;;
564991;;;;;;;;
564992;;;;;;;;
564993;;;;;;;;
564996;;;;;;;;
565004;;;;;;;;
565005;;;;;;;;
565008;;;;;;;;
565010;;;;;;;;
565011;;;;;;;;
565012;;;;;;;;
565014;;;;;;;;
565019;;;;;320;3.84;IR/PIS/COFINS/CSLL RETIDO N.F;
565020;;;;;;;;
565021;;;;;1449250.57;86004.16;RETENC. ISS EM LIQUIDAÇÃO;
565021;;;;;1449250.57;60202.91;INSS - PREST. SERV. PROPRIO;
565021;;;;;1449250.57;20641;IRRF SOBRE O TRABALHO PRINCIPAL - PJ;
565022;;;;;3472;173.6;ISS - GESTAO PLENA;
565023;;;;;;;;
565028;;;;;11451.68;549.68;IR/PIS/COFINS/CSLL RETIDO N.F;
565029;;;;;;;;
565031;;;;;;;;
565032;;;;;17.79;17.79;HSJB - IRRF RETIDO EM N.F;
565034;;;;;30000;1455;ISS - PMVR;
565035;;;;;1200;60;ISS - PMVR;
565035;;;;;1200;18;IR/PIS/COFINS/CSLL RETIDO N.F;
565036;;;;;4200;84;ISS - PMVR;
565037;;;;;1000;50;ISS - PMVR;
565037;;;;;1000;15;IR/PIS/COFINS/CSLL RETIDO N.F;
565041;;;;;;;;
565044;;;;;104.76;104.76;HSJB - IRRF RETIDO EM N.F;
565047;;;;;;;;
565048;;;;;2.65;2.65;HSJB - IRRF RETIDO EM N.F;
565050;;;;;;;;
565051;;;;;;;;
565052;;;;;;;;
565053;;;;;;;;
565054;;;;;;;;
565057;;;;;;;;
565059;;;;;20.96;20.96;HSJB - IRRF RETIDO EM N.F;
565060;;;;;;;;
565061;;;;;12.46;12.46;HSJB - IRRF RETIDO EM N.F;
565062;;;;;;;;
565067;;;;;5408;64.9;IR/PIS/COFINS/CSLL RETIDO N.F;
565068;;;;;2810.8;33.72;IR/PIS/COFINS/CSLL RETIDO N.F;
565069;;;;;2950;35.4;IR/PIS/COFINS/CSLL RETIDO N.F;
565070;;;;;77340;928.08;IR/PIS/COFINS/CSLL RETIDO N.F;
565073;;;;;;;;
565074;;;;;;;;
565076;;;;;;;;
565078;;;;;2.67;2.67;HSJB - IRRF RETIDO EM N.F;
565079;;;;;;;;
565080;;;;;;;;
565083;;;;;;;;
565087;;;;;;;;
565088;;;;;3.24;3.24;HSJB - IRRF RETIDO EM N.F;
565092;;;;;;;;
565094;;;;;189.59;189.59;HSJB - IRRF RETIDO EM N.F;
565097;;;;;;;;
565098;;;;;;;;
565099;;;;;;;;
565100;;;;;;;;
565103;;;;;;;;
565105;;;;;;;;
565110;;;;;15.88;15.88;HSJB - IRRF RETIDO EM N.F;
565114;;;;;;;;
565115;;;;;147840.84;147840.84;ISS - PMVR;
565116;;;;;;;;
565117;;;;;;;;
565118;;;;;450;9.04;ISS - PMVR;
565119;;;;;;;;
565120;;;;;2.65;2.65;HSJB - IRRF RETIDO EM N.F;
565121;;;;;;;;
565124;;;;;;;;
565125;;;;;;;;
565126;;;;;10.69;10.69;HSJB - IRRF RETIDO EM N.F;
565127;;;;;;;;
565137;;;;;3602.97;396.31;INSTITUTO NACIONAL DO SEGURO SOCIAL;
565146;;;;;;;;
565150;;;;;201.45;201.45;HSJB - IRRF RETIDO EM N.F;
565152;;;;;10.69;10.69;HSJB - IRRF RETIDO EM N.F;
565154;;;;;;;;
565155;;;;;5.36;5.36;HSJB - IRRF RETIDO EM N.F;
565156;;;;;;;;
565157;;;;;;;;
565158;;;;;47714;1431.42;ISS - FME;
565158;;;;;47714;572.57;IRRF - FME;
565160;;;;;;;;
565161;;;;;15548;466.44;ISS - FME;
565161;;;;;15548;186.58;IRRF - FME;
565162;;;;;;;;
565164;;;;;115;1.38;IRRF - FME;
565165;;;;;652;7.82;IRRF - FME;
565167;;;;;;;;
565168;;;;;0.33;0.33;HSJB - IRRF RETIDO EM N.F;
565169;;;;;;;;
565170;;;;;;;;
565171;;;;;0.72;0.72;HSJB - IRRF RETIDO EM N.F;
565172;;;;;;;;
565173;;;;;9.06;9.06;HSJB - IRRF RETIDO EM N.F;
565176;;;;;;;;
565177;;;;;180.8;180.8;HSJB - IRRF RETIDO EM N.F;
565178;;;;;3150;128.35;ISS - GESTAO PLENA;
565179;;;;;;;;
565180;;;;;;;;
565181;;;;;39.95;39.95;HSJB - IRRF RETIDO EM N.F;
565182;;;;;;;;
565183;;;;;2.67;2.67;HSJB - IRRF RETIDO EM N.F;
565184;;;;;4830;124.2;IRRF - GESTAO PLENA - SUS;
565184;;;;;4830;165.6;ISS - GESTAO PLENA;
565185;;;;;;;;
565187;;;;;;;;
565188;;;;;2.65;2.65;HSJB - IRRF RETIDO EM N.F;
565191;;;;;;;;
565192;;;;;6.68;6.68;HSJB - IRRF RETIDO EM N.F;
565194;;;;;;;;
565196;;;;;;;;
565204;;;;;;;;
565205;;;;;;;;
565206;;;;;;;;
565207;;;;;;;;
565208;;;;;;;;
565209;;;;;;;;
565210;;;;;72.71;72.71;HSJB - IRRF RETIDO EM N.F;
565211;;;;;;;;
565212;;;;;;;;
565213;;;;;55.58;55.58;HSJB - IRRF RETIDO EM N.F;
565214;;;;;;;;
565215;;;;;64.27;64.27;HSJB - IRRF RETIDO EM N.F;
565216;;;;;;;;
565217;;;;;2400;120;RETENC. ISS EM LIQUIDAÇÃO;
565217;;;;;2400;115.2;IRRF SOBRE O TRABALHO PRINCIPAL - PJ;
565218;;;;;2.67;2.67;HSJB - IRRF RETIDO EM N.F;
565219;;;;;;;;
565222;;;;;;;;
565223;;;;;;;;
565225;;;;;;;;
565226;;;;;;;;
565227;;;;;129.35;129.35;HSJB - IRRF RETIDO EM N.F;
565230;;;;;;;;
565231;;;;;16.8;16.8;HSJB - IRRF RETIDO EM N.F;
565232;;;;;;;;
565233;;;;;;;;
565234;;;;;535.06;6.42;IR/PIS/COFINS/CSLL RETIDO N.F;
565235;;;;;;;;
565236;;;;;46551.77;558.62;IR/PIS/COFINS/CSLL RETIDO N.F;
565237;;;;;9.6;9.6;HSJB - IRRF RETIDO EM N.F;
565238;;;;;;;;
565240;;;;;;;;
565242;;;;;58.29;58.29;HSJB - IRRF RETIDO EM N.F;
565265;;;;;;;;
565266;;;;;207.31;207.31;HSJB - IRRF RETIDO EM N.F;
565273;;;;;;;;
565274;;;;;;;;
565275;;;;;;;;
565276;;;;;;;;
565277;;;;;;;;
565278;;;;;;;;
565281;;;;;;;;
565282;;;;;;;;
565283;;;;;;;;
565284;;;;;156.41;156.41;IRRF - PMVR;
565285;;;;;4837.36;4837.36;INSTITUTO NACIONAL DO SEGURO SOCIAL;
565290;;;;;;;;
565291;;;;;1827.36;1827.36;HSJB - IRRF RETIDO EM N.F;
565292;;;;;;;;
565293;;;;;;;;
565294;;;;;;;;
565296;;;;;;;;
565297;;;;;;;;
565302;;;;;;;;
565303;;;;;;;;
565304;;;;;;;;
565305;;;;;10644;314.45;ISS - GESTAO PLENA;
565308;;;;;;;;
565310;;;;;5698.95;68.39;IRRF - GESTAO PLENA - SUS;
565310;;;;;5698.95;284.95;ISS - GESTAO PLENA;
565311;;;;;;;;
565312;;;;;7117;7117;INSTITUTO NACIONAL DO SEGURO SOCIAL;
565313;;;;;1121.71;1121.71;RESTITUI0ES (ANTECIPACAO DE PAGAMENTO) -;
565314;;;;;281066.67;5852.93;ISS - GESTAO PLENA;
565316;;;;;;;;
565317;;;;;;;;
565318;;;;;;;;
565319;;;;;;;;
565320;;;;;2442.67;117.25;IRRF - GESTAO PLENA - SUS;
565321;;;;;;;;
565322;;;;;;;;
565323;;;;;3057.33;146.75;IRRF - GESTAO PLENA - SUS;
565324;;;;;31.2;31.2;HSJB - IRRF RETIDO EM N.F;
565325;;;;;;;;
565326;;;;;;;;
565328;;;;;;;;
565329;;;;;75.6;75.6;HSJB - IRRF RETIDO EM N.F;
565331;;;;;108;108;HSJB - IRRF RETIDO EM N.F;
565332;;;;;;;;
565333;;;;;48.09;48.09;HSJB - IRRF RETIDO EM N.F;
565334;;;;;;;;
565335;;;;;;;;
565336;;;;;79208.85;6329.79;IRRF - GESTAO PLENA - SUS;
565337;;;;;21.6;21.6;HSJB - IRRF RETIDO EM N.F;
565338;;;;;3247.5;162.38;ISS - FME;
565339;;;;;18104.88;1262.59;IRRF - GESTAO PLENA - SUS;
565340;;;;;;;;
565341;;;;;;;;
565342;;;;;72.71;72.71;HSJB - IRRF RETIDO EM N.F;
565344;;;;;;;;
565345;;;;;466.8;466.8;HSJB - IRRF RETIDO EM N.F;
565346;;;;;;;;
565347;;;;;;;;
565348;;;;;86.28;86.28;HSJB - IRRF RETIDO EM N.F;
565349;;;;;;;;
565350;;;;;74.85;74.85;HSJB - IRRF RETIDO EM N.F;
565351;;;;;365.2;365.2;RESTITUI0ES (ANTECIPACAO DE PAGAMENTO) -;
565352;;;;;;;;
565353;;;;;107.97;107.97;HSJB - IRRF RETIDO EM N.F;
565354;;;;;40479.8;1473.59;IRRF - GESTAO PLENA - SUS;
565355;;;;;;;;
565356;;;;;;;;
565361;;;;;;;;
565362;;;;;;;;
565364;;;;;;;;
565366;;;;;;;;
565367;;;;;;;;
565368;;;;;;;;
565369;;;;;216204.42;12931.71;RETENC. ISS EM LIQUIDAÇÃO;
565369;;;;;216204.42;3879.51;IRRF SOBRE O TRABALHO PRINCIPAL - PJ;
565370;;;;;;;;
565371;;;;;;;;
565372;;;;;;;;
565373;;;;;;;;
565374;;;;;84.06;61.34;IR/PIS/COFINS/CSLL RETIDO N.F;
565375;;;;;843;10.12;IR/PIS/COFINS/CSLL RETIDO N.F;
565376;;;;;;;;
565377;;;;;;;;
565378;;;;;;;;
565379;;;;;;;;
565380;;;;;;;;
565382;;;;;;;;
565385;;;;;;;;
565386;;;;;2157.75;2157.75;INSTITUTO NACIONAL DO SEGURO SOCIAL;
565388;;;;;;;;
565389;;;;;;;;
565391;;;;;;;;
565392;;;;;;;;
565393;;;;;;;;
565394;;;;;;;;
565395;;;;;;;;
565396;;;;;;;;
565398;;;;;;;;
565402;;;;;;;;
565404;;;;;;;;
565406;;;;;;;;
565407;;;;;;;;
565408;;;;;;;;
565409;;;;;117.32;117.32;HSJB - IRRF RETIDO EM N.F;
565411;;;;;85.65;85.65;HSJB - IRRF RETIDO EM N.F;
565412;;;;;10672.2;128.06;IRRF - FORNECIMENTO DE BENS;
565414;;;;;;;;
565415;;;;;;;;
565416;;;;;;;;
565417;;;;;;;;
565418;;;;;;;;
565419;;;;;1697.4;45.26;IRRF - PMVR;
565420;;;;;;;;
565422;;;;;;;;
565423;;;;;;;;
565424;;;;;54.15;54.15;HSJB - IRRF RETIDO EM N.F;
565425;;;;;;;;
565426;;;;;;;;
565427;;;;;;;;
565428;;;;;;;;
565429;;;;;72.01;72.01;HSJB - IRRF RETIDO EM N.F;
565430;;;;;;;;
565431;;;;;;;;
565440;;;;;;;;
565445;;;;;;;;
565450;;;;;36.99;36.99;HSJB - IRRF RETIDO EM N.F;
565457;;;;;;;;
565458;;;;;;;;
565461;;;;;36.99;36.99;HSJB - IRRF RETIDO EM N.F;
565463;;;;;;;;
565471;;;;;396.03;19;IRRF - FME;
565478;;;;;;;;
565480;;;;;;;;
565481;;;;;;;;
565482;;;;;;;;
565483;;;;;25.49;25.49;HSJB - IRRF RETIDO EM N.F;
565484;;;;;24.74;24.74;HSJB - IRRF RETIDO EM N.F;
565488;;;;;;;;
565489;;;;;2.63;2.63;HSJB - IRRF RETIDO EM N.F;
565493;;;;;;;;
565494;;;;;;;;
565495;;;;;35.08;35.08;HSJB - IRRF RETIDO EM N.F;
565496;;;;;;;;
565497;;;;;12.9;12.9;HSJB - IRRF RETIDO EM N.F;
565498;;;;;;;;
565499;;;;;;;;
565501;;;;;;;;
565503;;;;;;;;
565505;;;;;5.95;5.95;HSJB - IRRF RETIDO EM N.F;
565507;;;;;;;;
565508;;;;;27.29;27.29;HSJB - IRRF RETIDO EM N.F;
565511;;;;;;;;
565514;;;;;;;;
565521;;;;;2126.02;25.51;IRRF SOBRE O TRABALHO PRINCIPAL - PJ;
565525;;;;;1426.96;17.12;IRRF SOBRE O TRABALHO PRINCIPAL - PJ;
565526;;;;;;;;
565527;;;;;5.27;5.27;HSJB - IRRF RETIDO EM N.F;
565528;;;;;;;;
565529;;;;;;;;
565530;;;;;;;;
565531;;;;;2.75;2.75;HSJB - IRRF RETIDO EM N.F;
565533;;;;;;;;
565536;;;;;2.76;2.76;HSJB - IRRF RETIDO EM N.F;
565539;;;;;;;;
565540;;;;;;;;
565541;;;;;1.43;1.43;HSJB - IRRF RETIDO EM N.F;
565544;;;;;5003.43;60.04;IRRF SOBRE O TRABALHO PRINCIPAL - PJ;
565549;;;;;112985.23;2457.28;IRRF SOBRE O TRABALHO PRINCIPAL - PJ;
565550;;;;;;;;
565552;;;;;;;;
565555;;;;;;;;
565556;;;;;;;;
565557;;;;;;;;
565558;;;;;;;;
565559;;;;;;;;
565560;;;;;7005;84.06;IR/PIS/COFINS/CSLL RETIDO N.F;
565561;;;;;;;;
565562;;;;;148.32;1.78;IR/PIS/COFINS/CSLL RETIDO N.F;
565563;;;;;;;;
565564;;;;;2810.8;33.72;IR/PIS/COFINS/CSLL RETIDO N.F;
565565;;;;;24674.4;1233.72;ISS - PMVR;
565565;;;;;24674.4;1184.37;IRRF - PMVR - PJ;
565566;;;;;640;9.6;IRRF - GESTAO PLENA - SUS;
565566;;;;;640;12.8;ISS - GESTAO PLENA;
565567;;;;;;;;
565568;;;;;;;;
565569;;;;;15985.05;191.82;IRRF - GESTAO PLENA - SUS;
565570;;;;;;;;
565571;;;;;;;;
565572;;;;;238.08;238.08;HSJB - IRRF RETIDO EM N.F;
565575;;;;;;;;
565577;;;;;238.08;238.08;HSJB - IRRF RETIDO EM N.F;
565580;;;;;;;;
565581;;;;;238.08;238.08;HSJB - IRRF RETIDO EM N.F;
565582;;;;;;;;
565584;;;;;;;;
565585;;;;;;;;
565587;;;;;238.08;238.08;HSJB - IRRF RETIDO EM N.F;
565588;;;;;100.8;100.8;HSJB - IRRF RETIDO EM N.F;
565591;;;;;;;;
565593;;;;;;;;
565594;;;;;;;;
565603;;;;;;;;
565604;;;;;12.9;12.9;HSJB - IRRF RETIDO EM N.F;
565605;;;;;;;;
565606;;;;;;;;
565607;;;;;;;;
565608;;;;;4.19;4.19;HSJB - IRRF RETIDO EM N.F;
565609;;;;;5.11;5.11;HSJB - IRRF RETIDO EM N.F;
565611;;;;;124.08;124.08;HSJB - IRRF RETIDO EM N.F;
565612;;;;;;;;
565613;;;;;;;;
565614;;;;;2.23;2.23;HSJB - IRRF RETIDO EM N.F;
565615;;;;;;;;
565616;;;;;;;;
565617;;;;;6.73;6.73;HSJB - IRRF RETIDO EM N.F;
565618;;;;;;;;
565620;;;;;35.08;35.08;HSJB - IRRF RETIDO EM N.F;
565623;;;;;;;;
565624;;;;;191.98;191.98;HSJB - IRRF RETIDO EM N.F;
565625;;;;;;;;
565626;;;;;4.74;4.74;HSJB - IRRF RETIDO EM N.F;
565627;;;;;;;;
565628;;;;;3.47;3.47;HSJB - IRRF RETIDO EM N.F;
565629;;;;;;;;
565630;;;;;2.23;2.23;HSJB - IRRF RETIDO EM N.F;
565631;;;;;;;;
565632;;;;;;;;
565633;;;;;;;;
565634;;;;;36.88;36.88;HSJB - IRRF RETIDO EM N.F;
565635;;;;;28933.2;1388.79;IRRF - GESTAO PLENA - SUS;
565636;;;;;;;;
565637;;;;;25.49;25.49;HSJB - IRRF RETIDO EM N.F;
565638;;;;;43399.8;2083.19;IRRF - GESTAO PLENA - SUS;
565640;;;;;10849.95;520.8;IRRF - GESTAO PLENA - SUS;
565641;;;;;;;;
565642;;;;;12.9;12.9;HSJB - IRRF RETIDO EM N.F;
565643;;;;;;;;
565644;;;;;;;;
565645;;;;;3.54;3.54;HSJB - IRRF RETIDO EM N.F;
565646;;;;;;;;
565647;;;;;79.2;79.2;HSJB - IRRF RETIDO EM N.F;
565648;;;;;447182.55;6975.55;IRRF - GESTAO PLENA - SUS;
565648;;;;;447182.55;13951.1;ISS - GESTAO PLENA;
565649;;;;;35900;1077;RETENC. ISS EM LIQUIDAÇÃO;
565649;;;;;35900;608.82;INSS - PREST. SERV. PROPRIO;
565649;;;;;35900;538.5;IRRF SOBRE O TRABALHO PRINCIPAL - PJ;
565650;;;;;;;;
565651;;;;;35.08;35.08;HSJB - IRRF RETIDO EM N.F;
565652;;;;;;;;
565654;;;;;7.54;7.54;HSJB - IRRF RETIDO EM N.F;
565656;;;;;1530;76.5;RETENC. ISS EM LIQUIDAÇÃO;
565656;;;;;1530;168.3;INSTITUTO NACIONAL DO SEGURO SOCIAL;
565657;;;;;;;;
565658;;;;;8.42;8.42;HSJB - IRRF RETIDO EM N.F;
565659;;;;;;;;
565660;;;;;;;;
565661;;;;;10980;385.14;RETENC. ISS EM LIQUIDAÇÃO;
565662;;;;;27.29;27.29;HSJB - IRRF RETIDO EM N.F;
565663;;;;;1530;76.5;RETENC. ISS EM LIQUIDAÇÃO;
565664;;;;;;;;
565665;;;;;;;;
565666;;;;;8698.33;417.52;IRRF SOBRE O TRABALHO PRINCIPAL - PJ;
565667;;;;;;;;
565668;;;;;2.23;2.23;HSJB - IRRF RETIDO EM N.F;
565669;;;;;;;;
565670;;;;;6500;736.17;IRRF SOBRE O TRABALHO PRINCIPAL - PJ;
565671;;;;;;;;
565672;;;;;35.08;35.08;HSJB - IRRF RETIDO EM N.F;
565673;;;;;;;;
565674;;;;;;;;
565675;;;;;2.76;2.76;HSJB - IRRF RETIDO EM N.F;
565676;;;;;;;;
565677;;;;;;;;
565678;;;;;;;;
565679;;;;;2.7;2.7;HSJB - IRRF RETIDO EM N.F;
565680;;;;;;;;
565681;;;;;;;;
565682;;;;;;;;
565683;;;;;;;;
565686;;;;;;;;
565688;;;;;;;;
565689;;;;;7.26;7.26;HSJB - IRRF RETIDO EM N.F;
565691;;;;;;;;
565692;;;;;4.2;4.2;HSJB - IRRF RETIDO EM N.F;
565693;;;;;;;;
565695;;;;;4.74;4.74;HSJB - IRRF RETIDO EM N.F;
565696;;;;;;;;
565697;;;;;18.03;18.03;HSJB - IRRF RETIDO EM N.F;
565698;;;;;408.75;4.9;IRRF SOBRE O TRABALHO PRINCIPAL - PJ;
565699;;;;;;;;
565700;;;;;;;;
565701;;;;;;;;
565702;;;;;16.44;16.44;HSJB - IRRF RETIDO EM N.F;
565703;;;;;;;;
565704;;;;;;;;
565705;;;;;19.1;19.1;HSJB - IRRF RETIDO EM N.F;
565706;;;;;;;;
565708;;;;;16.44;16.44;HSJB - IRRF RETIDO EM N.F;
565709;;;;;;;;
565710;;;;;67.2;0.8;IRRF SOBRE O TRABALHO PRINCIPAL - PJ;
565711;;;;;207;2.48;IRRF SOBRE O TRABALHO PRINCIPAL - PJ;
565713;;;;;414;4.96;IRRF SOBRE O TRABALHO PRINCIPAL - PJ;
565714;;;;;420;5.04;IRRF SOBRE O TRABALHO PRINCIPAL - PJ;
565715;;;;;849.75;10.19;IRRF SOBRE O TRABALHO PRINCIPAL - PJ;
565716;;;;;;;;
565717;;;;;;;;
565718;;;;;;;;
565719;;;;;;;;
565720;;;;;;;;
565721;;;;;21966;768.81;RETENC. ISS EM LIQUIDAÇÃO;
565721;;;;;21966;483.25;INSS - PREST. SERV. PROPRIO;
565722;;;;;2891;101.18;RETENC. ISS EM LIQUIDAÇÃO;
565722;;;;;2891;63.6;INSS - PREST. SERV. PROPRIO;
565723;;;;;10797;377.9;RETENC. ISS EM LIQUIDAÇÃO;
565723;;;;;10797;237.53;INSS - PREST. SERV. PROPRIO;
565724;;;;;4830;169.05;RETENC. ISS EM LIQUIDAÇÃO;
565724;;;;;4830;106.26;INSS - PREST. SERV. PROPRIO;
565725;;;;;5408;64.9;IR/PIS/COFINS/CSLL RETIDO N.F;
565726;;;;;;;;
565727;;;;;;;;
565728;;;;;;;;
565729;;;;;843;10.12;IR/PIS/COFINS/CSLL RETIDO N.F;
565730;;;;;25.49;25.49;HSJB - IRRF RETIDO EM N.F;
565731;;;;;49970.97;599.65;IR/PIS/COFINS/CSLL RETIDO N.F;
565732;;;;;7005;84.06;IR/PIS/COFINS/CSLL RETIDO N.F;
565733;;;;;;;;
565734;;;;;;;;
565735;;;;;;;;
565736;;;;;;;;
565737;;;;;;;;
565738;;;;;;;;
565739;;;;;;;;
565741;;;;;;;;
565743;;;;;;;;
565744;;;;;;;;
565745;;;;;;;;
565747;;;;;;;;
565750;;;;;;;;
565752;;;;;;;;
565754;;;;;;;;
565756;;;;;;;;
565757;;;;;118959.55;9814.24;ISS - PMVR;
565758;;;;;;;;
565759;;;;;4.39;4.39;HSJB - IRRF RETIDO EM N.F;
565760;;;;;;;;
565761;;;;;;;;
565762;;;;;;;;
565763;;;;;;;;
565764;;;;;;;;
565765;;;;;;;;
565766;;;;;3.56;3.56;HSJB - IRRF RETIDO EM N.F;
565767;;;;;;;;
565768;;;;;;;;
565769;;;;;501.02;25.05;ISS - PMVR;
565769;;;;;501.02;6.01;IRRF - PRESTADOR DE SERVIÇOS;
565769;;;;;501.02;19.29;INSS PRESTADORES DE SERVIÇO PJ;
565770;;;;;;;;
565771;;;;;;;;
565772;;;;;;;;
565774;;;;;;;;
565775;;;;;;;;
565776;;;;;208860.85;1903.95;IRRF - PRESTADOR DE SERVIÇOS;
565776;;;;;208860.85;2026.41;IRRF - FORNECIMENTO DE BENS;
565777;;;;;2270093.46;13368.57;IRRF - PRESTADOR DE SERVIÇOS;
565777;;;;;2270093.46;23898.25;IRRF - FORNECIMENTO DE BENS;
565778;;;;;;;;
565779;;;;;33850.38;390.57;IRRF - FORNECIMENTO DE BENS;
565780;;;;;980;19.7;ISS - PMVR;
565782;;;;;;;;
565785;;;;;117.43;117.43;HSJB - IRRF RETIDO EM N.F;
565786;;;;;;;;
565787;;;;;35.08;35.08;HSJB - IRRF RETIDO EM N.F;
565789;;;;;;;;
565790;;;;;27.29;27.29;HSJB - IRRF RETIDO EM N.F;
565791;;;;;;;;
565792;;;;;195.73;195.73;HSJB - IRRF RETIDO EM N.F;
565794;;;;;;;;
565796;;;;;;;;
565797;;;;;2.24;2.24;HSJB - IRRF RETIDO EM N.F;
565798;;;;;;;;
565799;;;;;4.13;4.13;HSJB - IRRF RETIDO EM N.F;
565800;;;;;12.9;12.9;HSJB - IRRF RETIDO EM N.F;
565801;;;;;;;;
565802;;;;;18.9;18.9;HSJB - IRRF RETIDO EM N.F;
565803;;;;;;;;
565804;;;;;20.27;20.27;HSJB - IRRF RETIDO EM N.F;
565805;;;;;;;;
565806;;;;;25.49;25.49;HSJB - IRRF RETIDO EM N.F;
565807;;;;;;;;
565808;;;;;20.69;20.69;HSJB - IRRF RETIDO EM N.F;
565809;;;;;;;;
565810;;;;;24.29;24.29;HSJB - IRRF RETIDO EM N.F;
565811;;;;;;;;
565812;;;;;;;;
565813;;;;;0.24;0.24;HSJB - IRRF RETIDO EM N.F;
565814;;;;;;;;
565815;;;;;5.11;5.11;HSJB - IRRF RETIDO EM N.F;
565817;;;;;;;;
565819;;;;;27.29;27.29;HSJB - IRRF RETIDO EM N.F;
565821;;;;;;;;
565822;;;;;27.29;27.29;HSJB - IRRF RETIDO EM N.F;
565824;;;;;;;;
565826;;;;;;;;
565829;;;;;;;;
565830;;;;;86.4;86.4;HSJB - IRRF RETIDO EM N.F;
565832;;;;;680;34;ISS - FME;
565832;;;;;680;8.16;IRRF - FME;
565833;;;;;935;46.75;ISS - FME;
565833;;;;;935;11.22;IRRF - FME;
565834;;;;;;;;
565835;;;;;;;;
565836;;;;;;;;
565837;;;;;;;;
565838;;;;;20.27;20.27;HSJB - IRRF RETIDO EM N.F;
565839;;;;;798.98;9.58;IRRF - FME;
565841;;;;;725.44;8.7;IRRF - FME;
565842;;;;;;;;
565843;;;;;;;;
565844;;;;;4.86;4.86;HSJB - IRRF RETIDO EM N.F;
565845;;;;;;;;
565846;;;;;51.84;51.84;HSJB - IRRF RETIDO EM N.F;
565847;;;;;;;;
565848;;;;;17.45;17.45;HSJB - IRRF RETIDO EM N.F;
565849;;;;;5011.2;60.13;IR/PIS/COFINS/CSLL RETIDO N.F;
565850;;;;;;;;
565851;;;;;;;;
565852;;;;;21.66;21.66;HSJB - IRRF RETIDO EM N.F;
565853;;;;;15779.98;339.46;IRRF - GESTAO PLENA - SUS;
565853;;;;;15779.98;848.65;ISS - GESTAO PLENA;
565854;;;;;6147;245.88;ISS - PMVR;
565854;;;;;6147;295.06;IRRF - PRESTADOR DE SERVIÇOS;
565855;;;;;;;;
565856;;;;;1515;18.18;IR/PIS/COFINS/CSLL RETIDO N.F;
565857;;;;;;;;
565858;;;;;;;;
565859;;;;;;;;
565860;;;;;;;;
565861;;;;;9450;113.4;IR/PIS/COFINS/CSLL RETIDO N.F;
565862;;;;;;;;
565863;;;;;44.8;44.8;HSJB - IRRF RETIDO EM N.F;
565864;;;;;;;;
565865;;;;;;;;
565866;;;;;1.34;1.34;HSJB - IRRF RETIDO EM N.F;
565867;;;;;;;;
565868;;;;;;;;
565869;;;;;;;;
565870;;;;;;;;
565871;;;;;17.67;17.67;HSJB - IRRF RETIDO EM N.F;
565872;;;;;;;;
565873;;;;;38200;1910;ISS - GOV ESTADO  F 193;
565873;;;;;38200;573;IRRF - GOV ESTADO - F 193;
565874;;;;;20.27;20.27;HSJB - IRRF RETIDO EM N.F;
565875;;;;;;;;
565876;;;;;20.27;20.27;HSJB - IRRF RETIDO EM N.F;
565877;;;;;;;;
565878;;;;;;;;
565879;;;;;20.27;20.27;HSJB - IRRF RETIDO EM N.F;
565880;;;;;;;;
565881;;;;;8.42;8.42;HSJB - IRRF RETIDO EM N.F;
565882;;;;;;;;
565883;;;;;;;;
565884;;;;;17.46;17.46;HSJB - IRRF RETIDO EM N.F;
565885;;;;;;;;
565886;;;;;;;;
565887;;;;;4.5;4.5;HSJB - IRRF RETIDO EM N.F;
565888;;;;;;;;
565889;;;;;20.25;20.25;HSJB - IRRF RETIDO EM N.F;
565890;;;;;753731.88;9044.79;IRRF SOBRE O TRABALHO PRINCIPAL - PJ;
565891;;;;;;;;
565892;;;;;16.44;16.44;HSJB - IRRF RETIDO EM N.F;
565893;;;;;137376.98;1649.4;IRRF SOBRE O TRABALHO PRINCIPAL - PJ;
565894;;;;;240396.88;2888.28;IRRF SOBRE O TRABALHO PRINCIPAL - PJ;
565896;;;;;4808.33;96.17;ISS - PMVR;
565899;;;;;;;;
565900;;;;;;;;
565901;;;;;36.88;36.88;HSJB - IRRF RETIDO EM N.F;
565902;;;;;;;;
565903;;;;;27.29;27.29;HSJB - IRRF RETIDO EM N.F;
565904;;;;;;;;
565905;;;;;3933.36;161.66;ISS - PMVR;
565906;;;;;27.97;27.97;HSJB - IRRF RETIDO EM N.F;
565907;;;;;;;;
565908;;;;;27.29;27.29;HSJB - IRRF RETIDO EM N.F;
565909;;;;;;;;
565910;;;;;35.08;35.08;HSJB - IRRF RETIDO EM N.F;
565911;;;;;;;;
565912;;;;;12.9;12.9;HSJB - IRRF RETIDO EM N.F;
565915;;;;;;;;
565917;;;;;27.29;27.29;HSJB - IRRF RETIDO EM N.F;
565919;;;;;;;;
565920;;;;;;;;
565921;;;;;25.49;25.49;HSJB - IRRF RETIDO EM N.F;
565922;;;;;3.6;3.6;HSJB - IRRF RETIDO EM N.F;
565923;;;;;;;;
565924;;;;;;;;
565925;;;;;27.29;27.29;HSJB - IRRF RETIDO EM N.F;
565926;;;;;;;;
565927;;;;;;;;
565928;;;;;36.88;36.88;HSJB - IRRF RETIDO EM N.F;
565930;;;;;12861.2;308.66;IRRF - PRESTADOR DE SERVIÇOS;
565932;;;;;;;;
565933;;;;;69171.27;3458.56;RETENC. ISS EM LIQUIDAÇÃO;
565934;;;;;;;;
565941;;;;;32861.45;753.19;IRRF - SALARIO EDUCAÇÃO;
565945;;;;;;;;
565946;;;;;;;;
565948;;;;;;;;
565952;;;;;249.9;12.5;ISS - PMVR;
565953;;;;;;;;
565954;;;;;;;;
565956;;;;;;;;
565957;;;;;;;;
565958;;;;;;;;
565959;;;;;;;;
565960;;;;;;;;
565962;;;;;1151977.96;220779.48;IRRF - TRABALHO PRINCIPAL PF PMVR;
565962;;;;;1151977.96;86614.1;INSTITUTO NACIONAL DO SEGURO SOCIAL;
565963;;;;;;;;
565964;;;;;;;;
565965;;;;;15.84;15.84;HSJB - IRRF RETIDO EM N.F;
565966;;;;;;;;
565967;;;;;;;;
565968;;;;;2.16;2.16;HSJB - IRRF RETIDO EM N.F;
565972;;;;;;;;
565973;;;;;;;;
565974;;;;;;;;
565976;;;;;10.56;10.56;HSJB - IRRF RETIDO EM N.F;
565979;;;;;;;;
565980;;;;;;;;
565981;;;;;;;;
565982;;;;;;;;
565983;;;;;2.16;2.16;HSJB - IRRF RETIDO EM N.F;
565984;;;;;;;;
565985;;;;;13.15;13.15;HSJB - IRRF RETIDO EM N.F;
565986;;;;;;;;
565987;;;;;;;;
565989;;;;;;;;
565990;;;;;;;;
565991;;;;;;;;
565992;;;;;26.3;26.3;HSJB - IRRF RETIDO EM N.F;
565993;;;;;1221252.87;1221252.87;IRRF - PMVR;
565994;;;;;637216.25;637216.25;INSTITUTO NACIONAL DO SEGURO SOCIAL;
565995;;;;;;;;
565996;;;;;10.56;10.56;HSJB - IRRF RETIDO EM N.F;
565997;;;;;;;;
565998;;;;;15.84;15.84;HSJB - IRRF RETIDO EM N.F;
565999;;;;;;;;
566000;;;;;2.16;2.16;HSJB - IRRF RETIDO EM N.F;
566001;;;;;;;;
566007;;;;;;;;
566017;;;;;;;;
566024;;;;;;;;
566025;;;;;;;;
566026;;;;;109.8;109.8;HSJB - IRRF RETIDO EM N.F;
566027;;;;;;;;
566031;;;;;;;;
566032;;;;;8.03;8.03;HSJB - IRRF RETIDO EM N.F;
566043;;;;;;;;
566045;;;;;;;;
566051;;;;;;;;
566056;;;;;44.8;44.8;HSJB - IRRF RETIDO EM N.F;
566087;;;;;;;;
566088;;;;;;;;
566090;;;;;78.78;78.78;HSJB - IRRF RETIDO EM N.F;
566095;;;;;;;;
566096;;;;;;;;
566097;;;;;;;;
566098;;;;;;;;
566100;;;;;;;;
566101;;;;;;;;
566103;;;;;;;;
566104;;;;;;;;
566106;;;;;;;;
566107;;;;;;;;
566109;;;;;;;;
566110;;;;;674420.99;21441.13;ISS - PMVR;
566110;;;;;674420.99;74186.2;INSTITUTO NACIONAL DO SEGURO SOCIAL;
566110;;;;;674420.99;943.4;PENSÃO ALIMENTICIA;
566111;;;;;;;;
566112;;;;;;;;
566114;;;;;;;;
566115;;;;;;;;
566116;;;;;137216.7;6860.8;ISS - PMVR;
566116;;;;;137216.7;15093.77;INSTITUTO NACIONAL DO SEGURO SOCIAL;
566117;;;;;;;;
566118;;;;;;;;
566119;;;;;;;;
566120;;;;;;;;
566121;;;;;;;;
566122;;;;;;;;
566123;;;;;2.23;2.23;HSJB - IRRF RETIDO EM N.F;
566125;;;;;;;;
566126;;;;;;;;
566128;;;;;;;;
566130;;;;;2124;25.48;IR/PIS/COFINS/CSLL RETIDO N.F;
566131;;;;;;;;
566132;;;;;;;;
566133;;;;;;;;
566134;;;;;2.23;2.23;HSJB - IRRF RETIDO EM N.F;
566135;;;;;;;;
566137;;;;;843;10.12;IR/PIS/COFINS/CSLL RETIDO N.F;
566138;;;;;65545.48;3243.33;ISS - PMVR;
566138;;;;;65545.48;7209.88;INSTITUTO NACIONAL DO SEGURO SOCIAL;
566140;;;;;;;;
566141;;;;;;;;
566142;;;;;;;;
566143;;;;;;;;
566145;;;;;;;;
566146;;;;;;;;
566148;;;;;;;;
566150;;;;;;;;
566151;;;;;20.26;20.26;HSJB - IRRF RETIDO EM N.F;
566152;;;;;;;;
566153;;;;;;;;
566154;;;;;936.85;11.24;IR/PIS/COFINS/CSLL RETIDO N.F;
566156;;;;;;;;
566161;;;;;;;;
566165;;;;;;;;
566166;;;;;4.5;4.5;HSJB - IRRF RETIDO EM N.F;
566168;;;;;;;;
566171;;;;;36194.68;434.34;IR/PIS/COFINS/CSLL RETIDO N.F;
566173;;;;;;;;
566176;;;;;;;;
566177;;;;;;;;
566178;;;;;;;;
566179;;;;;;;;
566180;;;;;;;;
566181;;;;;;;;
566182;;;;;15.38;15.38;ISS - PMVR;
566183;;;;;;;;
566186;;;;;;;;
566188;;;;;;;;
566190;;;;;;;;
566191;;;;;;;;
566194;;;;;;;;
566196;;;;;;;;
566199;;;;;;;;
566200;;;;;;;;
566202;;;;;17.46;17.46;HSJB - IRRF RETIDO EM N.F;
566206;;;;;;;;
566207;;;;;;;;
566209;;;;;;;;
566210;;;;;15.38;15.38;ISS - PMVR;
566212;;;;;2.76;2.76;HSJB - IRRF RETIDO EM N.F;
566215;;;;;;;;
566216;;;;;;;;
566221;;;;;11.47;11.47;HSJB - IRRF RETIDO EM N.F;
566223;;;;;249.9;12.5;ISS - PMVR;
566224;;;;;;;;
566226;;;;;;;;
566227;;;;;;;;
566228;;;;;15.38;15.38;ISS - PMVR;
566231;;;;;16833.57;375.6;IRRF - GESTAO PLENA - SUS;
566231;;;;;16833.57;939;ISS - GESTAO PLENA;
566232;;;;;;;;
566234;;;;;;;;
566235;;;;;;;;
566237;;;;;20.28;20.28;HSJB - IRRF RETIDO EM N.F;
566241;;;;;;;;
566243;;;;;;;;
566245;;;;;;;;
566247;;;;;6.3;6.3;HSJB - IRRF RETIDO EM N.F;
566248;;;;;;;;
566249;;;;;;;;
566250;;;;;;;;
566251;;;;;15.38;15.38;ISS - PMVR;
566253;;;;;;;;
566255;;;;;2.76;2.76;HSJB - IRRF RETIDO EM N.F;
566257;;;;;;;;
566260;;;;;;;;
566280;;;;;;;;
566287;;;;;;;;
566288;;;;;;;;
566290;;;;;;;;
566294;;;;;295.2;3.54;IRRF SOBRE O TRABALHO PRINCIPAL - PJ;
566295;;;;;34.42;34.42;HSJB - IRRF RETIDO EM N.F;
566296;;;;;;;;
566297;;;;;;;;
566299;;;;;34.42;34.42;HSJB - IRRF RETIDO EM N.F;
566300;;;;;;;;
566305;;;;;;;;
566306;;;;;;;;
566307;;;;;38.73;38.73;HSJB - IRRF RETIDO EM N.F;
566309;;;;;;;;
566311;;;;;;;;
566313;;;;;34.42;34.42;HSJB - IRRF RETIDO EM N.F;
566315;;;;;;;;
566318;;;;;;;;
566319;;;;;4710.29;4710.29;INSTITUTO NACIONAL DO SEGURO SOCIAL;
566320;;;;;34.42;34.42;HSJB - IRRF RETIDO EM N.F;
566321;;;;;2;2;HSJB - IRRF RETIDO EM N.F;
566324;;;;;;;;
566326;;;;;138025.86;2141.04;IRRF - PMVR;
566326;;;;;138025.86;3288.64;ISS - PMVR;
566329;;;;;;;;
566332;;;;;;;;
566334;;;;;;;;
566336;;;;;;;;
566338;;;;;40.53;40.53;HSJB - IRRF RETIDO EM N.F;
566340;;;;;;;;
566341;;;;;;;;
566342;;;;;25408.87;508.18;ISS - PMVR;
566345;;;;;;;;
566346;;;;;5914.19;118.28;ISS - PMVR;
566347;;;;;16.44;16.44;HSJB - IRRF RETIDO EM N.F;
566348;;;;;167.75;167.75;INSTITUTO NACIONAL DO SEGURO SOCIAL;
566349;;;;;6089.65;121.79;ISS - PMVR;
566350;;;;;1357.25;73.2;IRRF - PMVR;
566352;;;;;6349.5;126.99;ISS - PMVR;
566353;;;;;;;;
566356;;;;;32.37;32.37;HSJB - IRRF RETIDO EM N.F;
566357;;;;;4.74;4.74;HSJB - IRRF RETIDO EM N.F;
566362;;;;;;;;
566364;;;;;;;;
566365;;;;;;;;
566366;;;;;2.23;2.23;HSJB - IRRF RETIDO EM N.F;
566367;;;;;32.37;32.37;HSJB - IRRF RETIDO EM N.F;
566373;;;;;;;;
566375;;;;;;;;
566376;;;;;;;;
566378;;;;;;;;
566379;;;;;;;;
566380;;;;;;;;
566381;;;;;;;;
566382;;;;;39.44;39.44;HSJB - IRRF RETIDO EM N.F;
566384;;;;;;;;
566385;;;;;;;;
566386;;;;;;;;
566387;;;;;;;;
566388;;;;;;;;
566389;;;;;;;;
566393;;;;;;;;
566395;;;;;1.03;1.03;HSJB - IRRF RETIDO EM N.F;
566398;;;;;;;;
566413;;;;;;;;
566414;;;;;36.47;36.47;HSJB - IRRF RETIDO EM N.F;
566415;;;;;;;;
566416;;;;;;;;
566417;;;;;34.42;34.42;HSJB - IRRF RETIDO EM N.F;
566418;;;;;;;;
566419;;;;;;;;
566420;;;;;;;;
566423;;;;;;;;
566424;;;;;;;;
566425;;;;;;;;
566426;;;;;;;;
566427;;;;;;;;
566428;;;;;;;;
566429;;;;;34.42;34.42;HSJB - IRRF RETIDO EM N.F;
566431;;;;;;;;
566432;;;;;;;;
566433;;;;;;;;
566434;;;;;;;;
566435;;;;;34.42;34.42;HSJB - IRRF RETIDO EM N.F;
566436;;;;;18.66;18.66;HSJB - IRRF RETIDO EM N.F;
566437;;;;;;;;
566438;;;;;34.42;34.42;HSJB - IRRF RETIDO EM N.F;
566440;;;;;;;;
566441;;;;;32.37;32.37;HSJB - IRRF RETIDO EM N.F;
566442;;;;;;;;
566443;;;;;;;;
566444;;;;;32.37;32.37;HSJB - IRRF RETIDO EM N.F;
566445;;;;;;;;
566446;;;;;;;;
566447;;;;;313793.12;6807.18;IRRF - GESTAO PLENA - SUS;
566447;;;;;313793.12;13614.36;ISS - GESTAO PLENA;
566450;;;;;;;;
566451;;;;;4.44;4.44;HSJB - IRRF RETIDO EM N.F;
566455;;;;;;;;
566458;;;;;1.34;1.34;HSJB - IRRF RETIDO EM N.F;
566459;;;;;;;;
566460;;;;;;;;
566461;;;;;;;;
566462;;;;;72;72;HSJB - IRRF RETIDO EM N.F;
566465;;;;;;;;
566466;;;;;;;;
566468;;;;;;;;
566469;;;;;20.25;20.25;HSJB - IRRF RETIDO EM N.F;
566470;;;;;;;;
566472;;;;;;;;
566473;;;;;;;;
566474;;;;;4564;54.76;IR/PIS/COFINS/CSLL RETIDO N.F;
566475;;;;;;;;
566476;;;;;;;;
566479;;;;;;;;
566481;;;;;508632.89;10165.23;IRRF - GESTAO PLENA - SUS;
566481;;;;;508632.89;33884.13;ISS - GESTAO PLENA;
566483;;;;;;;;
566486;;;;;2131;25.57;IR/PIS/COFINS/CSLL RETIDO N.F;
566489;;;;;;;;
566490;;;;;;;;
566491;;;;;;;;
566492;;;;;;;;
566493;;;;;20.27;20.27;HSJB - IRRF RETIDO EM N.F;
566494;;;;;;;;
566496;;;;;;;;
566498;;;;;30.69;30.69;HSJB - IRRF RETIDO EM N.F;
566499;;;;;;;;
566501;;;;;40.55;40.55;HSJB - IRRF RETIDO EM N.F;
566503;;;;;;;;
566504;;;;;20.27;20.27;HSJB - IRRF RETIDO EM N.F;
566505;;;;;;;;
566506;;;;;;;;
566507;;;;;;;;
566509;;;;;;;;
566510;;;;;;;;
566511;;;;;;;;
566512;;;;;;;;
566513;;;;;;;;
566514;;;;;;;;
566515;;;;;;;;
566516;;;;;399.02;399.02;HSJB - IRRF RETIDO EM N.F;
566518;;;;;;;;
566519;;;;;;;;
566525;;;;;623312.88;31165.64;RETENC. ISS EM LIQUIDAÇÃO;
566525;;;;;623312.88;20569.32;INSS - PREST. SERV. PROPRIO;
566525;;;;;623312.88;29919.01;IRRF SOBRE O TRABALHO PRINCIPAL - PJ;
566526;;;;;;;;
566531;;;;;;;;
566533;;;;;67.82;67.82;HSJB - IRRF RETIDO EM N.F;
566534;;;;;;;;
566536;;;;;57.02;57.02;HSJB - IRRF RETIDO EM N.F;
566538;;;;;526.08;6.31;IR/PIS/COFINS/CSLL RETIDO N.F;
566539;;;;;;;;
566541;;;;;4473.92;53.69;IR/PIS/COFINS/CSLL RETIDO N.F;
566545;;;;;;;;
566547;;;;;80.04;80.04;HSJB - IRRF RETIDO EM N.F;
566552;;;;;;;;
566553;;;;;67.82;67.82;HSJB - IRRF RETIDO EM N.F;
566560;;;;;;;;
566562;;;;;2120;101.76;IRRF - PJ PRESTADOR DE SERVIÇOS;
566566;;;;;;;;
566567;;;;;;;;
566568;;;;;68.74;68.74;HSJB - IRRF RETIDO EM N.F;
566569;;;;;;;;
566570;;;;;173.21;173.21;HSJB - IRRF RETIDO EM N.F;
566571;;;;;;;;
566572;;;;;;;;
566574;;;;;;;;
566575;;;;;5874.12;70.49;IRRF - GESTAO PLENA - SUS;
566576;;;;;;;;
566577;;;;;;;;
566579;;;;;31;31;HSJB - IRRF RETIDO EM N.F;
566580;;;;;;;;
566581;;;;;;;;
566584;;;;;;;;
566585;;;;;31;31;HSJB - IRRF RETIDO EM N.F;
566586;;;;;;;;
566587;;;;;;;;
566588;;;;;;;;
566589;;;;;;;;
566590;;;;;8772;421.05;IRRF SOBRE O TRABALHO PRINCIPAL - PJ;
566591;;;;;4670;56.04;IR/PIS/COFINS/CSLL RETIDO N.F;
566592;;;;;;;;
566593;;;;;31376.81;376.52;IR/PIS/COFINS/CSLL RETIDO N.F;
566594;;;;;;;;
566595;;;;;8772;421.05;IRRF SOBRE O TRABALHO PRINCIPAL - PJ;
566596;;;;;;;;
566597;;;;;1264.5;15.17;IR/PIS/COFINS/CSLL RETIDO N.F;
566598;;;;;8772;421.05;IRRF SOBRE O TRABALHO PRINCIPAL - PJ;
566599;;;;;8772;421.05;IRRF SOBRE O TRABALHO PRINCIPAL - PJ;
566600;;;;;31;31;HSJB - IRRF RETIDO EM N.F;
566601;;;;;;;;
566602;;;;;;;;
566603;;;;;11.98;11.98;HSJB - IRRF RETIDO EM N.F;
566604;;;;;;;;
566605;;;;;;;;
566606;;;;;;;;
566607;;;;;;;;
566608;;;;;2212.5;44.25;RETENC. ISS EM LIQUIDAÇÃO;
566609;;;;;7798.5;200.42;RETENC. ISS EM LIQUIDAÇÃO;
566610;;;;;;;;
566611;;;;;;;;
566612;;;;;11.98;11.98;HSJB - IRRF RETIDO EM N.F;
566613;;;;;244735.61;28211.84;IRRF - GESTAO PLENA - SUS;
566616;;;;;;;;
566618;;;;;11.98;11.98;HSJB - IRRF RETIDO EM N.F;
566621;;;;;10224.42;743.28;INSTITUTO NACIONAL DO SEGURO SOCIAL;
566622;;;;;;;;
566623;;;;;11.98;11.98;HSJB - IRRF RETIDO EM N.F;
566624;;;;;;;;
566625;;;;;7798.5;200.42;RETENC. ISS EM LIQUIDAÇÃO;
566626;;;;;;;;
566627;;;;;28.97;28.97;HSJB - IRRF RETIDO EM N.F;
566629;;;;;7798.5;231.9;RETENC. ISS EM LIQUIDAÇÃO;
566630;;;;;;;;
566631;;;;;;;;
566632;;;;;28.97;28.97;HSJB - IRRF RETIDO EM N.F;
566634;;;;;;;;
566636;;;;;;;;
566637;;;;;;;;
566638;;;;;;;;
566640;;;;;;;;
566641;;;;;82.48;82.48;HSJB - IRRF RETIDO EM N.F;
566659;;;;;;;;
566660;;;;;;;;
566661;;;;;;;;
566662;;;;;;;;
566665;;;;;;;;
566666;;;;;;;;
566667;;;;;8060;162.01;RETENC. ISS EM LIQUIDAÇÃO;
566668;;;;;2470;49.65;RETENC. ISS EM LIQUIDAÇÃO;
566669;;;;;265205;3182.46;IRRF SOBRE O TRABALHO PRINCIPAL - PJ;
566670;;;;;265205;3182.46;IRRF SOBRE O TRABALHO PRINCIPAL - PJ;
566671;;;;;;;;
566672;;;;;;;;
566673;;;;;;;;
566674;;;;;;;;
566675;;;;;;;;
566677;;;;;;;;
566678;;;;;;;;
566680;;;;;94.9;94.9;HSJB - IRRF RETIDO EM N.F;
566682;;;;;;;;
566683;;;;;;;;
566684;;;;;90917.58;4545.88;RETENC. ISS EM LIQUIDAÇÃO;
566684;;;;;90917.58;10000.93;INSS - PREST. SERV. PROPRIO;
566684;;;;;90917.58;4364.04;IRRF SOBRE O TRABALHO PRINCIPAL - PJ;
566686;;;;;11.98;11.98;HSJB - IRRF RETIDO EM N.F;
566687;;;;;5353.3;64.23;IRRF SOBRE O TRABALHO PRINCIPAL - PJ;
566688;;;;;;;;
566689;;;;;565.2;565.2;HSJB - IRRF RETIDO EM N.F;
566690;;;;;;;;
566691;;;;;4127.79;49.53;IRRF SOBRE O TRABALHO PRINCIPAL - PJ;
566692;;;;;4127.79;49.53;IRRF SOBRE O TRABALHO PRINCIPAL - PJ;
566693;;;;;31;31;HSJB - IRRF RETIDO EM N.F;
566694;;;;;4127.79;49.53;IRRF SOBRE O TRABALHO PRINCIPAL - PJ;
566695;;;;;;;;
566697;;;;;;;;
566699;;;;;;;;
566700;;;;;;;;
566701;;;;;57.1;57.1;HSJB - IRRF RETIDO EM N.F;
566703;;;;;;;;
566704;;;;;;;;
566706;;;;;;;;
566707;;;;;;;;
566708;;;;;;;;
566709;;;;;;;;
566710;;;;;10920;383.04;RETENC. ISS EM LIQUIDAÇÃO;
566711;;;;;10498.1;125.97;IRRF SOBRE O TRABALHO PRINCIPAL - PJ;
566712;;;;;;;;
566713;;;;;;;;
566714;;;;;;;;
566715;;;;;10860;380.94;RETENC. ISS EM LIQUIDAÇÃO;
566716;;;;;;;;
566717;;;;;67.09;67.09;HSJB - IRRF RETIDO EM N.F;
566718;;;;;;;;
566719;;;;;10920;383.04;RETENC. ISS EM LIQUIDAÇÃO;
566723;;;;;;;;
566725;;;;;101803.58;5310.01;ISS - FME;
566725;;;;;101803.58;11682.03;INSS - PESSOA JURIDICA;
566725;;;;;101803.58;1274.4;IRRF - FME;
566727;;;;;18.7;18.7;HSJB - IRRF RETIDO EM N.F;
566728;;;;;4396.69;4396.69;DEPOSITOS RECEBIDOS POR DETERMINAÇÃO JUD;
566730;;;;;;;;
566731;;;;;6060.81;316.13;ISS - FME;
566731;;;;;6060.81;695.48;INSS - PESSOA JURIDICA;
566731;;;;;6060.81;75.87;IRRF - FME;
566732;;;;;;;;
566733;;;;;261.75;261.75;DEPOSITOS RECEBIDOS POR DETERMINAÇÃO JUD;
566734;;;;;182.5;2.19;IRRF SOBRE O TRABALHO PRINCIPAL - PJ;
566735;;;;;12888.71;672.27;ISS - FME;
566735;;;;;12888.71;1478.99;INSS - PESSOA JURIDICA;
566735;;;;;12888.71;161.34;IRRF - FME;
566736;;;;;;;;
566737;;;;;;;;
566738;;;;;556.63;556.63;DEPOSITOS RECEBIDOS POR DETERMINAÇÃO JUD;
566739;;;;;;;;
566742;;;;;;;;
566743;;;;;315611.79;56876.44;ISS - FME;
566743;;;;;315611.79;125128.17;INSS - PESSOA JURIDICA;
566743;;;;;315611.79;13650.35;IRRF - FME;
566744;;;;;;;;
566745;;;;;47093.69;47093.69;DEPOSITOS RECEBIDOS POR DETERMINAÇÃO JUD;
566746;;;;;6518.92;312.9;IR/PIS/COFINS/CSLL RETIDO N.F;
566747;;;;;;;;
566748;;;;;162800;8140;ISS - GOV ESTADO  F 193;
566748;;;;;162800;2442;IRRF - GOV ESTADO - F 193;
566749;;;;;;;;
566751;;;;;;;;
566752;;;;;;;;
566753;;;;;;;;
566754;;;;;;;;
566755;;;;;;;;
566756;;;;;;;;
566757;;;;;4709.76;349.73;IRRF - PMVR;
566759;;;;;;;;
566760;;;;;;;;
566761;;;;;;;;
566762;;;;;;;;
566764;;;;;;;;
566765;;;;;;;;
566766;;;;;;;;
566767;;;;;;;;
566768;;;;;2316.56;34.74;IRRF - GESTAO PLENA - SUS;
566768;;;;;2316.56;46.33;ISS - GESTAO PLENA;
566769;;;;;;;;
566770;;;;;;;;
566772;;;;;;;;
566774;;;;;;;;
566775;;;;;;;;
566780;;;;;293406.57;25119.7;ISS - FME;
566780;;;;;293406.57;38684.35;INSS - PESSOA JURIDICA;
566780;;;;;293406.57;6028.73;IRRF - FME;
566781;;;;;;;;
566782;;;;;658284.1;32914.2;ISS - FME;
566782;;;;;658284.1;50687.88;INSS - PESSOA JURIDICA;
566782;;;;;658284.1;7899.41;IRRF - FME;
566783;;;;;;;;
566784;;;;;;;;
566785;;;;;187.2;187.2;HSJB - IRRF RETIDO EM N.F;
566786;;;;;2108;105.4;ISS - GESTAO PLENA;
566787;;;;;1886;28.29;IRRF - PMVR;
566789;;;;;;;;
566790;;;;;;;;
566791;;;;;;;;
566792;;;;;;;;
566793;;;;;;;;
566794;;;;;87.6;87.6;HSJB - IRRF RETIDO EM N.F;
566795;;;;;;;;
566796;;;;;13.92;13.92;HSJB - IRRF RETIDO EM N.F;
566798;;;;;;;;
566799;;;;;87.6;87.6;HSJB - IRRF RETIDO EM N.F;
566800;;;;;;;;
566801;;;;;;;;
566802;;;;;;;;
566803;;;;;87.6;87.6;HSJB - IRRF RETIDO EM N.F;
566804;;;;;;;;
566805;;;;;;;;
566806;;;;;;;;
566807;;;;;144.98;144.98;HSJB - IRRF RETIDO EM N.F;
566808;;;;;7798.5;156.75;RETENC. ISS EM LIQUIDAÇÃO;
566809;;;;;;;;
566810;;;;;;;;
566811;;;;;7798.5;156.75;RETENC. ISS EM LIQUIDAÇÃO;
566812;;;;;;;;
566814;;;;;;;;
566816;;;;;;;;
566820;;;;;15.84;15.84;HSJB - IRRF RETIDO EM N.F;
566822;;;;;;;;
566825;;;;;;;;
566826;;;;;;;;
566827;;;;;;;;
566828;;;;;;;;
566829;;;;;15.84;15.84;HSJB - IRRF RETIDO EM N.F;
566830;;;;;130.27;130.27;HSJB - IRRF RETIDO EM N.F;
566831;;;;;;;;
566840;;;;;;;;
566846;;;;;;;;
566847;;;;;;;;
566848;;;;;;;;
566852;;;;;;;;
566854;;;;;453.6;453.6;HSJB - IRRF RETIDO EM N.F;
566858;;;;;;;;
566859;;;;;;;;
566868;;;;;;;;
566869;;;;;0.19;0.19;HSJB - IRRF RETIDO EM N.F;
566870;;;;;;;;
566871;;;;;1.55;1.55;HSJB - IRRF RETIDO EM N.F;
566872;;;;;3782.35;188.26;IRRF - GOV ESTADO - F 193;
566873;;;;;13000;2679;IRRF - PMVR;
566876;;;;;;;;
566877;;;;;281.74;281.74;HSJB - IRRF RETIDO EM N.F;
566879;;;;;;;;
566880;;;;;;;;
566883;;;;;;;;
566884;;;;;133.32;133.32;HSJB - IRRF RETIDO EM N.F;
566885;;;;;;;;
566886;;;;;;;;
566887;;;;;32.45;32.45;HSJB - IRRF RETIDO EM N.F;
566888;;;;;;;;
566889;;;;;;;;
566890;;;;;;;;
566891;;;;;128.88;128.88;HSJB - IRRF RETIDO EM N.F;
566892;;;;;;;;
566893;;;;;163.3;163.3;HSJB - IRRF RETIDO EM N.F;
566894;;;;;;;;
566895;;;;;10.09;10.09;HSJB - IRRF RETIDO EM N.F;
566896;;;;;;;;
566897;;;;;271.44;271.44;HSJB - IRRF RETIDO EM N.F;
566898;;;;;;;;
566899;;;;;128.01;128.01;ISS - PMVR;
566900;;;;;;;;
566902;;;;;9.49;9.49;HSJB - IRRF RETIDO EM N.F;
566906;;;;;;;;
566909;;;;;;;;
566911;;;;;;;;
566912;;;;;;;;
566913;;;;;;;;
566914;;;;;13.33;13.33;HSJB - IRRF RETIDO EM N.F;
566915;;;;;;;;
566916;;;;;;;;
566917;;;;;;;;
566918;;;;;;;;
566919;;;;;;;;
566921;;;;;;;;
566922;;;;;;;;
566923;;;;;;;;
566924;;;;;;;;
566925;;;;;;;;
566926;;;;;;;;
566928;;;;;1092.79;25.61;IRRF - PRESTADOR DE SERVIÇOS;
566929;;;;;;;;
566930;;;;;;;;
566931;;;;;;;;
566932;;;;;73.56;73.56;HSJB - IRRF RETIDO EM N.F;
566933;;;;;;;;
566934;;;;;536.4;536.4;HSJB - IRRF RETIDO EM N.F;
566936;;;;;;;;
566937;;;;;;;;
566938;;;;;;;;
566939;;;;;;;;
566940;;;;;;;;
566941;;;;;;;;
566942;;;;;;;;
566943;;;;;;;;
566945;;;;;1654.3;1654.3;HSJB - IRRF RETIDO EM N.F;
566946;;;;;;;;
566947;;;;;;;;
566948;;;;;;;;
566949;;;;;;;;
566950;;;;;;;;
566951;;;;;;;;
566952;;;;;;;;
566953;;;;;;;;
566954;;;;;;;;
566955;;;;;;;;
566956;;;;;;;;
566957;;;;;;;;
566958;;;;;;;;
566959;;;;;;;;
566960;;;;;;;;
566961;;;;;;;;
566962;;;;;;;;
566963;;;;;;;;
566964;;;;;5.47;5.47;HSJB - IRRF RETIDO EM N.F;
566965;;;;;;;;
566966;;;;;;;;
566967;;;;;;;;
566968;;;;;;;;
566969;;;;;;;;
566970;;;;;;;;
566975;;;;;;;;
566976;;;;;;;;
566977;;;;;;;;
566978;;;;;33999.68;1699.98;RETENC. ISS EM LIQUIDAÇÃO;
566978;;;;;33999.68;1308.99;INSS - PREST. SERV. PROPRIO;
566978;;;;;33999.68;1631.98;IRRF SOBRE O TRABALHO PRINCIPAL - PJ;
566980;;;;;825281.83;41264.09;RETENC. ISS EM LIQUIDAÇÃO;
566980;;;;;825281.83;31773.35;INSS - PREST. SERV. PROPRIO;
566980;;;;;825281.83;39613.53;IRRF SOBRE O TRABALHO PRINCIPAL - PJ;
566982;;;;;;;;
566984;;;;;;;;
566985;;;;;;;;
566986;;;;;;;;
566987;;;;;;;;
566988;;;;;;;;
566989;;;;;;;;
566990;;;;;;;;
566991;;;;;;;;
566992;;;;;;;;
566993;;;;;;;;
566994;;;;;;;;
566995;;;;;;;;
566996;;;;;;;;
566997;;;;;;;;
566998;;;;;;;;
566999;;;;;;;;
567000;;;;;;;;
567001;;;;;;;;
567002;;;;;;;;
567003;;;;;;;;
567004;;;;;;;;
567005;;;;;;;;
567006;;;;;;;;
567007;;;;;;;;
567008;;;;;;;;
567009;;;;;;;;
567010;;;;;;;;
567011;;;;;900;99;INSS - FOLHA PAGTO;
567012;;;;;900;99;INSS - FOLHA PAGTO;
567013;;;;;900;99;INSS - FOLHA PAGTO;
567014;;;;;;;;
567015;;;;;3703.5;285.17;INSTITUTO NACIONAL DO SEGURO SOCIAL;
567015;;;;;3703.5;185.17;ISS - PMVR;
567015;;;;;3703.5;177.77;IRRF RETIDO EM N.F.;
567015;;;;;3703.5;172.22;PIS/COFINS/CSLL RETIDO N.F;
567016;;;;;10.69;10.69;HSJB - IRRF RETIDO EM N.F;
567017;;;;;;;;
567018;;;;;;;;
567020;;;;;;;;
567021;;;;;;;;
567022;;;;;;;;
567023;;;;;2.24;2.24;HSJB - IRRF RETIDO EM N.F;
567024;;;;;;;;
567025;;;;;;;;
567026;;;;;4.2;4.2;HSJB - IRRF RETIDO EM N.F;
567027;;;;;;;;
567028;;;;;;;;
567029;;;;;;;;
567030;;;;;;;;
567031;;;;;;;;
567032;;;;;3.02;3.02;HSJB - IRRF RETIDO EM N.F;
567033;;;;;;46436.19;HSJB - IRRF RETIDO EM N.F;
567034;;;;;;;;
567035;;;;;217.56;217.56;HSJB - IRRF RETIDO EM N.F;
567036;;;;;23520;748.26;ISS - GESTAO PLENA;
567038;;;;;;;;
567039;;;;;;;;
567042;;;;;;;;
567043;;;;;;;;
567044;;;;;380.32;14.37;ISS - PMVR;
567046;;;;;;;;
567047;;;;;276;276;HSJB - IRRF RETIDO EM N.F;
567049;;;;;;;;
567050;;;;;352.8;352.8;HSJB - IRRF RETIDO EM N.F;
567051;;;;;4199.4;282.09;IRRF - GOV ESTADO - F 193;
567053;;;;;;;;
567054;;;;;;;;
567055;;;;;;;;
567056;;;;;;;;
567057;;;;;2387.99;2387.99;INSTITUTO NACIONAL DO SEGURO SOCIAL;
567058;;;;;455.9;5.47;IR/PIS/COFINS/CSLL RETIDO N.F;
567059;;;;;69975.21;2170.89;ISS - GESTAO PLENA;
567060;;;;;1443.2;17.31;IR/PIS/COFINS/CSLL RETIDO N.F;
567061;;;;;;;;
567062;;;;;;;;
567063;;;;;;;;
567065;;;;;325.73;325.73;HSJB - IRRF RETIDO EM N.F;
567068;;;;;;;;
567069;;;;;;;;
567070;;;;;;;;
567071;;;;;;;;
567072;;;;;;;;
567073;;;;;;;;
567074;;;;;;;;
567075;;;;;;;;
567076;;;;;7;7;HSJB - IRRF RETIDO EM N.F;
567077;;;;;;;;
567078;;;;;;;;
567079;;;;;;;;
567080;;;;;2.02;2.02;HSJB - IRRF RETIDO EM N.F;
567081;;;;;;;;
567082;;;;;;;;
567083;;;;;;;;
567084;;;;;;;;
567085;;;;;;;;
567086;;;;;;;;
567087;;;;;;;;
567088;;;;;;;;
567089;;;;;;;;
567090;;;;;;;;
567091;;;;;;;;
567092;;;;;;;;
567093;;;;;;;;
567094;;;;;;;;
567095;;;;;;;;
567096;;;;;;;;
567097;;;;;;;;
567098;;;;;;;;
567099;;;;;;;;
567100;;;;;40999.9;492;IRRF - FORNECIMENTO DE BENS;
567101;;;;;;;;
567102;;;;;;;;
567103;;;;;;;;
567104;;;;;;;;
567105;;;;;19.62;19.62;HSJB - IRRF RETIDO EM N.F;
567106;;;;;;;;
567109;;;;;;;;
567110;;;;;;;;
567113;;;;;;;;
567118;;;;;2.77;2.77;HSJB - IRRF RETIDO EM N.F;
567120;;;;;115774.16;5788.71;ISS - PMVR;
567120;;;;;115774.16;1389.29;IRRF - PRESTADOR DE SERVIÇOS;
567120;;;;;115774.16;4457.3;INSS PRESTADORES DE SERVIÇO PJ;
567126;;;;;6000;72;IRRF - FORNECIMENTO DE BENS;
567127;;;;;;;;
567128;;;;;;;;
567129;;;;;;;;
567130;;;;;4200;126;ISS - PMVR;
567130;;;;;4200;201.6;IRRF - PRESTADOR DE SERVIÇOS;
567130;;;;;4200;69.3;INSS PRESTADORES DE SERVIÇO PJ;
567131;;;;;;;;
567132;;;;;;;;
567133;;;;;;;;
567134;;;;;;;;
567135;;;;;;;;
567136;;;;;;;;
567137;;;;;;;;
567138;;;;;;;;
567139;;;;;;;;
567140;;;;;;;;
567141;;;;;;;;
567142;;;;;;;;
567143;;;;;;;;
567145;;;;;;;;
567146;;;;;;;;
567147;;;;;;;;
567148;;;;;;;;
567149;;;;;;;;
567150;;;;;24203.4;290.44;IRRF - FORNECIMENTO DE BENS;
567151;;;;;25903.8;310.84;IRRF - FORNECIMENTO DE BENS;
567152;;;;;25490.4;305.88;IRRF - FORNECIMENTO DE BENS;
567153;;;;;;;;
567154;;;;;;;;
567156;;;;;;;;
567157;;;;;;;;
567158;;;;;;;;
567159;;;;;;;;
567160;;;;;;;;
567161;;;;;;;;
567162;;;;;;;;
567164;;;;;;;;
567165;;;;;;;;
567166;;;;;;;;
567167;;;;;;;;
567168;;;;;;;;
567169;;;;;;;;
567170;;;;;100567.78;5028.39;ISS - FME FUNDEB;
567171;;;;;;;;
567172;;;;;;;;
567173;;;;;;;;
567174;;;;;;;;
567175;;;;;;;;
567176;;;;;;;;
567177;;;;;;;;
567181;;;;;;;;
567183;;;;;;;;
567184;;;;;;;;
567185;;;;;;;;
567186;;;;;24677.2;296.12;IRRF - FORNECIMENTO DE BENS;
567187;;;;;8750;105;IRRF - FORNECIMENTO DE BENS;
567188;;;;;;;;
567189;;;;;;;;
567191;;;;;;;;
567192;;;;;;;;
567193;;;;;;;;
567195;;;;;;;;
567196;;;;;;;;
567197;;;;;;;;
567201;;;;;;;;
567202;;;;;;;;
567203;;;;;100567.77;5028.39;ISS - FME FUNDEB;
567204;;;;;16.65;16.65;HSJB - IRRF RETIDO EM N.F;
567205;;;;;;;;
567206;;;;;;;;
567207;;;;;;;;
567208;;;;;;;;
567209;;;;;;;;
567210;;;;;;;;
567211;;;;;164233.06;8211.65;RETENCAO RELATIVA AO ISS  ROYALTES PETRO;
567212;;;;;;;;
567213;;;;;;;;
567215;;;;;;;;
567216;;;;;27467.18;1373.36;ISS - FME;
567217;;;;;;;;
567219;;;;;;;;
567220;;;;;;;;
567221;;;;;;;;
567222;;;;;;;;
567223;;;;;19.74;19.74;HSJB - IRRF RETIDO EM N.F;
567224;;;;;;;;
567225;;;;;4571.56;365.83;IRRF - GOV ESTADO - F 193;
567226;;;;;2250;79.71;ISS - PMVR;
567227;;;;;;;;
567228;;;;;;;;
567229;;;;;;;;
567230;;;;;1180;47.2;ISS - PMVR;
567231;;;;;21.12;21.12;HSJB - IRRF RETIDO EM N.F;
567232;;;;;;;;
567233;;;;;;;;
567234;;;;;;;;
567235;;;;;;;;
567236;;;;;;;;
567237;;;;;;;;
567238;;;;;;;;
567239;;;;;;;;
567241;;;;;;;;
567242;;;;;;;;
567243;;;;;92.88;92.88;HSJB - IRRF RETIDO EM N.F;
567244;;;;;;;;
567245;;;;;;;;
567246;;;;;;;;
567247;;;;;;;;
567249;;;;;;;;
567250;;;;;;;;
567251;;;;;;;;
567252;;;;;;;;
567253;;;;;255.69;255.69;HSJB - IRRF RETIDO EM N.F;
567254;;;;;;;;
567255;;;;;2970;148.5;ISS - PMVR;
567256;;;;;;;;
567257;;;;;;;;
567258;;;;;;;;
567259;;;;;;;;
567260;;;;;823.5;54.46;IRRF - GESTAO PLENA - SUS;
567260;;;;;823.5;22.69;ISS - GESTAO PLENA;
567262;;;;;502394.15;25119.7;ISS - FME;
567262;;;;;502394.15;38684.35;INSS - PESSOA JURIDICA;
567262;;;;;502394.15;6028.73;IRRF - FME;
567264;;;;;658284.13;32914.2;ISS - FME;
567264;;;;;658284.13;50687.88;INSS - PESSOA JURIDICA;
567264;;;;;658284.13;7899.41;IRRF - FME;
567266;;;;;;;;
567267;;;;;307.89;307.89;HSJB - IRRF RETIDO EM N.F;
567268;;;;;;;;
567269;;;;;33236.6;33236.6;INSTITUTO NACIONAL DO SEGURO SOCIAL;
567270;;;;;;;;
567272;;;;;1712.41;1712.41;RESTITUI0ES (ANTECIPACAO DE PAGAMENTO) -;
567273;;;;;;;;
567274;;;;;;;;
567275;;;;;569352.95;6043.02;IRRF - GESTAO PLENA - SUS;
567275;;;;;569352.95;30215.09;ISS - GESTAO PLENA;
567276;;;;;;;;
567277;;;;;;;;
567278;;;;;;;;
567279;;;;;107.76;107.76;HSJB - IRRF RETIDO EM N.F;
567282;;;;;;;;
567283;;;;;;;;
567287;;;;;;;;
567290;;;;;7356.39;147.13;ISS - PMVR;
567291;;;;;7356.39;147.13;ISS - PMVR;
567293;;;;;;;;
567294;;;;;;;;
567295;;;;;77.18;77.18;HSJB - IRRF RETIDO EM N.F;
567296;;;;;679.96;32.64;IRRF - PRESTADOR DE SERVIÇOS;
567297;;;;;;;;
567298;;;;;4240.08;169.6;ISS - PMVR;
567298;;;;;4240.08;203.52;IRRF - PRESTADOR DE SERVIÇOS;
567299;;;;;;;;
567300;;;;;32822.11;2257.79;ISS - PMVR;
567301;;;;;;;;
567302;;;;;27.83;27.83;HSJB - IRRF RETIDO EM N.F;
567305;;;;;39300;1886.4;IRRF RETIDO EM N.F.;
567307;;;;;;;;
567308;;;;;99700;4785.6;IRRF RETIDO EM N.F.;
567309;;;;;;;;
567311;;;;;4591.64;207.08;ISS - FME;
567315;;;;;;;;
567316;;;;;;;;
567317;;;;;;;;
567322;;;;;503;24.14;IRRF - FME;
567323;;;;;503;24.14;IRRF - FME;
567326;;;;;631;7.57;IRRF - FME;
567327;;;;;;;;
567328;;;;;631;7.57;IRRF - FME;
567329;;;;;18.83;18.83;HSJB - IRRF RETIDO EM N.F;
567330;;;;;;;;
567333;;;;;36250.31;543.75;IRRF - GESTAO PLENA - SUS;
567333;;;;;36250.31;1812.52;ISS - GESTAO PLENA;
567335;;;;;98534.42;1555.36;IRRF - GESTAO PLENA - SUS;
567335;;;;;98534.42;5184.52;ISS - GESTAO PLENA;
567338;;;;;;;;
567339;;;;;16069.68;241.05;IRRF - GESTAO PLENA - SUS;
567339;;;;;16069.68;803.48;ISS - GESTAO PLENA;
567340;;;;;10490.01;157.35;IRRF - GESTAO PLENA - SUS;
567340;;;;;10490.01;524.5;ISS - GESTAO PLENA;
567342;;;;;4616.41;69.25;IRRF - GESTAO PLENA - SUS;
567342;;;;;4616.41;230.82;ISS - GESTAO PLENA;
567344;;;;;169574;2543.61;IRRF - GESTAO PLENA - SUS;
567344;;;;;169574;8478.7;ISS - GESTAO PLENA;
567345;;;;;;;;
567346;;;;;399972.8;5999.59;IRRF - GESTAO PLENA - SUS;
567346;;;;;399972.8;19998.64;ISS - GESTAO PLENA;
567347;;;;;250.35;250.35;HSJB - IRRF RETIDO EM N.F;
567348;;;;;206344;3095.16;IRRF - GESTAO PLENA - SUS;
567348;;;;;206344;10317.2;ISS - GESTAO PLENA;
567349;;;;;49002;735.03;IRRF - GESTAO PLENA - SUS;
567349;;;;;49002;2450.1;ISS - GESTAO PLENA;
567350;;;;;;;;
567351;;;;;1.58;1.58;HSJB - IRRF RETIDO EM N.F;
567355;;;;;;;;
567356;;;;;;;;
567364;;;;;;;;
567365;;;;;363.12;15.22;ISS - PMVR;
567366;;;;;;;;
567367;;;;;;;;
567368;;;;;;;;
567369;;;;;;;;
567370;;;;;1.71;1.71;HSJB - IRRF RETIDO EM N.F;
567371;;;;;492;492;HSJB - IRRF RETIDO EM N.F;
567373;;;;;;;;
567378;;;;;;;;
567384;;;;;1727.62;72.39;ISS - PMVR;
567385;;;;;;;;
567386;;;;;;;;
567387;;;;;;;;
567388;;;;;;;;
567389;;;;;;;;
567390;;;;;122.19;122.19;HSJB - IRRF RETIDO EM N.F;
567393;;;;;;;;
567395;;;;;33.87;33.87;HSJB - IRRF RETIDO EM N.F;
567396;;;;;;;;
567397;;;;;4.88;4.88;HSJB - IRRF RETIDO EM N.F;
567399;;;;;;;;
567400;;;;;3.44;3.44;HSJB - IRRF RETIDO EM N.F;
567402;;;;;;;;
567403;;;;;;;;
567404;;;;;36.99;36.99;HSJB - IRRF RETIDO EM N.F;
567405;;;;;;;;
567406;;;;;3;3;HSJB - IRRF RETIDO EM N.F;
567407;;;;;;;;
567408;;;;;;;;
567409;;;;;1.3;1.3;HSJB - IRRF RETIDO EM N.F;
567417;;;;;;;;
567418;;;;;6.72;6.72;HSJB - IRRF RETIDO EM N.F;
567419;;;;;;;;
567422;;;;;;;;
567423;;;;;;;;
567424;;;;;12348;185.22;IRRF - GESTAO PLENA - SUS;
567424;;;;;12348;246.96;ISS - GESTAO PLENA;
567425;;;;;5579.9;267.84;IRRF - PRESTADOR DE SERVIÇOS;
567426;;;;;1043.42;50.08;IRRF - PRESTADOR DE SERVIÇOS;
567427;;;;;;;;
567428;;;;;2084.89;193.99;IRRF - PRESTADOR DE SERVIÇOS;
567429;;;;;6617.5;317.64;IRRF - PRESTADOR DE SERVIÇOS;
567430;;;;;19992;419.83;ISS - GESTAO PLENA;
567431;;;;;;;;
567432;;;;;;;;
567433;;;;;;;;
567434;;;;;;;;
567435;;;;;;;;
567436;;;;;;;;
567437;;;;;;;;
567438;;;;;;;;
567439;;;;;43.68;43.68;HSJB - IRRF RETIDO EM N.F;
567440;;;;;58585.54;1177.57;ISS - PMVR;
567441;;;;;13832.83;553.32;ISS - GESTAO PLENA;
567442;;;;;663.82;33.19;ISS - PMVR;
567442;;;;;663.82;31.86;IRRF - PRESTADOR DE SERVIÇOS;
567443;;;;;;;;
567444;;;;;;;;
567445;;;;;;;;
567446;;;;;14.34;14.34;HSJB - IRRF RETIDO EM N.F;
567449;;;;;;;;
567451;;;;;;;;
567452;;;;;;;;
567453;;;;;;;;
567454;;;;;;;;
567455;;;;;;;;
567456;;;;;;;;
567457;;;;;2295;95.34;ISS - GESTAO PLENA;
567458;;;;;8521.36;1447.37;IRRF - PMVR;
567459;;;;;;;;
567460;;;;;3289;49.34;IRRF - GESTAO PLENA - SUS;
567460;;;;;3289;164.45;ISS - GESTAO PLENA;
567466;;;;;;;;
567475;;;;;;;;
567477;;;;;7480;89.76;IRRF - FORNECIMENTO DE BENS;
567478;;;;;;;;
567481;;;;;5520.31;264.97;IRRF - PRESTADOR DE SERVIÇOS;
567482;;;;;;;;
567483;;;;;10920;383.04;RETENC. ISS EM LIQUIDAÇÃO;
567484;;;;;;;;
567485;;;;;;;;
567486;;;;;;;;
567487;;;;;;;;
567488;;;;;10920;383.04;RETENC. ISS EM LIQUIDAÇÃO;
567489;;;;;;;;
567490;;;;;3933.36;164.81;ISS - PMVR;
567491;;;;;10860;380.94;RETENC. ISS EM LIQUIDAÇÃO;
567493;;;;;2859.28;47.45;IRRF - GOV ESTADO - F 193;
567494;;;;;;;;
567495;;;;;5226.66;104.53;ISS - FME FUNDEB;
567496;;;;;10680;374.62;RETENC. ISS EM LIQUIDAÇÃO;
567497;;;;;1892.99;94.65;ISS - FME;
567498;;;;;;;;
567499;;;;;;;;
567501;;;;;10560;370.41;RETENC. ISS EM LIQUIDAÇÃO;
567503;;;;;;;;
567504;;;;;;;;
567506;;;;;1895.91;94.8;ISS - FME;
567509;;;;;;;;
567511;;;;;;;;
567512;;;;;1895.91;94.8;ISS - FME;
567512;;;;;1895.91;208.55;INSS - PESSOA JURIDICA;
567512;;;;;1895.91;91.01;IRRF - FME;
567514;;;;;;;;
567522;;;;;;;;
567528;;;;;;;;
567530;;;;;188.5;188.5;HSJB - IRRF RETIDO EM N.F;
567533;;;;;20.79;20.79;HSJB - IRRF RETIDO EM N.F;
567536;;;;;48631.64;2431.58;ISS - FME FUNDEB;
567536;;;;;48631.64;1167.15;IRRF - FME FUNDEB;
567538;;;;;;;;
567540;;;;;;;;
567543;;;;;;;;
567544;;;;;;;;
567548;;;;;;;;
567550;;;;;12.94;12.94;HSJB - IRRF RETIDO EM N.F;
567553;;;;;;;;
567554;;;;;;;;
567555;;;;;17.64;17.64;HSJB - IRRF RETIDO EM N.F;
567556;;;;;;;;
567560;;;;;;;;
567562;;;;;33490;401.88;IRRF - FORNECIMENTO DE BENS;
567563;;;;;;;;
567564;;;;;;;;
567565;;;;;;;;
567566;;;;;;;;
567567;;;;;;;;
567568;;;;;;;;
567570;;;;;;;;
567571;;;;;;;;
567573;;;;;;;;
567574;;;;;;;;
567577;;;;;52380;628.56;IRRF - FORNECIMENTO DE BENS;
567578;;;;;39285;471.42;IRRF - FORNECIMENTO DE BENS;
567579;;;;;65475;785.7;IRRF - FORNECIMENTO DE BENS;
567580;;;;;39285;471.42;IRRF - FORNECIMENTO DE BENS;
567581;;;;;;;;
567586;;;;;;;;
567588;;;;;8674.19;1269.57;IRRF - GESTAO PLENA - SUS;
567589;;;;;;;;
567590;;;;;165.17;165.17;HSJB - IRRF RETIDO EM N.F;
567595;;;;;;;;
567597;;;;;;;;
567598;;;;;;;;
567599;;;;;;;;
567600;;;;;;;;
567601;;;;;;;;
567602;;;;;;;;
567603;;;;;;;;
567604;;;;;;;;
567605;;;;;51.43;51.43;HSJB - IRRF RETIDO EM N.F;
567606;;;;;;;;
567607;;;;;;;;
567608;;;;;;;;
567609;;;;;95338.5;4576.25;IRRF - GESTAO PLENA - SUS;
567609;;;;;95338.5;1906.77;ISS - GESTAO PLENA;
567611;;;;;;;;
567612;;;;;;;;
567613;;;;;;;;
567614;;;;;;;;
567620;;;;;;;;
567621;;;;;;;;
567622;;;;;;;;
567630;;;;;;;;
567632;;;;;;;;
567633;;;;;;;;
567634;;;;;1639317.44;81965.87;RETENC. ISS EM LIQUIDAÇÃO;
567634;;;;;1639317.44;57376.11;INSS - PREST. SERV. PROPRIO;
567634;;;;;1639317.44;19671.8;IRRF SOBRE O TRABALHO PRINCIPAL - PJ;
567641;;;;;;;;
567643;;;;;81.12;81.12;HSJB - IRRF RETIDO EM N.F;
567646;;;;;;;;
567660;;;;;220050;4514.59;IRRF - GESTAO PLENA - SUS;
567660;;;;;220050;18810.75;ISS - GESTAO PLENA;
567661;;;;;;;;
567662;;;;;;;;
567663;;;;;;;;
567664;;;;;;;;
567666;;;;;;;;
567670;;;;;;;;
567674;;;;;;;;
567679;;;;;;13688.68;HSJB - ISS - PMVR;
567680;;;;;1118.26;1118.26;RESTITUI0ES (ANTECIPACAO DE PAGAMENTO) -;
567684;;;;;7744.09;7744.09;INSTITUTO NACIONAL DO SEGURO SOCIAL;
567685;;;;;;17567.15;INSTITUTO NACIONAL DO SEGURO SOCIAL;
567686;;;;;296101.99;6099.29;ISS - GESTAO PLENA;
567687;;;;;;5475.47;HSJB - IRRF RETIDO EM N.F;
567689;;;;;;;;
567690;;;;;;;;
567691;;;;;8918;194.42;IRRF - GESTAO PLENA - SUS;
567691;;;;;8918;810.1;ISS - GESTAO PLENA;
567692;;;;;102850;23768.2;IRRF - TRABALHO PRINCIPAL PF PMVR;
567692;;;;;102850;2691.93;INSS - PESSOAL PROPRIO;
567693;;;;;;;;
567694;;;;;;;;
567695;;;;;;;;
567696;;;;;;;;
567697;;;;;;;;
567698;;;;;;;;
567699;;;;;;;;
567700;;;;;;;;
567701;;;;;284588.42;16954.31;RETENC. ISS EM LIQUIDAÇÃO;
567701;;;;;284588.42;5086.29;IRRF SOBRE O TRABALHO PRINCIPAL - PJ;
567702;;;;;;;;
567703;;;;;;;;
567704;;;;;;;;
567705;;;;;;;;
567706;;;;;69.99;69.99;RESTITUI0ES (ANTECIPACAO DE PAGAMENTO) -;
567707;;;;;85500;4275;RETENC. ISS EM LIQUIDAÇÃO;
567707;;;;;85500;1282.5;IRRF SOBRE O TRABALHO PRINCIPAL - PJ;
567708;;;;;;;;
567709;;;;;;;;
567710;;;;;;;;
567711;;;;;;;;
567712;;;;;;;;
567713;;;;;;;;
567719;;;;;;;;
567721;;;;;;;;
567722;;;;;169620;2035.44;IRRF - GESTAO PLENA - SUS;
567723;;;;;;;;
567724;;;;;3200;28.2;IRRF - TRABALHO PRINCIPAL PF PMVR;
567726;;;;;10000;1698.67;IRRF - TRABALHO PRINCIPAL PF PMVR;
567727;;;;;;;;
567728;;;;;;;;
567730;;;;;;;;
567731;;;;;;;;
567733;;;;;;;;
567737;;;;;;;;
567739;;;;;;;;
567742;;;;;;;;
567751;;;;;;;;
567753;;;;;;;;
567754;;;;;;;;
567755;;;;;;;;
567756;;;;;;;;
567757;;;;;;;;
567758;;;;;;;;
567760;;;;;;;;
567762;;;;;;;;
567763;;;;;423.36;423.36;HSJB - IRRF RETIDO EM N.F;
567776;;;;;;;;
567780;;;;;7.56;7.56;HSJB - IRRF RETIDO EM N.F;
567781;;;;;;;;
567782;;;;;5751.9;125.81;IRRF - FORNECIMENTO DE BENS;
567783;;;;;;;;
567784;;;;;90470.93;1085.65;IRRF - FORNECIMENTO DE BENS;
567788;;;;;;;;
567789;;;;;0.43;0.43;HSJB - IRRF RETIDO EM N.F;
567790;;;;;;;;
567798;;;;;;;;
567801;;;;;;;;
567802;;;;;666.52;666.52;IRRF - PMVR;
567803;;;;;1871.1;1871.1;INSTITUTO NACIONAL DO SEGURO SOCIAL;
567805;;;;;;;;
567812;;;;;;;;
567813;;;;;;;;
567816;;;;;;;;
567819;;;;;0.75;0.75;HSJB - IRRF RETIDO EM N.F;
567820;;;;;6688;80.26;IRRF - GESTAO PLENA - SUS;
567820;;;;;6688;334.4;ISS - GESTAO PLENA;
567821;;;;;;;;
567822;;;;;17222.4;214.79;IRRF - GESTAO PLENA - SUS;
567822;;;;;17222.4;894.96;ISS - GESTAO PLENA;
567824;;;;;;;;
567825;;;;;;;;
567826;;;;;;;;
567827;;;;;;;;
567828;;;;;;;;
567830;;;;;7816.6;155.18;IRRF - GESTAO PLENA - SUS;
567830;;;;;7816.6;206.91;ISS - GESTAO PLENA;
567831;;;;;214.27;214.27;HSJB - IRRF RETIDO EM N.F;
567832;;;;;1.5;1.5;HSJB - IRRF RETIDO EM N.F;
567836;;;;;;;;
567837;;;;;;;;
567838;;;;;22344;326.8;IRRF - GESTAO PLENA - SUS;
567838;;;;;22344;1361.7;ISS - GESTAO PLENA;
567842;;;;;1666;24.99;IRRF - GESTAO PLENA - SUS;
567842;;;;;1666;33.32;ISS - GESTAO PLENA;
567843;;;;;498;7.47;IRRF - GESTAO PLENA - SUS;
567843;;;;;498;24.9;ISS - GESTAO PLENA;
567846;;;;;;;;
567847;;;;;;;;
567848;;;;;3652;54.78;IRRF - GESTAO PLENA - SUS;
567848;;;;;3652;182.6;ISS - GESTAO PLENA;
567849;;;;;;;;
567850;;;;;550.68;550.68;HSJB - IRRF RETIDO EM N.F;
567851;;;;;;;;
567852;;;;;42455;509.46;IRRF SOBRE O TRABALHO PRINCIPAL - PJ;
567853;;;;;18924;662.34;RETENC. ISS EM LIQUIDAÇÃO;
567853;;;;;18924;416.32;INSS - PREST. SERV. PROPRIO;
567854;;;;;73679;3683.95;RETENC. ISS EM LIQUIDAÇÃO;
567854;;;;;73679;3536.59;IRRF SOBRE O TRABALHO PRINCIPAL - PJ;
567855;;;;;;;;
567856;;;;;;;;
567857;;;;;463.92;463.92;HSJB - IRRF RETIDO EM N.F;
567858;;;;;770;9.24;IRRF SOBRE O TRABALHO PRINCIPAL - PJ;
567860;;;;;3830;48.03;IRRF - GESTAO PLENA - SUS;
567860;;;;;3830;200.11;ISS - GESTAO PLENA;
567861;;;;;;;;
567862;;;;;;;;
567863;;;;;;;;
567865;;;;;57133.34;975.12;IRRF - GESTAO PLENA - SUS;
567865;;;;;57133.34;3250.4;ISS - GESTAO PLENA;
567866;;;;;1257;15.08;IRRF SOBRE O TRABALHO PRINCIPAL - PJ;
567867;;;;;600.37;47.95;IRRF SOBRE O TRABALHO PRINCIPAL - PJ;
567868;;;;;;;;
567869;;;;;;;;
567870;;;;;650;7.8;IRRF - GESTAO PLENA - SUS;
567870;;;;;650;32.5;ISS - GESTAO PLENA;
567871;;;;;2400;120;RETENC. ISS EM LIQUIDAÇÃO;
567871;;;;;2400;115.2;IRRF SOBRE O TRABALHO PRINCIPAL - PJ;
567872;;;;;17387.46;784.17;RETENC. ISS EM LIQUIDAÇÃO;
567873;;;;;;;;
567874;;;;;;;;
567875;;;;;5330;107.13;RETENC. ISS EM LIQUIDAÇÃO;
567876;;;;;;;;
567877;;;;;21.7;21.7;HSJB - IRRF RETIDO EM N.F;
567878;;;;;;;;
567879;;;;;;;;
567880;;;;;;;;
567881;;;;;2080;41.81;RETENC. ISS EM LIQUIDAÇÃO;
567882;;;;;13479.8;312.25;IRRF - GESTAO PLENA - SUS;
567882;;;;;13479.8;1301.04;ISS - GESTAO PLENA;
567883;;;;;;;;
567884;;;;;;;;
567885;;;;;;;;
567886;;;;;;;;
567887;;;;;178327;2139.92;IRRF SOBRE O TRABALHO PRINCIPAL - PJ;
567888;;;;;215000;10750;RETENC. ISS EM LIQUIDAÇÃO;
567888;;;;;215000;16555;INSS - PREST. SERV. PROPRIO;
567888;;;;;215000;2580;IRRF SOBRE O TRABALHO PRINCIPAL - PJ;
567889;;;;;;;;
567890;;;;;1552.5;18.63;IRRF SOBRE O TRABALHO PRINCIPAL - PJ;
567893;;;;;;;;
567894;;;;;;;;
567895;;;;;;;;
567896;;;;;;;;
567897;;;;;;;;
567898;;;;;;;;
567899;;;;;0.75;0.75;HSJB - IRRF RETIDO EM N.F;
567900;;;;;;;;
567901;;;;;;;;
567902;;;;;;;;
567903;;;;;27868.33;1393.42;ISS - GOV ESTADO  F 193;
567903;;;;;27868.33;418.02;IRRF - GOV ESTADO - F 193;
567904;;;;;46175;2216.4;IRRF - PRESTADOR DE SERVIÇOS;
567905;;;;;;;;
567906;;;;;46175;2216.4;IRRF - PRESTADOR DE SERVIÇOS;
567907;;;;;;;;
567908;;;;;;;;
567909;;;;;;;;
567910;;;;;;;;
567912;;;;;46175;2216.4;IRRF - PRESTADOR DE SERVIÇOS;
567913;;;;;;;;
567914;;;;;;;;
567916;;;;;142159.25;7107.96;RETENC. ISS EM LIQUIDAÇÃO;
567917;;;;;;;;
567918;;;;;2.21;2.21;HSJB - IRRF RETIDO EM N.F;
567919;;;;;;;;
567920;;;;;42144.4;842.89;ISS - GOV ESTADO  F 193;
567920;;;;;42144.4;505.73;IRRF - GOV ESTADO - F 193;
567921;;;;;;;;
567922;;;;;;;;
567923;;;;;0.28;0.28;HSJB - IRRF RETIDO EM N.F;
567924;;;;;25179.05;1258.95;ISS - PMVR;
567924;;;;;25179.05;1208.59;IRRF - PRESTADOR DE SERVIÇOS;
567925;;;;;;;;
567926;;;;;4.08;4.08;HSJB - IRRF RETIDO EM N.F;
567927;;;;;11040;165.6;IRRF - GESTAO PLENA - SUS;
567927;;;;;11040;220.8;ISS - GESTAO PLENA;
567928;;;;;33000;396;IRRF - FORNECIMENTO DE BENS;
567929;;;;;41250;495;IRRF - FORNECIMENTO DE BENS;
567930;;;;;;;;
567931;;;;;147.42;147.42;HSJB - IRRF RETIDO EM N.F;
567933;;;;;;;;
567934;;;;;;;;
567935;;;;;24.73;24.73;HSJB - IRRF RETIDO EM N.F;
567936;;;;;0.75;0.75;HSJB - IRRF RETIDO EM N.F;
567937;;;;;;;;
567938;;;;;2.26;2.26;HSJB - IRRF RETIDO EM N.F;
567939;;;;;6174.24;92.61;IRRF - GESTAO PLENA - SUS;
567939;;;;;6174.24;308.72;ISS - GESTAO PLENA;
567940;;;;;;;;
567941;;;;;0.75;0.75;HSJB - IRRF RETIDO EM N.F;
567942;;;;;;;;
567943;;;;;0.75;0.75;HSJB - IRRF RETIDO EM N.F;
567944;;;;;174050;2610.75;IRRF - GESTAO PLENA - SUS;
567944;;;;;174050;8702.5;ISS - GESTAO PLENA;
567945;;;;;;;;
567946;;;;;58.73;58.73;HSJB - IRRF RETIDO EM N.F;
567947;;;;;;;;
567948;;;;;1.5;1.5;HSJB - IRRF RETIDO EM N.F;
567950;;;;;;;;
567951;;;;;297.6;297.6;HSJB - IRRF RETIDO EM N.F;
567952;;;;;8050;120.75;IRRF - GESTAO PLENA - SUS;
567952;;;;;8050;161;ISS - GESTAO PLENA;
567954;;;;;;;;
567955;;;;;;;;
567956;;;;;0.75;0.75;HSJB - IRRF RETIDO EM N.F;
567957;;;;;;;;
567958;;;;;15.38;15.38;ISS - PMVR;
567959;;;;;;;;
567960;;;;;2.88;2.88;HSJB - IRRF RETIDO EM N.F;
567961;;;;;;;;
567962;;;;;;;;
567963;;;;;;;;
567964;;;;;;;;
567965;;;;;15680;269.2;IRRF - GESTAO PLENA - SUS;
567965;;;;;15680;448.68;ISS - GESTAO PLENA;
567966;;;;;;;;
567967;;;;;;;;
567969;;;;;;;;
567971;;;;;;;;
567972;;;;;2.26;2.26;HSJB - IRRF RETIDO EM N.F;
567973;;;;;;;;
567974;;;;;2.26;2.26;HSJB - IRRF RETIDO EM N.F;
567975;;;;;;;;
567976;;;;;;;;
567978;;;;;1291;15.49;IRRF - FME;
567979;;;;;;;;
567980;;;;;;;;
567981;;;;;1.5;1.5;HSJB - IRRF RETIDO EM N.F;
567982;;;;;40876;1407.42;ISS - FME;
567982;;;;;40876;562.97;IRRF - FME;
567983;;;;;;;;
567984;;;;;;;;
567985;;;;;;;;
567988;;;;;1.5;1.5;HSJB - IRRF RETIDO EM N.F;
567990;;;;;;;;
567992;;;;;53.1;53.1;HSJB - IRRF RETIDO EM N.F;
567993;;;;;;;;
568001;;;;;;;;
568002;;;;;;;;
568004;;;;;;;;
568006;;;;;;;;
568009;;;;;3.28;3.28;HSJB - IRRF RETIDO EM N.F;
568010;;;;;;;;
568011;;;;;;;;
568012;;;;;75622.5;2435.14;IRRF - GESTAO PLENA - SUS;
568012;;;;;75622.5;10146.41;ISS - GESTAO PLENA;
568014;;;;;;;;
568015;;;;;7.44;7.44;HSJB - IRRF RETIDO EM N.F;
568017;;;;;;;;
568024;;;;;15593;187.12;IRRF SOBRE O TRABALHO PRINCIPAL - PJ;
568027;;;;;;;;
568028;;;;;1.17;1.17;HSJB - IRRF RETIDO EM N.F;
568029;;;;;;;;
568030;;;;;11474.88;137.7;IRRF SOBRE O TRABALHO PRINCIPAL - PJ;
568031;;;;;;;;
568032;;;;;;;;
568033;;;;;;;;
568034;;;;;;;;
568035;;;;;0.33;0.33;HSJB - IRRF RETIDO EM N.F;
568036;;;;;;;;
568038;;;;;;;;
568039;;;;;0.75;0.75;HSJB - IRRF RETIDO EM N.F;
568040;;;;;;;;
568042;;;;;;;;
568043;;;;;;;;
568044;;;;;;;;
568045;;;;;;;;
568047;;;;;15589.9;620.07;ISS - GESTAO PLENA;
568048;;;;;;;;
568049;;;;;19700;236.4;IRRF SOBRE O TRABALHO PRINCIPAL - PJ;
568050;;;;;;;;
568051;;;;;;;;
568052;;;;;;;;
568054;;;;;1597.9;23.97;IRRF - GESTAO PLENA - SUS;
568054;;;;;1597.9;79.9;ISS - GESTAO PLENA;
568055;;;;;;;;
568057;;;;;;;;
568058;;;;;;;;
568059;;;;;;;;
568060;;;;;;;;
568064;;;;;1.5;1.5;HSJB - IRRF RETIDO EM N.F;
568065;;;;;;;;
568066;;;;;186455;7581.07;ISS - PMVR;
568067;;;;;;;;
568068;;;;;;;;
568069;;;;;;;;
568070;;;;;22148;376.14;IRRF - GESTAO PLENA - SUS;
568070;;;;;22148;1253.8;ISS - GESTAO PLENA;
568071;;;;;;;;
568072;;;;;0.75;0.75;HSJB - IRRF RETIDO EM N.F;
568073;;;;;1225;14.7;IRRF - FORNECIMENTO DE BENS;
568074;;;;;1225;14.7;IRRF - FORNECIMENTO DE BENS;
568075;;;;;;;;
568076;;;;;;;;
568077;;;;;;;;
568078;;;;;;;;
568079;;;;;;;;
568080;;;;;;;;
568081;;;;;;;;
568082;;;;;;;;
568083;;;;;0.75;0.75;HSJB - IRRF RETIDO EM N.F;
568085;;;;;;;;
568087;;;;;;;;
568090;;;;;;;;
568091;;;;;;;;
568092;;;;;1.5;1.5;HSJB - IRRF RETIDO EM N.F;
568093;;;;;2036.19;97.74;IRRF - PRESTADOR DE SERVIÇOS;
568095;;;;;;;;
568096;;;;;;;;
568098;;;;;;;;
568099;;;;;;;;
568100;;;;;76.5;76.5;HSJB - IRRF RETIDO EM N.F;
568101;;;;;0.75;0.75;HSJB - IRRF RETIDO EM N.F;
568102;;;;;;;;
568106;;;;;;;;
568107;;;;;;;;
568109;;;;;;;;
568112;;;;;;;;
568113;;;;;;;;
568115;;;;;0.75;0.75;HSJB - IRRF RETIDO EM N.F;
568116;;;;;;;;
568118;;;;;;;;
568121;;;;;;;;
568131;;;;;;;;
568133;;;;;1.5;1.5;HSJB - IRRF RETIDO EM N.F;
568137;;;;;8597.19;171.94;RETENC. ISS EM LIQUIDAÇÃO;
568137;;;;;8597.19;128.95;IRRF SOBRE O TRABALHO PRINCIPAL - PJ;
568146;;;;;13668.75;273.38;RETENC. ISS EM LIQUIDAÇÃO;
568146;;;;;13668.75;205.03;IRRF SOBRE O TRABALHO PRINCIPAL - PJ;
568147;;;;;;;;
568149;;;;;;;;
568150;;;;;0.75;0.75;HSJB - IRRF RETIDO EM N.F;
568151;;;;;14378.6;172.55;IRRF SOBRE O TRABALHO PRINCIPAL - PJ;
568152;;;;;;;;
568153;;;;;;;;
568154;;;;;5708.36;68.51;IRRF SOBRE O TRABALHO PRINCIPAL - PJ;
568155;;;;;;;;
568157;;;;;;;;
568160;;;;;78580.92;942.97;IRRF SOBRE O TRABALHO PRINCIPAL - PJ;
568161;;;;;;;;
568163;;;;;1.5;1.5;HSJB - IRRF RETIDO EM N.F;
568165;;;;;;;;
568167;;;;;;;;
568168;;;;;;;;
568169;;;;;;;;
568170;;;;;;;;
568171;;;;;67.09;67.09;HSJB - IRRF RETIDO EM N.F;
568175;;;;;;;;
568176;;;;;;;;
568177;;;;;3.82;3.82;HSJB - IRRF RETIDO EM N.F;
568178;;;;;;;;
568179;;;;;;;;
568180;;;;;1.5;1.5;HSJB - IRRF RETIDO EM N.F;
568181;;;;;;;;
568182;;;;;;;;
568183;;;;;;;;
568184;;;;;;;;
568185;;;;;18.7;18.7;HSJB - IRRF RETIDO EM N.F;
568186;;;;;;;;
568187;;;;;;;;
568188;;;;;;;;
568189;;;;;;;;
568190;;;;;147.85;147.85;HSJB - IRRF RETIDO EM N.F;
568191;;;;;;;;
568192;;;;;0.75;0.75;HSJB - IRRF RETIDO EM N.F;
568193;;;;;;;;
568194;;;;;5.98;5.98;HSJB - IRRF RETIDO EM N.F;
568200;;;;;;;;
568201;;;;;;;;
568204;;;;;;;;
568205;;;;;;;;
568206;;;;;48;48;HSJB - IRRF RETIDO EM N.F;
568207;;;;;;;;
568208;;;;;;;;
568210;;;;;274.5;274.5;HSJB - IRRF RETIDO EM N.F;
568213;;;;;;;;
568217;;;;;;;;
568218;;;;;;;;
568219;;;;;1970;23.64;IRRF SOBRE O TRABALHO PRINCIPAL - PJ;
568220;;;;;;;;
568221;;;;;173.47;173.47;HSJB - IRRF RETIDO EM N.F;
568222;;;;;6340;76.08;IRRF - GESTAO PLENA - SUS;
568222;;;;;6340;126.8;ISS - GESTAO PLENA;
568223;;;;;2.65;2.65;HSJB - IRRF RETIDO EM N.F;
568225;;;;;;;;
568228;;;;;;;;
568229;;;;;;;;
568231;;;;;8.02;8.02;HSJB - IRRF RETIDO EM N.F;
568232;;;;;2073.8;62.21;IRRF - GESTAO PLENA - SUS;
568232;;;;;2073.8;82.95;ISS - GESTAO PLENA;
568233;;;;;;;;
568234;;;;;;;;
568235;;;;;;;;
568236;;;;;;;;
568237;;;;;;;;
568238;;;;;;;;
568239;;;;;3408;40.89;IR/PIS/COFINS/CSLL RETIDO N.F;
568240;;;;;;;;
568241;;;;;;;;
568242;;;;;;;;
568243;;;;;;;;
568244;;;;;;;;
568245;;;;;;;;
568246;;;;;11.21;11.21;HSJB - IRRF RETIDO EM N.F;
568247;;;;;1547;18.56;IR/PIS/COFINS/CSLL RETIDO N.F;
568248;;;;;15386;546.73;ISS - GESTAO PLENA;
568249;;;;;;;;
568250;;;;;29998.13;599.96;RETENC. ISS EM LIQUIDAÇÃO;
568250;;;;;29998.13;449.97;IRRF SOBRE O TRABALHO PRINCIPAL - PJ;
568251;;;;;;;;
568252;;;;;;;;
568253;;;;;;;;
568254;;;;;;;;
568255;;;;;;;;
568256;;;;;;;;
568257;;;;;;;;
568258;;;;;;;;
568260;;;;;;;;
568261;;;;;8.41;8.41;HSJB - IRRF RETIDO EM N.F;
568262;;;;;237.14;237.14;INSTITUTO NACIONAL DO SEGURO SOCIAL;
568265;;;;;726.51;726.51;ISS - PMVR;
568267;;;;;;;;
568268;;;;;;;;
568269;;;;;121127.2;2422.54;ISS - PMVR;
568269;;;;;121127.2;423.95;INSS PRESTADORES DE SERVIÇO PJ;
568271;;;;;;;;
568274;;;;;;;;
568275;;;;;;;;
568276;;;;;439.23;439.23;HSJB - IRRF RETIDO EM N.F;
568278;;;;;;;;
568286;;;;;;;;
568289;;;;;29445;353.34;IRRF - FORNECIMENTO DE BENS;
568290;;;;;11130;133.56;IRRF - PRESTADOR DE SERVIÇOS;
568291;;;;;61965;743.58;IRRF - FORNECIMENTO DE BENS;
568293;;;;;;;;
568294;;;;;320.4;320.4;HSJB - IRRF RETIDO EM N.F;
568296;;;;;;;;
568300;;;;;;;;
568301;;;;;11451.68;549.68;IR/PIS/COFINS/CSLL RETIDO N.F;
568302;;;;;;;;
568303;;;;;;;;
568304;;;;;27900;1218.69;ISS - GESTAO PLENA;
568305;;;;;5284.9;63.42;IR/PIS/COFINS/CSLL RETIDO N.F;
568306;;;;;1374.51;16.49;IR/PIS/COFINS/CSLL RETIDO N.F;
568307;;;;;17735.18;252.77;IR/PIS/COFINS/CSLL RETIDO N.F;
568308;;;;;6720;80.64;IRRF - FME;
568309;;;;;;;;
568310;;;;;;;;
568311;;;;;;;;
568312;;;;;;;;
568313;;;;;18630;223.56;IRRF - FME;
568314;;;;;23947.51;328.35;IR/PIS/COFINS/CSLL RETIDO N.F;
568315;;;;;4140;49.68;IR/PIS/COFINS/CSLL RETIDO N.F;
568316;;;;;;;;
568318;;;;;155.74;155.74;HSJB - IRRF RETIDO EM N.F;
568323;;;;;6560;78.72;IR/PIS/COFINS/CSLL RETIDO N.F;
568324;;;;;;;;
568325;;;;;;;;
568326;;;;;3345.2;40.14;IR/PIS/COFINS/CSLL RETIDO N.F;
568327;;;;;1378.5;16.54;IR/PIS/COFINS/CSLL RETIDO N.F;
568328;;;;;;;;
568329;;;;;;;;
568330;;;;;;;;
568331;;;;;1264.5;15.17;IR/PIS/COFINS/CSLL RETIDO N.F;
568332;;;;;42.24;42.24;HSJB - IRRF RETIDO EM N.F;
568333;;;;;143;143;INSTITUTO NACIONAL DO SEGURO SOCIAL;
568334;;;;;12663.2;303.91;IRRF - PRESTADOR DE SERVIÇOS;
568335;;;;;286;286;INSTITUTO NACIONAL DO SEGURO SOCIAL;
568336;;;;;2277914.24;13283.07;IRRF - PRESTADOR DE SERVIÇOS;
568336;;;;;2277914.24;23981.29;IRRF - FORNECIMENTO DE BENS;
568337;;;;;;;;
568338;;;;;190522.86;1879.6;IRRF - PRESTADOR DE SERVIÇOS;
568338;;;;;190522.86;1812.17;IRRF - FORNECIMENTO DE BENS;
568339;;;;;;;;
568340;;;;;42565.96;491.43;IRRF - FORNECIMENTO DE BENS;
568341;;;;;;;;
568342;;;;;526.18;526.18;INSTITUTO NACIONAL DO SEGURO SOCIAL;
568343;;;;;190.23;190.23;INSTITUTO NACIONAL DO SEGURO SOCIAL;
568344;;;;;;;;
568345;;;;;;;;
568346;;;;;78.96;78.96;HSJB - IRRF RETIDO EM N.F;
568347;;;;;;;;
568348;;;;;;;;
568351;;;;;;;;
568352;;;;;89.76;89.76;HSJB - IRRF RETIDO EM N.F;
568353;;;;;;;;
568355;;;;;195;2.34;IRRF SOBRE O TRABALHO PRINCIPAL - PJ;
568356;;;;;;;;
568357;;;;;;;;
568358;;;;;4808.33;96.17;ISS - PMVR;
568359;;;;;;;;
568360;;;;;;;;
568361;;;;;2.42;2.42;HSJB - IRRF RETIDO EM N.F;
568363;;;;;;;;
568364;;;;;;;;
568365;;;;;21.84;21.84;HSJB - IRRF RETIDO EM N.F;
568367;;;;;;;;
568368;;;;;;;;
568369;;;;;;;;
568370;;;;;;;;
568371;;;;;;;;
568372;;;;;116.91;116.91;HSJB - IRRF RETIDO EM N.F;
568373;;;;;;;;
568374;;;;;;;;
568375;;;;;19.68;19.68;HSJB - IRRF RETIDO EM N.F;
568376;;;;;2144;107.2;ISS - GESTAO PLENA;
568377;;;;;;;;
568378;;;;;3200;160;ISS - GESTAO PLENA;
568379;;;;;192;9.6;ISS - GESTAO PLENA;
568380;;;;;1044.58;52.23;ISS - GESTAO PLENA;
568381;;;;;;;;
568382;;;;;56.07;2.8;ISS - GESTAO PLENA;
568383;;;;;748.87;500.5;INSTITUTO NACIONAL DO SEGURO SOCIAL;
568383;;;;;748.87;248.37;IRRF - PMVR;
568384;;;;;;;;
568385;;;;;95.96;95.96;HSJB - IRRF RETIDO EM N.F;
568386;;;;;950.53;572;INSTITUTO NACIONAL DO SEGURO SOCIAL;
568386;;;;;950.53;378.53;IRRF - PMVR;
568387;;;;;;;;
568388;;;;;;;;
568390;;;;;;;;
568391;;;;;;;;
568393;;;;;;;;
568395;;;;;;;;
568396;;;;;7.78;7.78;HSJB - IRRF RETIDO EM N.F;
568397;;;;;616.34;113.57;INSTITUTO NACIONAL DO SEGURO SOCIAL;
568397;;;;;616.34;502.77;IRRF - PMVR;
568398;;;;;106.06;106.06;IRRF - PMVR;
568402;;;;;;;;
568403;;;;;35.88;35.88;HSJB - IRRF RETIDO EM N.F;
568405;;;;;718.11;500.5;INSTITUTO NACIONAL DO SEGURO SOCIAL;
568405;;;;;718.11;217.61;IRRF - PMVR;
568406;;;;;;;;
568407;;;;;25.43;25.43;HSJB - IRRF RETIDO EM N.F;
568410;;;;;;;;
568411;;;;;399.99;399.99;INSTITUTO NACIONAL DO SEGURO SOCIAL;
568412;;;;;727.26;727.26;ISS - PMVR;
568416;;;;;718.11;500.5;INSTITUTO NACIONAL DO SEGURO SOCIAL;
568416;;;;;718.11;217.61;IRRF - PMVR;
568417;;;;;1276.5;1276.5;IRRF - PMVR;
568419;;;;;143;143;INSTITUTO NACIONAL DO SEGURO SOCIAL;
568420;;;;;1300;143;INSTITUTO NACIONAL DO SEGURO SOCIAL;
568422;;;;;;;;
568424;;;;;;;;
568427;;;;;;;;
568428;;;;;;;;
568430;;;;;;;;
568432;;;;;46.8;46.8;HSJB - IRRF RETIDO EM N.F;
568435;;;;;;;;
568437;;;;;195;195;ISS - PMVR;
568439;;;;;;;;
568440;;;;;;;;
568441;;;;;;;;
568442;;;;;;;;
568443;;;;;2876.34;43.15;IRRF - GESTAO PLENA - SUS;
568443;;;;;2876.34;143.82;ISS - GESTAO PLENA;
568445;;;;;3868.19;58.02;IRRF - GESTAO PLENA - SUS;
568445;;;;;3868.19;193.41;ISS - GESTAO PLENA;
568446;;;;;;;;
568447;;;;;;;;
568448;;;;;;;;
568449;;;;;;;;
568450;;;;;;;;
568451;;;;;;;;
568452;;;;;14620.57;219.31;IRRF - GESTAO PLENA - SUS;
568452;;;;;14620.57;731.03;ISS - GESTAO PLENA;
568453;;;;;;;;
568454;;;;;;;;
568455;;;;;;;;
568461;;;;;;;;
568463;;;;;;;;
568468;;;;;478397.5;10182.64;ISS - PMVR;
568468;;;;;478397.5;24438.35;IRRF - PRESTADOR DE SERVIÇOS;
568474;;;;;;;;
568476;;;;;44.99;44.99;HSJB - IRRF RETIDO EM N.F;
568477;;;;;;;;
568479;;;;;;;;
568480;;;;;;;;
568481;;;;;4110;49.32;IRRF - FME;
568482;;;;;56125.08;681.69;IRRF SOBRE O TRABALHO PRINCIPAL - PJ;
568484;;;;;;;;
568485;;;;;31;31;HSJB - IRRF RETIDO EM N.F;
568487;;;;;;;;
568489;;;;;31;31;HSJB - IRRF RETIDO EM N.F;
568490;;;;;;;;
568491;;;;;;;;
568493;;;;;;;;
568494;;;;;;;;
568495;;;;;;;;
568496;;;;;;;;
568498;;;;;31;31;HSJB - IRRF RETIDO EM N.F;
568501;;;;;;;;
568502;;;;;2219.39;26.63;IRRF - FORNECIMENTO DE BENS;
568503;;;;;;;;
568504;;;;;;;;
568505;;;;;11.98;11.98;HSJB - IRRF RETIDO EM N.F;
568506;;;;;;;;
568507;;;;;;;;
568508;;;;;;;;
568509;;;;;11.98;11.98;HSJB - IRRF RETIDO EM N.F;
568510;;;;;4.41;4.41;HSJB - IRRF RETIDO EM N.F;
568512;;;;;;;;
568513;;;;;;;;
568514;;;;;31;31;HSJB - IRRF RETIDO EM N.F;
568515;;;;;;;;
568516;;;;;;;;
568517;;;;;;;;
568518;;;;;57.1;57.1;HSJB - IRRF RETIDO EM N.F;
568520;;;;;;;;
568521;;;;;77.59;77.59;HSJB - IRRF RETIDO EM N.F;
568522;;;;;9.29;9.29;HSJB - IRRF RETIDO EM N.F;
568523;;;;;;;;
568524;;;;;;;;
568525;;;;;11.98;11.98;HSJB - IRRF RETIDO EM N.F;
568526;;;;;;;;
568527;;;;;11.98;11.98;HSJB - IRRF RETIDO EM N.F;
568528;;;;;;;;
568529;;;;;287.82;287.82;RESTITUI0ES (ANTECIPACAO DE PAGAMENTO) -;
568530;;;;;57.15;57.15;HSJB - IRRF RETIDO EM N.F;
568531;;;;;94380.06;1420.02;IRRF - GESTAO PLENA - SUS;
568536;;;;;;;;
568537;;;;;;;;
568539;;;;;;;;
568540;;;;;27.29;27.29;HSJB - IRRF RETIDO EM N.F;
568541;;;;;;;;
568542;;;;;;;;
568543;;;;;;;;
568544;;;;;;;;
568545;;;;;;;;
568546;;;;;;;;
568547;;;;;27.29;27.29;HSJB - IRRF RETIDO EM N.F;
568548;;;;;;;;
568549;;;;;;;;
568550;;;;;17.7;17.7;HSJB - IRRF RETIDO EM N.F;
568552;;;;;;;;
568553;;;;;;;;
568554;;;;;5.11;5.11;HSJB - IRRF RETIDO EM N.F;
568555;;;;;;;;
568556;;;;;;;;
568558;;;;;5.11;5.11;HSJB - IRRF RETIDO EM N.F;
568560;;;;;;;;
568562;;;;;;;;
568563;;;;;13.82;13.82;HSJB - IRRF RETIDO EM N.F;
568564;;;;;28617.4;28617.4;RESTITUICAO EMPRÉSTIMO C/ O MINIST. DA S;
568565;;;;;12.9;12.9;HSJB - IRRF RETIDO EM N.F;
568566;;;;;206979.61;3533.96;IRRF - GESTAO PLENA - SUS;
568566;;;;;206979.61;11779.85;ISS - GESTAO PLENA;
568567;;;;;;;;
568569;;;;;;;;
568570;;;;;12.9;12.9;HSJB - IRRF RETIDO EM N.F;
568571;;;;;232;26.19;INSS - FOLHA PAGTO;
568571;;;;;232;11.9;ISS - PMVR;
568572;;;;;;;;
568573;;;;;;;;
568574;;;;;;;;
568576;;;;;;;;
568577;;;;;;;;
568579;;;;;40.38;40.38;HSJB - IRRF RETIDO EM N.F;
568582;;;;;;;;
568587;;;;;;;;
568588;;;;;;;;
568593;;;;;;;;
568594;;;;;;;;
568595;;;;;2.64;2.64;HSJB - IRRF RETIDO EM N.F;
568597;;;;;;;;
568598;;;;;;;;
568599;;;;;;;;
568600;;;;;;;;
568602;;;;;3.36;3.36;HSJB - IRRF RETIDO EM N.F;
568603;;;;;47885.39;718.28;IRRF - GESTAO PLENA - SUS;
568603;;;;;47885.39;2394.27;ISS - GESTAO PLENA;
568611;;;;;262;3.14;IRRF - FORNECIMENTO DE BENS;
568612;;;;;112;5.38;IRRF - PRESTADOR DE SERVIÇOS;
568614;;;;;;;;
568616;;;;;35.08;35.08;HSJB - IRRF RETIDO EM N.F;
568617;;;;;;;;
568618;;;;;54.07;54.07;HSJB - IRRF RETIDO EM N.F;
568619;;;;;;;;
568620;;;;;;;;
568621;;;;;;;;
568623;;;;;;;;
568624;;;;;40.04;40.04;HSJB - IRRF RETIDO EM N.F;
568625;;;;;;;;
568626;;;;;;;;
568627;;;;;28.47;28.47;HSJB - IRRF RETIDO EM N.F;
568628;;;;;35.08;35.08;HSJB - IRRF RETIDO EM N.F;
568629;;;;;;;;
568630;;;;;35.08;35.08;HSJB - IRRF RETIDO EM N.F;
568631;;;;;;;;
568632;;;;;109.44;109.44;HSJB - IRRF RETIDO EM N.F;
568633;;;;;;;;
568634;;;;;25.49;25.49;HSJB - IRRF RETIDO EM N.F;
568636;;;;;131994.93;2810.8;IRRF SOBRE O TRABALHO PRINCIPAL - PJ;
568637;;;;;12.9;12.9;HSJB - IRRF RETIDO EM N.F;
568639;;;;;2360.22;2360.22;INSTITUTO NACIONAL DO SEGURO SOCIAL;
568640;;;;;688729.1;8264.75;IRRF SOBRE O TRABALHO PRINCIPAL - PJ;
568641;;;;;;;;
568642;;;;;171.48;171.48;RESTITUICOES ANTECIPACAO DE PAGAMENTO -;
568644;;;;;40381.36;1287.39;ISS - GOV ESTADO  F 193;
568647;;;;;;;;
568649;;;;;6392;95.88;IRRF - GESTAO PLENA - SUS;
568649;;;;;6392;319.6;ISS - GESTAO PLENA;
568650;;;;;;;;
568651;;;;;;;;
568652;;;;;7;7;HSJB - IRRF RETIDO EM N.F;
568653;;;;;8557.95;167;IRRF - GESTAO PLENA - SUS;
568653;;;;;8557.95;695.82;ISS - GESTAO PLENA;
568657;;;;;;;;
568658;;;;;196.85;196.85;HSJB - IRRF RETIDO EM N.F;
568659;;;;;;;;
568660;;;;;232;26.19;INSS - FOLHA PAGTO;
568660;;;;;232;11.9;ISS - PMVR;
568661;;;;;11160;286.65;IRRF - GESTAO PLENA - SUS;
568661;;;;;11160;955.5;ISS - GESTAO PLENA;
568662;;;;;;;;
568664;;;;;27.29;27.29;HSJB - IRRF RETIDO EM N.F;
568666;;;;;232;26.19;INSS - FOLHA PAGTO;
568666;;;;;232;11.9;ISS - PMVR;
568668;;;;;;;;
568670;;;;;;;;
568671;;;;;;;;
568672;;;;;199297.23;2989.46;IRRF - GESTAO PLENA - SUS;
568672;;;;;199297.23;5978.92;ISS - GESTAO PLENA;
568673;;;;;;;;
568674;;;;;25.49;25.49;HSJB - IRRF RETIDO EM N.F;
568676;;;;;;;;
568677;;;;;1928.5;23.14;IRRF - GESTAO PLENA - SUS;
568677;;;;;1928.5;96.42;ISS - GESTAO PLENA;
568680;;;;;6500;312;IRRF - GESTAO PLENA - SUS;
568683;;;;;6500;312;IRRF - GESTAO PLENA - SUS;
568684;;;;;6500;312;IRRF - GESTAO PLENA - SUS;
568685;;;;;6800;326.4;IRRF - GESTAO PLENA - SUS;
568686;;;;;27.29;27.29;HSJB - IRRF RETIDO EM N.F;
568687;;;;;;;;
568688;;;;;35.08;35.08;HSJB - IRRF RETIDO EM N.F;
568689;;;;;;;;
568691;;;;;;;;
568692;;;;;;;;
568693;;;;;27.29;27.29;HSJB - IRRF RETIDO EM N.F;
568695;;;;;42616.13;2568.44;ISS - PMVR;
568695;;;;;42616.13;4109.5;IRRF - PRESTADOR DE SERVIÇOS;
568695;;;;;42616.13;1412.64;INSS PRESTADORES DE SERVIÇO PJ;
568696;;;;;;;;
568697;;;;;;;;
568698;;;;;36.88;36.88;HSJB - IRRF RETIDO EM N.F;
568701;;;;;;;;
568703;;;;;;;;
568706;;;;;;;;
568707;;;;;20.52;20.52;HSJB - IRRF RETIDO EM N.F;
568708;;;;;112297.41;4340.12;ISS - PMVR;
568708;;;;;112297.41;6944.19;IRRF - PRESTADOR DE SERVIÇOS;
568708;;;;;112297.41;2387.07;INSS PRESTADORES DE SERVIÇO PJ;
568709;;;;;;;;
568710;;;;;5.71;5.71;HSJB - IRRF RETIDO EM N.F;
568711;;;;;27.29;27.29;HSJB - IRRF RETIDO EM N.F;
568712;;;;;1537.6;76.88;ISS - GESTAO PLENA;
568713;;;;;12.9;12.9;HSJB - IRRF RETIDO EM N.F;
568714;;;;;2891.68;144.58;ISS - GESTAO PLENA;
568715;;;;;1636.8;81.84;ISS - GESTAO PLENA;
568716;;;;;;;;
568717;;;;;;;;
568718;;;;;2281.6;114.08;ISS - GESTAO PLENA;
568719;;;;;39.44;39.44;HSJB - IRRF RETIDO EM N.F;
568720;;;;;1052.38;52.62;ISS - GESTAO PLENA;
568721;;;;;1306.13;65.31;ISS - GESTAO PLENA;
568722;;;;;3638.38;181.92;ISS - GESTAO PLENA;
568723;;;;;12900;897.31;INSTITUTO NACIONAL DO SEGURO SOCIAL;
568724;;;;;;;;
568725;;;;;;;;
568726;;;;;1.64;1.64;HSJB - IRRF RETIDO EM N.F;
568727;;;;;;;;
568728;;;;;134668.14;6733.41;ISS - GOV ESTADO  F 193;
568728;;;;;134668.14;2020.02;IRRF - GOV ESTADO - F 193;
568729;;;;;4.39;4.39;HSJB - IRRF RETIDO EM N.F;
568730;;;;;;;;
568731;;;;;2.23;2.23;HSJB - IRRF RETIDO EM N.F;
568732;;;;;;;;
568733;;;;;5011.2;60.13;IR/PIS/COFINS/CSLL RETIDO N.F;
568734;;;;;;;;
568735;;;;;;;;
568736;;;;;;;;
568737;;;;;8.42;8.42;HSJB - IRRF RETIDO EM N.F;
568738;;;;;;;;
568740;;;;;;;;
568741;;;;;;;;
568742;;;;;3569.33;171.33;IRRF - GESTAO PLENA - SUS;
568743;;;;;;;;
568744;;;;;20.28;20.28;HSJB - IRRF RETIDO EM N.F;
568745;;;;;;;;
568747;;;;;;;;
568748;;;;;;;;
568750;;;;;;;;
568751;;;;;2.23;2.23;HSJB - IRRF RETIDO EM N.F;
568752;;;;;;;;
568753;;;;;39.44;39.44;HSJB - IRRF RETIDO EM N.F;
568755;;;;;;;;
568757;;;;;2.23;2.23;HSJB - IRRF RETIDO EM N.F;
568758;;;;;652063.83;9780.96;IRRF - GESTAO PLENA - SUS;
568758;;;;;652063.83;32603.19;ISS - GESTAO PLENA;
568759;;;;;;;;
568760;;;;;;;;
568761;;;;;4.74;4.74;HSJB - IRRF RETIDO EM N.F;
568763;;;;;;;;
568764;;;;;39.44;39.44;HSJB - IRRF RETIDO EM N.F;
568768;;;;;4480;166.21;ISS - GESTAO PLENA;
568772;;;;;;;;
568776;;;;;;;;
568777;;;;;;;;
568778;;;;;3.6;3.6;HSJB - IRRF RETIDO EM N.F;
568779;;;;;;;;
568780;;;;;;;;
568781;;;;;2.23;2.23;HSJB - IRRF RETIDO EM N.F;
568784;;;;;;;;
568785;;;;;5.52;5.52;HSJB - IRRF RETIDO EM N.F;
568786;;;;;;;;
568787;;;;;16.44;16.44;HSJB - IRRF RETIDO EM N.F;
568788;;;;;;;;
568789;;;;;;;;
568790;;;;;;;;
568791;;;;;27.29;27.29;HSJB - IRRF RETIDO EM N.F;
568792;;;;;;;;
568793;;;;;;;;
568794;;;;;17.67;17.67;HSJB - IRRF RETIDO EM N.F;
568795;;;;;;;;
568796;;;;;29.77;29.77;HSJB - IRRF RETIDO EM N.F;
568798;;;;;;;;
568799;;;;;;;;
568800;;;;;;;;
568801;;;;;20.27;20.27;HSJB - IRRF RETIDO EM N.F;
568802;;;;;27.29;27.29;HSJB - IRRF RETIDO EM N.F;
568806;;;;;;;;
568807;;;;;;;;
568809;;;;;6.04;6.04;HSJB - IRRF RETIDO EM N.F;
568810;;;;;35.08;35.08;HSJB - IRRF RETIDO EM N.F;
568817;;;;;;;;
568818;;;;;;;;
568819;;;;;;;;
568821;;;;;;;;
568822;;;;;25.49;25.49;HSJB - IRRF RETIDO EM N.F;
568823;;;;;8.42;8.42;HSJB - IRRF RETIDO EM N.F;
568825;;;;;12.73;12.73;HSJB - IRRF RETIDO EM N.F;
568827;;;;;;;;
568828;;;;;;;;
568829;;;;;8.26;8.26;HSJB - IRRF RETIDO EM N.F;
568830;;;;;25.49;25.49;HSJB - IRRF RETIDO EM N.F;
568832;;;;;;;;
568833;;;;;25.49;25.49;HSJB - IRRF RETIDO EM N.F;
568834;;;;;;;;
568835;;;;;20.26;20.26;HSJB - IRRF RETIDO EM N.F;
568836;;;;;;;;
568837;;;;;35.08;35.08;HSJB - IRRF RETIDO EM N.F;
568838;;;;;;;;
568839;;;;;2.76;2.76;HSJB - IRRF RETIDO EM N.F;
568841;;;;;;;;
568843;;;;;37.56;37.56;HSJB - IRRF RETIDO EM N.F;
568848;;;;;;;;
568850;;;;;;;;
568851;;;;;;;;
568852;;;;;;;;
568853;;;;;;;;
568854;;;;;;;;
568855;;;;;6.03;6.03;HSJB - IRRF RETIDO EM N.F;
568856;;;;;;;;
568857;;;;;;;;
568858;;;;;;;;
568859;;;;;;;;
568860;;;;;;;;
568861;;;;;;;;
568862;;;;;25.49;25.49;HSJB - IRRF RETIDO EM N.F;
568863;;;;;;;;
568864;;;;;;;;
568865;;;;;25.49;25.49;HSJB - IRRF RETIDO EM N.F;
568866;;;;;;;;
568867;;;;;;;;
568868;;;;;;;;
568869;;;;;27.29;27.29;HSJB - IRRF RETIDO EM N.F;
568870;;;;;;;;
568871;;;;;25.49;25.49;HSJB - IRRF RETIDO EM N.F;
568872;;;;;;;;
568873;;;;;;;;
568874;;;;;;;;
568875;;;;;;;;
568876;;;;;25.49;25.49;HSJB - IRRF RETIDO EM N.F;
568878;;;;;;;;
568879;;;;;;;;
568880;;;;;25.49;25.49;HSJB - IRRF RETIDO EM N.F;
568881;;;;;30.69;30.69;HSJB - IRRF RETIDO EM N.F;
568883;;;;;;;;
568884;;;;;27.29;27.29;HSJB - IRRF RETIDO EM N.F;
568886;;;;;;;;
568888;;;;;;;;
568889;;;;;25.49;25.49;HSJB - IRRF RETIDO EM N.F;
568895;;;;;315795.37;3796.61;IRRF SOBRE O TRABALHO PRINCIPAL - PJ;
568896;;;;;52043.66;52043.66;DEPOSITOS RECEBIDOS POR DETERMINAÇÃO JUD;
568897;;;;;1110464.9;62854.67;ISS - FME;
568897;;;;;1110464.9;138280.27;INSS - PESSOA JURIDICA;
568897;;;;;1110464.9;15085.12;IRRF - FME;
568898;;;;;179.71;2.16;IRRF SOBRE O TRABALHO PRINCIPAL - PJ;
568899;;;;;;;;
568900;;;;;139837.26;1680.79;IRRF SOBRE O TRABALHO PRINCIPAL - PJ;
568903;;;;;;;;
568905;;;;;;;;
568906;;;;;;;;
568908;;;;;;;;
568911;;;;;;;;
568912;;;;;17.44;17.44;HSJB - IRRF RETIDO EM N.F;
568914;;;;;;;;
568915;;;;;;;;
568916;;;;;32.37;32.37;HSJB - IRRF RETIDO EM N.F;
568917;;;;;1.54;1.54;HSJB - IRRF RETIDO EM N.F;
568918;;;;;;;;
568919;;;;;66.57;66.57;HSJB - IRRF RETIDO EM N.F;
568922;;;;;;;;
568923;;;;;10.8;10.8;HSJB - IRRF RETIDO EM N.F;
568926;;;;;;;;
568927;;;;;;;;
568929;;;;;;;;
568930;;;;;62.4;62.4;HSJB - IRRF RETIDO EM N.F;
568931;;;;;8180;163.6;INSS - FOLHA PAGTO;
568933;;;;;;;;
568934;;;;;;;;
568935;;;;;;;;
568936;;;;;72.01;72.01;HSJB - IRRF RETIDO EM N.F;
568938;;;;;;;;
568939;;;;;;;;
568940;;;;;69.37;69.37;HSJB - IRRF RETIDO EM N.F;
568941;;;;;16.65;16.65;HSJB - IRRF RETIDO EM N.F;
568942;;;;;;;;
568943;;;;;77.69;77.69;HSJB - IRRF RETIDO EM N.F;
568944;;;;;;;;
568945;;;;;80.34;80.34;HSJB - IRRF RETIDO EM N.F;
568947;;;;;;;;
568948;;;;;;;;
568949;;;;;;;;
568950;;;;;11.21;11.21;HSJB - IRRF RETIDO EM N.F;
568951;;;;;;;;
568952;;;;;;;;
568954;;;;;89.89;89.89;HSJB - IRRF RETIDO EM N.F;
568957;;;;;;;;
568958;;;;;74.52;74.52;HSJB - IRRF RETIDO EM N.F;
568959;;;;;;;;
568960;;;;;;;;
568962;;;;;;;;
568963;;;;;;;;
568964;;;;;7.33;7.33;HSJB - IRRF RETIDO EM N.F;
568965;;;;;;;;
568966;;;;;102.09;102.09;HSJB - IRRF RETIDO EM N.F;
568968;;;;;;;;
568970;;;;;85.56;85.56;HSJB - IRRF RETIDO EM N.F;
568974;;;;;15992.68;191.91;IRRF - GESTAO PLENA - SUS;
568975;;;;;;;;
568976;;;;;;;;
568977;;;;;74.85;74.85;HSJB - IRRF RETIDO EM N.F;
568978;;;;;;;;
568979;;;;;;;;
568985;;;;;;;;
568989;;;;;107.42;107.42;HSJB - IRRF RETIDO EM N.F;
568994;;;;;;;;
568997;;;;;;;;
568998;;;;;;;;
569000;;;;;;;;
569001;;;;;14.99;14.99;HSJB - IRRF RETIDO EM N.F;
569002;;;;;;;;
569003;;;;;352.8;352.8;HSJB - IRRF RETIDO EM N.F;
569004;;;;;;;;
569005;;;;;352.8;352.8;HSJB - IRRF RETIDO EM N.F;
569006;;;;;99220;6784.8;ISS - GESTAO PLENA;
569007;;;;;102300;2418.24;IRRF - GESTAO PLENA - SUS;
569007;;;;;102300;8060.8;ISS - GESTAO PLENA;
569008;;;;;;;;
569010;;;;;;;;
569011;;;;;;;;
569012;;;;;;;;
569013;;;;;;;;
569014;;;;;;;;
569015;;;;;24.78;24.78;HSJB - IRRF RETIDO EM N.F;
569016;;;;;;;;
569017;;;;;;;;
569018;;;;;;;;
569019;;;;;;;;
569021;;;;;87.6;87.6;HSJB - IRRF RETIDO EM N.F;
569022;;;;;;;;
569023;;;;;52.32;52.32;HSJB - IRRF RETIDO EM N.F;
569024;;;;;;;;
569025;;;;;53.04;53.04;HSJB - IRRF RETIDO EM N.F;
569026;;;;;;;;
569027;;;;;53.04;53.04;HSJB - IRRF RETIDO EM N.F;
569028;;;;;1580;79;ISS - PMVR;
569028;;;;;1580;23.7;IR/PIS/COFINS/CSLL RETIDO N.F;
569029;;;;;960;48;ISS - PMVR;
569029;;;;;960;14.4;IR/PIS/COFINS/CSLL RETIDO N.F;
569031;;;;;1400;70;ISS - PMVR;
569031;;;;;1400;21;IR/PIS/COFINS/CSLL RETIDO N.F;
569033;;;;;;;;
569034;;;;;4.9;4.9;HSJB - IRRF RETIDO EM N.F;
569035;;;;;;;;
569038;;;;;;;;
569039;;;;;;;;
569040;;;;;;;;
569041;;;;;468.16;22.47;IRRF - PRESTADOR DE SERVIÇOS;
569042;;;;;;;;
569043;;;;;89722.4;4486.12;RETENC. ISS EM LIQUIDAÇÃO;
569043;;;;;89722.4;9869.46;INSS - PREST. SERV. PROPRIO;
569043;;;;;89722.4;4306.68;IRRF SOBRE O TRABALHO PRINCIPAL - PJ;
569044;;;;;;;;
569046;;;;;96353.5;1777.83;IRRF - GESTAO PLENA - SUS;
569046;;;;;96353.5;7407.63;ISS - GESTAO PLENA;
569048;;;;;;;;
569050;;;;;;;;
569051;;;;;;;;
569052;;;;;;;;
569053;;;;;;;;
569054;;;;;435;435;HSJB - IRRF RETIDO EM N.F;
569056;;;;;;;;
569057;;;;;4980;174.68;RETENC. ISS EM LIQUIDAÇÃO;
569058;;;;;5874.12;70.49;IRRF - GESTAO PLENA - SUS;
569061;;;;;;;;
569063;;;;;10560;370.41;RETENC. ISS EM LIQUIDAÇÃO;
569065;;;;;;;;
569066;;;;;;;;
569068;;;;;10920;383.04;RETENC. ISS EM LIQUIDAÇÃO;
569069;;;;;;;;
569070;;;;;13411.5;160.94;IRRF - GESTAO PLENA - SUS;
569070;;;;;13411.5;402.34;ISS - GESTAO PLENA;
569071;;;;;5959.58;5959.58;HSJB - IRRF RETIDO EM N.F;
569072;;;;;14314;171.77;IRRF - GESTAO PLENA - SUS;
569072;;;;;14314;429.42;ISS - GESTAO PLENA;
569073;;;;;32318;387.82;IRRF - GESTAO PLENA - SUS;
569073;;;;;32318;969.54;ISS - GESTAO PLENA;
569076;;;;;73427.5;881.13;IRRF - GESTAO PLENA - SUS;
569076;;;;;73427.5;2202.82;ISS - GESTAO PLENA;
569077;;;;;;;;
569078;;;;;15.84;15.84;HSJB - IRRF RETIDO EM N.F;
569079;;;;;;;;
569080;;;;;;;;
569081;;;;;15.84;15.84;HSJB - IRRF RETIDO EM N.F;
569082;;;;;;;;
569084;;;;;;;;
569085;;;;;;;;
569086;;;;;;;;
569087;;;;;;;;
569088;;;;;15.84;15.84;HSJB - IRRF RETIDO EM N.F;
569089;;;;;;;;
569090;;;;;;;;
569092;;;;;;;;
569093;;;;;15.84;15.84;HSJB - IRRF RETIDO EM N.F;
569094;;;;;;;;
569095;;;;;15.84;15.84;HSJB - IRRF RETIDO EM N.F;
569096;;;;;;;;
569097;;;;;3206.2;48.09;IRRF - PMVR;
569101;;;;;;;;
569102;;;;;;;;
569103;;;;;22.55;22.55;HSJB - IRRF RETIDO EM N.F;
569107;;;;;;;;
569108;;;;;33210.9;498.16;IRRF - GESTAO PLENA - SUS;
569108;;;;;33210.9;1660.54;ISS - GESTAO PLENA;
569110;;;;;;;;
569114;;;;;340000;4080;IRRF SOBRE O TRABALHO PRINCIPAL - PJ;
569117;;;;;;;;
569118;;;;;;;;
569119;;;;;5.04;5.04;HSJB - IRRF RETIDO EM N.F;
569120;;;;;;;;
569121;;;;;26125;313.5;IRRF - FORNECIMENTO DE BENS;
569122;;;;;;;;
569123;;;;;;;;
569124;;;;;;;;
569125;;;;;;;;
569127;;;;;;;;
569129;;;;;;;;
569130;;;;;;;;
569131;;;;;;;;
569133;;;;;;;;
569134;;;;;;;;
569135;;;;;;;;
569136;;;;;2777.9;33.33;IRRF - FORNECIMENTO DE BENS;
569137;;;;;12212.83;146.55;IRRF - FORNECIMENTO DE BENS;
569138;;;;;3791.52;45.49;IRRF - FORNECIMENTO DE BENS;
569139;;;;;20603.62;247.24;IRRF - FORNECIMENTO DE BENS;
569140;;;;;13229.09;158.74;IRRF - FORNECIMENTO DE BENS;
569141;;;;;6829.88;81.95;IRRF - FORNECIMENTO DE BENS;
569142;;;;;;;;
569143;;;;;;;;
569144;;;;;;;;
569145;;;;;;;;
569146;;;;;;;;
569147;;;;;;;;
569148;;;;;;;;
569149;;;;;;;;
569150;;;;;172.8;172.8;HSJB - IRRF RETIDO EM N.F;
569151;;;;;2108.95;25.3;IR/PIS/COFINS/CSLL RETIDO N.F;
569152;;;;;905187.26;150690.97;IRRF - TRABALHO PRINCIPAL PF PMVR;
569152;;;;;905187.26;76849.63;INSTITUTO NACIONAL DO SEGURO SOCIAL;
569153;;;;;;;;
569154;;;;;;;;
569155;;;;;;;;
569156;;;;;;;;
569157;;;;;;;;
569158;;;;;10979.4;131.75;IR/PIS/COFINS/CSLL RETIDO N.F;
569159;;;;;41585.39;499.02;IR/PIS/COFINS/CSLL RETIDO N.F;
569160;;;;;;;;
569161;;;;;1264.5;15.17;IR/PIS/COFINS/CSLL RETIDO N.F;
569162;;;;;;;;
569164;;;;;4781;57.37;IR/PIS/COFINS/CSLL RETIDO N.F;
569165;;;;;;;;
569166;;;;;18.48;18.48;HSJB - IRRF RETIDO EM N.F;
569168;;;;;;;;
569171;;;;;;;;
569172;;;;;;;;
569173;;;;;7.92;7.92;HSJB - IRRF RETIDO EM N.F;
569174;;;;;1500;75;ISS - PMVR;
569176;;;;;;;;
569179;;;;;;;;
569180;;;;;;;;
569181;;;;;10.56;10.56;HSJB - IRRF RETIDO EM N.F;
569182;;;;;;;;
569183;;;;;;;;
569184;;;;;;;;
569185;;;;;2.16;2.16;HSJB - IRRF RETIDO EM N.F;
569186;;;;;;;;
569187;;;;;10.56;10.56;HSJB - IRRF RETIDO EM N.F;
569188;;;;;0.75;0.75;HSJB - IRRF RETIDO EM N.F;
569189;;;;;;;;
569190;;;;;10.56;10.56;HSJB - IRRF RETIDO EM N.F;
569191;;;;;;;;
569192;;;;;;;;
569193;;;;;327.88;327.88;HSJB - IRRF RETIDO EM N.F;
569194;;;;;10.56;10.56;HSJB - IRRF RETIDO EM N.F;
569195;;;;;;;;
569196;;;;;;;;
569197;;;;;0.75;0.75;HSJB - IRRF RETIDO EM N.F;
569198;;;;;13.33;13.33;HSJB - IRRF RETIDO EM N.F;
569199;;;;;;;;
569200;;;;;;;;
569201;;;;;9.49;9.49;HSJB - IRRF RETIDO EM N.F;
569202;;;;;19.19;19.19;HSJB - IRRF RETIDO EM N.F;
569203;;;;;;;;
569204;;;;;;;;
569205;;;;;;;;
569206;;;;;4.18;4.18;HSJB - IRRF RETIDO EM N.F;
569207;;;;;648487.64;648487.64;INSTITUTO NACIONAL DO SEGURO SOCIAL;
569208;;;;;1166597.92;1166597.92;IRRF - PMVR;
569209;;;;;;;;
569210;;;;;;;;
569211;;;;;;;;
569212;;;;;;;;
569213;;;;;;;;
569214;;;;;;;;
569215;;;;;;;;
569216;;;;;;;;
569217;;;;;;;;
569218;;;;;;;;
569219;;;;;;;;
569223;;;;;350000;4200;IRRF - FME;
569226;;;;;;;;
569227;;;;;;;;
569228;;;;;173.21;173.21;HSJB - IRRF RETIDO EM N.F;
569229;;;;;12228.2;586.95;IRRF - SALARIO EDUCAÇÃO;
569232;;;;;;;;
569233;;;;;;;;
569234;;;;;7.92;7.92;HSJB - IRRF RETIDO EM N.F;
569235;;;;;;;;
569236;;;;;408.67;408.67;HSJB - IRRF RETIDO EM N.F;
569238;;;;;7.92;7.92;HSJB - IRRF RETIDO EM N.F;
569239;;;;;;;;
569240;;;;;;;;
569241;;;;;;;;
569242;;;;;19.19;19.19;HSJB - IRRF RETIDO EM N.F;
569243;;;;;;;;
569244;;;;;19.19;19.19;HSJB - IRRF RETIDO EM N.F;
569245;;;;;;;;
569246;;;;;;;;
569247;;;;;7.92;7.92;HSJB - IRRF RETIDO EM N.F;
569248;;;;;;;;
569249;;;;;;;;
569250;;;;;;;;
569251;;;;;0.75;0.75;HSJB - IRRF RETIDO EM N.F;
569252;;;;;;;;
569253;;;;;108.48;108.48;HSJB - IRRF RETIDO EM N.F;
569254;;;;;;;;
569255;;;;;;;;
569256;;;;;;;;
569257;;;;;118.8;118.8;HSJB - IRRF RETIDO EM N.F;
569258;;;;;;;;
569259;;;;;1.5;1.5;HSJB - IRRF RETIDO EM N.F;
569263;;;;;;;;
569264;;;;;;;;
569267;;;;;1.5;1.5;HSJB - IRRF RETIDO EM N.F;
569271;;;;;;;;
569279;;;;;;;;
569284;;;;;;;;
569286;;;;;10.74;10.74;HSJB - IRRF RETIDO EM N.F;
569288;;;;;;;;
569290;;;;;;;;
569291;;;;;1.5;1.5;HSJB - IRRF RETIDO EM N.F;
569294;;;;;66;66;HSJB - IRRF RETIDO EM N.F;
569312;;;;;;;;
569313;;;;;;;;
569315;;;;;;;;
569316;;;;;;;;
569318;;;;;;;;
569320;;;;;;;;
569321;;;;;0.75;0.75;HSJB - IRRF RETIDO EM N.F;
569322;;;;;25600;1228.8;IRRF SOBRE O TRABALHO PRINCIPAL - PJ;
569323;;;;;;;;
569324;;;;;;;;
569325;;;;;;;;
569326;;;;;25600;1228.8;IRRF SOBRE O TRABALHO PRINCIPAL - PJ;
569327;;;;;;;;
569328;;;;;;;;
569329;;;;;6400;307.2;IRRF SOBRE O TRABALHO PRINCIPAL - PJ;
569330;;;;;;;;
569331;;;;;;;;
569332;;;;;6400;307.2;IRRF SOBRE O TRABALHO PRINCIPAL - PJ;
569333;;;;;;;;
569335;;;;;;;;
569338;;;;;;;;
569345;;;;;;;;
569346;;;;;;;;
569349;;;;;;;;
569360;;;;;;;;
569361;;;;;0.75;0.75;HSJB - IRRF RETIDO EM N.F;
569362;;;;;60357.88;2782.91;ISS - PMVR;
569362;;;;;60357.88;6639.19;INSTITUTO NACIONAL DO SEGURO SOCIAL;
569363;;;;;132700;6634.99;ISS - PMVR;
569363;;;;;132700;14596.96;INSTITUTO NACIONAL DO SEGURO SOCIAL;
569364;;;;;698994.36;23274.06;ISS - PMVR;
569364;;;;;698994.36;76889.28;INSTITUTO NACIONAL DO SEGURO SOCIAL;
569364;;;;;698994.36;793.88;PENSÃO ALIMENTICIA;
569365;;;;;;;;
569366;;;;;;;;
569367;;;;;;;;
569369;;;;;;;;
569371;;;;;0.75;0.75;HSJB - IRRF RETIDO EM N.F;
569376;;;;;8085;97.02;IRRF - FORNECIMENTO DE BENS;
569378;;;;;1180;47.2;ISS - PMVR;
569386;;;;;99718.28;2991.55;ISS - PMVR;
569386;;;;;99718.28;4786.48;IRRF - PRESTADOR DE SERVIÇOS;
569386;;;;;99718.28;1645.35;INSS PRESTADORES DE SERVIÇO PJ;
569398;;;;;;;;
569405;;;;;;;;
569406;;;;;;;;
569408;;;;;;;;
569410;;;;;;;;
569411;;;;;;;;
569412;;;;;;;;
569414;;;;;;;;
569415;;;;;;;;
569416;;;;;;;;
569417;;;;;;;;
569418;;;;;;;;
569419;;;;;;;;
569420;;;;;;;;
569421;;;;;;;;
569422;;;;;;;;
569423;;;;;;;;
569426;;;;;;;;
569428;;;;;;;;
569429;;;;;;;;
569430;;;;;;;;
569431;;;;;;;;
569432;;;;;1183.82;1183.82;HSJB - IRRF RETIDO EM N.F;
569433;;;;;;;;
569434;;;;;;;;
569435;;;;;;;;
569437;;;;;;;;
569438;;;;;;;;
569440;;;;;;;;
569441;;;;;;;;
569442;;;;;;;;
569443;;;;;;;;
569444;;;;;;;;
569445;;;;;;;;
569446;;;;;;;;
569447;;;;;;;;
569448;;;;;;;;
569449;;;;;;;;
569451;;;;;;;;
569452;;;;;;;;
569453;;;;;;;;
569454;;;;;;;;
569460;;;;;0.75;0.75;HSJB - IRRF RETIDO EM N.F;
569461;;;;;;;;
569463;;;;;;;;
569465;;;;;6518.92;312.9;IR/PIS/COFINS/CSLL RETIDO N.F;
569466;;;;;2400;104.51;ISS - PMVR;
569467;;;;;;;;
569468;;;;;;;;
569471;;;;;1.5;1.5;HSJB - IRRF RETIDO EM N.F;
569473;;;;;18311.03;349.85;IRRF - GESTAO PLENA - SUS;
569473;;;;;18311.03;874.63;ISS - GESTAO PLENA;
569474;;;;;989;49.45;ISS - PMVR;
569475;;;;;;;;
569476;;;;;;;;
569477;;;;;178.59;178.59;HSJB - IRRF RETIDO EM N.F;
569482;;;;;;;;
569483;;;;;;;;
569484;;;;;;;;
569485;;;;;158.4;158.4;HSJB - IRRF RETIDO EM N.F;
569486;;;;;;;;
569487;;;;;;;;
569488;;;;;;;;
569490;;;;;;;;
569496;;;;;;;;
569498;;;;;;;;
569499;;;;;55;55;HSJB - IRRF RETIDO EM N.F;
569500;;;;;;;;
569503;;;;;;;;
569504;;;;;;;;
569505;;;;;200.64;200.64;HSJB - IRRF RETIDO EM N.F;
569508;;;;;;;;
569510;;;;;;;;
569512;;;;;459.8;459.8;INSTITUTO NACIONAL DO SEGURO SOCIAL;
569515;;;;;4550;219.76;ISS - PMVR;
569517;;;;;;;;
569519;;;;;;;;
569520;;;;;;;;
569521;;;;;;;;
569522;;;;;;;;
569523;;;;;;;;
569524;;;;;1.5;1.5;HSJB - IRRF RETIDO EM N.F;
569525;;;;;33.06;33.06;HSJB - IRRF RETIDO EM N.F;
569526;;;;;;;;
569531;;;;;;;;
569532;;;;;;;;
569533;;;;;103.2;103.2;HSJB - IRRF RETIDO EM N.F;
569535;;;;;1.5;1.5;HSJB - IRRF RETIDO EM N.F;
569536;;;;;12300;590.4;IRRF - PMVR - PJ;
569537;;;;;;;;
569538;;;;;;;;
569539;;;;;;;;
569540;;;;;;;;
569543;;;;;;;;
569544;;;;;;;;
569545;;;;;;;;
569547;;;;;;;;
569551;;;;;2.26;2.26;HSJB - IRRF RETIDO EM N.F;
569554;;;;;;;;
569555;;;;;;;;
569556;;;;;;;;
569557;;;;;;;;
569559;;;;;107851.52;5392.58;RETENC. ISS EM LIQUIDAÇÃO;
569559;;;;;107851.52;3559.1;INSS - PREST. SERV. PROPRIO;
569559;;;;;107851.52;1617.77;IRRF SOBRE O TRABALHO PRINCIPAL - PJ;
569563;;;;;;;;
569567;;;;;;;;
569568;;;;;;;;
569569;;;;;;;;
569570;;;;;479.95;479.95;HSJB - IRRF RETIDO EM N.F;
569571;;;;;;;;
569572;;;;;;;;
569573;;;;;;;;
569574;;;;;479.95;479.95;HSJB - IRRF RETIDO EM N.F;
569576;;;;;;;;
569577;;;;;24499.8;293.99;IRRF - FORNECIMENTO DE BENS;
569578;;;;;24515.4;294.18;IRRF - FORNECIMENTO DE BENS;
569579;;;;;29952;359.42;IRRF - FORNECIMENTO DE BENS;
569583;;;;;;;;
569584;;;;;;;;
569585;;;;;;;;
569586;;;;;90829.66;4359.82;IRRF - GESTAO PLENA - SUS;
569587;;;;;;;;
569588;;;;;246641.52;27649.31;IRRF - GESTAO PLENA - SUS;
569590;;;;;2120;101.76;IRRF - PJ PRESTADOR DE SERVIÇOS;
569591;;;;;16153;337.6;ISS - PMVR;
569594;;;;;;;;
569595;;;;;479.95;479.95;HSJB - IRRF RETIDO EM N.F;
569596;;;;;;;;
569598;;;;;;;;
569599;;;;;;;;
569605;;;;;;;;
569609;;;;;;;;
569612;;;;;;;;
569613;;;;;0.75;0.75;HSJB - IRRF RETIDO EM N.F;
569614;;;;;;;;
569617;;;;;602742.29;30137.11;RETENC. ISS EM LIQUIDAÇÃO;
569617;;;;;602742.29;19890.49;INSS - PREST. SERV. PROPRIO;
569617;;;;;602742.29;28931.62;IRRF SOBRE O TRABALHO PRINCIPAL - PJ;
569629;;;;;12000;600;ISS - FME;
569631;;;;;;;;
569632;;;;;;;;
569636;;;;;1.5;1.5;HSJB - IRRF RETIDO EM N.F;
569641;;;;;;;;
569644;;;;;1.5;1.5;HSJB - IRRF RETIDO EM N.F;
569645;;;;;19690.2;984.51;ISS - PMVR;
569645;;;;;19690.2;945.13;IRRF - PMVR - PJ;
569648;;;;;9752;487.6;ISS - PMVR;
569648;;;;;9752;468.1;IRRF - PMVR - PJ;
569649;;;;;;;;
569650;;;;;;;;
569651;;;;;;;;
569653;;;;;;;;
569654;;;;;;;;
569655;;;;;;;;
569656;;;;;9528;114.33;IR/PIS/COFINS/CSLL RETIDO N.F;
569658;;;;;1173.35;14.08;IR/PIS/COFINS/CSLL RETIDO N.F;
569661;;;;;;;;
569662;;;;;;;;
569665;;;;;;;;
569666;;;;;;;;
569667;;;;;;;;
569668;;;;;;;;
569669;;;;;8548.31;682.33;INSTITUTO NACIONAL DO SEGURO SOCIAL;
569670;;;;;4995.08;59.94;IR/PIS/COFINS/CSLL RETIDO N.F;
569679;;;;;;;;
569682;;;;;2.77;2.77;HSJB - IRRF RETIDO EM N.F;
569686;;;;;;;;
569689;;;;;;;;
569695;;;;;;;;
569696;;;;;1.4;1.4;HSJB - IRRF RETIDO EM N.F;
569703;;;;;;;;
569704;;;;;;;;
569706;;;;;8.41;8.41;HSJB - IRRF RETIDO EM N.F;
569707;;;;;;;;
569711;;;;;;;;
569712;;;;;;;;
569713;;;;;;;;
569714;;;;;;;;
569719;;;;;14747;707.85;IRRF - PRESTADOR DE SERVIÇOS;
569720;;;;;;;;
569721;;;;;362.83;362.83;HSJB - IRRF RETIDO EM N.F;
569722;;;;;;;;
569723;;;;;;;;
569724;;;;;4386.55;52.63;IRRF - FORNECIMENTO DE BENS;
569725;;;;;;;;
569726;;;;;6846;82.15;IRRF - FORNECIMENTO DE BENS;
569727;;;;;14725;176.7;IRRF - FORNECIMENTO DE BENS;
569728;;;;;;;;
569729;;;;;;;;
569731;;;;;232.11;232.11;HSJB - IRRF RETIDO EM N.F;
569733;;;;;;;;
569734;;;;;;;;
569735;;;;;;;;
569738;;;;;25408.87;508.18;ISS - PMVR;
569739;;;;;5914.19;118.28;ISS - PMVR;
569740;;;;;;;;
569741;;;;;;;;
569742;;;;;;;;
569743;;;;;;;;
569744;;;;;6349.5;126.99;ISS - PMVR;
569745;;;;;6089.65;121.79;ISS - PMVR;
569746;;;;;360;360;HSJB - IRRF RETIDO EM N.F;
569747;;;;;991.32;26.11;ISS - PMVR;
569748;;;;;2478.42;65.28;ISS - PMVR;
569749;;;;;;;;
569751;;;;;13.38;13.38;HSJB - IRRF RETIDO EM N.F;
569752;;;;;5582.8;66.99;IR/PIS/COFINS/CSLL RETIDO N.F;
569753;;;;;;;;
569754;;;;;;;;
569755;;;;;196.95;196.95;HSJB - IRRF RETIDO EM N.F;
569756;;;;;;;;
569757;;;;;3073.2;36.88;IR/PIS/COFINS/CSLL RETIDO N.F;
569758;;;;;;;;
569759;;;;;489.99;5.87;IR/PIS/COFINS/CSLL RETIDO N.F;
569760;;;;;;;;
569761;;;;;11268;135.22;IR/PIS/COFINS/CSLL RETIDO N.F;
569762;;;;;;;;
569763;;;;;20623.63;247.48;IR/PIS/COFINS/CSLL RETIDO N.F;
569764;;;;;10920;383.04;RETENC. ISS EM LIQUIDAÇÃO;
569765;;;;;21186.86;254.24;IR/PIS/COFINS/CSLL RETIDO N.F;
569766;;;;;843;10.12;IR/PIS/COFINS/CSLL RETIDO N.F;
569767;;;;;37.2;37.2;HSJB - IRRF RETIDO EM N.F;
569768;;;;;;;;
569769;;;;;9780;343.05;RETENC. ISS EM LIQUIDAÇÃO;
569770;;;;;;;;
569771;;;;;301431.7;6028.63;RETENC. ISS EM LIQUIDAÇÃO;
569771;;;;;301431.7;3461.76;INSS - PREST. SERV. PROPRIO;
569772;;;;;;;;
569773;;;;;;;;
569774;;;;;7500;263.08;RETENC. ISS EM LIQUIDAÇÃO;
569775;;;;;201.6;201.6;HSJB - IRRF RETIDO EM N.F;
569776;;;;;;;;
569778;;;;;;;;
569783;;;;;6363.1;305.42;IRRF SOBRE O TRABALHO PRINCIPAL - PJ;
569785;;;;;;;;
569786;;;;;;;;
569787;;;;;;;;
569788;;;;;;;;
569789;;;;;;;;
569791;;;;;;;;
569797;;;;;14290;171.48;IRRF SOBRE O TRABALHO PRINCIPAL - PJ;
569798;;;;;;;;
569801;;;;;770;9.24;IRRF SOBRE O TRABALHO PRINCIPAL - PJ;
569803;;;;;41105.85;493.27;IRRF SOBRE O TRABALHO PRINCIPAL - PJ;
569804;;;;;3499;41.99;IRRF SOBRE O TRABALHO PRINCIPAL - PJ;
569806;;;;;1545;18.54;IRRF SOBRE O TRABALHO PRINCIPAL - PJ;
569807;;;;;2212.5;88.94;RETENC. ISS EM LIQUIDAÇÃO;
569808;;;;;;;;
569809;;;;;2212.5;88.5;RETENC. ISS EM LIQUIDAÇÃO;
569810;;;;;;;;
569811;;;;;56493.69;1694.81;RETENC. ISS EM LIQUIDAÇÃO;
569811;;;;;56493.69;960.39;INSS - PREST. SERV. PROPRIO;
569811;;;;;56493.69;847.41;IRRF SOBRE O TRABALHO PRINCIPAL - PJ;
569813;;;;;8772;421.05;IRRF SOBRE O TRABALHO PRINCIPAL - PJ;
569814;;;;;;;;
569816;;;;;;;;
569818;;;;;2168.76;109.34;IRRF SOBRE O TRABALHO PRINCIPAL - PJ;
569819;;;;;750;15.08;ISS - PMVR;
569820;;;;;;;;
569821;;;;;15498.5;495.95;RETENC. ISS EM LIQUIDAÇÃO;
569822;;;;;;;;
569823;;;;;330;6.63;ISS - PMVR;
569825;;;;;;;;
569826;;;;;38.4;38.4;HSJB - IRRF RETIDO EM N.F;
569827;;;;;;;;
569828;;;;;;;;
569829;;;;;775.07;775.07;HSJB - IRRF RETIDO EM N.F;
569830;;;;;;;;
569831;;;;;;;;
569832;;;;;;;;
569833;;;;;;;;
569834;;;;;20.32;20.32;HSJB - IRRF RETIDO EM N.F;
569835;;;;;;;;
569836;;;;;;;;
569838;;;;;;;;
569839;;;;;17500;831.25;RETENC. ISS EM LIQUIDAÇÃO;
569840;;;;;14000;665;RETENC. ISS EM LIQUIDAÇÃO;
569841;;;;;20943.73;994.83;RETENC. ISS EM LIQUIDAÇÃO;
569842;;;;;;;;
569843;;;;;957.58;11.49;IRRF SOBRE O TRABALHO PRINCIPAL - PJ;
569845;;;;;;;;
569846;;;;;;;;
569847;;;;;;;;
569848;;;;;;;;
569849;;;;;;;;
569850;;;;;;;;
569851;;;;;2212.5;106.2;IRRF SOBRE O TRABALHO PRINCIPAL - PJ;
569852;;;;;;;;
569853;;;;;;;;
569854;;;;;2212.5;106.2;IRRF SOBRE O TRABALHO PRINCIPAL - PJ;
569855;;;;;1791.87;21.5;IRRF SOBRE O TRABALHO PRINCIPAL - PJ;
569856;;;;;;;;
569857;;;;;2212.5;106.2;IRRF SOBRE O TRABALHO PRINCIPAL - PJ;
569858;;;;;;;;
569859;;;;;;;;
569860;;;;;2212.5;106.2;IRRF SOBRE O TRABALHO PRINCIPAL - PJ;
569861;;;;;;;;
569862;;;;;;;;
569863;;;;;;;;
569864;;;;;;;;
569865;;;;;;;;
569867;;;;;;;;
569869;;;;;;;;
569871;;;;;;;;
569872;;;;;;;;
569874;;;;;;;;
569875;;;;;;;;
569876;;;;;;;;
569877;;;;;;;;
569878;;;;;73.03;0.87;IRRF SOBRE O TRABALHO PRINCIPAL - PJ;
569879;;;;;3646.4;43.75;IRRF SOBRE O TRABALHO PRINCIPAL - PJ;
569880;;;;;;;;
569881;;;;;;;;
569882;;;;;;;;
569884;;;;;;;;
569885;;;;;;;;
569886;;;;;108;108;HSJB - IRRF RETIDO EM N.F;
569887;;;;;;;;
569888;;;;;;;;
569889;;;;;;;;
569890;;;;;22154.2;265.85;IRRF SOBRE O TRABALHO PRINCIPAL - PJ;
569891;;;;;;;;
569892;;;;;0.66;0.66;HSJB - IRRF RETIDO EM N.F;
569893;;;;;;;;
569894;;;;;;;;
569895;;;;;462854.46;6942.82;IRRF - GESTAO PLENA - SUS;
569895;;;;;462854.46;13885.63;ISS - GESTAO PLENA;
569896;;;;;;;;
569897;;;;;;;;
569898;;;;;;;;
569899;;;;;;;;
569900;;;;;;8699.16;INSTITUTO NACIONAL DO SEGURO SOCIAL;
569901;;;;;;816.32;HSJB - IRRF RETIDO EM N.F;
569902;;;;;;;;
569903;;;;;;4081.61;HSJB - ISS - PMVR;
569904;;;;;;;;
569905;;;;;;;;
569906;;;;;617.8;7.41;IRRF SOBRE O TRABALHO PRINCIPAL - PJ;
569907;;;;;;;;
569908;;;;;;;;
569909;;;;;8772;175.44;RETENC. ISS EM LIQUIDAÇÃO;
569910;;;;;8772;175.44;RETENC. ISS EM LIQUIDAÇÃO;
569911;;;;;5440;261.12;IRRF SOBRE O TRABALHO PRINCIPAL - PJ;
569912;;;;;;;;
569913;;;;;;;;
569915;;;;;;;;
569916;;;;;;;;
569917;;;;;;;;
569918;;;;;;;;
569919;;;;;;;;
569920;;;;;;;;
569922;;;;;6610;79.32;IRRF SOBRE O TRABALHO PRINCIPAL - PJ;
569923;;;;;13149.54;631.17;IRRF SOBRE O TRABALHO PRINCIPAL - PJ;
569924;;;;;;;;
569925;;;;;13149.54;631.17;IRRF SOBRE O TRABALHO PRINCIPAL - PJ;
569926;;;;;;;;
569927;;;;;241.6;2.89;IRRF SOBRE O TRABALHO PRINCIPAL - PJ;
569928;;;;;7166.26;337.34;IRRF SOBRE O TRABALHO PRINCIPAL - PJ;
569929;;;;;;;;
569930;;;;;;;;
569932;;;;;;;;
569934;;;;;;;;
569935;;;;;;;;
569936;;;;;;;;
569937;;;;;165.6;165.6;HSJB - IRRF RETIDO EM N.F;
569938;;;;;;;;
569940;;;;;;;;
569941;;;;;;;;
569942;;;;;;;;
569943;;;;;;;;
569944;;;;;395.37;395.37;HSJB - IRRF RETIDO EM N.F;
569945;;;;;72320.82;1374.98;IRRF - SALARIO EDUCAÇÃO;
569946;;;;;;;;
569947;;;;;;;;
569948;;;;;685.14;685.14;HSJB - IRRF RETIDO EM N.F;
569949;;;;;;;;
569950;;;;;;;;
569951;;;;;;;;
569952;;;;;;;;
569953;;;;;;;;
569954;;;;;;;;
569955;;;;;;;;
569956;;;;;;;;
569957;;;;;;;;
569958;;;;;;;;
569959;;;;;;;;
569960;;;;;;;;
569964;;;;;;;;
569965;;;;;;;;
569966;;;;;;;;
569967;;;;;7798.5;193.4;RETENC. ISS EM LIQUIDAÇÃO;
569968;;;;;7798.5;193.4;RETENC. ISS EM LIQUIDAÇÃO;
569969;;;;;;;;
569970;;;;;;;;
569971;;;;;;;;
569972;;;;;;;;
569974;;;;;7798.5;156.75;RETENC. ISS EM LIQUIDAÇÃO;
569976;;;;;;;;
569977;;;;;;;;
569983;;;;;630869.98;32905.8;ISS - SALARIO EDUCACAO;
569983;;;;;630869.98;7897.39;IRRF - SALARIO EDUCAÇÃO;
569983;;;;;630869.98;72392.76;INSS REENÇÃO - SALARIO EDUCAÇÃO;
569986;;;;;;;;
569987;;;;;7798.5;235.15;RETENC. ISS EM LIQUIDAÇÃO;
569989;;;;;27.6;27.6;HSJB - IRRF RETIDO EM N.F;
569990;;;;;8698.33;417.51;IRRF SOBRE O TRABALHO PRINCIPAL - PJ;
569995;;;;;;;;
569996;;;;;;;;
569998;;;;;;;;
569999;;;;;;;;
570001;;;;;;;;
570003;;;;;;;;
570004;;;;;;;;
570005;;;;;;;;
570006;;;;;;;;
570007;;;;;;;;
570008;;;;;;;;
570009;;;;;;;;
570010;;;;;;;;
570012;;;;;;;;
570018;;;;;;;;
570019;;;;;;;;
570021;;;;;;;;
570026;;;;;;;;
570032;;;;;;;;
570041;;;;;;;;
570042;;;;;;;;
570043;;;;;;;;
570044;;;;;;;;
570046;;;;;;;;
570047;;;;;;;;
570048;;;;;;;;
570049;;;;;;;;
570050;;;;;1152.24;27.01;IRRF - PRESTADOR DE SERVIÇOS;
570051;;;;;;;;
570052;;;;;;;;
570053;;;;;;;;
570054;;;;;;;;
570056;;;;;;;;
570058;;;;;;;;
570059;;;;;;;;
570060;;;;;;;;
570061;;;;;;;;
570064;;;;;;;;
570065;;;;;;;;
570067;;;;;;;;
570068;;;;;;;;
570072;;;;;;;;
570074;;;;;;;;
570075;;;;;;;;
570076;;;;;39.32;39.32;HSJB - IRRF RETIDO EM N.F;
570077;;;;;3703.5;285.17;INSTITUTO NACIONAL DO SEGURO SOCIAL;
570077;;;;;3703.5;185.17;ISS - PMVR;
570077;;;;;3703.5;177.77;IRRF RETIDO EM N.F.;
570077;;;;;3703.5;172.22;PIS/COFINS/CSLL RETIDO N.F;
570078;;;;;900;99;INSS - FOLHA PAGTO;
570079;;;;;;;;
570080;;;;;1735.2;64.02;ISS;
570081;;;;;;;;
570082;;;;;900;99;INSS - FOLHA PAGTO;
570083;;;;;;;;
570084;;;;;900;99;INSS - FOLHA PAGTO;
570085;;;;;900;99;INSS - FOLHA PAGTO;
570086;;;;;600;25.1;ISS;
570087;;;;;;;;
570088;;;;;76400;3820;ISS - GOV ESTADO  F 193;
570088;;;;;76400;1146;IRRF - GOV ESTADO - F 193;
570089;;;;;900;99;INSS - FOLHA PAGTO;
570090;;;;;;;;
570091;;;;;;;;
570092;;;;;;;;
570093;;;;;;;;
570094;;;;;;;;
570095;;;;;65991.56;791.9;IRRF - GESTAO PLENA - SUS;
570095;;;;;65991.56;3299.58;ISS - GESTAO PLENA;
570097;;;;;348.96;17.45;ISS;
570098;;;;;348.96;17.45;ISS;
570099;;;;;959.64;47.98;ISS;
570100;;;;;;;;
570101;;;;;;;;
570105;;;;;777.78;85.55;INSS - FOLHA PAGTO;
570106;;;;;800;88;INSS - FOLHA PAGTO;
570107;;;;;800;88;INSS - FOLHA PAGTO;
570108;;;;;777.78;85.55;INSS - FOLHA PAGTO;
570109;;;;;800;88;INSS - FOLHA PAGTO;
570110;;;;;666.67;73.33;INSS - FOLHA PAGTO;
570111;;;;;1035;113.85;INSS - FOLHA PAGTO;
570112;;;;;;;;
570113;;;;;9.48;9.48;HSJB - IRRF RETIDO EM N.F;
570114;;;;;;;;
570115;;;;;9.48;9.48;HSJB - IRRF RETIDO EM N.F;
570117;;;;;;;;
570122;;;;;;;;
570129;;;;;;;;
570133;;;;;;;;
570134;;;;;;;;
570135;;;;;;;;
570136;;;;;;;;
570137;;;;;;;;
570138;;;;;;;;
570139;;;;;;;;
570140;;;;;;;;
570141;;;;;;;;
570142;;;;;;;;
570143;;;;;;;;
570144;;;;;;;;
570145;;;;;;;;
570147;;;;;;;;
570148;;;;;;;;
570149;;;;;;;;
570150;;;;;;;;
570151;;;;;;;;
570152;;;;;;;;
570153;;;;;;;;
570154;;;;;;;;
570157;;;;;;;;
570158;;;;;;;;
570159;;;;;;;;
570160;;;;;;;;
570162;;;;;;;;
570164;;;;;;;;
570165;;;;;;;;
570166;;;;;;;;
570167;;;;;;;;
570169;;;;;;;;
570172;;;;;;;;
570173;;;;;6240;312;ISS - PMVR;
570175;;;;;190.62;190.62;HSJB - IRRF RETIDO EM N.F;
570176;;;;;;;;
570177;;;;;3040;152;ISS - PMVR;
570182;;;;;;;;
570183;;;;;;;;
570184;;;;;777.78;15.63;ISS - PMVR;
570185;;;;;;;;
570186;;;;;48.96;48.96;HSJB - IRRF RETIDO EM N.F;
570187;;;;;;;;
570188;;;;;;;;
570189;;;;;57.42;57.42;HSJB - IRRF RETIDO EM N.F;
570190;;;;;;;;
570191;;;;;;;;
570192;;;;;97.85;97.85;HSJB - IRRF RETIDO EM N.F;
570193;;;;;;;;
570194;;;;;;;;
570195;;;;;2.77;2.77;HSJB - IRRF RETIDO EM N.F;
570197;;;;;;;;
570198;;;;;;;;
570201;;;;;;;;
570205;;;;;;;;
570206;;;;;356.04;356.04;HSJB - IRRF RETIDO EM N.F;
570208;;;;;;;;
570210;;;;;;;;
570211;;;;;;;;
570212;;;;;2316.56;34.74;IRRF - GESTAO PLENA - SUS;
570213;;;;;;;;
570215;;;;;394.2;394.2;HSJB - IRRF RETIDO EM N.F;
570218;;;;;;;;
570220;;;;;18.64;18.64;HSJB - IRRF RETIDO EM N.F;
570221;;;;;;;;
570222;;;;;10.75;10.75;HSJB - IRRF RETIDO EM N.F;
570225;;;;;;;;
570233;;;;;;;;
570234;;;;;;;;
570235;;;;;18.6;18.6;HSJB - IRRF RETIDO EM N.F;
570236;;;;;;;;
570238;;;;;0.75;0.75;HSJB - IRRF RETIDO EM N.F;
570239;;;;;;;;
570240;;;;;;;;
570241;;;;;;;;
570242;;;;;0.75;0.75;HSJB - IRRF RETIDO EM N.F;
570243;;;;;;;;
570244;;;;;;;;
570245;;;;;11.9;11.9;HSJB - IRRF RETIDO EM N.F;
570246;;;;;;;;
570247;;;;;;;;
570248;;;;;21.73;21.73;HSJB - IRRF RETIDO EM N.F;
570249;;;;;;;;
570250;;;;;;;;
570251;;;;;;;;
570252;;;;;;;;
570253;;;;;90;4.5;ISS;
570254;;;;;;;;
570255;;;;;890;17.89;ISS;
570256;;;;;;;;
570259;;;;;;;;
570262;;;;;;;;
570264;;;;;;;;
570272;;;;;;;;
570273;;;;;;;;
570276;;;;;;;;
570278;;;;;;;;
570280;;;;;76945.74;6221.16;IRRF - GESTAO PLENA - SUS;
570282;;;;;40952.96;2047.65;ISS - FME FUNDEB;
570282;;;;;40952.96;982.87;IRRF - FME FUNDEB;
570284;;;;;18104.88;1262.59;IRRF - GESTAO PLENA - SUS;
570293;;;;;;;;
570295;;;;;23359.3;280.31;IRRF - FORNECIMENTO DE BENS;
570301;;;;;;;;
570320;;;;;;;;
570325;;;;;;;;
570326;;;;;;;;
570327;;;;;;;;
570331;;;;;502394.15;25119.7;ISS - FME;
570331;;;;;502394.15;38684.35;INSS - PESSOA JURIDICA;
570331;;;;;502394.15;6028.73;IRRF - FME;
570334;;;;;927.88;44.53;IRRF - SERVIÇOS PRESTADOS PMVR;
570335;;;;;;;;
570338;;;;;;;;
570339;;;;;;;;
570342;;;;;4385.72;210.51;IRRF - PRESTADOR DE SERVIÇOS;
570343;;;;;26410.75;1320.54;ISS - FME;
570344;;;;;;;;
570346;;;;;428.34;428.34;ISS - PMVR;
570347;;;;;235.59;235.59;INSTITUTO NACIONAL DO SEGURO SOCIAL;
570348;;;;;;;;
570349;;;;;;;;
570350;;;;;74.05;74.05;ISS - PMVR;
570351;;;;;;;;
570352;;;;;40.73;40.73;INSTITUTO NACIONAL DO SEGURO SOCIAL;
570354;;;;;24500;1104.95;RETENC. ISS EM LIQUIDAÇÃO;
570356;;;;;;;;
570363;;;;;;;;
570364;;;;;;;;
570365;;;;;;;;
570366;;;;;43185.52;2159.28;RETENC. ISS EM LIQUIDAÇÃO;
570367;;;;;10860;380.94;RETENC. ISS EM LIQUIDAÇÃO;
570368;;;;;59972.18;1205.44;ISS - PMVR;
570369;;;;;;;;
570370;;;;;127.75;1.53;IRRF SOBRE O TRABALHO PRINCIPAL - PJ;
570371;;;;;;;;
570373;;;;;7620;267.29;RETENC. ISS EM LIQUIDAÇÃO;
570374;;;;;36166;433.99;IRRF SOBRE O TRABALHO PRINCIPAL - PJ;
570375;;;;;;;;
570376;;;;;10560;370.41;RETENC. ISS EM LIQUIDAÇÃO;
570377;;;;;;;;
570378;;;;;1.44;1.44;HSJB - IRRF RETIDO EM N.F;
570379;;;;;;;;
570380;;;;;;;;
570381;;;;;20495.15;1024.76;RETENC. ISS EM LIQUIDAÇÃO;
570388;;;;;27559.34;1377.97;RETENC. ISS EM LIQUIDAÇÃO;
570393;;;;;12800;640;ISS - FME;
570396;;;;;9861.42;450.64;IRRF - SERVIÇOS PRESTADOS PMVR;
570398;;;;;;;;
570399;;;;;;;;
570400;;;;;;;;
570401;;;;;;;;
570402;;;;;;;;
570403;;;;;2472;5.93;IRRF - SERVIÇOS PRESTADOS PMVR;
570404;;;;;;;;
570405;;;;;;;;
570407;;;;;;;;
570409;;;;;;;;
570410;;;;;;;;
570413;;;;;12.6;12.6;HSJB - IRRF RETIDO EM N.F;
570414;;;;;112;5.38;IRRF - PRESTADOR DE SERVIÇOS;
570415;;;;;2142.01;25.7;IRRF - FME;
570416;;;;;159.6;1.91;IRRF - FME;
570417;;;;;564.45;6.77;IRRF - FME;
570418;;;;;;;;
570419;;;;;;;;
570420;;;;;;;;
570421;;;;;;;;
570422;;;;;;;;
570423;;;;;;;;
570424;;;;;;;;
570425;;;;;;;;
570426;;;;;1280.31;15.36;IRRF - FME;
570427;;;;;;;;
570428;;;;;409.84;4.91;IRRF - FME;
570429;;;;;;;;
570430;;;;;;;;
570431;;;;;;50051.02;HSJB - IRRF RETIDO EM N.F;
570432;;;;;;;;
570434;;;;;401.28;19.26;IRRF - PRESTADOR DE SERVIÇOS;
570435;;;;;22.64;22.64;HSJB - IRRF RETIDO EM N.F;
570436;;;;;;;;
570437;;;;;470;23.5;ISS - FME;
570437;;;;;470;5.64;IRRF - FME;
570438;;;;;1360;68;ISS - FME;
570438;;;;;1360;16.32;IRRF - FME;
570439;;;;;1955;97.75;ISS - FME;
570439;;;;;1955;23.46;IRRF - FME;
570440;;;;;765;38.25;ISS - FME;
570440;;;;;765;9.18;IRRF - FME;
570441;;;;;;;;
570442;;;;;;;;
570443;;;;;1228.25;61.41;ISS - FME;
570443;;;;;1228.25;14.73;IRRF - FME;
570444;;;;;4524.24;217.16;IRRF - PRESTADOR DE SERVIÇOS;
570448;;;;;;;;
570449;;;;;;;;
570451;;;;;;;;
570452;;;;;;;;
570453;;;;;36891.43;1667.49;ISS - PMVR;
570454;;;;;87.12;87.12;HSJB - IRRF RETIDO EM N.F;
570455;;;;;;;;
570456;;;;;679.96;32.64;IRRF - PRESTADOR DE SERVIÇOS;
570457;;;;;;;;
570458;;;;;10693.77;128.33;IRRF SOBRE O TRABALHO PRINCIPAL - PJ;
570460;;;;;;;;
570461;;;;;;;;
570463;;;;;;;;
570464;;;;;;;;
570465;;;;;44.99;44.99;HSJB - IRRF RETIDO EM N.F;
570466;;;;;167.75;167.75;INSTITUTO NACIONAL DO SEGURO SOCIAL;
570467;;;;;;;;
570468;;;;;1357.25;73.2;IRRF - GESTAO PLENA - SUS;
570469;;;;;;;;
570470;;;;;18.7;18.7;HSJB - IRRF RETIDO EM N.F;
570473;;;;;137.37;137.37;HSJB - IRRF RETIDO EM N.F;
570474;;;;;20881.8;446.87;ISS - PMVR;
570475;;;;;;;;
570476;;;;;;;;
570478;;;;;;;;
570479;;;;;;;;
570480;;;;;;;;
570481;;;;;;;;
570482;;;;;;;;
570483;;;;;;;;
570484;;;;;;;;
570485;;;;;;;;
570486;;;;;;;;
570487;;;;;;;;
570488;;;;;;;;
570489;;;;;;;;
570490;;;;;13.83;13.83;HSJB - IRRF RETIDO EM N.F;
570491;;;;;;;;
570492;;;;;;;;
570502;;;;;;;;
570503;;;;;13999.45;652.01;ISS - FME;
570504;;;;;;;;
570505;;;;;;;;
570506;;;;;;;;
570507;;;;;;;;
570508;;;;;;;;
570509;;;;;;;;
570510;;;;;191948.32;32914.2;RETENCAO RELATIVA AO ISS  ROYALTES PETRO;
570510;;;;;191948.32;50687.88;RETENCAO - INSS ROYALTES PETROLEO FONTE;
570510;;;;;191948.32;7899.41;RETENCAO RELATIVA IRRF  ROYALTIES PETROL;
570511;;;;;;;;
570512;;;;;;;;
570513;;;;;67.09;67.09;HSJB - IRRF RETIDO EM N.F;
570514;;;;;;;;
570515;;;;;;;;
570516;;;;;;;;
570517;;;;;;;;
570518;;;;;;;;
570519;;;;;;;;
570520;;;;;;;;
570521;;;;;;;;
570522;;;;;;;;
570523;;;;;;;;
570524;;;;;;;;
570525;;;;;;;;
570526;;;;;24.04;24.04;HSJB - IRRF RETIDO EM N.F;
570527;;;;;15.38;15.38;ISS - PMVR;
570529;;;;;4257.3;51.08;IR/PIS/COFINS/CSLL RETIDO N.F;
570532;;;;;;;;
570533;;;;;;;;
570534;;;;;;;;
570535;;;;;;;;
570536;;;;;19.8;19.8;HSJB - IRRF RETIDO EM N.F;
570537;;;;;;;;
570538;;;;;;;;
570539;;;;;;;;
570540;;;;;168.34;168.34;HSJB - IRRF RETIDO EM N.F;
570541;;;;;;;;
570542;;;;;;;;
570543;;;;;;;;
570544;;;;;;;;
570545;;;;;;;;
570546;;;;;398.44;398.44;HSJB - IRRF RETIDO EM N.F;
570547;;;;;19.8;19.8;HSJB - IRRF RETIDO EM N.F;
570548;;;;;;;;
570550;;;;;;;;
570552;;;;;;;;
570553;;;;;;;;
570554;;;;;;;;
570555;;;;;;;;
570556;;;;;;;;
570557;;;;;9640;115.68;IRRF - FORNECIMENTO DE BENS;
570558;;;;;;;;
570559;;;;;;;;
570560;;;;;119.33;119.33;HSJB - IRRF RETIDO EM N.F;
570561;;;;;;;;
570562;;;;;435;435;HSJB - IRRF RETIDO EM N.F;
570563;;;;;;;;
570564;;;;;;;;
570565;;;;;;;;
570566;;;;;;;;
570567;;;;;;;;
570568;;;;;;;;
570571;;;;;;;;
570572;;;;;1890564.17;94528.2;RETENC. ISS EM LIQUIDAÇÃO;
570572;;;;;1890564.17;66169.75;INSS - PREST. SERV. PROPRIO;
570572;;;;;1890564.17;90747.08;IRRF SOBRE O TRABALHO PRINCIPAL - PJ;
570573;;;;;59044.4;6872.8;ISS - FME FUNDEB;
570574;;;;;;;;
570576;;;;;;;;
570582;;;;;408.67;408.67;HSJB - IRRF RETIDO EM N.F;
570585;;;;;;;;
570590;;;;;;;;
570591;;;;;;;;
570593;;;;;;;;
570595;;;;;59748.38;3603.6;IRRF - SERVIÇOS PRESTADOS PMVR;
570595;;;;;59748.38;1501.5;ISS;
570598;;;;;;;;
570599;;;;;;;;
570600;;;;;;;;
570601;;;;;3813.65;349.73;IR/PIS/COFINS/CSLL RETIDO N.F;
570602;;;;;;;;
570603;;;;;;;;
570604;;;;;;;;
570606;;;;;;;;
570608;;;;;;;;
570617;;;;;;;;
570619;;;;;;;;
570620;;;;;;;;
570623;;;;;;;;
570633;;;;;5499.6;274.98;ISS - PMVR;
570633;;;;;5499.6;263.98;IRRF - PMVR - PJ;
570634;;;;;;;;
570637;;;;;18313.34;549.4;ISS - PMVR;
570637;;;;;18313.34;879.04;IRRF - PMVR - PJ;
570639;;;;;31384.32;1569.22;RETENC. ISS EM LIQUIDAÇÃO;
570639;;;;;31384.32;1208.3;INSS - PREST. SERV. PROPRIO;
570639;;;;;31384.32;1506.45;IRRF SOBRE O TRABALHO PRINCIPAL - PJ;
570642;;;;;518007.46;6216.09;IRRF - GESTAO PLENA - SUS;
570642;;;;;518007.46;25900.38;ISS - GESTAO PLENA;
570646;;;;;;;;
570648;;;;;;;;
570649;;;;;;;;
570651;;;;;722824.71;36141.24;RETENC. ISS EM LIQUIDAÇÃO;
570651;;;;;722824.71;27828.75;INSS - PREST. SERV. PROPRIO;
570651;;;;;722824.71;34695.59;IRRF SOBRE O TRABALHO PRINCIPAL - PJ;
570652;;;;;3782.35;188.26;IRRF - GOV ESTADO - F 193;
570653;;;;;13000;2679;IRRF - PMVR;
570654;;;;;4571.56;365.83;IRRF - GOV ESTADO - F 193;
570658;;;;;;;;
570659;;;;;;;;
570660;;;;;;;;
570661;;;;;7117;7117;INSTITUTO NACIONAL DO SEGURO SOCIAL;
570662;;;;;;;;
570663;;;;;;;;
570667;;;;;;;;
570668;;;;;;;;
570671;;;;;780.32;780.32;RESTITUI0ES (ANTECIPACAO DE PAGAMENTO) -;
570673;;;;;284749.06;5852.93;ISS - GESTAO PLENA;
570675;;;;;;;;
570676;;;;;11.21;11.21;HSJB - IRRF RETIDO EM N.F;
570678;;;;;8853.4;106.24;IRRF - FME FUNDEB;
570682;;;;;26500;532.65;RETENC. ISS EM LIQUIDAÇÃO;
570683;;;;;71892;3594.6;RETENC. ISS EM LIQUIDAÇÃO;
570683;;;;;71892;3450.82;IRRF SOBRE O TRABALHO PRINCIPAL - PJ;
570684;;;;;6500;736.17;IRRF - TRABALHO PRINCIPAL PF PMVR;
570687;;;;;;;;
570688;;;;;;;;
570689;;;;;6500;736.17;IRRF - TRABALHO PRINCIPAL PF PMVR;
570690;;;;;;;;
570692;;;;;295;3.54;IR/PIS/COFINS/CSLL RETIDO N.F;
570693;;;;;0.75;0.75;HSJB - IRRF RETIDO EM N.F;
570695;;;;;12770;176.42;IRRF - GESTAO PLENA - SUS;
570695;;;;;12770;735.1;ISS - GESTAO PLENA;
570696;;;;;;;;
570705;;;;;;;;
570712;;;;;;;;
570714;;;;;;;;
570715;;;;;;;;
570717;;;;;;;;
570718;;;;;13900;511.52;ISS - GESTAO PLENA;
570719;;;;;13900;501.79;ISS - GESTAO PLENA;
570720;;;;;;;;
570723;;;;;;;;
570735;;;;;;;;
570740;;;;;;;;
570742;;;;;;;;
570743;;;;;;;;
570744;;;;;32.6;32.6;HSJB - IRRF RETIDO EM N.F;
570745;;;;;;;;
570746;;;;;;;;
570747;;;;;;;;
570748;;;;;;;;
570749;;;;;38.97;38.97;HSJB - IRRF RETIDO EM N.F;
570750;;;;;;;;
570751;;;;;;;;
570752;;;;;;;;
570753;;;;;;;;
570754;;;;;53.04;53.04;HSJB - IRRF RETIDO EM N.F;
570756;;;;;;;;
570758;;;;;;;;
570759;;;;;;;;
570760;;;;;84;84;HSJB - IRRF RETIDO EM N.F;
570763;;;;;;;;
570765;;;;;53.04;53.04;HSJB - IRRF RETIDO EM N.F;
570766;;;;;;;;
570769;;;;;;;;
570772;;;;;;;;
570778;;;;;;;;
570784;;;;;;;;
570788;;;;;;;;
570793;;;;;31;31;HSJB - IRRF RETIDO EM N.F;
570794;;;;;43900;878;ISS - PMVR;
570796;;;;;;;;
570797;;;;;31;31;HSJB - IRRF RETIDO EM N.F;
570799;;;;;;;;
570800;;;;;;;;
570801;;;;;;;;
570802;;;;;;;;
570803;;;;;;;;
570805;;;;;31;31;HSJB - IRRF RETIDO EM N.F;
570807;;;;;;;;
570813;;;;;;;;
570814;;;;;;;;
570815;;;;;;;;
570827;;;;;8773.06;175.46;RETENC. ISS EM LIQUIDAÇÃO;
570830;;;;;;;;
570831;;;;;;;;
570834;;;;;;;;
570835;;;;;;;;
570836;;;;;;;;
570837;;;;;31;31;HSJB - IRRF RETIDO EM N.F;
570838;;;;;;;;
570839;;;;;31;31;HSJB - IRRF RETIDO EM N.F;
570842;;;;;;;;
570843;;;;;53660.64;643.93;IRRF SOBRE O TRABALHO PRINCIPAL - PJ;
570844;;;;;;;;
570845;;;;;76.12;76.12;HSJB - IRRF RETIDO EM N.F;
570849;;;;;;;;
570854;;;;;;;;
570856;;;;;;;;
570858;;;;;29276.88;585.54;RETENC. ISS EM LIQUIDAÇÃO;
570860;;;;;;;;
570865;;;;;;;;
570868;;;;;;;;
570871;;;;;;;;
570875;;;;;;;;
570877;;;;;;;;
570879;;;;;;;;
570882;;;;;43.08;43.08;HSJB - IRRF RETIDO EM N.F;
570884;;;;;;;;
570887;;;;;;;;
570889;;;;;52.8;52.8;HSJB - IRRF RETIDO EM N.F;
570895;;;;;100567.78;5028.39;ISS - FME FUNDEB;
570896;;;;;;;;
570897;;;;;76.12;76.12;HSJB - IRRF RETIDO EM N.F;
570898;;;;;5480.32;65.76;IRRF SOBRE O TRABALHO PRINCIPAL - PJ;
570899;;;;;;;;
570900;;;;;;;;
570901;;;;;;;;
570902;;;;;;;;
570904;;;;;;;;
570905;;;;;90.15;90.15;HSJB - IRRF RETIDO EM N.F;
570906;;;;;;;;
570907;;;;;;;;
570908;;;;;;;;
570909;;;;;;;;
570910;;;;;;;;
570911;;;;;33275.5;33275.5;INSTITUTO NACIONAL DO SEGURO SOCIAL;
570912;;;;;;;;
570913;;;;;1613.6;1613.6;RESTITUI0ES (ANTECIPACAO DE PAGAMENTO) -;
570914;;;;;249367.06;6050.09;IRRF - GESTAO PLENA - SUS;
570914;;;;;249367.06;30250.46;ISS - GESTAO PLENA;
570915;;;;;85.68;85.68;HSJB - IRRF RETIDO EM N.F;
570916;;;;;;;;
570917;;;;;;;;
570918;;;;;76.04;76.04;HSJB - IRRF RETIDO EM N.F;
570919;;;;;;;;
570920;;;;;;;;
570921;;;;;8521.36;1447.37;IRRF - PMVR;
570923;;;;;;;;
570924;;;;;;;;
570925;;;;;25170.42;320.05;IRRF - GESTAO PLENA - SUS;
570925;;;;;25170.42;800.13;ISS - GESTAO PLENA;
570926;;;;;82.8;82.8;HSJB - IRRF RETIDO EM N.F;
570928;;;;;;;;
570930;;;;;;;;
570931;;;;;;;;
570933;;;;;;;;
570936;;;;;;;;
570937;;;;;;;;
570939;;;;;;;;
570942;;;;;;;;
570943;;;;;;;;
570948;;;;;;;;
570952;;;;;100567.77;5028.39;ISS - FME FUNDEB;
570960;;;;;;;;
570962;;;;;;;;
570963;;;;;4908.96;58.91;IR/PIS/COFINS/CSLL RETIDO N.F;
570964;;;;;46471.42;557.66;IR/PIS/COFINS/CSLL RETIDO N.F;
570966;;;;;1264.5;15.17;IR/PIS/COFINS/CSLL RETIDO N.F;
570967;;;;;;;;
570968;;;;;;;;
570970;;;;;;;;
570971;;;;;110361.42;3310.84;ISS - PMVR;
570971;;;;;110361.42;5297.35;IRRF - PRESTADOR DE SERVIÇOS;
570971;;;;;16554.21;1820.96;INSS PRESTADORES DE SERVIÇO PJ;
570972;;;;;;;;
570974;;;;;;;;
570977;;;;;140892.22;4226.77;ISS - PMVR;
570977;;;;;140892.22;6762.83;IRRF - PRESTADOR DE SERVIÇOS;
570977;;;;;140892.22;2324.72;INSS PRESTADORES DE SERVIÇO PJ;
570978;;;;;6263.75;125.28;RETENC. ISS EM LIQUIDAÇÃO;
570986;;;;;;;;
570987;;;;;;;;
570988;;;;;;;;
570991;;;;;;;;
570992;;;;;;;;
570993;;;;;;;;
570994;;;;;;;;
570995;;;;;;;;
570996;;;;;;;;
570997;;;;;;;;
570998;;;;;;;;
570999;;;;;663.82;33.19;ISS - PMVR;
570999;;;;;663.82;31.86;IRRF - PRESTADOR DE SERVIÇOS;
571000;;;;;;;;
571001;;;;;;;;
571002;;;;;;;;
571003;;;;;;;;
571005;;;;;;;;
571006;;;;;;;;
571007;;;;;;;;
571008;;;;;;;;
571009;;;;;;;;
571010;;;;;;;;
571011;;;;;;;;
571012;;;;;;;;
571013;;;;;;;;
571014;;;;;;;;
571015;;;;;;;;
571016;;;;;;;;
571017;;;;;;;;
571018;;;;;;;;
571019;;;;;;;;
571020;;;;;;;;
571021;;;;;;;;
571022;;;;;;;;
571023;;;;;;;;
571024;;;;;;;;
571025;;;;;;;;
571026;;;;;184.8;184.8;INSTITUTO NACIONAL DO SEGURO SOCIAL;
571027;;;;;8215.2;294;ISS - GESTAO PLENA;
571028;;;;;;;;
571029;;;;;;;;
571030;;;;;;;;
571031;;;;;;;;
571032;;;;;;;;
571033;;;;;;;;
571034;;;;;;;;
571035;;;;;252605;3031.26;IRRF SOBRE O TRABALHO PRINCIPAL - PJ;
571037;;;;;257521.74;3090.26;IRRF SOBRE O TRABALHO PRINCIPAL - PJ;
571038;;;;;283131.92;3397.58;IRRF SOBRE O TRABALHO PRINCIPAL - PJ;
571039;;;;;163670.34;1964.04;IRRF SOBRE O TRABALHO PRINCIPAL - PJ;
571040;;;;;226416;2716.99;IRRF SOBRE O TRABALHO PRINCIPAL - PJ;
571041;;;;;275338;3304.05;IRRF SOBRE O TRABALHO PRINCIPAL - PJ;
571042;;;;;324586.8;3895.04;IRRF SOBRE O TRABALHO PRINCIPAL - PJ;
571043;;;;;223800.2;2685.6;IRRF SOBRE O TRABALHO PRINCIPAL - PJ;
571044;;;;;283020;3396.24;IRRF SOBRE O TRABALHO PRINCIPAL - PJ;
571045;;;;;359994;4319.92;IRRF SOBRE O TRABALHO PRINCIPAL - PJ;
571046;;;;;275338;3304.05;IRRF SOBRE O TRABALHO PRINCIPAL - PJ;
571047;;;;;117538.83;2364.02;IRRF - GESTAO PLENA - SUS;
571047;;;;;117538.83;7880.05;ISS - GESTAO PLENA;
571048;;;;;403213.8;6048.21;IRRF - GESTAO PLENA - SUS;
571048;;;;;403213.8;20160.69;ISS - GESTAO PLENA;
571049;;;;;208302.25;3124.53;IRRF - GESTAO PLENA - SUS;
571049;;;;;208302.25;10415.11;ISS - GESTAO PLENA;
571050;;;;;66431.1;996.47;IRRF - GESTAO PLENA - SUS;
571050;;;;;66431.1;3321.56;ISS - GESTAO PLENA;
571051;;;;;;;;
571052;;;;;;;;
571053;;;;;;;;
571055;;;;;4199.4;282.09;IRRF - GOV ESTADO - F 193;
571064;;;;;;;;
571065;;;;;111.3;5.34;IRRF - PMVR;
571066;;;;;5.19;0.25;IRRF - PMVR;
571067;;;;;188.4;9.04;IRRF - PMVR;
571068;;;;;;;;
571072;;;;;67.82;67.82;HSJB - IRRF RETIDO EM N.F;
571074;;;;;;;;
571075;;;;;;;;
571076;;;;;;;;
571077;;;;;;;;
571078;;;;;;;;
571079;;;;;;;;
571080;;;;;;;;
571081;;;;;67.83;67.83;HSJB - IRRF RETIDO EM N.F;
571084;;;;;;;;
571085;;;;;;;;
571086;;;;;32.59;32.59;HSJB - IRRF RETIDO EM N.F;
571087;;;;;;;;
571089;;;;;;;;
571090;;;;;;;;
571091;;;;;;;;
571092;;;;;;;;
571093;;;;;;;;
571094;;;;;;;;
571095;;;;;;;;
571096;;;;;;;;
571097;;;;;30.91;30.91;HSJB - IRRF RETIDO EM N.F;
571098;;;;;;;;
571099;;;;;;;;
571100;;;;;;;;
571101;;;;;;;;
571102;;;;;;;;
571103;;;;;67.34;67.34;HSJB - IRRF RETIDO EM N.F;
571107;;;;;;;;
571110;;;;;;;;
571111;;;;;;;;
571112;;;;;51.79;51.79;HSJB - IRRF RETIDO EM N.F;
571113;;;;;2.23;2.23;HSJB - IRRF RETIDO EM N.F;
571117;;;;;;;;
571118;;;;;;;;
571119;;;;;;;;
571120;;;;;5.52;5.52;HSJB - IRRF RETIDO EM N.F;
571121;;;;;;;;
571122;;;;;3.72;3.72;HSJB - IRRF RETIDO EM N.F;
571123;;;;;;;;
571124;;;;;;;;
571125;;;;;;;;
571126;;;;;;;;
571127;;;;;2.86;2.86;HSJB - IRRF RETIDO EM N.F;
571129;;;;;;;;
571130;;;;;;;;
571131;;;;;;;;
571133;;;;;;;;
571134;;;;;7.38;7.38;HSJB - IRRF RETIDO EM N.F;
571135;;;;;;;;
571136;;;;;18.9;18.9;HSJB - IRRF RETIDO EM N.F;
571137;;;;;7200;156.24;ISS - GESTAO PLENA;
571138;;;;;;;;
571139;;;;;4.74;4.74;HSJB - IRRF RETIDO EM N.F;
571141;;;;;;;;
571142;;;;;2.23;2.23;HSJB - IRRF RETIDO EM N.F;
571143;;;;;;;;
571144;;;;;5.15;5.15;HSJB - IRRF RETIDO EM N.F;
571145;;;;;;;;
571146;;;;;2.76;2.76;HSJB - IRRF RETIDO EM N.F;
571147;;;;;6230.46;93.46;IRRF - GESTAO PLENA - SUS;
571147;;;;;6230.46;311.52;ISS - GESTAO PLENA;
571148;;;;;;;;
571149;;;;;14096.33;211.44;IRRF - GESTAO PLENA - SUS;
571149;;;;;14096.33;704.82;ISS - GESTAO PLENA;
571150;;;;;4777.96;71.67;IRRF - GESTAO PLENA - SUS;
571150;;;;;4777.96;238.9;ISS - GESTAO PLENA;
571151;;;;;136.5;136.5;HSJB - IRRF RETIDO EM N.F;
571152;;;;;8548.64;128.23;IRRF - GESTAO PLENA - SUS;
571152;;;;;8548.64;427.43;ISS - GESTAO PLENA;
571153;;;;;125384;1880.76;IRRF - GESTAO PLENA - SUS;
571153;;;;;125384;6269.2;ISS - GESTAO PLENA;
571154;;;;;18837.34;282.56;IRRF - GESTAO PLENA - SUS;
571154;;;;;18837.34;941.87;ISS - GESTAO PLENA;
571155;;;;;26847.13;322.16;IRRF - GESTAO PLENA - SUS;
571155;;;;;26847.13;805.41;ISS - GESTAO PLENA;
571156;;;;;;;;
571157;;;;;;;;
571158;;;;;54.22;54.22;HSJB - IRRF RETIDO EM N.F;
571160;;;;;;;;
571161;;;;;8.28;8.28;HSJB - IRRF RETIDO EM N.F;
571165;;;;;;;;
571166;;;;;;;;
571167;;;;;;;;
571168;;;;;93.18;93.18;HSJB - IRRF - PMVR;
571169;;;;;;;;
571170;;;;;;;;
571171;;;;;;;;
571172;;;;;4.41;4.41;HSJB - IRRF RETIDO EM N.F;
571173;;;;;;;;
571174;;;;;;;;
571175;;;;;2.76;2.76;HSJB - IRRF RETIDO EM N.F;
571176;;;;;;;;
571177;;;;;126.01;126.01;HSJB - IRRF RETIDO EM N.F;
571178;;;;;;;;
571179;;;;;;;;
571180;;;;;;;;
571181;;;;;2.24;2.24;HSJB - IRRF RETIDO EM N.F;
571182;;;;;;;;
571183;;;;;;;;
571184;;;;;9696.97;199.63;IRRF - GESTAO PLENA - SUS;
571184;;;;;9696.97;831.79;ISS - GESTAO PLENA;
571185;;;;;;;;
571186;;;;;4.05;4.05;HSJB - IRRF RETIDO EM N.F;
571187;;;;;63287.77;949.32;IRRF - GESTAO PLENA - SUS;
571187;;;;;63287.77;3164.39;ISS - GESTAO PLENA;
571188;;;;;;;;
571189;;;;;11440;171.6;IRRF - GESTAO PLENA - SUS;
571189;;;;;11440;572;ISS - GESTAO PLENA;
571190;;;;;6370;110.04;IRRF - GESTAO PLENA - SUS;
571190;;;;;6370;366.8;ISS - GESTAO PLENA;
571191;;;;;;;;
571192;;;;;15279.94;183.36;IRRF SOBRE O TRABALHO PRINCIPAL - PJ;
571194;;;;;30268.38;363.22;IRRF - GESTAO PLENA - SUS;
571194;;;;;30268.38;908.05;ISS - GESTAO PLENA;
571201;;;;;;;;
571203;;;;;2.23;2.23;HSJB - IRRF RETIDO EM N.F;
571210;;;;;;;;
571213;;;;;;;;
571215;;;;;;;;
571216;;;;;;;;
571217;;;;;;;;
571218;;;;;18.03;18.03;HSJB - IRRF RETIDO EM N.F;
571219;;;;;36908.77;24914.77;IRRF - TRABALHO PRINCIPAL PF PMVR;
571219;;;;;36908.77;6165.28;INSTITUTO NACIONAL DO SEGURO SOCIAL;
571220;;;;;;;;
571221;;;;;;;;
571222;;;;;5.03;5.03;HSJB - IRRF RETIDO EM N.F;
571223;;;;;;;;
571226;;;;;2.23;2.23;HSJB - IRRF RETIDO EM N.F;
571227;;;;;;;;
571228;;;;;4.86;4.86;HSJB - IRRF RETIDO EM N.F;
571230;;;;;;;;
571231;;;;;;;;
571233;;;;;32.4;32.4;HSJB - IRRF RETIDO EM N.F;
571234;;;;;;;;
571235;;;;;4968.83;4968.83;INSTITUTO NACIONAL DO SEGURO SOCIAL;
571236;;;;;2763.12;2763.12;IRRF - PMVR;
571238;;;;;;;;
571241;;;;;74.52;74.52;HSJB - IRRF RETIDO EM N.F;
571245;;;;;;;;
571247;;;;;44.8;44.8;HSJB - IRRF RETIDO EM N.F;
571249;;;;;1818.3;27.27;IRRF - GESTAO PLENA - SUS;
571249;;;;;1818.3;90.92;ISS - GESTAO PLENA;
571250;;;;;;;;
571251;;;;;25708.8;320.63;IRRF - GESTAO PLENA - SUS;
571251;;;;;25708.8;1335.96;ISS - GESTAO PLENA;
571252;;;;;95494.31;4774.72;ISS - PMVR;
571252;;;;;95494.31;1145.93;IRRF - PRESTADOR DE SERVIÇOS;
571252;;;;;95494.31;3676.53;INSS PRESTADORES DE SERVIÇO PJ;
571257;;;;;;;;
571259;;;;;87.72;87.72;HSJB - IRRF RETIDO EM N.F;
571260;;;;;4123.31;183.9;ISS - PMVR;
571261;;;;;;;;
571263;;;;;;;;
571264;;;;;;;;
571265;;;;;16.8;16.8;HSJB - IRRF RETIDO EM N.F;
571266;;;;;;;;
571267;;;;;;;;
571268;;;;;;;;
571269;;;;;;;;
571271;;;;;;;;
571272;;;;;;;;
571273;;;;;;;;
571275;;;;;;;;
571276;;;;;;;;
571277;;;;;;;;
571279;;;;;;;;
571280;;;;;;;;
571282;;;;;;;;
571284;;;;;11590.91;656.86;ISS - GESTAO PLENA;
571285;;;;;;;;
571287;;;;;;;;
571289;;;;;34.2;34.2;HSJB - IRRF RETIDO EM N.F;
571291;;;;;14850;178.2;IRRF - GESTAO PLENA - SUS;
571291;;;;;14850;297;ISS - GESTAO PLENA;
571292;;;;;9114;219.81;IRRF - GESTAO PLENA - SUS;
571292;;;;;9114;732.7;ISS - GESTAO PLENA;
571293;;;;;;;;
571294;;;;;;;;
571295;;;;;;;;
571296;;;;;;;;
571297;;;;;36.6;36.6;HSJB - IRRF RETIDO EM N.F;
571299;;;;;;;;
571300;;;;;;;;
571301;;;;;320800;16040;ISS - GOV ESTADO  F 193;
571301;;;;;320800;4812;IRRF - GOV ESTADO - F 193;
571302;;;;;;;;
571303;;;;;;;;
571304;;;;;;;;
571305;;;;;58.29;58.29;HSJB - IRRF RETIDO EM N.F;
571306;;;;;;;;
571308;;;;;;;;
571309;;;;;70.45;70.45;HSJB - IRRF RETIDO EM N.F;
571310;;;;;;;;
571311;;;;;;;;
571312;;;;;;;;
571313;;;;;49.8;49.8;HSJB - IRRF RETIDO EM N.F;
571314;;;;;;;;
571315;;;;;;;;
571316;;;;;;;;
571317;;;;;;;;
571318;;;;;;;;
571320;;;;;;;;
571321;;;;;22.68;22.68;HSJB - IRRF RETIDO EM N.F;
571322;;;;;;;;
571323;;;;;;;;
571324;;;;;;;;
571325;;;;;;;;
571326;;;;;953.01;14.3;IRRF - GESTAO PLENA - SUS;
571326;;;;;953.01;47.65;ISS - GESTAO PLENA;
571327;;;;;;;;
571328;;;;;;;;
571330;;;;;;;;
571331;;;;;;;;
571332;;;;;5031.73;75.48;IRRF - GESTAO PLENA - SUS;
571332;;;;;5031.73;251.59;ISS - GESTAO PLENA;
571335;;;;;;;;
571336;;;;;442.74;6.64;IRRF - GESTAO PLENA - SUS;
571336;;;;;442.74;22.14;ISS - GESTAO PLENA;
571338;;;;;1727.62;77.05;ISS - PMVR;
571339;;;;;776.31;11.64;IRRF - GESTAO PLENA - SUS;
571339;;;;;776.31;38.82;ISS - GESTAO PLENA;
571340;;;;;31.2;31.2;HSJB - IRRF RETIDO EM N.F;
571341;;;;;;;;
571343;;;;;11.47;11.47;HSJB - IRRF RETIDO EM N.F;
571344;;;;;28617.4;28617.4;RESTITUICAO EMPRÉSTIMO C/ O MINIST. DA S;
571345;;;;;;;;
571346;;;;;195275.36;3358.39;IRRF - GESTAO PLENA - SUS;
571346;;;;;195275.36;11194.64;ISS - GESTAO PLENA;
571349;;;;;18.67;18.67;HSJB - IRRF RETIDO EM N.F;
571351;;;;;;;;
571352;;;;;2.23;2.23;HSJB - IRRF RETIDO EM N.F;
571354;;;;;205473.89;13722.83;ISS - GOV ESTADO  F 193;
571354;;;;;205473.89;4116.85;IRRF - GOV ESTADO - F 193;
571356;;;;;;;;
571357;;;;;;;;
571359;;;;;;;;
571361;;;;;;;;
571362;;;;;;;;
571363;;;;;;;;
571365;;;;;;;;
571366;;;;;;;;
571368;;;;;36;36;HSJB - IRRF RETIDO EM N.F;
571371;;;;;2610;54.81;ISS - GESTAO PLENA;
571372;;;;;44.8;44.8;HSJB - IRRF RETIDO EM N.F;
571374;;;;;600;7.53;IRRF - GESTAO PLENA - SUS;
571374;;;;;600;31.35;ISS - GESTAO PLENA;
571376;;;;;;;;
571377;;;;;;;;
571378;;;;;5.02;5.02;HSJB - IRRF RETIDO EM N.F;
571381;;;;;;;;
571382;;;;;7.26;7.26;HSJB - IRRF RETIDO EM N.F;
571383;;;;;6370;119.01;IRRF - GESTAO PLENA - SUS;
571383;;;;;6370;158.68;ISS - GESTAO PLENA;
571384;;;;;;;;
571385;;;;;;;;
571386;;;;;4.37;4.37;HSJB - IRRF RETIDO EM N.F;
571387;;;;;;;;
571388;;;;;;;;
571389;;;;;2.23;2.23;HSJB - IRRF RETIDO EM N.F;
571390;;;;;;;;
571391;;;;;15400;334.18;ISS - GESTAO PLENA;
571392;;;;;;;;
571393;;;;;37.8;37.8;HSJB - IRRF RETIDO EM N.F;
571394;;;;;2.23;2.23;HSJB - IRRF RETIDO EM N.F;
571395;;;;;;;;
571396;;;;;2.76;2.76;HSJB - IRRF RETIDO EM N.F;
571400;;;;;;;;
571402;;;;;43.89;43.89;HSJB - IRRF RETIDO EM N.F;
571403;;;;;;;;
571404;;;;;10980;131.76;IRRF - GESTAO PLENA - SUS;
571404;;;;;10980;549;ISS - GESTAO PLENA;
571405;;;;;66.57;66.57;HSJB - IRRF RETIDO EM N.F;
571406;;;;;;;;
571407;;;;;10005;150.07;IRRF - GESTAO PLENA - SUS;
571407;;;;;10005;200.1;ISS - GESTAO PLENA;
571408;;;;;14602;306.64;ISS - GESTAO PLENA;
571409;;;;;;;;
571410;;;;;;;;
571411;;;;;2800;104.44;ISS - GESTAO PLENA;
571412;;;;;69.09;69.09;HSJB - IRRF RETIDO EM N.F;
571413;;;;;;;;
571414;;;;;;;;
571415;;;;;7038;171.79;IRRF - GESTAO PLENA - SUS;
571415;;;;;7038;286.32;ISS - GESTAO PLENA;
571417;;;;;;;;
571418;;;;;14310;234.45;IRRF - GESTAO PLENA - SUS;
571418;;;;;14310;781.5;ISS - GESTAO PLENA;
571419;;;;;;;;
571420;;;;;1820;118.29;ISS - GESTAO PLENA;
571421;;;;;;;;
571422;;;;;8772;421.05;IRRF SOBRE O TRABALHO PRINCIPAL - PJ;
571423;;;;;8772;421.05;IRRF SOBRE O TRABALHO PRINCIPAL - PJ;
571424;;;;;17544;210.52;IRRF SOBRE O TRABALHO PRINCIPAL - PJ;
571426;;;;;7000;84;IRRF - GESTAO PLENA - SUS;
571426;;;;;7000;350;ISS - GESTAO PLENA;
571428;;;;;;;;
571429;;;;;5.8;5.8;HSJB - IRRF RETIDO EM N.F;
571430;;;;;;;;
571431;;;;;5782;86.18;IRRF - GESTAO PLENA - SUS;
571431;;;;;5782;359.1;ISS - GESTAO PLENA;
571432;;;;;;;;
571433;;;;;;;;
571434;;;;;;;;
571435;;;;;42144.4;505.73;IRRF - GESTAO PLENA - SUS;
571435;;;;;42144.4;842.89;ISS - GESTAO PLENA;
571436;;;;;14000;210;IRRF - GESTAO PLENA - SUS;
571436;;;;;14000;280;ISS - GESTAO PLENA;
571437;;;;;;;;
571440;;;;;6.91;6.91;HSJB - IRRF RETIDO EM N.F;
571445;;;;;747;11.21;IRRF - GESTAO PLENA - SUS;
571445;;;;;747;37.35;ISS - GESTAO PLENA;
571446;;;;;;;;
571447;;;;;2600;130;ISS - PMVR;
571449;;;;;2120;106;ISS - PMVR;
571453;;;;;;;;
571455;;;;;;;;
571460;;;;;49655.55;744.83;IRRF - GESTAO PLENA - SUS;
571460;;;;;49655.55;2482.78;ISS - GESTAO PLENA;
571462;;;;;;;;
571464;;;;;;;;
571465;;;;;7.38;7.38;HSJB - IRRF RETIDO EM N.F;
571467;;;;;;;;
571468;;;;;;;;
571476;;;;;;;;
571480;;;;;871.8;10.46;IR/PIS/COFINS/CSLL RETIDO N.F;
571481;;;;;;;;
571482;;;;;575.12;28.76;ISS - GESTAO PLENA;
571483;;;;;;;;
571484;;;;;;;;
571485;;;;;7137.65;356.88;ISS - GESTAO PLENA;
571486;;;;;;;;
571487;;;;;;;;
571488;;;;;372.64;18.63;ISS - GESTAO PLENA;
571489;;;;;35.7;35.7;HSJB - IRRF RETIDO EM N.F;
571490;;;;;320;16;ISS - GESTAO PLENA;
571492;;;;;;;;
571493;;;;;;;;
571494;;;;;6224.8;311.24;ISS - GESTAO PLENA;
571496;;;;;297.6;14.88;ISS - GESTAO PLENA;
571497;;;;;2703.2;135.16;ISS - GESTAO PLENA;
571499;;;;;173.6;8.68;ISS - GESTAO PLENA;
571501;;;;;22948.2;895.66;ISS - GESTAO PLENA;
571502;;;;;;;;
571503;;;;;39300;1886.4;IRRF RETIDO EM N.F.;
571504;;;;;95317.86;1143.81;IRRF - FORNECIMENTO DE BENS;
571505;;;;;1597.9;19.17;IRRF - GESTAO PLENA - SUS;
571505;;;;;1597.9;79.9;ISS - GESTAO PLENA;
571506;;;;;;;;
571507;;;;;13656.2;163.87;IRRF - FORNECIMENTO DE BENS;
571508;;;;;5608;67.29;IRRF - FORNECIMENTO DE BENS;
571509;;;;;6566;142.48;ISS - GESTAO PLENA;
571510;;;;;;;;
571511;;;;;;;;
571512;;;;;363.22;16.2;ISS - PMVR;
571513;;;;;20.26;20.26;HSJB - IRRF RETIDO EM N.F;
571514;;;;;74600;3730;ISS - GOV ESTADO  F 193;
571514;;;;;74600;1119;IRRF - GOV ESTADO - F 193;
571515;;;;;;;;
571516;;;;;;;;
571519;;;;;473643.33;10059.8;ISS - PMVR;
571519;;;;;473643.33;24143.52;IRRF - PRESTADOR DE SERVIÇOS;
571520;;;;;;;;
571521;;;;;1019.73;47.95;IRRF SOBRE O TRABALHO PRINCIPAL - PJ;
571522;;;;;;;;
571523;;;;;;;;
571528;;;;;644.4;32.22;RETENC. ISS EM LIQUIDAÇÃO;
571531;;;;;3200;28.2;IRRF - TRABALHO PRINCIPAL PF PMVR;
571534;;;;;77;0.92;IRRF SOBRE O TRABALHO PRINCIPAL - PJ;
571536;;;;;;;;
571539;;;;;119.7;1.44;IRRF SOBRE O TRABALHO PRINCIPAL - PJ;
571540;;;;;;;;
571541;;;;;18722.05;4252.56;IRRF - TRABALHO PRINCIPAL PF PMVR;
571542;;;;;;;;
571544;;;;;;;;
571545;;;;;812803.38;42223;ISS - GOV ESTADO  F 193;
571545;;;;;812803.38;12666.9;IRRF - GOV ESTADO - F 193;
571546;;;;;;;;
571547;;;;;18722.05;4252.56;IRRF - TRABALHO PRINCIPAL PF PMVR;
571548;;;;;;;;
571549;;;;;;;;
571550;;;;;1005.6;12.07;IRRF SOBRE O TRABALHO PRINCIPAL - PJ;
571551;;;;;68.51;0.82;IRRF SOBRE O TRABALHO PRINCIPAL - PJ;
571552;;;;;;;;
571553;;;;;;;;
571554;;;;;1552.74;61.95;RETENC. ISS EM LIQUIDAÇÃO;
571554;;;;;1552.74;51.24;INSS - PREST. SERV. PROPRIO;
571555;;;;;9860;118.32;IRRF - GESTAO PLENA - SUS;
571555;;;;;9860;197.2;ISS - GESTAO PLENA;
571557;;;;;;;;
571558;;;;;1990.59;77.83;RETENC. ISS EM LIQUIDAÇÃO;
571558;;;;;1990.59;65.69;INSS - PREST. SERV. PROPRIO;
571559;;;;;2278.1;109.34;IRRF SOBRE O TRABALHO PRINCIPAL - PJ;
571560;;;;;;;;
571561;;;;;13680;164.16;IRRF - GESTAO PLENA - SUS;
571561;;;;;13680;684;ISS - GESTAO PLENA;
571562;;;;;;;;
571563;;;;;3300;39.6;IRRF SOBRE O TRABALHO PRINCIPAL - PJ;
571564;;;;;;;;
571565;;;;;23690;1070.79;ISS - PMVR;
571566;;;;;;;;
571567;;;;;13149.54;631.17;IRRF SOBRE O TRABALHO PRINCIPAL - PJ;
571568;;;;;3600;43.2;IRRF SOBRE O TRABALHO PRINCIPAL - PJ;
571570;;;;;;;;
571571;;;;;5250;126;IRRF - GESTAO PLENA - SUS;
571571;;;;;5250;168;ISS - GESTAO PLENA;
571572;;;;;;;;
571573;;;;;;;;
571574;;;;;;;;
571575;;;;;547.5;6.57;IRRF SOBRE O TRABALHO PRINCIPAL - PJ;
571576;;;;;;;;
571577;;;;;;;;
571578;;;;;;;;
571579;;;;;44.8;44.8;HSJB - IRRF RETIDO EM N.F;
571580;;;;;;;;
571581;;;;;;;;
571583;;;;;2319;27.83;IRRF - GESTAO PLENA - SUS;
571583;;;;;2319;115.95;ISS - GESTAO PLENA;
571584;;;;;;;;
571585;;;;;;;;
571586;;;;;;;;
571587;;;;;;;;
571588;;;;;;;;
571589;;;;;6989.9;279.6;ISS - GESTAO PLENA;
571590;;;;;;;;
571591;;;;;3629.15;62.21;IRRF - GESTAO PLENA - SUS;
571591;;;;;3629.15;82.95;ISS - GESTAO PLENA;
571592;;;;;16660;261.6;IRRF - GESTAO PLENA - SUS;
571592;;;;;16660;872;ISS - GESTAO PLENA;
571593;;;;;;;;
571595;;;;;;;;
571596;;;;;;;;
571597;;;;;;;;
571598;;;;;;;;
571599;;;;;;;;
571600;;;;;10.08;0.12;IRRF SOBRE O TRABALHO PRINCIPAL - PJ;
571601;;;;;82.8;0.99;IRRF SOBRE O TRABALHO PRINCIPAL - PJ;
571602;;;;;;;;
571603;;;;;;;;
571605;;;;;;;;
571606;;;;;;;;
571607;;;;;;;;
571609;;;;;;;;
571613;;;;;;;;
571614;;;;;;;;
571615;;;;;614024.16;9210.36;IRRF - GESTAO PLENA - SUS;
571615;;;;;614024.16;30701.21;ISS - GESTAO PLENA;
571616;;;;;;;;
571617;;;;;108514.23;2323.21;IRRF SOBRE O TRABALHO PRINCIPAL - PJ;
571618;;;;;1.44;1.44;HSJB - IRRF RETIDO EM N.F;
571623;;;;;;;;
571624;;;;;;;;
571625;;;;;;;;
571626;;;;;;;;
571627;;;;;;;;
571628;;;;;11200;168;IRRF - GESTAO PLENA - SUS;
571628;;;;;11200;560;ISS - GESTAO PLENA;
571629;;;;;;;;
571630;;;;;;;;
571631;;;;;4.56;4.56;HSJB - IRRF RETIDO EM N.F;
571632;;;;;;;;
571633;;;;;215711.1;17342.31;RETENC. ISS EM LIQUIDAÇÃO;
571633;;;;;215711.1;5202.69;IRRF SOBRE O TRABALHO PRINCIPAL - PJ;
571634;;;;;;;;
571635;;;;;6370;367.25;ISS - GESTAO PLENA;
571636;;;;;;;;
571637;;;;;;;;
571639;;;;;;;;
571644;;;;;;;;
571646;;;;;;;;
571647;;;;;14095.75;1450.96;IRRF - GESTAO PLENA - SUS;
571651;;;;;;;;
571652;;;;;7356.39;147.13;ISS - PMVR;
571653;;;;;;;;
571655;;;;;;;;
571656;;;;;;;;
571657;;;;;;;;
571659;;;;;;;;
571660;;;;;3230;38.76;HSJB - IRRF RETIDO EM N.F;
571661;;;;;;;;
571662;;;;;;;;
571663;;;;;2859.28;47.45;IRRF - GOV ESTADO - F 193;
571665;;;;;;;;
571670;;;;;99700;4785.6;IRRF - PMVR;
571672;;;;;;;;
571673;;;;;;;;
571674;;;;;;;;
571676;;;;;365.76;4.39;HSJB - IRRF RETIDO EM N.F;
571677;;;;;39285;471.42;IRRF - FORNECIMENTO DE BENS;
571678;;;;;39285;471.42;IRRF - FORNECIMENTO DE BENS;
571679;;;;;39285;471.42;IRRF - FORNECIMENTO DE BENS;
571680;;;;;39285;471.42;IRRF - FORNECIMENTO DE BENS;
571681;;;;;39285;471.42;IRRF - FORNECIMENTO DE BENS;
571682;;;;;39285;471.42;IRRF - FORNECIMENTO DE BENS;
571683;;;;;5272.89;184.55;ISS - PMVR;
571683;;;;;5272.89;116;INSS PRESTADORES DE SERVIÇO PJ;
571684;;;;;;;;
571685;;;;;;;;
571686;;;;;;;;
571687;;;;;;;;
571688;;;;;;;;
571689;;;;;185.5;2.23;HSJB - IRRF RETIDO EM N.F;
571691;;;;;;;;
571692;;;;;2123.63;25.49;HSJB - IRRF RETIDO EM N.F;
571693;;;;;;;;
571694;;;;;;;;
571695;;;;;133597.87;4007.94;ISS - PMVR;
571695;;;;;133597.87;6412.7;IRRF - PRESTADOR DE SERVIÇOS;
571695;;;;;20039.68;2204.36;INSS PRESTADORES DE SERVIÇO PJ;
571697;;;;;;;;
571698;;;;;155.05;1.86;HSJB - IRRF RETIDO EM N.F;
571699;;;;;;;;
571700;;;;;1688.8;20.28;HSJB - IRRF RETIDO EM N.F;
571701;;;;;;;;
571702;;;;;229.76;2.76;HSJB - IRRF RETIDO EM N.F;
571703;;;;;3129.11;37.56;HSJB - IRRF RETIDO EM N.F;
571704;;;;;;;;
571705;;;;;52607.84;4756.17;IRRF - GESTAO PLENA - SUS;
571706;;;;;;;;
571707;;;;;;;;
571708;;;;;363857.87;5457.87;IRRF - GESTAO PLENA - SUS;
571708;;;;;363857.87;10915.74;ISS - GESTAO PLENA;
571709;;;;;11830.63;354.92;ISS - PMVR;
571709;;;;;11830.63;567.87;IRRF - PRESTADOR DE SERVIÇOS;
571710;;;;;;;;
571713;;;;;;;;
571718;;;;;2273.63;27.29;HSJB - IRRF RETIDO EM N.F;
571719;;;;;1688.8;20.28;HSJB - IRRF RETIDO EM N.F;
571720;;;;;1688.8;20.26;HSJB - IRRF RETIDO EM N.F;
571721;;;;;;;;
571722;;;;;;;;
571723;;;;;9340;112.08;IR/PIS/COFINS/CSLL RETIDO N.F;
571724;;;;;4051.84;48.62;IR/PIS/COFINS/CSLL RETIDO N.F;
571725;;;;;12050.53;144.61;IR/PIS/COFINS/CSLL RETIDO N.F;
571727;;;;;3195.34;38.34;IR/PIS/COFINS/CSLL RETIDO N.F;
571728;;;;;1281.11;15.38;HSJB - IRRF RETIDO EM N.F;
571729;;;;;31948.02;383.38;IRRF - FORNECIMENTO DE BENS;
571731;;;;;701.99;8.42;HSJB - IRRF RETIDO EM N.F;
571732;;;;;240885.9;11562.51;IRRF - PRESTADOR DE SERVIÇOS;
571732;;;;;2112363.13;25348.24;IRRF - FORNECIMENTO DE BENS;
571734;;;;;;;;
571735;;;;;36898.86;1771.15;IRRF - PRESTADOR DE SERVIÇOS;
571735;;;;;165078.22;1980.95;IRRF - FORNECIMENTO DE BENS;
571736;;;;;1688.8;20.28;HSJB - IRRF RETIDO EM N.F;
571737;;;;;2123.63;25.49;HSJB - IRRF RETIDO EM N.F;
571739;;;;;1688.8;20.26;HSJB - IRRF RETIDO EM N.F;
571741;;;;;1688.8;20.27;HSJB - IRRF RETIDO EM N.F;
571742;;;;;1874.3;22.5;HSJB - IRRF RETIDO EM N.F;
571744;;;;;1688.8;20.26;HSJB - IRRF RETIDO EM N.F;
571745;;;;;3072.63;36.88;HSJB - IRRF RETIDO EM N.F;
571746;;;;;1688.8;20.28;HSJB - IRRF RETIDO EM N.F;
571747;;;;;187.29;2.24;HSJB - IRRF RETIDO EM N.F;
571748;;;;;2140.16;25.67;HSJB - IRRF RETIDO EM N.F;
571749;;;;;1688.8;20.25;HSJB - IRRF RETIDO EM N.F;
571750;;;;;955.43;11.47;HSJB - IRRF RETIDO EM N.F;
571751;;;;;701.99;8.42;HSJB - IRRF RETIDO EM N.F;
571754;;;;;29.28;1.12;ISS - PMVR;
571755;;;;;2273.63;27.29;HSJB - IRRF RETIDO EM N.F;
571757;;;;;2123.63;25.49;HSJB - IRRF RETIDO EM N.F;
571758;;;;;2123.63;25.49;HSJB - IRRF RETIDO EM N.F;
571759;;;;;2123.63;25.49;HSJB - IRRF RETIDO EM N.F;
571761;;;;;2123.63;25.49;HSJB - IRRF RETIDO EM N.F;
571762;;;;;;;;
571765;;;;;900;10.8;HSJB - IRRF RETIDO EM N.F;
571766;;;;;2123.63;25.49;HSJB - IRRF RETIDO EM N.F;
571767;;;;;7860.19;94.32;HSJB - IRRF RETIDO EM N.F;
571769;;;;;;;;
571770;;;;;5892.75;70.71;HSJB - IRRF RETIDO EM N.F;
571771;;;;;1474.63;17.7;HSJB - IRRF RETIDO EM N.F;
571772;;;;;;;;
571773;;;;;3602.34;144.09;ISS - PMVR;
571773;;;;;3602.34;172.91;IRRF - PRESTADOR DE SERVIÇOS;
571774;;;;;;;;
571775;;;;;;;;
571777;;;;;;;;
571780;;;;;;;;
571781;;;;;2868.57;34.42;HSJB - IRRF RETIDO EM N.F;
571783;;;;;;;;
571785;;;;;;;;
571786;;;;;;;;
571787;;;;;;;;
571788;;;;;;;;
571789;;;;;;;;
571790;;;;;;;;
571791;;;;;240;12;ISS - PMVR;
571792;;;;;;;;
571793;;;;;480;24;ISS - PMVR;
571794;;;;;614;30.7;ISS - PMVR;
571795;;;;;960;48;ISS - PMVR;
571796;;;;;560;28;ISS - PMVR;
571797;;;;;2868.57;34.42;HSJB - IRRF RETIDO EM N.F;
571798;;;;;2868.57;34.42;HSJB - IRRF RETIDO EM N.F;
571799;;;;;175442.5;2105.31;IRRF - GESTAO PLENA - SUS;
571799;;;;;175442.5;8772.12;ISS - GESTAO PLENA;
571800;;;;;2868.57;34.42;HSJB - IRRF RETIDO EM N.F;
571802;;;;;2868.57;34.42;HSJB - IRRF RETIDO EM N.F;
571803;;;;;;;;
571804;;;;;3398.39;40.78;HSJB - IRRF RETIDO EM N.F;
571807;;;;;2273.63;27.29;HSJB - IRRF RETIDO EM N.F;
571815;;;;;1474.63;17.7;HSJB - IRRF RETIDO EM N.F;
571820;;;;;1474.63;17.7;HSJB - IRRF RETIDO EM N.F;
571824;;;;;;;;
571825;;;;;2273.63;27.29;HSJB - IRRF RETIDO EM N.F;
571826;;;;;;;;
571827;;;;;1474.63;17.7;HSJB - IRRF RETIDO EM N.F;
571828;;;;;;;;
571831;;;;;1949.53;1949.53;INSTITUTO NACIONAL DO SEGURO SOCIAL;
571832;;;;;;;;
571833;;;;;57127.11;1772.29;ISS - GESTAO PLENA;
571835;;;;;2273.63;27.29;HSJB - IRRF RETIDO EM N.F;
571836;;;;;;;;
571837;;;;;2697.51;32.37;HSJB - IRRF RETIDO EM N.F;
571838;;;;;2697.51;32.37;HSJB - IRRF RETIDO EM N.F;
571839;;;;;;;;
571840;;;;;2697.51;32.37;HSJB - IRRF RETIDO EM N.F;
571845;;;;;2697.51;32.37;HSJB - IRRF RETIDO EM N.F;
571846;;;;;2868.57;34.42;HSJB - IRRF RETIDO EM N.F;
571847;;;;;2697.51;32.37;HSJB - IRRF RETIDO EM N.F;
571848;;;;;2697.51;32.37;HSJB - IRRF RETIDO EM N.F;
571849;;;;;2697.51;32.37;HSJB - IRRF RETIDO EM N.F;
571850;;;;;2868.57;34.42;HSJB - IRRF RETIDO EM N.F;
571851;;;;;2697.51;32.37;HSJB - IRRF RETIDO EM N.F;
571852;;;;;3072.63;36.88;HSJB - IRRF RETIDO EM N.F;
571853;;;;;1074.63;12.9;HSJB - IRRF RETIDO EM N.F;
571854;;;;;;;;
571855;;;;;2478.42;64.68;ISS - PMVR;
571856;;;;;;;;
571857;;;;;;;;
571858;;;;;1074.63;12.9;HSJB - IRRF RETIDO EM N.F;
571859;;;;;;;;
571860;;;;;;;;
571861;;;;;;;;
571862;;;;;;;;
571863;;;;;;;;
571864;;;;;;;;
571865;;;;;;;;
571867;;;;;;;;
571868;;;;;;;;
571869;;;;;425.63;5.11;HSJB - IRRF RETIDO EM N.F;
571870;;;;;;;;
571871;;;;;;;;
571872;;;;;;;;
571877;;;;;;;;
571878;;;;;;;;
571880;;;;;;;;
571882;;;;;;;;
571883;;;;;;;;
571885;;;;;;;;
571888;;;;;;;;
571892;;;;;;;;
571893;;;;;17357.45;260.36;IRRF - GESTAO PLENA - SUS;
571893;;;;;17357.45;347.15;ISS - GESTAO PLENA;
571894;;;;;19697.78;984.89;ISS - GOV ESTADO  F 193;
571894;;;;;19697.78;295.46;IRRF - GOV ESTADO - F 193;
571895;;;;;;;;
571896;;;;;1474.63;17.7;HSJB - IRRF RETIDO EM N.F;
571897;;;;;1474.63;17.7;HSJB - IRRF RETIDO EM N.F;
571899;;;;;1474.63;17.7;HSJB - IRRF RETIDO EM N.F;
571902;;;;;2123.63;25.49;HSJB - IRRF RETIDO EM N.F;
571905;;;;;1474.63;17.7;HSJB - IRRF RETIDO EM N.F;
571906;;;;;169.9;8.5;ISS - PMVR;
571907;;;;;192;9.6;ISS - PMVR;
571908;;;;;2273.63;27.29;HSJB - IRRF RETIDO EM N.F;
571909;;;;;;;;
571910;;;;;;;;
571911;;;;;2123.63;25.49;HSJB - IRRF RETIDO EM N.F;
571912;;;;;;;;
571913;;;;;;;;
571914;;;;;2123.63;25.49;HSJB - IRRF RETIDO EM N.F;
571915;;;;;12755.6;306.13;IRRF - PRESTADOR DE SERVIÇOS;
571917;;;;;3072.63;36.88;HSJB - IRRF RETIDO EM N.F;
571920;;;;;2159.97;25.92;IRRF -FUNDEB;
571921;;;;;2273.63;27.29;HSJB - IRRF RETIDO EM N.F;
571926;;;;;;;;
571927;;;;;;;;
571929;;;;;;;;
571930;;;;;;;;
571932;;;;;;;;
571933;;;;;;;;
571934;;;;;900;10.8;IRRF -FUNDEB;
571935;;;;;1264.5;15.17;IR/PIS/COFINS/CSLL RETIDO N.F;
571936;;;;;;;;
571937;;;;;;;;
571938;;;;;2273.63;27.29;HSJB - IRRF RETIDO EM N.F;
571940;;;;;;;;
571942;;;;;;;;
571944;;;;;;;;
571945;;;;;2480.11;29.77;HSJB - IRRF RETIDO EM N.F;
571946;;;;;;;;
571947;;;;;;;;
571948;;;;;;;;
571949;;;;;;;;
571950;;;;;;;;
571951;;;;;1899;22.79;HSJB - IRRF RETIDO EM N.F;
571952;;;;;;;;
571953;;;;;2922.63;35.08;HSJB - IRRF RETIDO EM N.F;
571954;;;;;291.13;291.13;INSTITUTO NACIONAL DO SEGURO SOCIAL;
571955;;;;;891.91;891.91;ISS - PMVR;
571961;;;;;2273.63;27.29;HSJB - IRRF RETIDO EM N.F;
571963;;;;;;;;
571965;;;;;1074.63;12.9;HSJB - IRRF RETIDO EM N.F;
571966;;;;;4737.22;4737.22;INSTITUTO NACIONAL DO SEGURO SOCIAL;
571967;;;;;2123.63;25.49;HSJB - IRRF RETIDO EM N.F;
571968;;;;;621.4;621.4;RESTITUI0ES (ANTECIPACAO DE PAGAMENTO) -;
571969;;;;;138193.51;4306.56;ISS - GESTAO PLENA;
571970;;;;;2273.63;27.29;HSJB - IRRF RETIDO EM N.F;
571971;;;;;205035.8;4100.72;ISS - PMVR;
571971;;;;;20503.58;717.63;INSS PRESTADORES DE SERVIÇO PJ;
571973;;;;;;;;
571974;;;;;1723.63;20.69;HSJB - IRRF RETIDO EM N.F;
571977;;;;;;;;
571979;;;;;;;;
571980;;;;;2273.63;27.29;HSJB - IRRF RETIDO EM N.F;
571981;;;;;;;;
571982;;;;;2316.56;34.74;IRRF - GESTAO PLENA - SUS;
571983;;;;;;;;
571984;;;;;;;;
571985;;;;;;;;
571986;;;;;2123.6;25.49;HSJB - IRRF RETIDO EM N.F;
571987;;;;;;;;
571988;;;;;;;;
571989;;;;;;;;
571991;;;;;;;;
571992;;;;;19864;297.73;IRRF - FORNECIMENTO DE BENS;
571993;;;;;;;;
571994;;;;;;;;
571995;;;;;;;;
571996;;;;;;;;
571997;;;;;468010.79;75075.31;ISS - SALARIO EDUCACAO;
571997;;;;;468010.79;18018.08;IRRF - SALARIO EDUCAÇÃO;
571997;;;;;468010.79;165165.69;INSS REENÇÃO - SALARIO EDUCAÇÃO;
571998;;;;;;;;
571999;;;;;215000;10750;RETENC. ISS EM LIQUIDAÇÃO;
571999;;;;;215000;16555;INSS - PREST. SERV. PROPRIO;
571999;;;;;215000;2580;IRRF SOBRE O TRABALHO PRINCIPAL - PJ;
572000;;;;;2997.6;35.97;IR/PIS/COFINS/CSLL RETIDO N.F;
572001;;;;;38200;1910;ISS - GOV ESTADO  F 193;
572001;;;;;38200;573;IRRF - GOV ESTADO - F 193;
572002;;;;;52000;624;IRRF SOBRE O TRABALHO PRINCIPAL - PJ;
572005;;;;;678000;20340;RETENC. ISS EM LIQUIDAÇÃO;
572005;;;;;678000;23730;INSS - PREST. SERV. PROPRIO;
572005;;;;;678000;8136;IRRF SOBRE O TRABALHO PRINCIPAL - PJ;
572006;;;;;;;;
572008;;;;;;;;
572010;;;;;;;;
572011;;;;;31556;378.67;IRRF SOBRE O TRABALHO PRINCIPAL - PJ;
572012;;;;;5500;66;IRRF SOBRE O TRABALHO PRINCIPAL - PJ;
572013;;;;;;;;
572014;;;;;;;;
572015;;;;;;;;
572016;;;;;;;;
572017;;;;;;;;
572018;;;;;36447;1822.35;RETENC. ISS EM LIQUIDAÇÃO;
572018;;;;;36447;1749.46;IRRF SOBRE O TRABALHO PRINCIPAL - PJ;
572019;;;;;;;;
572020;;;;;;;;
572022;;;;;;;;
572023;;;;;;;;
572030;;;;;;;;
572031;;;;;;;;
572032;;;;;10800;378.83;RETENC. ISS EM LIQUIDAÇÃO;
572033;;;;;;;;
572034;;;;;;;;
572036;;;;;;;;
572038;;;;;;;;
572039;;;;;;;;
572041;;;;;;;;
572042;;;;;;;;
572043;;;;;;;;
572045;;;;;;;;
572047;;;;;4000;48;HSJB - IRRF RETIDO EM N.F;
572048;;;;;1102;13.22;IRRF SOBRE O TRABALHO PRINCIPAL - PJ;
572049;;;;;;;;
572050;;;;;;;;
572052;;;;;;;;
572053;;;;;5369.06;64.41;IRRF SOBRE O TRABALHO PRINCIPAL - PJ;
572054;;;;;54878;2743.9;ISS PROPRIO;
572054;;;;;54878;2634.14;IRRF SOBRE O TRABALHO PRINCIPAL - PJ;
572055;;;;;2223.94;77.84;RETENC. ISS EM LIQUIDAÇÃO;
572055;;;;;2223.94;48.92;INSS - PREST. SERV. PROPRIO;
572056;;;;;;;;
572057;;;;;6390.4;76.62;IRRF SOBRE O TRABALHO PRINCIPAL - PJ;
572058;;;;;;;;
572059;;;;;;;;
572060;;;;;;;;
572061;;;;;5865.7;70.38;IRRF SOBRE O TRABALHO PRINCIPAL - PJ;
572062;;;;;4268.3;51.18;IRRF SOBRE O TRABALHO PRINCIPAL - PJ;
572063;;;;;13046;493.54;RETENC. ISS EM LIQUIDAÇÃO;
572063;;;;;13046;310.22;INSS - PREST. SERV. PROPRIO;
572065;;;;;;;;
572066;;;;;;;;
572068;;;;;;;;
572069;;;;;11196;411.66;RETENC. ISS EM LIQUIDAÇÃO;
572069;;;;;11196;258.72;INSS - PREST. SERV. PROPRIO;
572071;;;;;;;;
572072;;;;;7522.61;268.67;RETENC. ISS EM LIQUIDAÇÃO;
572072;;;;;7522.61;168.88;INSS - PREST. SERV. PROPRIO;
572073;;;;;;;;
572074;;;;;;;;
572078;;;;;230;2.76;HSJB - IRRF RETIDO EM N.F;
572079;;;;;;;;
572080;;;;;;;;
572081;;;;;706;8.47;IRRF - FME;
572088;;;;;;;;
572091;;;;;;;;
572094;;;;;;;;
572095;;;;;7140;85.68;IRRF SOBRE O TRABALHO PRINCIPAL - PJ;
572096;;;;;7140;85.68;IRRF SOBRE O TRABALHO PRINCIPAL - PJ;
572097;;;;;4425;90.71;RETENC. ISS EM LIQUIDAÇÃO;
572098;;;;;;;;
572099;;;;;;;;
572100;;;;;4425;90.71;RETENC. ISS EM LIQUIDAÇÃO;
572101;;;;;8700;104.4;HSJB - IRRF RETIDO EM N.F;
572102;;;;;2212.5;90.71;RETENC. ISS EM LIQUIDAÇÃO;
572103;;;;;;;;
572104;;;;;;;;
572105;;;;;2212.5;45.58;RETENC. ISS EM LIQUIDAÇÃO;
572106;;;;;7031.05;337.49;IRRF SOBRE O TRABALHO PRINCIPAL - PJ;
572107;;;;;2212.5;91.16;RETENC. ISS EM LIQUIDAÇÃO;
572109;;;;;;;;
572110;;;;;2212.5;91.16;RETENC. ISS EM LIQUIDAÇÃO;
572111;;;;;;;;
572112;;;;;;;;
572113;;;;;;;;
572115;;;;;;;;
572117;;;;;30662.7;1471.8;IRRF SOBRE O TRABALHO PRINCIPAL - PJ;
572118;;;;;;;;
572119;;;;;265205;3182.46;IRRF SOBRE O TRABALHO PRINCIPAL - PJ;
572121;;;;;;;;
572122;;;;;;;;
572123;;;;;;;;
572124;;;;;2212.5;106.2;IRRF SOBRE O TRABALHO PRINCIPAL - PJ;
572125;;;;;2212.5;106.2;IRRF SOBRE O TRABALHO PRINCIPAL - PJ;
572127;;;;;2212.5;106.2;IRRF SOBRE O TRABALHO PRINCIPAL - PJ;
572128;;;;;2212.5;106.2;IRRF SOBRE O TRABALHO PRINCIPAL - PJ;
572129;;;;;89711.13;4485.56;RETENC. ISS EM LIQUIDAÇÃO;
572129;;;;;89711.13;9868.22;INSS - PREST. SERV. PROPRIO;
572129;;;;;89711.13;4306.13;IRRF SOBRE O TRABALHO PRINCIPAL - PJ;
572130;;;;;;;;
572131;;;;;185236.79;444.57;IRRF SOBRE O TRABALHO PRINCIPAL - PJ;
572132;;;;;;;;
572133;;;;;;;;
572134;;;;;;;;
572140;;;;;47761.65;604.53;IRRF - SERVIÇOS PRESTADOS PMVR;
572140;;;;;47761.65;756.43;ISS;
572144;;;;;65596.49;3372.83;IRRF - SERVIÇOS PRESTADOS PMVR;
572145;;;;;;;;
572146;;;;;486.05;5.83;IRRF - SERVIÇOS PRESTADOS PMVR;
572147;;;;;;;;
572148;;;;;;;;
572149;;;;;;;;
572150;;;;;;;;
572151;;;;;;;;
572152;;;;;;;;
572154;;;;;;;;
572155;;;;;;;;
572156;;;;;;;;
572160;;;;;;;;
572161;;;;;401.17;19.25;IRRF - SERVIÇOS PRESTADOS PMVR;
572161;;;;;401.17;20.06;ISS;
572162;;;;;317.7;3.81;IRRF - SERVIÇOS PRESTADOS PMVR;
572163;;;;;;;;
572164;;;;;255;10.2;IRRF - SERVIÇOS PRESTADOS PMVR;
572165;;;;;;;;
572166;;;;;;;;
572167;;;;;;;;
572174;;;;;;;;
572175;;;;;;;;
572178;;;;;;;;
572180;;;;;;;;
572181;;;;;;;;
572182;;;;;;;;
572183;;;;;287.7;0.69;IRRF - FORNECIMENTO DE BENS;
572184;;;;;479.5;1.15;IRRF - FORNECIMENTO DE BENS;
572186;;;;;;;;
572188;;;;;;;;
572189;;;;;;;;
572190;;;;;;;;
572191;;;;;22875;274.5;HSJB - IRRF RETIDO EM N.F;
572194;;;;;;;;
572198;;;;;;;;
572199;;;;;;;;
572200;;;;;1098;13.18;HSJB - IRRF RETIDO EM N.F;
572206;;;;;286555.32;3447.59;IRRF SOBRE O TRABALHO PRINCIPAL - PJ;
572207;;;;;719370.92;8632.45;IRRF SOBRE O TRABALHO PRINCIPAL - PJ;
572208;;;;;;;;
572209;;;;;147972.69;1776.81;IRRF SOBRE O TRABALHO PRINCIPAL - PJ;
572210;;;;;;;;
572211;;;;;;;;
572212;;;;;;;;
572213;;;;;;;;
572214;;;;;40639.5;487.67;HSJB - IRRF RETIDO EM N.F;
572215;;;;;;;;
572216;;;;;100567.78;5028.39;ISS - FME FUNDEB;
572217;;;;;6200;74.4;HSJB - IRRF RETIDO EM N.F;
572220;;;;;1415;16.98;HSJB - IRRF RETIDO EM N.F;
572223;;;;;;;;
572224;;;;;;;;
572226;;;;;2919;35.03;HSJB - IRRF RETIDO EM N.F;
572229;;;;;5478;65.74;HSJB - IRRF RETIDO EM N.F;
572236;;;;;22620;271.44;HSJB - IRRF RETIDO EM N.F;
572237;;;;;;;;
572238;;;;;;;;
572239;;;;;;;;
572240;;;;;;;;
572241;;;;;;;;
572242;;;;;328;3.94;HSJB - IRRF RETIDO EM N.F;
572243;;;;;;;;
572245;;;;;283091.4;14154.57;ISS - PMVR;
572247;;;;;;;;
572249;;;;;;;;
572255;;;;;2472;29.66;HSJB - IRRF RETIDO EM N.F;
572258;;;;;;;;
572259;;;;;;;;
572261;;;;;;;;
572262;;;;;;;;
572266;;;;;;;;
572270;;;;;;;;
572271;;;;;1748.4;20.98;HSJB - IRRF RETIDO EM N.F;
572273;;;;;;;;
572274;;;;;;;;
572275;;;;;41258;495.09;IRRF SOBRE O TRABALHO PRINCIPAL - PJ;
572280;;;;;;;;
572288;;;;;3421.57;246.35;IRRF - SERVIÇOS PRESTADOS PMVR;
572289;;;;;;;;
572291;;;;;;;;
572292;;;;;;;;
572293;;;;;;;;
572294;;;;;;;;
572296;;;;;418.9;1;IRRF - FORNECIMENTO DE BENS;
572297;;;;;;;;
572300;;;;;;;;
572301;;;;;;;;
572303;;;;;16969;203.63;HSJB - IRRF RETIDO EM N.F;
572304;;;;;;;;
572305;;;;;4.55;1.82;IRRF - SERVIÇOS PRESTADOS PMVR;
572306;;;;;;;;
572307;;;;;;;;
572308;;;;;;;;
572309;;;;;7584.37;404.5;IRRF - SERVIÇOS PRESTADOS PMVR;
572312;;;;;;;;
572313;;;;;;;;
572314;;;;;10166.4;122;HSJB - IRRF RETIDO EM N.F;
572315;;;;;;;;
572316;;;;;;;;
572319;;;;;;;;
572320;;;;;;;;
572323;;;;;;;;
572324;;;;;;;;
572326;;;;;;;;
572328;;;;;2138.05;27.07;IR/PIS/COFINS/CSLL RETIDO N.F;
572329;;;;;4808.33;96.17;ISS - PMVR;
572332;;;;;;;;
572334;;;;;;;;
572335;;;;;;;;
572336;;;;;;;;
572337;;;;;;;;
572339;;;;;;;;
572340;;;;;135;6.75;ISS;
572341;;;;;120;6;ISS;
572342;;;;;;;;
572343;;;;;;;;
572345;;;;;;;;
572346;;;;;;;;
572347;;;;;;;;
572349;;;;;;;;
572350;;;;;;;;
572351;;;;;;;;
572352;;;;;;;;
572353;;;;;1320;15.84;HSJB - IRRF RETIDO EM N.F;
572354;;;;;;;;
572356;;;;;;;;
572357;;;;;;;;
572364;;;;;192.1;2.31;HSJB - IRRF RETIDO EM N.F;
572367;;;;;5454;65.45;HSJB - IRRF RETIDO EM N.F;
572369;;;;;;;;
572370;;;;;;;;
572373;;;;;;;;
572374;;;;;350;4.2;HSJB - IRRF RETIDO EM N.F;
572375;;;;;;;;
572382;;;;;5285;63.42;HSJB - IRRF RETIDO EM N.F;
572383;;;;;;;;
572385;;;;;3694;73.88;RETENC. ISS EM LIQUIDAÇÃO;
572387;;;;;;;;
572388;;;;;;;;
572391;;;;;;;;
572393;;;;;8772;175.44;RETENC. ISS EM LIQUIDAÇÃO;
572394;;;;;;;;
572395;;;;;;;;
572396;;;;;2806.73;2806.73;HSJB - IRRF RETIDO EM N.F;
572398;;;;;2212.5;88.5;RETENC. ISS EM LIQUIDAÇÃO;
572399;;;;;;;;
572411;;;;;1300;15.6;HSJB - IRRF RETIDO EM N.F;
572412;;;;;;;;
572413;;;;;3758.4;45.1;IR/PIS/COFINS/CSLL RETIDO N.F;
572414;;;;;;;;
572415;;;;;1237126.25;1237126.25;IRRF - PMVR;
572416;;;;;814.4;9.77;IR/PIS/COFINS/CSLL RETIDO N.F;
572417;;;;;651528.63;651528.63;INSTITUTO NACIONAL DO SEGURO SOCIAL;
572419;;;;;;;;
572420;;;;;230.54;2.84;IR/PIS/COFINS/CSLL RETIDO N.F;
572423;;;;;;;;
572425;;;;;;;;
572428;;;;;;;;
572431;;;;;;;;
572434;;;;;29908.4;358.9;IR/PIS/COFINS/CSLL RETIDO N.F;
572437;;;;;;;;
572439;;;;;;;;
572449;;;;;;;;
572451;;;;;;;;
572452;;;;;;;;
572453;;;;;;;;
572454;;;;;;;;
572455;;;;;;;;
572456;;;;;;;;
572457;;;;;;;;
572458;;;;;;;;
572459;;;;;;;;
572460;;;;;;;;
572461;;;;;;;;
572462;;;;;;;;
572464;;;;;;;;
572466;;;;;;;;
572467;;;;;;;;
572468;;;;;;;;
572469;;;;;;;;
572471;;;;;;;;
572472;;;;;;;;
572473;;;;;;;;
572475;;;;;;;;
572476;;;;;173.21;173.21;HSJB - IRRF RETIDO EM N.F;
572477;;;;;;;;
572478;;;;;;;;
572479;;;;;;;;
572480;;;;;;;;
572481;;;;;;;;
572483;;;;;;;;
572484;;;;;;;;
572485;;;;;;;;
572486;;;;;;;;
572487;;;;;;;;
572488;;;;;;;;
572489;;;;;;;;
572490;;;;;;;;
572491;;;;;;;;
572492;;;;;;;;
572493;;;;;;;;
572494;;;;;;;;
572495;;;;;242640;2911.68;IRRF - SALARIO EDUCAÇÃO;
572503;;;;;69006.87;1338.24;IRRF - SALARIO EDUCAÇÃO;
572508;;;;;;;;
572510;;;;;23000;276;HSJB - IRRF RETIDO EM N.F;
572513;;;;;;;;
572517;;;;;;;;
572523;;;;;633708.03;20912.37;INSS - PREST. SERV. PROPRIO;
572523;;;;;633708.03;31685.4;ISS PROPRIO;
572523;;;;;633708.03;30417.99;IRRF SOBRE O TRABALHO PRINCIPAL - PJ;
572536;;;;;1086.24;13.03;HSJB - IRRF RETIDO EM N.F;
572547;;;;;2558.31;129.06;IRRF - PRESTADOR DE SERVIÇOS;
572548;;;;;;;;
572549;;;;;;;;
572550;;;;;;;;
572551;;;;;;;;
572552;;;;;;;;
572553;;;;;;;;
572554;;;;;;;;
572555;;;;;;;;
572556;;;;;;;;
572557;;;;;;;;
572558;;;;;;;;
572562;;;;;8658;103.9;HSJB - IRRF RETIDO EM N.F;
572563;;;;;;;;
572566;;;;;;;;
572567;;;;;;;;
572568;;;;;;;;
572569;;;;;;;;
572570;;;;;2325;372.5;ISS;
572571;;;;;;;;
572572;;;;;;;;
572574;;;;;;;;
572575;;;;;;;;
572576;;;;;;;;
572578;;;;;;;;
572580;;;;;;;;
572583;;;;;;;;
572584;;;;;;;;
572586;;;;;;;;
572588;;;;;;;;
572591;;;;;;;;
572596;;;;;;;;
572597;;;;;3450;41.4;HSJB - IRRF RETIDO EM N.F;
572604;;;;;3762;45.14;HSJB - IRRF RETIDO EM N.F;
572607;;;;;;;;
572608;;;;;32692;1634.6;RETENC. ISS EM LIQUIDAÇÃO;
572608;;;;;32692;1258.64;INSS - PREST. SERV. PROPRIO;
572608;;;;;32692;1569.22;IRRF SOBRE O TRABALHO PRINCIPAL - PJ;
572610;;;;;2472;5.93;IRRF - SERVIÇOS PRESTADOS PMVR;
572611;;;;;554.9;27.74;RETENC. ISS EM LIQUIDAÇÃO;
572612;;;;;;;;
572613;;;;;;;;
572614;;;;;;;;
572615;;;;;667130.97;34358.23;RETENC. ISS EM LIQUIDAÇÃO;
572615;;;;;667130.97;26455.84;INSS - PREST. SERV. PROPRIO;
572615;;;;;667130.97;32983.9;IRRF SOBRE O TRABALHO PRINCIPAL - PJ;
572616;;;;;;;;
572619;;;;;119.7;1.44;IRRF SOBRE O TRABALHO PRINCIPAL - PJ;
572620;;;;;1419.6;13.63;IRRF - SERVIÇOS PRESTADOS PMVR;
572620;;;;;1419.6;14.2;ISS;
572621;;;;;19440;233.28;HSJB - IRRF RETIDO EM N.F;
572623;;;;;;;;
572624;;;;;;;;
572625;;;;;;;;
572626;;;;;;;;
572627;;;;;11469.23;570.16;IRRF SOBRE O TRABALHO PRINCIPAL - PJ;
572629;;;;;;;;
572631;;;;;;;;
572632;;;;;;;;
572633;;;;;;;;
572634;;;;;119.7;1.44;IRRF SOBRE O TRABALHO PRINCIPAL - PJ;
572635;;;;;;;;
572636;;;;;1114223.4;221657.25;IRRF - TRABALHO PRINCIPAL PF PMVR;
572636;;;;;1114223.4;78045.49;INSTITUTO NACIONAL DO SEGURO SOCIAL;
572639;;;;;;;;
572640;;;;;;;;
572642;;;;;;;;
572643;;;;;;;;
572646;;;;;;;;
572647;;;;;2557.5;30.69;HSJB - IRRF RETIDO EM N.F;
572648;;;;;71056.51;3552.83;RETENC. ISS EM LIQUIDAÇÃO;
572648;;;;;71056.51;3410.71;IRRF SOBRE O TRABALHO PRINCIPAL - PJ;
572653;;;;;18090;904.5;RETENC. ISS EM LIQUIDAÇÃO;
572653;;;;;18090;868.32;IRRF SOBRE O TRABALHO PRINCIPAL - PJ;
572654;;;;;32745.86;392.95;IRRF SOBRE O TRABALHO PRINCIPAL - PJ;
572657;;;;;720.4;8.64;IRRF SOBRE O TRABALHO PRINCIPAL - PJ;
572662;;;;;;;;
572669;;;;;4398.52;4398.52;HSJB - IRRF RETIDO EM N.F;
572675;;;;;;;;
572677;;;;;1303.67;1303.67;HSJB - IRRF RETIDO EM N.F;
572678;;;;;;;;
572679;;;;;;;;
572680;;;;;;;;
572682;;;;;8698.33;417.51;IRRF SOBRE O TRABALHO PRINCIPAL - PJ;
572699;;;;;8042.02;638.34;INSTITUTO NACIONAL DO SEGURO SOCIAL;
572717;;;;;7798.5;156.75;RETENC. ISS EM LIQUIDAÇÃO;
572718;;;;;7798.5;156.75;RETENC. ISS EM LIQUIDAÇÃO;
572721;;;;;133743.21;320.98;IRRF SOBRE O TRABALHO PRINCIPAL - PJ;
572722;;;;;124125.09;6206.25;ISS - PMVR;
572722;;;;;124125.09;13653.72;INSTITUTO NACIONAL DO SEGURO SOCIAL;
572723;;;;;;;;
572724;;;;;7798.5;219.92;RETENC. ISS EM LIQUIDAÇÃO;
572725;;;;;;;;
572727;;;;;720244.91;24471.65;ISS - PMVR;
572727;;;;;720244.91;79226.84;INSTITUTO NACIONAL DO SEGURO SOCIAL;
572727;;;;;720244.91;623;PENSÃO ALIMENTICIA;
572728;;;;;7798.5;219.92;RETENC. ISS EM LIQUIDAÇÃO;
572729;;;;;;;;
572730;;;;;;;;
572731;;;;;59748.64;2797.45;ISS - PMVR;
572731;;;;;59748.64;6572.27;INSTITUTO NACIONAL DO SEGURO SOCIAL;
572732;;;;;;;;
572733;;;;;;;;
572738;;;;;;;;
572739;;;;;;;;
572741;;;;;4050;113.4;ISS - GESTAO PLENA;
572742;;;;;;;;
572743;;;;;;;;
572746;;;;;3394.8;50.92;IRRF - PMVR;
572747;;;;;7980;383.04;IRRF SOBRE O TRABALHO PRINCIPAL - PJ;
572748;;;;;7984;383.23;IRRF SOBRE O TRABALHO PRINCIPAL - PJ;
572749;;;;;1500;75;ISS - PMVR;
572750;;;;;;;;
572751;;;;;;;;
572752;;;;;;;;
572753;;;;;816.32;816.32;HSJB - IRRF RETIDO EM N.F;
572755;;;;;;;;
572756;;;;;4981.1;386.59;IRRF SOBRE O TRABALHO PRINCIPAL - PJ;
572758;;;;;;;;
572759;;;;;4081.61;4081.61;ISS - PMVR;
572760;;;;;;;;
572761;;;;;;;;
572764;;;;;8699.15;8699.15;INSTITUTO NACIONAL DO SEGURO SOCIAL;
572767;;;;;5596.5;393.6;IRRF SOBRE O TRABALHO PRINCIPAL - PJ;
572768;;;;;9332.8;111.99;HSJB - IRRF RETIDO EM N.F;
572769;;;;;;;;
572770;;;;;8248;395.9;IRRF SOBRE O TRABALHO PRINCIPAL - PJ;
572771;;;;;;;;
572772;;;;;2726.12;95.41;ISS - FME;
572772;;;;;2726.12;59.97;INSS - PESSOA JURIDICA;
572773;;;;;;;;
572774;;;;;;;;
572775;;;;;;;;
572776;;;;;;;;
572777;;;;;;;;
572778;;;;;;;;
572782;;;;;147.85;147.85;HSJB - IRRF RETIDO EM N.F;
572783;;;;;;;;
572784;;;;;;;;
572785;;;;;;;;
572786;;;;;;;;
572787;;;;;134.57;134.57;HSJB - IRRF RETIDO EM N.F;
572788;;;;;;;;
572789;;;;;;;;
572790;;;;;;;;
572791;;;;;;;;
572792;;;;;;;;
572793;;;;;;;;
572794;;;;;;;;
572797;;;;;;;;
572800;;;;;11520;138.24;HSJB - IRRF RETIDO EM N.F;
572801;;;;;2640;31.68;HSJB - IRRF RETIDO EM N.F;
572803;;;;;18600;595.2;RETENC. ISS EM LIQUIDAÇÃO;
572809;;;;;1760;21.12;HSJB - IRRF RETIDO EM N.F;
572810;;;;;;;;
572811;;;;;;;;
572815;;;;;;;;
572817;;;;;;;;
572820;;;;;;;;
572822;;;;;45686.82;693.71;IRRF - SERVIÇOS PRESTADOS PMVR;
572822;;;;;45686.82;1036.38;ISS;
572823;;;;;;;;
572824;;;;;421.5;5.06;IR/PIS/COFINS/CSLL RETIDO N.F;
572825;;;;;3708;44.5;IR/PIS/COFINS/CSLL RETIDO N.F;
572826;;;;;;;;
572827;;;;;;;;
572828;;;;;;;;
572829;;;;;;;;
572830;;;;;;;;
572833;;;;;;;;
572838;;;;;2600;130;ISS - PMVR;
572841;;;;;890;17.89;ISS;
572846;;;;;;;;
572854;;;;;;;;
572856;;;;;;;;
572858;;;;;;;;
572859;;;;;;;;
572860;;;;;;;;
572861;;;;;;;;
572862;;;;;;;;
572863;;;;;;;;
572864;;;;;;;;
572865;;;;;;;;
572866;;;;;;;;
572867;;;;;;;;
572869;;;;;;;;
572870;;;;;;;;
572872;;;;;87.24;4.36;ISS;
572873;;;;;;;;
572874;;;;;87.24;4.36;ISS;
572875;;;;;;;;
572879;;;;;1320;15.84;HSJB - IRRF RETIDO EM N.F;
572880;;;;;;;;
572886;;;;;;;;
572889;;;;;1320;15.84;HSJB - IRRF RETIDO EM N.F;
572892;;;;;7744.09;7744.09;INSTITUTO NACIONAL DO SEGURO SOCIAL;
572893;;;;;297220.25;6099.29;ISS - GESTAO PLENA;
572894;;;;;;;;
572895;;;;;5115;61.38;HSJB - IRRF RETIDO EM N.F;
572897;;;;;;;;
572899;;;;;;;;
572900;;;;;6500;312;IRRF - GESTAO PLENA - SUS;
572901;;;;;6500;312;IRRF - GESTAO PLENA - SUS;
572902;;;;;6500;312;IRRF - GESTAO PLENA - SUS;
572905;;;;;6800;326.4;IRRF - GESTAO PLENA - SUS;
572909;;;;;;;;
572910;;;;;;;;
572913;;;;;;;;
572917;;;;;;;;
572918;;;;;;;;
572919;;;;;1039.24;12.47;IR/PIS/COFINS/CSLL RETIDO N.F;
572920;;;;;98286.5;1179.44;IRRF - GESTAO PLENA - SUS;
572920;;;;;98286.5;2948.6;ISS - GESTAO PLENA;
572921;;;;;;;;
572922;;;;;;;;
572923;;;;;14538.5;174.46;IRRF - GESTAO PLENA - SUS;
572923;;;;;14538.5;436.16;ISS - GESTAO PLENA;
572925;;;;;25360;304.32;HSJB - IRRF RETIDO EM N.F;
572926;;;;;;;;
572928;;;;;;;;
572930;;;;;19849.45;471.6;IRRF - SERVIÇOS PRESTADOS PMVR;
572931;;;;;;;;
572932;;;;;221.86;221.86;INSTITUTO NACIONAL DO SEGURO SOCIAL;
572933;;;;;403.37;403.37;ISS - PMVR;
572940;;;;;;;;
572941;;;;;;;;
572942;;;;;1180;47.2;ISS - PMVR;
572944;;;;;;;;
572945;;;;;;;;
572948;;;;;;;;
572956;;;;;4165;49.98;HSJB - IRRF RETIDO EM N.F;
572958;;;;;;;;
572959;;;;;;;;
572966;;;;;;;;
572969;;;;;;;;
572970;;;;;51.43;51.43;HSJB - IRRF RETIDO EM N.F;
572982;;;;;27620.94;1381.05;RETENC. ISS EM LIQUIDAÇÃO;
572987;;;;;;;;
572988;;;;;;;;
572989;;;;;7236.5;86.84;IRRF - FORNECIMENTO DE BENS;
572990;;;;;;;;
572993;;;;;;;;
572994;;;;;;;;
572995;;;;;2684;32.2;IRRF - FME;
572997;;;;;41549;1246.47;ISS - SALARIO EDUCACAO;
572997;;;;;41549;498.59;IRRF - SALARIO EDUCAÇÃO;
572998;;;;;;;;
572999;;;;;;;;
573000;;;;;;;;
573001;;;;;9.81;9.81;HSJB - IRRF RETIDO EM N.F;
573003;;;;;;;;
573006;;;;;;;;
573009;;;;;2.77;2.77;HSJB - IRRF RETIDO EM N.F;
573011;;;;;;;;
573012;;;;;;;;
573013;;;;;;;;
573014;;;;;;;;
573015;;;;;;;;
573016;;;;;207.18;207.18;HSJB - IRRF RETIDO EM N.F;
573019;;;;;;;;
573020;;;;;;;;
573024;;;;;30050;1502.5;ISS - PMVR;
573026;;;;;;;;
573027;;;;;6464.95;77.58;IR/PIS/COFINS/CSLL RETIDO N.F;
573028;;;;;30874.19;370.49;IR/PIS/COFINS/CSLL RETIDO N.F;
573029;;;;;;;;
573030;;;;;;;;
573031;;;;;;;;
573032;;;;;17745.09;213.64;IR/PIS/COFINS/CSLL RETIDO N.F;
573033;;;;;421.5;5.06;IR/PIS/COFINS/CSLL RETIDO N.F;
573035;;;;;;;;
573036;;;;;;;;
573037;;;;;;;;
573038;;;;;;;;
573041;;;;;;;;
573042;;;;;14.01;14.01;HSJB - IRRF RETIDO EM N.F;
573044;;;;;;;;
573045;;;;;6264;75.17;IR/PIS/COFINS/CSLL RETIDO N.F;
573047;;;;;;;;
573048;;;;;;;;
573050;;;;;;;;
573051;;;;;;;;
573052;;;;;;;;
573053;;;;;;;;
573054;;;;;2.77;2.77;HSJB - IRRF RETIDO EM N.F;
573055;;;;;;;;
573056;;;;;;;;
573057;;;;;;;;
573058;;;;;;;;
573059;;;;;;;;
573060;;;;;;;;
573061;;;;;;;;
573062;;;;;;;;
573064;;;;;;;;
573065;;;;;186.47;186.47;HSJB - IRRF RETIDO EM N.F;
573066;;;;;;;;
573067;;;;;7500;150;ISS - PMVR;
573068;;;;;;;;
573069;;;;;4955.12;237.85;IRRF - PRESTADOR DE SERVIÇOS;
573070;;;;;;;;
573072;;;;;;;;
573074;;;;;;;;
573084;;;;;;;;
573087;;;;;72.41;72.41;HSJB - IRRF RETIDO EM N.F;
573088;;;;;;;;
573089;;;;;;;;
573090;;;;;;;;
573094;;;;;16.27;16.27;HSJB - IRRF RETIDO EM N.F;
573097;;;;;23478;281.74;HSJB - IRRF RETIDO EM N.F;
573100;;;;;;;;
573101;;;;;;;;
573102;;;;;;;;
573104;;;;;14.01;14.01;HSJB - IRRF RETIDO EM N.F;
573106;;;;;;;;
573107;;;;;44437.08;533.25;IR/PIS/COFINS/CSLL RETIDO N.F;
573108;;;;;;;;
573109;;;;;;;;
573110;;;;;2.77;2.77;HSJB - IRRF RETIDO EM N.F;
573114;;;;;;;;
573115;;;;;4.2;4.2;HSJB - IRRF RETIDO EM N.F;
573117;;;;;;;;
573119;;;;;;;;
573121;;;;;;;;
573123;;;;;;;;
573124;;;;;;;;
573125;;;;;;;;
573134;;;;;;;;
573135;;;;;;;;
573137;;;;;900;99;INSS - FOLHA PAGTO;
573138;;;;;900;99;INSS - FOLHA PAGTO;
573139;;;;;900;99;INSS - FOLHA PAGTO;
573140;;;;;900;99;INSS - FOLHA PAGTO;
573141;;;;;1600;80;ISS - PMVR;
573142;;;;;11451.68;549.68;IR/PIS/COFINS/CSLL RETIDO N.F;
573143;;;;;5059.49;337.01;IRRF - PMVR;
573144;;;;;900;99;INSS - FOLHA PAGTO;
573145;;;;;1200;132;INSS - FOLHA PAGTO;
573146;;;;;;;;
573147;;;;;1000;110;INSS - FOLHA PAGTO;
573148;;;;;;;;
573149;;;;;0.75;0.75;HSJB - IRRF RETIDO EM N.F;
573150;;;;;1000;20.1;ISS - PMVR;
573151;;;;;;;;
573152;;;;;;;;
573153;;;;;1000;110;INSS - FOLHA PAGTO;
573154;;;;;1000;110;INSS - FOLHA PAGTO;
573156;;;;;1000;110;INSS - FOLHA PAGTO;
573157;;;;;;;;
573158;;;;;;;;
573159;;;;;1.5;1.5;HSJB - IRRF RETIDO EM N.F;
573160;;;;;;;;
573161;;;;;;;;
573163;;;;;;;;
573164;;;;;1380;151.8;INSS - FOLHA PAGTO;
573165;;;;;;;;
573167;;;;;1222.23;134.44;INSS - FOLHA PAGTO;
573168;;;;;;;;
573169;;;;;1.03;1.03;HSJB - IRRF RETIDO EM N.F;
573170;;;;;1000;110;INSS - FOLHA PAGTO;
573171;;;;;2120;101.76;IRRF - PJ PRESTADOR DE SERVIÇOS;
573172;;;;;;;;
573173;;;;;;;;
573174;;;;;;;;
573175;;;;;;;;
573177;;;;;564;28.2;RETENCAO RELATIVA AO ISS  ROYALTES PETRO;
573177;;;;;564;6.76;RETENCAO RELATIVA IRRF  ROYALTIES PETROL;
573179;;;;;36.52;36.52;HSJB - IRRF RETIDO EM N.F;
573181;;;;;282;14.1;RETENCAO RELATIVA AO ISS  ROYALTES PETRO;
573181;;;;;282;3.38;RETENCAO RELATIVA IRRF  ROYALTIES PETROL;
573183;;;;;752;37.6;RETENCAO RELATIVA AO ISS  ROYALTES PETRO;
573183;;;;;752;9.02;RETENCAO RELATIVA IRRF  ROYALTIES PETROL;
573185;;;;;1360;68;RETENCAO RELATIVA AO ISS  ROYALTES PETRO;
573185;;;;;1360;16.32;RETENCAO RELATIVA IRRF  ROYALTIES PETROL;
573187;;;;;;;;
573191;;;;;85;4.25;RETENCAO RELATIVA AO ISS  ROYALTES PETRO;
573191;;;;;85;1.02;RETENCAO RELATIVA IRRF  ROYALTIES PETROL;
573193;;;;;;;;
573194;;;;;121.8;1.46;RETENCAO RELATIVA IRRF  ROYALTIES PETROL;
573195;;;;;;;;
573197;;;;;249.75;2.99;RETENCAO RELATIVA IRRF  ROYALTIES PETROL;
573200;;;;;423.89;5.08;RETENCAO RELATIVA IRRF  ROYALTIES PETROL;
573201;;;;;;;;
573202;;;;;;;;
573203;;;;;1667.63;20.01;RETENCAO RELATIVA IRRF  ROYALTIES PETROL;
573204;;;;;437.24;5.24;RETENCAO RELATIVA IRRF  ROYALTIES PETROL;
573206;;;;;997.75;11.97;HSJB - IRRF RETIDO EM N.F;
573208;;;;;;;;
573211;;;;;;;;
573212;;;;;;;;
573215;;;;;10380;364.1;RETENC. ISS EM LIQUIDAÇÃO;
573217;;;;;1096.4;25.7;IRRF - PRESTADOR DE SERVIÇOS;
573218;;;;;;;;
573220;;;;;10260;359.89;RETENC. ISS EM LIQUIDAÇÃO;
573221;;;;;6342.39;76.11;HSJB - IRRF RETIDO EM N.F;
573222;;;;;;;;
573223;;;;;10560;370.41;RETENC. ISS EM LIQUIDAÇÃO;
573224;;;;;;;;
573229;;;;;;;;
573232;;;;;;;;
573235;;;;;997.75;11.97;HSJB - IRRF RETIDO EM N.F;
573237;;;;;;;;
573238;;;;;6464.69;77.58;HSJB - IRRF RETIDO EM N.F;
573246;;;;;2582.76;30.99;HSJB - IRRF RETIDO EM N.F;
573248;;;;;;;;
573249;;;;;2582.76;30.99;HSJB - IRRF RETIDO EM N.F;
573250;;;;;2582.76;30.99;HSJB - IRRF RETIDO EM N.F;
573252;;;;;;;;
573253;;;;;;;;
573254;;;;;101600;1219.2;IRRF - SERVIÇOS PRESTADOS PMVR;
573255;;;;;;;;
573256;;;;;;;;
573257;;;;;;;;
573258;;;;;6342.39;76.11;HSJB - IRRF RETIDO EM N.F;
573259;;;;;556.85;26.72;IRRF - SERVIÇOS PRESTADOS PMVR;
573260;;;;;;;;
573261;;;;;1100;13.2;HSJB - IRRF RETIDO EM N.F;
573262;;;;;180;2.16;HSJB - IRRF RETIDO EM N.F;
573263;;;;;;;;
573264;;;;;1599;19.19;HSJB - IRRF RETIDO EM N.F;
573265;;;;;;;;
573266;;;;;;;;
573267;;;;;660;7.92;HSJB - IRRF RETIDO EM N.F;
573273;;;;;;;;
573274;;;;;6342.39;76.11;HSJB - IRRF RETIDO EM N.F;
573275;;;;;4999.5;59.99;IRRF - FORNECIMENTO DE BENS;
573276;;;;;880;10.56;HSJB - IRRF RETIDO EM N.F;
573284;;;;;;;;
573286;;;;;;;;
573297;;;;;;;;
573298;;;;;;;;
573300;;;;;245.66;245.66;INSTITUTO NACIONAL DO SEGURO SOCIAL;
573302;;;;;35900;1077;RETENC. ISS EM LIQUIDAÇÃO;
573302;;;;;35900;608.82;INSS - PREST. SERV. PROPRIO;
573302;;;;;35900;538.5;IRRF SOBRE O TRABALHO PRINCIPAL - PJ;
573305;;;;;81672;980.06;IRRF - FME FUNDEB;
573307;;;;;260070;3120.84;IRRF - FME FUNDEB;
573308;;;;;35900;1077;RETENC. ISS EM LIQUIDAÇÃO;
573308;;;;;35900;608.82;INSS - PREST. SERV. PROPRIO;
573308;;;;;35900;538.5;IRRF SOBRE O TRABALHO PRINCIPAL - PJ;
573310;;;;;;;;
573311;;;;;446.65;446.65;ISS - PMVR;
573312;;;;;1320;15.84;HSJB - IRRF RETIDO EM N.F;
573314;;;;;301431.7;6028.63;RETENC. ISS EM LIQUIDAÇÃO;
573314;;;;;301431.7;7488.15;INSS - PREST. SERV. PROPRIO;
573316;;;;;;;;
573318;;;;;;;;
573319;;;;;1320;15.84;HSJB - IRRF RETIDO EM N.F;
573320;;;;;1969;98.45;RETENC. ISS EM LIQUIDAÇÃO;
573321;;;;;1306.7;65.34;RETENC. ISS EM LIQUIDAÇÃO;
573322;;;;;1554;18.65;IRRF SOBRE O TRABALHO PRINCIPAL - PJ;
573323;;;;;;;;
573325;;;;;976.05;11.71;IR/PIS/COFINS/CSLL RETIDO N.F;
573327;;;;;49244.88;1477.35;RETENC. ISS EM LIQUIDAÇÃO;
573327;;;;;49244.88;812.54;INSS - PREST. SERV. PROPRIO;
573327;;;;;49244.88;738.67;IRRF SOBRE O TRABALHO PRINCIPAL - PJ;
573329;;;;;;;;
573331;;;;;11347.42;136.16;IRRF SOBRE O TRABALHO PRINCIPAL - PJ;
573332;;;;;1890;22.68;IR/PIS/COFINS/CSLL RETIDO N.F;
573333;;;;;47586.1;1427.58;RETENC. ISS EM LIQUIDAÇÃO;
573333;;;;;47586.1;785.17;INSS - PREST. SERV. PROPRIO;
573333;;;;;47586.1;713.79;IRRF SOBRE O TRABALHO PRINCIPAL - PJ;
573334;;;;;;;;
573336;;;;;13405.05;160.86;IRRF SOBRE O TRABALHO PRINCIPAL - PJ;
573338;;;;;24383.1;292.59;IRRF SOBRE O TRABALHO PRINCIPAL - PJ;
573340;;;;;76882.12;2306.46;RETENC. ISS EM LIQUIDAÇÃO;
573340;;;;;76882.12;1268.55;INSS - PREST. SERV. PROPRIO;
573340;;;;;76882.12;1153.23;IRRF SOBRE O TRABALHO PRINCIPAL - PJ;
573341;;;;;;;;
573343;;;;;;;;
573344;;;;;;;;
573346;;;;;;;;
573350;;;;;;;;
573353;;;;;374.7;4.49;IR/PIS/COFINS/CSLL RETIDO N.F;
573354;;;;;;;;
573356;;;;;;;;
573358;;;;;;;;
573360;;;;;4400;52.8;IRRF SOBRE O TRABALHO PRINCIPAL - PJ;
573362;;;;;;;;
573366;;;;;;;;
573369;;;;;;;;
573371;;;;;;;;
573372;;;;;20874;730.59;ISS - PMVR;
573372;;;;;20874;459.23;INSS PRESTADORES DE SERVIÇO PJ;
573373;;;;;;;;
573374;;;;;;;;
573375;;;;;;;;
573376;;;;;;;;
573378;;;;;482.33;482.33;INSTITUTO NACIONAL DO SEGURO SOCIAL;
573380;;;;;;;;
573381;;;;;4400;52.8;IRRF SOBRE O TRABALHO PRINCIPAL - PJ;
573382;;;;;21441.67;767.34;ISS - GESTAO PLENA;
573383;;;;;;;;
573384;;;;;;;;
573385;;;;;;;;
573386;;;;;;;;
573387;;;;;;;;
573388;;;;;;;;
573389;;;;;;;;
573390;;;;;;;;
573391;;;;;;;;
573392;;;;;;;;
573393;;;;;;;;
573394;;;;;;;;
573395;;;;;679.96;32.64;IRRF - PRESTADOR DE SERVIÇOS;
573397;;;;;5316.79;255.21;IRRF - PRESTADOR DE SERVIÇOS;
573398;;;;;;;;
573399;;;;;6363.1;305.42;IRRF SOBRE O TRABALHO PRINCIPAL - PJ;
573401;;;;;30662.7;1471.8;IRRF SOBRE O TRABALHO PRINCIPAL - PJ;
573402;;;;;11643.9;139.72;IRRF - FORNECIMENTO DE BENS;
573404;;;;;;;;
573405;;;;;;;;
573406;;;;;;;;
573407;;;;;3694;75.73;RETENC. ISS EM LIQUIDAÇÃO;
573408;;;;;;;;
573409;;;;;1320;15.84;HSJB - IRRF RETIDO EM N.F;
573410;;;;;8048.06;402.4;RETENC. ISS EM LIQUIDAÇÃO;
573411;;;;;3694;75.73;RETENC. ISS EM LIQUIDAÇÃO;
573412;;;;;;;;
573414;;;;;;;;
573415;;;;;;;;
573416;;;;;;;;
573418;;;;;3200;28.2;IRRF - TRABALHO PRINCIPAL PF PMVR;
573419;;;;;;;;
573421;;;;;;;;
573423;;;;;;;;
573424;;;;;;;;
573425;;;;;;;;
573426;;;;;;;;
573427;;;;;;;;
573429;;;;;;;;
573430;;;;;;;;
573431;;;;;4211.44;50.53;IRRF SOBRE O TRABALHO PRINCIPAL - PJ;
573432;;;;;210.74;2.52;IR/PIS/COFINS/CSLL RETIDO N.F;
573433;;;;;4923.85;59.08;IRRF SOBRE O TRABALHO PRINCIPAL - PJ;
573435;;;;;3422.93;41.08;IRRF SOBRE O TRABALHO PRINCIPAL - PJ;
573436;;;;;8861.06;106.33;IRRF SOBRE O TRABALHO PRINCIPAL - PJ;
573437;;;;;;;;
573438;;;;;;;;
573439;;;;;;;;
573440;;;;;;;;
573443;;;;;;;;
573444;;;;;;;;
573446;;;;;;;;
573447;;;;;6500;312;IRRF - GESTAO PLENA - SUS;
573448;;;;;3703.5;285.17;INSTITUTO NACIONAL DO SEGURO SOCIAL;
573448;;;;;3703.5;185.17;ISS - PMVR;
573448;;;;;3703.5;177.77;IRRF RETIDO EM N.F.;
573448;;;;;3703.5;172.22;PIS/COFINS/CSLL RETIDO N.F;
573449;;;;;6500;312;IRRF - GESTAO PLENA - SUS;
573450;;;;;6500;312;IRRF - GESTAO PLENA - SUS;
573451;;;;;6800;326.4;IRRF - GESTAO PLENA - SUS;
573452;;;;;;;;
573453;;;;;2890;34.68;IRRF SOBRE O TRABALHO PRINCIPAL - PJ;
573454;;;;;;;;
573455;;;;;11960;574.08;IRRF SOBRE O TRABALHO PRINCIPAL - PJ;
573456;;;;;;;;
573457;;;;;;;;
573458;;;;;;;;
573460;;;;;107851.52;5392.58;RETENC. ISS EM LIQUIDAÇÃO;
573460;;;;;107851.52;3559.1;INSS - PREST. SERV. PROPRIO;
573460;;;;;107851.52;1617.77;IRRF SOBRE O TRABALHO PRINCIPAL - PJ;
573462;;;;;107851.52;5392.58;RETENC. ISS EM LIQUIDAÇÃO;
573462;;;;;107851.52;3559.1;INSS - PREST. SERV. PROPRIO;
573462;;;;;107851.52;1617.77;IRRF SOBRE O TRABALHO PRINCIPAL - PJ;
573463;;;;;;;;
573464;;;;;;;;
573465;;;;;;;;
573466;;;;;;;;
573467;;;;;;;;
573468;;;;;;;;
573469;;;;;;;;
573471;;;;;;;;
573476;;;;;17676;212.11;IRRF -FUNDEB;
573478;;;;;;;;
573480;;;;;;;;
573481;;;;;;;;
573483;;;;;;;;
573487;;;;;36.99;36.99;HSJB - IRRF RETIDO EM N.F;
573488;;;;;;;;
573491;;;;;;;;
573492;;;;;65596.49;3372.83;IRRF - SERVIÇOS PRESTADOS PMVR;
573492;;;;;65596.49;1405.35;ISS;
573497;;;;;;;;
573498;;;;;;;;
573499;;;;;;;;
573501;;;;;90;4.5;ISS;
573503;;;;;90;4.5;ISS;
573505;;;;;4420;53.04;HSJB - IRRF RETIDO EM N.F;
573507;;;;;;;;
573510;;;;;;;;
573512;;;;;;;;
573521;;;;;;;;
573523;;;;;7300;87.6;HSJB - IRRF RETIDO EM N.F;
573525;;;;;;;;
573526;;;;;7300;87.6;HSJB - IRRF RETIDO EM N.F;
573527;;;;;7300;87.6;HSJB - IRRF RETIDO EM N.F;
573528;;;;;5902.21;283.31;IRRF - PRESTADOR DE SERVIÇOS;
573530;;;;;;;;
573531;;;;;;;;
573533;;;;;;;;
573534;;;;;;;;
573535;;;;;;;;
573536;;;;;;;;
573538;;;;;;;;
573539;;;;;;;;
573540;;;;;;;;
573541;;;;;7150;85.8;HSJB - IRRF RETIDO EM N.F;
573543;;;;;7150;85.8;HSJB - IRRF RETIDO EM N.F;
573544;;;;;;;;
573558;;;;;;;;
573560;;;;;;;;
573565;;;;;6279.22;75.35;HSJB - IRRF RETIDO EM N.F;
573567;;;;;4420;53.04;HSJB - IRRF RETIDO EM N.F;
573570;;;;;4160;49.92;HSJB - IRRF RETIDO EM N.F;
573573;;;;;4420;53.04;HSJB - IRRF RETIDO EM N.F;
573577;;;;;;;;
573579;;;;;;;;
573586;;;;;2928;35.12;HSJB - IRRF RETIDO EM N.F;
573600;;;;;;;;
573602;;;;;;;;
573603;;;;;7150;85.8;HSJB - IRRF RETIDO EM N.F;
573607;;;;;;;;
573608;;;;;;;;
573610;;;;;3907;46.88;HSJB - IRRF RETIDO EM N.F;
573615;;;;;4912;58.96;HSJB - IRRF RETIDO EM N.F;
573618;;;;;75.74;0.91;HSJB - IRRF RETIDO EM N.F;
573619;;;;;2854;34.26;HSJB - IRRF RETIDO EM N.F;
573620;;;;;6967;83.6;HSJB - IRRF RETIDO EM N.F;
573625;;;;;;;;
573626;;;;;12243.23;146.95;HSJB - IRRF RETIDO EM N.F;
573628;;;;;990;11.88;HSJB - IRRF RETIDO EM N.F;
573629;;;;;;;;
573631;;;;;6101;73.22;HSJB - IRRF RETIDO EM N.F;
573632;;;;;4420;53.04;HSJB - IRRF RETIDO EM N.F;
573633;;;;;4420;53.04;HSJB - IRRF RETIDO EM N.F;
573635;;;;;7150;85.8;HSJB - IRRF RETIDO EM N.F;
573642;;;;;;;;
573643;;;;;;;;
573644;;;;;;;;
573645;;;;;;;;
573651;;;;;7300;87.6;HSJB - IRRF RETIDO EM N.F;
573652;;;;;;;;
573653;;;;;;;;
573654;;;;;7000;84;HSJB - IRRF RETIDO EM N.F;
573655;;;;;7300;87.6;HSJB - IRRF RETIDO EM N.F;
573656;;;;;7300;87.6;HSJB - IRRF RETIDO EM N.F;
573658;;;;;7300;87.6;HSJB - IRRF RETIDO EM N.F;
573659;;;;;7300;87.6;HSJB - IRRF RETIDO EM N.F;
573660;;;;;4420;53.04;HSJB - IRRF RETIDO EM N.F;
573661;;;;;;;;
573662;;;;;;;;
573670;;;;;;;;
573672;;;;;;;;
573674;;;;;;;;
573675;;;;;;;;
573676;;;;;;;;
573677;;;;;;;;
573678;;;;;;;;
573680;;;;;21956.49;1444.16;IRRF - TRABALHO PRINCIPAL PF PMVR;
573680;;;;;21956.49;2268.38;INSS - PESSOAL PROPRIO;
573682;;;;;100567.77;5028.39;ISS - FME FUNDEB;
573684;;;;;;;;
573685;;;;;;;;
573686;;;;;;;;
573687;;;;;9424.74;885.21;ISS - FME;
573688;;;;;890;17.89;ISS;
573693;;;;;;;;
573697;;;;;;;;
573703;;;;;;;;
573704;;;;;29580.04;1479;ISS - FME;
573705;;;;;7750;372.88;ISS;
573708;;;;;39600;475.2;HSJB - IRRF RETIDO EM N.F;
573711;;;;;502394.15;25119.7;ISS - FME;
573711;;;;;502394.15;38684.35;INSS - PESSOA JURIDICA;
573711;;;;;502394.15;6028.73;IRRF - FME;
573713;;;;;;;;
573714;;;;;;;;
573717;;;;;;;;
573718;;;;;;;;
573719;;;;;;;;
573720;;;;;150670.44;4520.11;ISS - PMVR;
573720;;;;;150670.44;7232.18;IRRF - PRESTADOR DE SERVIÇOS;
573720;;;;;150670.44;2486.06;INSS PRESTADORES DE SERVIÇO PJ;
573721;;;;;;;;
573722;;;;;;;;
573723;;;;;;;;
573724;;;;;;;;
573725;;;;;52650;631.8;IRRF - FORNECIMENTO DE BENS;
573726;;;;;39600;475.2;HSJB - IRRF RETIDO EM N.F;
573727;;;;;;;;
573728;;;;;658284.13;32914.2;RETENCAO RELATIVA AO ISS  ROYALTES PETRO;
573728;;;;;658284.13;50687.88;RETENCAO - INSS ROYALTES PETROLEO FONTE;
573728;;;;;658284.13;7899.41;RETENCAO RELATIVA IRRF  ROYALTIES PETROL;
573729;;;;;368.7;4.41;HSJB - IRRF RETIDO EM N.F;
573730;;;;;;;;
573731;;;;;119.28;1.43;HSJB - IRRF RETIDO EM N.F;
573732;;;;;;;;
573735;;;;;540000;6480;IRRF - FME;
573736;;;;;1688.8;20.26;HSJB - IRRF RETIDO EM N.F;
573737;;;;;55465.6;1114.86;ISS - PMVR;
573739;;;;;287526.12;3450.31;IRRF - FME;
573741;;;;;399022.3;4788.26;IRRF - FME;
573745;;;;;376522.3;4518.26;IRRF - FME;
573748;;;;;485394.74;5824.73;IRRF - FME;
573749;;;;;;;;
573751;;;;;433812.71;5205.75;IRRF - FME;
573752;;;;;3697.62;44.37;HSJB - IRRF RETIDO EM N.F;
573753;;;;;111588.47;8033.14;ISS - FME FUNDEB;
573754;;;;;;;;
573755;;;;;;;;
573757;;;;;1156.56;1156.56;IRRF - PMVR;
573758;;;;;4700.07;4700.07;INSTITUTO NACIONAL DO SEGURO SOCIAL;
573759;;;;;;;;
573763;;;;;124903.63;3747.11;ISS - PMVR;
573763;;;;;124903.63;5995.37;IRRF - PRESTADOR DE SERVIÇOS;
573763;;;;;18735.54;2060.91;INSS PRESTADORES DE SERVIÇO PJ;
573769;;;;;;;;
573772;;;;;8804;105.65;HSJB - IRRF RETIDO EM N.F;
573777;;;;;2478.42;65.2;ISS - PMVR;
573778;;;;;;;;
573780;;;;;2212.5;88.94;RETENC. ISS EM LIQUIDAÇÃO;
573782;;;;;4638.72;207.35;ISS - PMVR;
573784;;;;;;;;
573785;;;;;5914.19;118.28;ISS - PMVR;
573786;;;;;25408.87;508.18;ISS - PMVR;
573787;;;;;6383.86;127.68;ISS - PMVR;
573788;;;;;6656.26;133.13;ISS - PMVR;
573789;;;;;;;;
573790;;;;;;;;
573791;;;;;;;;
573793;;;;;1105828.79;78616.67;ISS - SALARIO EDUCACAO;
573793;;;;;1105828.79;18868;IRRF - SALARIO EDUCAÇÃO;
573793;;;;;1105828.79;172956.67;INSS REENÇÃO - SALARIO EDUCAÇÃO;
573794;;;;;29962.6;599.25;RETENC. ISS EM LIQUIDAÇÃO;
573795;;;;;;;;
573796;;;;;54580;654.96;HSJB - IRRF RETIDO EM N.F;
573797;;;;;33891.81;33891.81;INSTITUTO NACIONAL DO SEGURO SOCIAL;
573798;;;;;;;;
573799;;;;;;;;
573800;;;;;7250.84;87.01;IRRF - FME FUNDEB;
573801;;;;;;;;
573802;;;;;;;;
573803;;;;;;;;
573804;;;;;87.24;4.1;IRRF - SERVIÇOS PRESTADOS PMVR;
573808;;;;;;;;
573809;;;;;;;;
573810;;;;;48279.65;48279.65;HSJB - IRRF RETIDO EM N.F;
573811;;;;;2064.38;99.09;IRRF - SERVIÇOS PRESTADOS PMVR;
573812;;;;;4927.96;236.54;IRRF - SERVIÇOS PRESTADOS PMVR;
573813;;;;;810;9.72;HSJB - IRRF RETIDO EM N.F;
573814;;;;;185.5;2.23;HSJB - IRRF RETIDO EM N.F;
573816;;;;;688.7;8.26;HSJB - IRRF RETIDO EM N.F;
573817;;;;;20710.88;414.22;RETENC. ISS EM LIQUIDAÇÃO;
573818;;;;;1688.8;20.26;HSJB - IRRF RETIDO EM N.F;
573819;;;;;;;;
573820;;;;;1711.38;20.54;HSJB - IRRF RETIDO EM N.F;
573823;;;;;348.58;4.17;HSJB - IRRF RETIDO EM N.F;
573836;;;;;219.44;2.63;HSJB - IRRF RETIDO EM N.F;
573838;;;;;84;1.01;HSJB - IRRF RETIDO EM N.F;
573839;;;;;5019.74;240.94;IRRF - SERVIÇOS PRESTADOS PMVR;
573840;;;;;;;;
573841;;;;;569413.45;6832.96;IRRF - GESTAO PLENA - SUS;
573841;;;;;569413.45;28470.67;ISS - GESTAO PLENA;
573842;;;;;;;;
573843;;;;;26527.47;559.1;IRRF - SERVIÇOS PRESTADOS PMVR;
573844;;;;;;;;
573845;;;;;;;;
573846;;;;;3250;39;IRRF - GESTAO PLENA - SUS;
573846;;;;;3250;162.5;ISS - GESTAO PLENA;
573847;;;;;;;;
573850;;;;;7154;85.85;IRRF - GESTAO PLENA - SUS;
573850;;;;;7154;357.7;ISS - GESTAO PLENA;
573854;;;;;79221.3;1188.32;IRRF - GESTAO PLENA - SUS;
573854;;;;;79221.3;3961.06;ISS - GESTAO PLENA;
573855;;;;;;;;
573856;;;;;;;;
573858;;;;;;;;
573859;;;;;;;;
573860;;;;;46072.08;2303.6;ISS - FME FUNDEB;
573860;;;;;46072.08;1105.72;IRRF - FME FUNDEB;
573861;;;;;1951.68;1951.68;RESTITUI0ES (ANTECIPACAO DE PAGAMENTO) -;
573862;;;;;580371.41;6162.15;IRRF - GESTAO PLENA - SUS;
573862;;;;;580371.41;30810.74;ISS - GESTAO PLENA;
573863;;;;;;;;
573865;;;;;663.82;33.19;ISS - PMVR;
573865;;;;;663.82;31.86;IRRF - PRESTADOR DE SERVIÇOS;
573866;;;;;24523;294.28;HSJB - IRRF RETIDO EM N.F;
573867;;;;;54824.82;1578.73;IRRF - GESTAO PLENA - SUS;
573868;;;;;;;;
573869;;;;;;;;
573870;;;;;;;;
573871;;;;;7826.7;7826.7;HSJB - IRRF RETIDO EM N.F;
573872;;;;;9159.8;457.99;ISS - PMVR;
573872;;;;;9159.8;439.67;IRRF - PRESTADOR DE SERVIÇOS;
573873;;;;;;;;
573874;;;;;19566.74;19566.74;HSJB - ISS - PMVR;
573875;;;;;;;;
573876;;;;;25110.65;25110.65;INSTITUTO NACIONAL DO SEGURO SOCIAL;
573877;;;;;24884.4;298.61;HSJB - IRRF RETIDO EM N.F;
573878;;;;;;;;
573879;;;;;4160;208;ISS - GESTAO PLENA;
573880;;;;;1110.9;13.33;HSJB - IRRF RETIDO EM N.F;
573881;;;;;2016;100.8;ISS - GESTAO PLENA;
573882;;;;;;;;
573883;;;;;10260;359.89;RETENC. ISS EM LIQUIDAÇÃO;
573885;;;;;;;;
573886;;;;;;;;
573887;;;;;7560;265.18;RETENC. ISS EM LIQUIDAÇÃO;
573889;;;;;790.45;9.49;HSJB - IRRF RETIDO EM N.F;
573892;;;;;2052.7;102.64;ISS - GESTAO PLENA;
573893;;;;;;;;
573894;;;;;7885.16;487.94;ISS - GESTAO PLENA;
573895;;;;;540.64;27.03;ISS - GESTAO PLENA;
573896;;;;;223.2;11.16;ISS - GESTAO PLENA;
573897;;;;;;;;
573898;;;;;313.72;15.69;ISS - GESTAO PLENA;
573899;;;;;;;;
573900;;;;;396.8;19.84;ISS - GESTAO PLENA;
573901;;;;;;;;
573902;;;;;;;;
573903;;;;;176.03;8.8;ISS - GESTAO PLENA;
573904;;;;;553.6;27.68;ISS - GESTAO PLENA;
573905;;;;;10000;1698.67;IRRF - TRABALHO PRINCIPAL PF PMVR;
573906;;;;;632.11;31.61;ISS - GESTAO PLENA;
573907;;;;;10000;1698.67;IRRF - TRABALHO PRINCIPAL PF PMVR;
573908;;;;;12000;2248.67;IRRF - TRABALHO PRINCIPAL PF PMVR;
573909;;;;;8192.79;409.64;ISS - GESTAO PLENA;
573910;;;;;3287.84;39.45;HSJB - IRRF RETIDO EM N.F;
573911;;;;;446.32;22.32;ISS - GESTAO PLENA;
573912;;;;;10086.71;504.34;ISS - GESTAO PLENA;
573913;;;;;5135.2;61.62;HSJB - IRRF RETIDO EM N.F;
573919;;;;;;;;
573920;;;;;;;;
573921;;;;;;;;
573922;;;;;;;;
573923;;;;;;;;
573925;;;;;;;;
573926;;;;;;;;
573927;;;;;;;;
573928;;;;;;;;
573929;;;;;;;;
573930;;;;;;;;
573931;;;;;;;;
573932;;;;;;;;
573938;;;;;8772;421.05;IRRF SOBRE O TRABALHO PRINCIPAL - PJ;
573940;;;;;17544;842.11;IRRF SOBRE O TRABALHO PRINCIPAL - PJ;
573945;;;;;;;;
573948;;;;;28537.45;342.45;IRRF - GESTAO PLENA - SUS;
573948;;;;;28537.45;636.39;ISS - GESTAO PLENA;
573951;;;;;;;;
573953;;;;;;;;
573954;;;;;1.5;1.5;HSJB - IRRF RETIDO EM N.F;
573955;;;;;1403990.15;21059.85;IRRF - GOV ESTADO - F 193;
573956;;;;;181121.68;3934.93;IRRF - GOV ESTADO - F 193;
573958;;;;;;;;
573959;;;;;119.05;13.1;INSS - FOLHA PAGTO;
573959;;;;;119.05;5.95;ISS - PMVR;
573961;;;;;238.09;26.18;INSS - FOLHA PAGTO;
573961;;;;;238.09;11.9;ISS - PMVR;
573962;;;;;28933.2;1388.79;IRRF - GESTAO PLENA - SUS;
573963;;;;;41537.98;1993.82;IRRF - GESTAO PLENA - SUS;
573964;;;;;;;;
573965;;;;;10849.95;520.8;IRRF - GOV ESTADO - F 193;
573967;;;;;1.5;1.5;HSJB - IRRF RETIDO EM N.F;
573968;;;;;;;;
573969;;;;;;;;
573970;;;;;;;;
573971;;;;;10309.98;154.65;IRRF - GESTAO PLENA - SUS;
573971;;;;;10309.98;515.5;ISS - GESTAO PLENA;
573972;;;;;;;;
573973;;;;;5858.58;87.88;IRRF - GESTAO PLENA - SUS;
573973;;;;;5858.58;292.93;ISS - GESTAO PLENA;
573975;;;;;6096.06;91.44;IRRF - GESTAO PLENA - SUS;
573975;;;;;6096.06;304.8;ISS - GESTAO PLENA;
573977;;;;;;;;
573979;;;;;17036.39;255.55;IRRF - GESTAO PLENA - SUS;
573979;;;;;17036.39;851.82;ISS - GESTAO PLENA;
573981;;;;;;;;
573986;;;;;81755.71;1923.72;IRRF - GESTAO PLENA - SUS;
573986;;;;;81755.71;6412.39;ISS - GESTAO PLENA;
573989;;;;;15261.81;228.93;IRRF - GESTAO PLENA - SUS;
573989;;;;;15261.81;763.09;ISS - GESTAO PLENA;
573990;;;;;;;;
573992;;;;;258146.77;3872.2;IRRF - GESTAO PLENA - SUS;
573992;;;;;258146.77;7744.4;ISS - GESTAO PLENA;
573994;;;;;;;;
573996;;;;;69954.78;3497.74;RETENC. ISS EM LIQUIDAÇÃO;
573996;;;;;69954.78;3357.83;IRRF SOBRE O TRABALHO PRINCIPAL - PJ;
573997;;;;;66670.68;3333.53;RETENC. ISS EM LIQUIDAÇÃO;
573997;;;;;66670.68;3200.19;IRRF SOBRE O TRABALHO PRINCIPAL - PJ;
573998;;;;;6555;98.32;IRRF - GESTAO PLENA - SUS;
573998;;;;;6555;131.1;ISS - GESTAO PLENA;
573999;;;;;57979.29;2898.96;RETENC. ISS EM LIQUIDAÇÃO;
573999;;;;;57979.29;2783.01;IRRF SOBRE O TRABALHO PRINCIPAL - PJ;
574002;;;;;;;;
574003;;;;;59885.48;3218.77;RETENC. ISS EM LIQUIDAÇÃO;
574003;;;;;59885.48;3090.02;IRRF SOBRE O TRABALHO PRINCIPAL - PJ;
574005;;;;;76771.87;3838.59;RETENC. ISS EM LIQUIDAÇÃO;
574005;;;;;76771.87;3685.05;IRRF SOBRE O TRABALHO PRINCIPAL - PJ;
574014;;;;;;;;
574015;;;;;;;;
574016;;;;;9450;113.4;IR/PIS/COFINS/CSLL RETIDO N.F;
574017;;;;;;;;
574018;;;;;24928.8;299.14;IRRF - FORNECIMENTO DE BENS;
574019;;;;;24671.4;296.05;IRRF - FORNECIMENTO DE BENS;
574020;;;;;18384.6;365.32;IRRF - FORNECIMENTO DE BENS;
574021;;;;;24398.4;292.78;IRRF - FORNECIMENTO DE BENS;
574024;;;;;236330;11816.5;ISS - GOV ESTADO  F 193;
574024;;;;;236330;3544.95;IRRF - GOV ESTADO - F 193;
574025;;;;;482390.45;24119.52;ISS - GOV ESTADO  F 193;
574025;;;;;482390.45;7235.86;IRRF - GOV ESTADO - F 193;
574026;;;;;179237.25;8961.86;ISS - GOV ESTADO  F 193;
574026;;;;;179237.25;2688.56;IRRF - GOV ESTADO - F 193;
574027;;;;;72947.8;3647.39;ISS - GOV ESTADO  F 193;
574027;;;;;72947.8;1094.22;IRRF - GOV ESTADO - F 193;
574028;;;;;;;;
574029;;;;;1180.8;1180.8;HSJB - IRRF RETIDO EM N.F;
574030;;;;;;;;
574031;;;;;;;;
574032;;;;;25794.6;309.53;IRRF - FORNECIMENTO DE BENS;
574033;;;;;;;;
574035;;;;;26091;313.09;IRRF - FORNECIMENTO DE BENS;
574038;;;;;24476.4;293.71;IRRF - FORNECIMENTO DE BENS;
574042;;;;;;;;
574044;;;;;62667.53;752.01;IRRF - FME;
574046;;;;;5745.6;68.94;IRRF - FME;
574048;;;;;4571.56;365.83;IRRF - GOV ESTADO - F 193;
574057;;;;;;;;
574059;;;;;17490.63;524.72;RETENC. ISS EM LIQUIDAÇÃO;
574059;;;;;17490.63;1923.96;INSS - PREST. SERV. PROPRIO;
574062;;;;;13200;396;RETENC. ISS EM LIQUIDAÇÃO;
574062;;;;;13200;198;IRRF SOBRE O TRABALHO PRINCIPAL - PJ;
574063;;;;;10780;129.36;IRRF - GESTAO PLENA - SUS;
574063;;;;;10780;431.2;ISS - GESTAO PLENA;
574064;;;;;218570;2622.84;IRRF - GESTAO PLENA - SUS;
574064;;;;;218570;8742.8;ISS - GESTAO PLENA;
574065;;;;;;;;
574066;;;;;8830;105.96;IRRF - FORNECIMENTO DE BENS;
574067;;;;;;;;
574069;;;;;3782.35;188.26;IRRF - GOV ESTADO - F 193;
574070;;;;;;;;
574071;;;;;8521.36;1447.37;IRRF - PMVR;
574072;;;;;78581.52;942.97;IRRF - FORNECIMENTO DE BENS;
574073;;;;;80635.62;967.62;IRRF - FORNECIMENTO DE BENS;
574074;;;;;76237.8;914.85;IRRF - FORNECIMENTO DE BENS;
574075;;;;;104133.96;1249.6;IRRF - FORNECIMENTO DE BENS;
574076;;;;;;;;
574077;;;;;4834.6;312.9;IR/PIS/COFINS/CSLL RETIDO N.F;
574078;;;;;;;;
574079;;;;;;;;
574080;;;;;13000;2679;IRRF - PMVR;
574081;;;;;4199.4;282.09;IRRF - GOV ESTADO - F 193;
574082;;;;;;;;
574083;;;;;;;;
574084;;;;;150;3.02;ISS - PMVR;
574085;;;;;;;;
574086;;;;;500;10.05;ISS - PMVR;
574087;;;;;;;;
574088;;;;;11451.68;549.68;IR/PIS/COFINS/CSLL RETIDO N.F;
574089;;;;;;;;
574091;;;;;;;;
574093;;;;;;;;
574095;;;;;;;;
574098;;;;;;;;
574101;;;;;;;;
574103;;;;;;;;
574104;;;;;;;;
574105;;;;;;;;
574106;;;;;;;;
574107;;;;;;;;
574108;;;;;;;;
574109;;;;;;;;
574110;;;;;4770;165.24;HSJB - IRRF RETIDO EM N.F;
574111;;;;;;;;
574112;;;;;;;;
574113;;;;;;;;
574114;;;;;;;;
574115;;;;;15150;181.8;IRRF - FORNECIMENTO DE BENS;
574116;;;;;;;;
574117;;;;;;;;
574118;;;;;;;;
574119;;;;;;;;
574120;;;;;;;;
574121;;;;;;;;
574122;;;;;;;;
574123;;;;;;;;
574124;;;;;;;;
574125;;;;;;;;
574126;;;;;;;;
574127;;;;;;;;
574128;;;;;;;;
574129;;;;;;;;
574130;;;;;;;;
574131;;;;;;;;
574132;;;;;;;;
574133;;;;;;;;
574134;;;;;;;;
574135;;;;;;;;
574136;;;;;;;;
574137;;;;;;;;
574138;;;;;;;;
574139;;;;;;;;
574140;;;;;;;;
574141;;;;;;;;
574142;;;;;;;;
574143;;;;;1421.6;17.05;IR/PIS/COFINS/CSLL RETIDO N.F;
574144;;;;;;;;
574145;;;;;;;;
574146;;;;;;;;
574147;;;;;;;;
574148;;;;;;;;
574149;;;;;;;;
574151;;;;;8400;100.8;IRRF - PRESTADOR DE SERVIÇOS;
574153;;;;;;;;
574154;;;;;;;;
574155;;;;;;;;
574156;;;;;;;;
574157;;;;;;;;
574158;;;;;1113.47;16.7;IRRF - GESTAO PLENA - SUS;
574158;;;;;1113.47;55.67;ISS - GESTAO PLENA;
574159;;;;;1510.82;22.66;IRRF - GESTAO PLENA - SUS;
574159;;;;;1510.82;75.54;ISS - GESTAO PLENA;
574160;;;;;;;;
574161;;;;;2934.56;44.02;IRRF - GESTAO PLENA - SUS;
574161;;;;;2934.56;146.73;ISS - GESTAO PLENA;
574162;;;;;1296.82;19.45;IRRF - GESTAO PLENA - SUS;
574162;;;;;1296.82;64.84;ISS - GESTAO PLENA;
574163;;;;;28617.4;28617.4;RESTITUICAO EMPRÉSTIMO C/ O MINIST. DA S;
574164;;;;;222876.53;3772.41;IRRF - GESTAO PLENA - SUS;
574164;;;;;222876.53;12574.7;ISS - GESTAO PLENA;
574165;;;;;;;;
574167;;;;;;;;
574169;;;;;;;;
574170;;;;;;;;
574171;;;;;1378.98;1378.98;HSJB - IRRF RETIDO EM N.F;
574172;;;;;1889.95;22.68;IR/PIS/COFINS/CSLL RETIDO N.F;
574173;;;;;2849.97;34.2;IR/PIS/COFINS/CSLL RETIDO N.F;
574174;;;;;42770.56;1924.68;ISS - PMVR;
574175;;;;;;;;
574176;;;;;44700;536.4;HSJB - IRRF RETIDO EM N.F;
574181;;;;;;;;
574184;;;;;;;;
574185;;;;;;;;
574187;;;;;;;;
574189;;;;;;;;
574190;;;;;;;;
574191;;;;;;;;
574192;;;;;;;;
574193;;;;;;;;
574194;;;;;4335.8;52.03;HSJB - IRRF RETIDO EM N.F;
574195;;;;;99700;4785.6;IRRF RETIDO EM N.F.;
574196;;;;;39300;1886.4;IRRF RETIDO EM N.F.;
574197;;;;;101;101;HSJB - IRRF RETIDO EM N.F;
574200;;;;;9900.94;118.81;HSJB - IRRF RETIDO EM N.F;
574202;;;;;;;;
574203;;;;;;;;
574204;;;;;;;;
574205;;;;;;;;
574206;;;;;840;10.08;HSJB - IRRF RETIDO EM N.F;
574207;;;;;;;;
574208;;;;;;;;
574212;;;;;;;;
574215;;;;;;;;
574219;;;;;;;;
574222;;;;;;;;
574223;;;;;;;;
574227;;;;;;;;
574228;;;;;;;;
574229;;;;;;;;
574230;;;;;;;;
574232;;;;;;;;
574234;;;;;;;;
574235;;;;;;;;
574236;;;;;39400;472.8;HSJB - IRRF RETIDO EM N.F;
574238;;;;;;;;
574239;;;;;;;;
574241;;;;;;;;
574243;;;;;;;;
574244;;;;;;;;
574245;;;;;;;;
574252;;;;;;;;
574256;;;;;;;;
574259;;;;;;;;
574260;;;;;;;;
574263;;;;;;;;
574264;;;;;350.31;4.2;HSJB - IRRF RETIDO EM N.F;
574265;;;;;;;;
574266;;;;;;;;
574267;;;;;;;;
574268;;;;;;;;
574269;;;;;;;;
574270;;;;;;;;
574271;;;;;;;;
574272;;;;;249.67;249.67;HSJB - IRRF RETIDO EM N.F;
574277;;;;;700.62;8.41;HSJB - IRRF RETIDO EM N.F;
574280;;;;;;;;
574281;;;;;;;;
574282;;;;;;;;
574283;;;;;;;;
574284;;;;;;;;
574285;;;;;;;;
574286;;;;;;;;
574287;;;;;;;;
574288;;;;;;;;
574290;;;;;10138.5;200.37;IRRF - GESTAO PLENA - SUS;
574290;;;;;10138.5;834.88;ISS - GESTAO PLENA;
574291;;;;;;;;
574294;;;;;14676.49;176.12;HSJB - IRRF RETIDO EM N.F;
574295;;;;;17160;257.4;IRRF - GESTAO PLENA - SUS;
574295;;;;;17160;858;ISS - GESTAO PLENA;
574296;;;;;;;;
574297;;;;;;;;
574298;;;;;34055.95;408.67;HSJB - IRRF RETIDO EM N.F;
574299;;;;;381140.05;28926.33;RETENC. ISS EM LIQUIDAÇÃO;
574299;;;;;381140.05;19091.38;INSS - PREST. SERV. PROPRIO;
574299;;;;;381140.05;27769.28;IRRF SOBRE O TRABALHO PRINCIPAL - PJ;
574300;;;;;;;;
574302;;;;;;;;
574305;;;;;62.7;0.75;HSJB - IRRF RETIDO EM N.F;
574307;;;;;;;;
574308;;;;;;;;
574310;;;;;85.5;1.03;HSJB - IRRF RETIDO EM N.F;
574311;;;;;125.4;1.5;HSJB - IRRF RETIDO EM N.F;
574312;;;;;;;;
574313;;;;;;;;
574314;;;;;2818;56.76;IRRF - GESTAO PLENA - SUS;
574314;;;;;2818;189.2;ISS - GESTAO PLENA;
574315;;;;;;;;
574316;;;;;17404.53;835.42;HSJB - IRRF RETIDO EM N.F;
574319;;;;;35822.74;716.44;ISS - GOV ESTADO  F 193;
574319;;;;;35822.74;429.87;IRRF - GOV ESTADO - F 193;
574320;;;;;;;;
574321;;;;;2360;28.32;IR/PIS/COFINS/CSLL RETIDO N.F;
574323;;;;;13684;216.06;IRRF - GESTAO PLENA - SUS;
574323;;;;;13684;720.2;ISS - GESTAO PLENA;
574324;;;;;;;;
574326;;;;;;;;
574333;;;;;9824.9;117.89;IR/PIS/COFINS/CSLL RETIDO N.F;
574335;;;;;6805;81.66;HSJB - IRRF RETIDO EM N.F;
574336;;;;;7356.39;147.13;ISS - PMVR;
574337;;;;;;;;
574345;;;;;;;;
574347;;;;;;;;
574350;;;;;363.22;16.24;ISS - PMVR;
574351;;;;;418.76;5.03;HSJB - IRRF RETIDO EM N.F;
574352;;;;;1688.8;20.27;HSJB - IRRF RETIDO EM N.F;
574353;;;;;185.5;2.23;HSJB - IRRF RETIDO EM N.F;
574354;;;;;1688.8;20.27;HSJB - IRRF RETIDO EM N.F;
574355;;;;;;;;
574356;;;;;;;;
574357;;;;;;;;
574358;;;;;187.29;2.24;HSJB - IRRF RETIDO EM N.F;
574359;;;;;4900;73.5;IRRF - GESTAO PLENA - SUS;
574359;;;;;4900;245;ISS - GESTAO PLENA;
574360;;;;;4095;88.86;ISS - GESTAO PLENA;
574361;;;;;;;;
574362;;;;;;;;
574363;;;;;;;;
574364;;;;;648.26;7.78;HSJB - IRRF RETIDO EM N.F;
574365;;;;;1370.39;16.44;HSJB - IRRF RETIDO EM N.F;
574366;;;;;185.5;2.23;HSJB - IRRF RETIDO EM N.F;
574367;;;;;459.52;5.52;HSJB - IRRF RETIDO EM N.F;
574368;;;;;294.85;3.54;HSJB - IRRF RETIDO EM N.F;
574369;;;;;185.5;2.23;HSJB - IRRF RETIDO EM N.F;
574372;;;;;112.84;1.35;HSJB - IRRF RETIDO EM N.F;
574374;;;;;;;;
574375;;;;;7117;7117;INSTITUTO NACIONAL DO SEGURO SOCIAL;
574376;;;;;682.78;682.78;RESTITUI0ES (ANTECIPACAO DE PAGAMENTO) -;
574377;;;;;248846.6;5852.93;ISS - GESTAO PLENA;
574378;;;;;8085;97.02;IRRF - FORNECIMENTO DE BENS;
574379;;;;;;;;
574383;;;;;10593;127.11;IRRF - FORNECIMENTO DE BENS;
574384;;;;;;;;
574385;;;;;;;;
574386;;;;;430.23;21.51;ISS - SALARIO EDUCACAO;
574386;;;;;430.23;5.16;IRRF - SALARIO EDUCAÇÃO;
574386;;;;;430.23;47.33;INSS REENÇÃO - SALARIO EDUCAÇÃO;
574387;;;;;;;;
574388;;;;;103900.42;5195.02;ISS - SALARIO EDUCACAO;
574388;;;;;103900.42;1246.81;IRRF - SALARIO EDUCAÇÃO;
574388;;;;;103900.42;11429.05;INSS REENÇÃO - SALARIO EDUCAÇÃO;
574391;;;;;98097.62;4904.88;ISS - SALARIO EDUCACAO;
574391;;;;;98097.62;1177.17;IRRF - SALARIO EDUCAÇÃO;
574391;;;;;98097.62;10790.74;INSS REENÇÃO - SALARIO EDUCAÇÃO;
574394;;;;;;;;
574395;;;;;475.48;5.71;HSJB - IRRF RETIDO EM N.F;
574396;;;;;;;;
574397;;;;;;;;
574402;;;;;19780;237.36;HSJB - IRRF RETIDO EM N.F;
574404;;;;;1688.8;20.26;HSJB - IRRF RETIDO EM N.F;
574406;;;;;715.35;8.59;HSJB - IRRF RETIDO EM N.F;
574407;;;;;3733.62;44.8;HSJB - IRRF RETIDO EM N.F;
574410;;;;;;;;
574412;;;;;11719.56;585.98;RETENC. ISS EM LIQUIDAÇÃO;
574414;;;;;12.5;12.5;ISS - PMVR;
574419;;;;;8250;99;HSJB - IRRF RETIDO EM N.F;
574420;;;;;12240;612;ISS - PMVR;
574421;;;;;;;;
574427;;;;;12.5;12.5;ISS - PMVR;
574431;;;;;1500;40.5;ISS - PMVR;
574434;;;;;163.25;1.96;HSJB - IRRF RETIDO EM N.F;
574435;;;;;;;;
574436;;;;;;;;
574437;;;;;;;;
574439;;;;;;;;
574440;;;;;;;;
574441;;;;;;;;
574442;;;;;1421;17.05;HSJB - IRRF RETIDO EM N.F;
574443;;;;;;;;
574444;;;;;;;;
574449;;;;;;;;
574459;;;;;;;;
574460;;;;;60000;720;IRRF - FORNECIMENTO DE BENS;
574461;;;;;3831;45.98;HSJB - IRRF RETIDO EM N.F;
574462;;;;;394.88;4.74;HSJB - IRRF RETIDO EM N.F;
574463;;;;;1370.39;16.44;HSJB - IRRF RETIDO EM N.F;
574465;;;;;;;;
574467;;;;;350;4.2;HSJB - IRRF RETIDO EM N.F;
574468;;;;;19.14;0.23;HSJB - IRRF RETIDO EM N.F;
574469;;;;;209.38;2.51;HSJB - IRRF RETIDO EM N.F;
574471;;;;;;;;
574472;;;;;549.93;6.6;HSJB - IRRF RETIDO EM N.F;
574473;;;;;36580;438.96;IRRF - SALARIO EDUCAÇÃO;
574475;;;;;604.26;7.26;HSJB - IRRF RETIDO EM N.F;
574477;;;;;185.5;2.23;HSJB - IRRF RETIDO EM N.F;
574478;;;;;1019.73;47.95;IRRF SOBRE O TRABALHO PRINCIPAL - PJ;
574480;;;;;7348.18;337.34;IRRF SOBRE O TRABALHO PRINCIPAL - PJ;
574481;;;;;;;;
574483;;;;;;;;
574484;;;;;;;;
574485;;;;;2276.21;94.43;IRRF SOBRE O TRABALHO PRINCIPAL - PJ;
574487;;;;;;;;
574488;;;;;;;;
574489;;;;;13149.54;631.17;IRRF SOBRE O TRABALHO PRINCIPAL - PJ;
574490;;;;;;;;
574491;;;;;;;;
574492;;;;;;;;
574493;;;;;;;;
574494;;;;;;;;
574496;;;;;10000;120;IRRF SOBRE O TRABALHO PRINCIPAL - PJ;
574497;;;;;;;;
574499;;;;;;;;
574500;;;;;;;;
574501;;;;;;;;
574502;;;;;2410.65;28.93;HSJB - IRRF RETIDO EM N.F;
574503;;;;;798;9.58;HSJB - IRRF RETIDO EM N.F;
574505;;;;;2273.63;27.29;HSJB - IRRF RETIDO EM N.F;
574506;;;;;2273.63;27.29;HSJB - IRRF RETIDO EM N.F;
574507;;;;;;;;
574508;;;;;2273.63;27.29;HSJB - IRRF RETIDO EM N.F;
574509;;;;;;;;
574510;;;;;;;;
574511;;;;;3072.63;36.88;HSJB - IRRF RETIDO EM N.F;
574513;;;;;4730;56.76;HSJB - IRRF RETIDO EM N.F;
574516;;;;;1370;16.44;HSJB - IRRF RETIDO EM N.F;
574520;;;;;1681.11;20.18;HSJB - IRRF RETIDO EM N.F;
574526;;;;;81223.07;4061.15;ISS - PMVR;
574526;;;;;81223.07;974.67;IRRF - PRESTADOR DE SERVIÇOS;
574526;;;;;81223.07;3127.08;INSS PRESTADORES DE SERVIÇO PJ;
574529;;;;;;;;
574532;;;;;7774.44;155.49;RETENC. ISS EM LIQUIDAÇÃO;
574534;;;;;;;;
574536;;;;;5352.05;64.23;HSJB - IRRF RETIDO EM N.F;
574537;;;;;;;;
574538;;;;;;;;
574539;;;;;12620.39;1302.36;IRRF - GESTAO PLENA - SUS;
574543;;;;;1474.63;17.7;HSJB - IRRF RETIDO EM N.F;
574544;;;;;;;;
574551;;;;;219.15;2.63;HSJB - IRRF RETIDO EM N.F;
574560;;;;;;;;
574561;;;;;65380;784.56;IRRF - FORNECIMENTO DE BENS;
574562;;;;;11360;136.32;IRRF - FORNECIMENTO DE BENS;
574563;;;;;15.52;15.52;RESTITUI0ES (ANTECIPACAO DE PAGAMENTO) -;
574565;;;;;2273.63;27.29;HSJB - IRRF RETIDO EM N.F;
574566;;;;;;;;
574568;;;;;237.89;237.89;INSTITUTO NACIONAL DO SEGURO SOCIAL;
574569;;;;;;;;
574573;;;;;;;;
574574;;;;;;;;
574575;;;;;;;;
574576;;;;;;;;
574577;;;;;2273.63;27.29;HSJB - IRRF RETIDO EM N.F;
574578;;;;;;;;
574580;;;;;;;;
574581;;;;;;;;
574582;;;;;;;;
574583;;;;;57600;2304;ISS - FME;
574585;;;;;728.81;728.81;ISS - PMVR;
574586;;;;;167.75;167.75;INSTITUTO NACIONAL DO SEGURO SOCIAL;
574587;;;;;1357.25;73.2;IRRF - PMVR;
574588;;;;;;;;
574590;;;;;55800;1335.85;ISS - GESTAO PLENA;
574591;;;;;437.8;21.89;RETENC. ISS EM LIQUIDAÇÃO;
574592;;;;;;;;
574594;;;;;;;;
574597;;;;;;;;
574598;;;;;;;;
574599;;;;;;;;
574600;;;;;2123.63;25.49;HSJB - IRRF RETIDO EM N.F;
574601;;;;;1474.63;17.7;HSJB - IRRF RETIDO EM N.F;
574603;;;;;;;;
574606;;;;;2273.63;27.29;HSJB - IRRF RETIDO EM N.F;
574607;;;;;;;;
574608;;;;;2580;51.6;ISS - PMVR;
574609;;;;;31900;638;ISS - PMVR;
574610;;;;;3016.1;36.2;HSJB - IRRF RETIDO EM N.F;
574611;;;;;;;;
574612;;;;;2697.51;32.37;HSJB - IRRF RETIDO EM N.F;
574613;;;;;2697.51;32.37;HSJB - IRRF RETIDO EM N.F;
574614;;;;;2697.51;32.37;HSJB - IRRF RETIDO EM N.F;
574615;;;;;2697.51;32.37;HSJB - IRRF RETIDO EM N.F;
574616;;;;;3398.39;40.78;HSJB - IRRF RETIDO EM N.F;
574617;;;;;3398.39;40.78;HSJB - IRRF RETIDO EM N.F;
574618;;;;;2868.57;34.42;HSJB - IRRF RETIDO EM N.F;
574619;;;;;2697.51;32.37;HSJB - IRRF RETIDO EM N.F;
574620;;;;;;;;
574621;;;;;1474.63;17.7;HSJB - IRRF RETIDO EM N.F;
574622;;;;;;;;
574623;;;;;;;;
574625;;;;;2922.63;35.08;HSJB - IRRF RETIDO EM N.F;
574627;;;;;2273.63;27.29;HSJB - IRRF RETIDO EM N.F;
574628;;;;;;;;
574629;;;;;;;;
574630;;;;;;;;
574634;;;;;2922.63;35.08;HSJB - IRRF RETIDO EM N.F;
574639;;;;;2123.63;25.49;HSJB - IRRF RETIDO EM N.F;
574640;;;;;648.5;28.56;ISS - PMVR;
574641;;;;;26244.57;302.88;IRRF - FORNECIMENTO DE BENS;
574643;;;;;16417.6;197.01;IRRF - GESTAO PLENA - SUS;
574644;;;;;5652;67.82;HSJB - IRRF RETIDO EM N.F;
574645;;;;;2239879.24;11211.94;IRRF - PRESTADOR DE SERVIÇOS;
574645;;;;;2239879.24;24055.62;IRRF - FORNECIMENTO DE BENS;
574646;;;;;6670;80.04;HSJB - IRRF RETIDO EM N.F;
574647;;;;;;;;
574648;;;;;5652;67.82;HSJB - IRRF RETIDO EM N.F;
574650;;;;;;;;
574651;;;;;190641.87;1743.78;IRRF - PRESTADOR DE SERVIÇOS;
574651;;;;;190641.87;1847.15;IRRF - FORNECIMENTO DE BENS;
574655;;;;;2922.63;35.08;HSJB - IRRF RETIDO EM N.F;
574656;;;;;219.15;2.63;HSJB - IRRF RETIDO EM N.F;
574657;;;;;901.3;10.81;IRRF - FORNECIMENTO DE BENS;
574658;;;;;27421.16;329.05;IRRF - GESTAO PLENA - SUS;
574658;;;;;27421.16;822.63;ISS - GESTAO PLENA;
574659;;;;;3409.7;40.91;IRRF - FORNECIMENTO DE BENS;
574660;;;;;;;;
574661;;;;;1074.63;12.9;HSJB - IRRF RETIDO EM N.F;
574663;;;;;2859.28;47.45;IRRF - GOV ESTADO - F 193;
574664;;;;;5752.5;69.03;IRRF - FORNECIMENTO DE BENS;
574665;;;;;2330.11;27.97;HSJB - IRRF RETIDO EM N.F;
574666;;;;;;;;
574667;;;;;;;;
574668;;;;;;;;
574669;;;;;425.63;5.11;HSJB - IRRF RETIDO EM N.F;
574670;;;;;;;;
574671;;;;;;;;
574673;;;;;;;;
574674;;;;;45155.66;1354.67;ISS - PMVR;
574674;;;;;45155.66;2167.47;IRRF - PRESTADOR DE SERVIÇOS;
574675;;;;;;;;
574676;;;;;;;;
574677;;;;;;;;
574683;;;;;;;;
574685;;;;;;;;
574686;;;;;;;;
574687;;;;;;;;
574688;;;;;;;;
574689;;;;;;;;
574690;;;;;;;;
574691;;;;;23421.49;281.06;HSJB - IRRF RETIDO EM N.F;
574692;;;;;1727.62;77.22;ISS - PMVR;
574693;;;;;;;;
574694;;;;;;;;
574695;;;;;;;;
574696;;;;;5846.75;70.16;IR/PIS/COFINS/CSLL RETIDO N.F;
574697;;;;;11028.5;11028.5;INSTITUTO NACIONAL DO SEGURO SOCIAL;
574698;;;;;;;;
574699;;;;;1135.09;1135.09;RESTITUICOES ANTECIPACAO DE PAGAMENTO -;
574700;;;;;;;;
574701;;;;;;;;
574702;;;;;154840.47;6015.54;ISS - GOV ESTADO  F 193;
574703;;;;;4140;49.68;IR/PIS/COFINS/CSLL RETIDO N.F;
574704;;;;;;;;
574707;;;;;71596.71;3579.84;RETENC. ISS EM LIQUIDAÇÃO;
574707;;;;;71596.71;3436.64;IRRF SOBRE O TRABALHO PRINCIPAL - PJ;
574708;;;;;;;;
574709;;;;;;;;
574710;;;;;;;;
574711;;;;;;;;
574713;;;;;18392;275.88;IRRF - GESTAO PLENA - SUS;
574713;;;;;18392;367.84;ISS - GESTAO PLENA;
574715;;;;;;;;
574716;;;;;5760;161.28;ISS - GESTAO PLENA;
574717;;;;;;;;
574719;;;;;;;;
574720;;;;;4286;51.43;HSJB - IRRF RETIDO EM N.F;
574721;;;;;8610;129.15;IRRF - GESTAO PLENA - SUS;
574721;;;;;8610;430.5;ISS - GESTAO PLENA;
574722;;;;;;;;
574723;;;;;;;;
574725;;;;;;;;
574729;;;;;11564;175.53;IRRF - GESTAO PLENA - SUS;
574729;;;;;11564;585.1;ISS - GESTAO PLENA;
574737;;;;;;;;
574739;;;;;245.4;2.94;HSJB - IRRF RETIDO EM N.F;
574741;;;;;;;;
574744;;;;;;;;
574745;;;;;;;;
574746;;;;;;;;
574748;;;;;3520;42.24;HSJB - IRRF RETIDO EM N.F;
574749;;;;;14558.42;174.7;IRRF SOBRE O TRABALHO PRINCIPAL - PJ;
574750;;;;;93452.48;1121.42;IRRF - FORNECIMENTO DE BENS;
574756;;;;;186;2.23;HSJB - IRRF RETIDO EM N.F;
574757;;;;;;;;
574758;;;;;;;;
574759;;;;;;;;
574760;;;;;12944.95;750.14;ISS - GESTAO PLENA;
574761;;;;;;;;
574763;;;;;;;;
574766;;;;;1597.9;23.97;IRRF - GESTAO PLENA - SUS;
574766;;;;;1597.9;79.9;ISS - GESTAO PLENA;
574767;;;;;20346.72;244.16;HSJB - IRRF RETIDO EM N.F;
574768;;;;;900;99;INSS - FOLHA PAGTO;
574769;;;;;;;;
574770;;;;;;;;
574771;;;;;2331.55;81.6;ISS - PMVR;
574771;;;;;466.31;51.29;INSS PRESTADORES DE SERVIÇO PJ;
574773;;;;;6930;242.55;ISS - PMVR;
574773;;;;;1386;152.46;INSS PRESTADORES DE SERVIÇO PJ;
574774;;;;;;;;
574775;;;;;51;0.61;HSJB - IRRF RETIDO EM N.F;
574776;;;;;2362.5;28.35;HSJB - IRRF RETIDO EM N.F;
574777;;;;;;;;
574778;;;;;;;;
574779;;;;;;;;
574780;;;;;6300;75.6;HSJB - IRRF RETIDO EM N.F;
574781;;;;;;;;
574782;;;;;;;;
574783;;;;;16969;203.63;HSJB - IRRF RETIDO EM N.F;
574784;;;;;;;;
574785;;;;;5770;69.24;HSJB - IRRF RETIDO EM N.F;
574786;;;;;7605;91.26;HSJB - IRRF RETIDO EM N.F;
574787;;;;;;;;
574788;;;;;44928;539.14;HSJB - IRRF RETIDO EM N.F;
574790;;;;;30414.92;1520.75;ISS - GOV ESTADO  F 193;
574790;;;;;30414.92;456.22;IRRF - GOV ESTADO - F 193;
574793;;;;;202;2.42;HSJB - IRRF RETIDO EM N.F;
574795;;;;;5874.12;70.49;IRRF - GESTAO PLENA - SUS;
574796;;;;;;;;
574797;;;;;565;6.78;HSJB - IRRF RETIDO EM N.F;
574798;;;;;;;;
574799;;;;;;;;
574802;;;;;;;;
574806;;;;;;;;
574807;;;;;;;;
574809;;;;;13586.4;917.7;ISS - GESTAO PLENA;
574810;;;;;;;;
574811;;;;;15360;187.92;IRRF - GESTAO PLENA - SUS;
574811;;;;;15360;313.2;ISS - GESTAO PLENA;
574812;;;;;50476.47;757.14;IRRF - GESTAO PLENA - SUS;
574812;;;;;50476.47;2523.82;ISS - GESTAO PLENA;
574815;;;;;;;;
574816;;;;;1638;19.66;HSJB - IRRF RETIDO EM N.F;
574820;;;;;;;;
574821;;;;;;;;
574822;;;;;;;;
574823;;;;;;;;
574824;;;;;;;;
574825;;;;;;;;
574826;;;;;;;;
574827;;;;;;;;
574828;;;;;;;;
574829;;;;;;;;
574833;;;;;300;3.6;HSJB - IRRF RETIDO EM N.F;
574834;;;;;120;1.44;HSJB - IRRF RETIDO EM N.F;
574837;;;;;;;;
574839;;;;;479.95;479.95;HSJB - IRRF RETIDO EM N.F;
574840;;;;;456826.02;6852.39;IRRF - GESTAO PLENA - SUS;
574840;;;;;456826.02;13704.78;ISS - GESTAO PLENA;
574841;;;;;;;;
574843;;;;;479.95;479.95;HSJB - IRRF RETIDO EM N.F;
574847;;;;;;;;
574848;;;;;3504;42.05;HSJB - IRRF RETIDO EM N.F;
574850;;;;;;;;
574853;;;;;;;;
574855;;;;;2804.4;33.65;HSJB - IRRF RETIDO EM N.F;
574857;;;;;11850;142.2;HSJB - IRRF RETIDO EM N.F;
574858;;;;;6685;80.22;HSJB - IRRF RETIDO EM N.F;
574859;;;;;;;;
574861;;;;;;;;
574864;;;;;;;;
574865;;;;;;;;
574866;;;;;;;;
574868;;;;;;;;
574869;;;;;;;;
574870;;;;;;;;
574871;;;;;;;;
574876;;;;;435;435;HSJB - IRRF RETIDO EM N.F;
574898;;;;;2107;25.28;HSJB - IRRF RETIDO EM N.F;
574898;;;;;2107;42.14;HSJB - ISS - PMVR;
574899;;;;;476355.3;10176.31;ISS - PMVR;
574899;;;;;476355.3;24423.13;IRRF - PRESTADOR DE SERVIÇOS;
574900;;;;;;;;
574902;;;;;1251.17;15.01;HSJB - IRRF RETIDO EM N.F;
574902;;;;;1251.17;25.02;HSJB - ISS - PMVR;
574903;;;;;;;;
574904;;;;;;;;
574907;;;;;;;;
574909;;;;;383368.16;4600.41;IRRF - FME;
574912;;;;;383368.16;4600.41;IRRF - FME;
574914;;;;;383368.16;4600.41;IRRF - FME;
574915;;;;;376522.3;4518.26;IRRF - FME;
574916;;;;;;;;
574917;;;;;;;;
574918;;;;;;;;
574919;;;;;4524.24;217.16;IRRF - FORNECIMENTO DE BENS;
574920;;;;;;;;
574921;;;;;;;;
574922;;;;;;;;
574923;;;;;;;;
574924;;;;;29400;352.8;HSJB - IRRF RETIDO EM N.F;
574925;;;;;;;;
574926;;;;;700;14.07;ISS - PMVR;
574928;;;;;;;;
574929;;;;;;;;
574930;;;;;;;;
574931;;;;;;;;
574932;;;;;;;;
574933;;;;;;;;
574934;;;;;;;;
574935;;;;;75;0.9;IR/PIS/COFINS/CSLL RETIDO N.F;
574936;;;;;910.94;10.93;IR/PIS/COFINS/CSLL RETIDO N.F;
574937;;;;;;;;
574938;;;;;;;;
574939;;;;;;;;
574940;;;;;;;;
574941;;;;;;;;
574942;;;;;1760;21.12;HSJB - IRRF RETIDO EM N.F;
574943;;;;;;;;
574944;;;;;;;;
574946;;;;;362;4.34;HSJB - IRRF RETIDO EM N.F;
574947;;;;;129607.56;6221.16;IRRF - GESTAO PLENA - SUS;
574948;;;;;22.5;0.27;HSJB - IRRF RETIDO EM N.F;
574949;;;;;26303.92;1262.59;IRRF - GESTAO PLENA - SUS;
574950;;;;;;;;
574951;;;;;3840;46.08;HSJB - IRRF RETIDO EM N.F;
574952;;;;;843;10.12;IR/PIS/COFINS/CSLL RETIDO N.F;
574953;;;;;;;;
574954;;;;;30312.65;407.71;IR/PIS/COFINS/CSLL RETIDO N.F;
574955;;;;;9340;112.08;IR/PIS/COFINS/CSLL RETIDO N.F;
574956;;;;;26895;1344.75;ISS - FME;
574956;;;;;26895;403.43;IRRF - FME;
574957;;;;;15750;189;IRRF - GESTAO PLENA - SUS;
574957;;;;;15750;315;ISS - GESTAO PLENA;
574959;;;;;17787.88;355.53;IRRF - GESTAO PLENA - SUS;
574959;;;;;17787.88;1481.39;ISS - GESTAO PLENA;
574960;;;;;;;;
574961;;;;;;;;
574962;;;;;;;;
574963;;;;;;;;
574966;;;;;18250;219;HSJB - IRRF RETIDO EM N.F;
574968;;;;;;;;
574971;;;;;;;;
574974;;;;;;;;
574977;;;;;;;;
574978;;;;;;;;
574979;;;;;;;;
574980;;;;;132;1.58;HSJB - IRRF RETIDO EM N.F;
574982;;;;;;;;
574984;;;;;;;;
574990;;;;;;;;
574992;;;;;;;;
574994;;;;;;;;
574997;;;;;;;;
574998;;;;;;;;
574999;;;;;3510;146.07;ISS - GESTAO PLENA;
575000;;;;;;;;
575001;;;;;2400;120;ISS - PMVR;
575002;;;;;2200;110;ISS - PMVR;
575003;;;;;;;;
575004;;;;;;;;
575005;;;;;313.72;313.72;HSJB - IRRF RETIDO EM N.F;
575006;;;;;;;;
575007;;;;;6500;258.7;ISS - PMVR;
575008;;;;;;;;
575009;;;;;;;;
575010;;;;;24225;313.5;IRRF - FORNECIMENTO DE BENS;
575011;;;;;;;;
575012;;;;;;;;
575013;;;;;20960;251.52;HSJB - IRRF RETIDO EM N.F;
575014;;;;;;;;
575015;;;;;;;;
575016;;;;;;;;
575017;;;;;;;;
575018;;;;;;;;
575019;;;;;96774.15;2903.22;ISS - PMVR;
575019;;;;;96774.15;4645.16;IRRF - PRESTADOR DE SERVIÇOS;
575019;;;;;14516.12;1596.77;INSS PRESTADORES DE SERVIÇO PJ;
575020;;;;;;;;
575021;;;;;19770;237.24;IRRF - FORNECIMENTO DE BENS;
575032;;;;;18250;219;HSJB - IRRF RETIDO EM N.F;
575035;;;;;;;;
575036;;;;;13900;279.39;ISS - GESTAO PLENA;
575037;;;;;;;;
575039;;;;;;;;
575042;;;;;;;;
575043;;;;;;;;
575044;;;;;;;;
575045;;;;;;;;
575046;;;;;8890;106.68;HSJB - IRRF RETIDO EM N.F;
575047;;;;;;;;
575048;;;;;;;;
575049;;;;;;;;
575050;;;;;;;;
575051;;;;;;;;
575052;;;;;;;;
575053;;;;;;;;
575054;;;;;351;4.21;HSJB - IRRF RETIDO EM N.F;
575056;;;;;;;;
575059;;;;;;;;
575060;;;;;568.48;27.29;IRRF - PRESTADOR DE SERVIÇOS;
575061;;;;;;;;
575062;;;;;;;;
575063;;;;;;;;
575064;;;;;;;;
575065;;;;;;;;
575067;;;;;;;;
575068;;;;;;;;
575069;;;;;;;;
575071;;;;;;;;
575074;;;;;4150;49.8;HSJB - IRRF RETIDO EM N.F;
575076;;;;;;;;
575077;;;;;109585.5;5260.1;IRRF - GESTAO PLENA - SUS;
575077;;;;;109585.5;2191.71;ISS - GESTAO PLENA;
575078;;;;;;;;
575079;;;;;;;;
575080;;;;;;;;
575081;;;;;1029622.27;51481.11;ISS - SALARIO EDUCACAO;
575081;;;;;1029622.27;12355.47;IRRF - SALARIO EDUCAÇÃO;
575081;;;;;1029622.27;113258.45;INSS REENÇÃO - SALARIO EDUCAÇÃO;
575083;;;;;;;;
575084;;;;;;;;
575085;;;;;3000;36;HSJB - IRRF - PMVR;
575085;;;;;3000;150;HSJB - ISS - PMVR;
575086;;;;;;;;
575087;;;;;10388;144.53;IRRF - GESTAO PLENA - SUS;
575087;;;;;10388;240.88;ISS - GESTAO PLENA;
575088;;;;;;;;
575090;;;;;;;;
575094;;;;;;;;
575096;;;;;;;;
575098;;;;;36900;1771.2;IRRF - PMVR;
575100;;;;;;;;
575102;;;;;;;;
575103;;;;;;;;
575106;;;;;;;;
575108;;;;;;;;
575113;;;;;9900;118.8;HSJB - IRRF RETIDO EM N.F;
575137;;;;;;;;
575150;;;;;;;;
575159;;;;;5220;62.64;HSJB - IRRF RETIDO EM N.F;
575160;;;;;;;;
575164;;;;;;;;
575167;;;;;;;;
575175;;;;;750;9;HSJB - IRRF RETIDO EM N.F;
575183;;;;;2250;27;HSJB - IRRF RETIDO EM N.F;
575185;;;;;;;;
575187;;;;;;;;
575194;;;;;;;;
575201;;;;;;28.7;INSTITUTO NACIONAL DO SEGURO SOCIAL;
575209;;;;;;;;
575215;;;;;3000;36;HSJB - IRRF RETIDO EM N.F;
575216;;;;;5220;62.64;HSJB - IRRF RETIDO EM N.F;
575223;;;;;16800;201.6;HSJB - IRRF RETIDO EM N.F;
575224;;;;;;;;
575225;;;;;;;;
575226;;;;;;;;
575227;;;;;;;;
575228;;;;;;;;
575229;;;;;;;;
575230;;;;;;;;
575231;;;;;;;;
575232;;;;;5580;123.88;ISS - PMVR;
575233;;;;;;;;
575234;;;;;;;;
575235;;;;;;;;
575236;;;;;;;;
575240;;;;;;;;
575247;;;;;;;;
575253;;;;;;;;
575258;;;;;16050;192.6;HSJB - IRRF RETIDO EM N.F;
575266;;;;;;;;
575268;;;;;14265;171.18;HSJB - IRRF RETIDO EM N.F;
575269;;;;;;;;
575271;;;;;;;;
575275;;;;;13900;279.39;ISS - GESTAO PLENA;
575276;;;;;;;;
575277;;;;;;;;
575278;;;;;;;;
575279;;;;;;;;
575280;;;;;;;;
575281;;;;;;;;
575282;;;;;;;;
575283;;;;;;;;
575284;;;;;;;;
575285;;;;;8750;105;IRRF - FORNECIMENTO DE BENS;
575286;;;;;;;;
575287;;;;;;;;
575288;;;;;;;;
575289;;;;;;;;
575290;;;;;;;;
575291;;;;;;;;
575292;;;;;;;;
575293;;;;;;;;
575294;;;;;;;;
575295;;;;;481.3;5.77;IR/PIS/COFINS/CSLL RETIDO N.F;
575296;;;;;44112.7;529.35;IR/PIS/COFINS/CSLL RETIDO N.F;
575297;;;;;;;;
575300;;;;;;;;
575301;;;;;114932.74;7483.75;IRRF - GESTAO PLENA - SUS;
575302;;;;;;;;
575305;;;;;486600;24700;ISS - GOV ESTADO  F 193;
575305;;;;;486600;7410;IRRF - GOV ESTADO - F 193;
575306;;;;;;;;
575307;;;;;;;;
575308;;;;;16979.8;1288.43;ISS - GESTAO PLENA;
575309;;;;;;;;
575310;;;;;;;;
575311;;;;;;;;
575312;;;;;5600;67.2;IRRF - GESTAO PLENA - SUS;
575312;;;;;5600;280;ISS - GESTAO PLENA;
575313;;;;;2038.7;24.46;IRRF - GESTAO PLENA - SUS;
575313;;;;;2038.7;101.94;ISS - GESTAO PLENA;
575314;;;;;;;;
575315;;;;;10273.27;123.27;IRRF - FORNECIMENTO DE BENS;
575316;;;;;6562;78.74;IRRF - FORNECIMENTO DE BENS;
575317;;;;;9768.73;117.22;IRRF - FORNECIMENTO DE BENS;
575320;;;;;;;;
575321;;;;;;;;
575322;;;;;;;;
575323;;;;;;;;
575324;;;;;1935;23.22;HSJB - IRRF RETIDO EM N.F;
575326;;;;;;;;
575329;;;;;6500;258.7;HSJB - ISS - PMVR;
575332;;;;;;;;
575335;;;;;8890;106.68;HSJB - IRRF RETIDO EM N.F;
575336;;;;;2073.8;46.66;IRRF - GESTAO PLENA - SUS;
575336;;;;;2073.8;62.21;ISS - GESTAO PLENA;
575337;;;;;;;;
575342;;;;;;;;
575344;;;;;;;;
575349;;;;;;;;
575352;;;;;;;;
575353;;;;;1985.6;23.83;IRRF - GESTAO PLENA - SUS;
575353;;;;;1985.6;99.28;ISS - GESTAO PLENA;
575354;;;;;;;;
575355;;;;;112;5.38;IRRF - PRESTADOR DE SERVIÇOS;
575356;;;;;4669;56.03;HSJB - IRRF RETIDO EM N.F;
575357;;;;;147813.96;1773.77;IRRF - GESTAO PLENA - SUS;
575357;;;;;147813.96;7390.7;ISS - GESTAO PLENA;
575358;;;;;;;;
575359;;;;;;;;
575360;;;;;;;;
575361;;;;;7700;115.5;IRRF - GESTAO PLENA - SUS;
575361;;;;;7700;154;ISS - GESTAO PLENA;
575365;;;;;6303.46;302.57;IRRF SOBRE O TRABALHO PRINCIPAL - PJ;
575367;;;;;14310;300.51;ISS - GESTAO PLENA;
575369;;;;;5040;185.47;ISS - GESTAO PLENA;
575370;;;;;;;;
575371;;;;;913;10.96;HSJB - IRRF RETIDO EM N.F;
575374;;;;;14189;170.27;HSJB - IRRF RETIDO EM N.F;
575384;;;;;6120;73.44;HSJB - IRRF RETIDO EM N.F;
575386;;;;;1780;21.36;HSJB - IRRF RETIDO EM N.F;
575389;;;;;165622.4;2484.34;IRRF - GESTAO PLENA - SUS;
575389;;;;;165622.4;8281.12;ISS - GESTAO PLENA;
575392;;;;;;;;
575393;;;;;45428.65;545.14;IR/PIS/COFINS/CSLL RETIDO N.F;
575394;;;;;196;3.92;ISS - GESTAO PLENA;
575395;;;;;1264.5;15.17;IR/PIS/COFINS/CSLL RETIDO N.F;
575397;;;;;;;;
575399;;;;;436561.04;6548.42;IRRF - GESTAO PLENA - SUS;
575399;;;;;436561.04;13096.83;ISS - GESTAO PLENA;
575403;;;;;;;;
575404;;;;;9618;216.68;ISS - GESTAO PLENA;
575405;;;;;136998.91;1647.12;IRRF SOBRE O TRABALHO PRINCIPAL - PJ;
575406;;;;;677084.23;8125.01;IRRF SOBRE O TRABALHO PRINCIPAL - PJ;
575407;;;;;;;;
575408;;;;;;;;
575409;;;;;93467.53;2125.52;IRRF SOBRE O TRABALHO PRINCIPAL - PJ;
575410;;;;;;;;
575411;;;;;20580;311.4;IRRF - GESTAO PLENA - SUS;
575411;;;;;20580;415.2;ISS - GESTAO PLENA;
575412;;;;;50116.87;601.4;IRRF SOBRE O TRABALHO PRINCIPAL - PJ;
575413;;;;;;;;
575414;;;;;241228.31;2898.4;IRRF SOBRE O TRABALHO PRINCIPAL - PJ;
575415;;;;;;;;
575416;;;;;5158.17;61.9;IRRF SOBRE O TRABALHO PRINCIPAL - PJ;
575417;;;;;57107.85;6231.35;RETENC. ISS EM LIQUIDAÇÃO;
575417;;;;;57107.85;1869.41;IRRF SOBRE O TRABALHO PRINCIPAL - PJ;
575418;;;;;279.97;279.97;INSTITUTO NACIONAL DO SEGURO SOCIAL;
575420;;;;;2995;35.94;HSJB - IRRF RETIDO EM N.F;
575421;;;;;12446.03;445.41;ISS - GESTAO PLENA;
575422;;;;;;;;
575429;;;;;;;;
575431;;;;;;;;
575432;;;;;10500;368.31;RETENC. ISS EM LIQUIDAÇÃO;
575435;;;;;;;;
575436;;;;;7740;271.5;RETENC. ISS EM LIQUIDAÇÃO;
575438;;;;;;;;
575439;;;;;7320;256.76;RETENC. ISS EM LIQUIDAÇÃO;
575440;;;;;;;;
575443;;;;;16687.5;200.25;HSJB - IRRF RETIDO EM N.F;
575444;;;;;;;;
575445;;;;;;;;
575446;;;;;;;;
575447;;;;;;;;
575448;;;;;;;;
575449;;;;;;;;
575451;;;;;;;;
575453;;;;;12600;151.2;HSJB - IRRF RETIDO EM N.F;
575454;;;;;18540;222.48;IRRF - GESTAO PLENA - SUS;
575454;;;;;18540;927;ISS - GESTAO PLENA;
575455;;;;;;;;
575456;;;;;;;;
575457;;;;;1230;24.72;ISS - PMVR;
575458;;;;;394.59;4.73;IRRF - FORNECIMENTO DE BENS;
575459;;;;;;;;
575460;;;;;542.5;6.51;HSJB - IRRF RETIDO EM N.F;
575461;;;;;;;;
575462;;;;;;;;
575463;;;;;;;;
575465;;;;;;;;
575468;;;;;5003.32;60.04;HSJB - IRRF RETIDO EM N.F;
575469;;;;;;;;
575470;;;;;95.9;0.23;IRRF - FORNECIMENTO DE BENS;
575473;;;;;705.25;1.69;IRRF - FORNECIMENTO DE BENS;
575478;;;;;;;;
575482;;;;;;;;
575483;;;;;;;;
575484;;;;;;;;
575485;;;;;8698.33;417.51;IRRF SOBRE O TRABALHO PRINCIPAL - PJ;
575486;;;;;554.9;27.74;RETENC. ISS EM LIQUIDAÇÃO;
575487;;;;;;;;
575489;;;;;626.5;31.32;RETENC. ISS EM LIQUIDAÇÃO;
575490;;;;;1180;47.2;ISS - PMVR;
575491;;;;;626.5;31.32;RETENC. ISS EM LIQUIDAÇÃO;
575492;;;;;34990.3;1749.52;RETENC. ISS EM LIQUIDAÇÃO;
575495;;;;;89.5;4.48;RETENC. ISS EM LIQUIDAÇÃO;
575496;;;;;71.6;3.58;RETENC. ISS EM LIQUIDAÇÃO;
575497;;;;;71.6;3.58;RETENC. ISS EM LIQUIDAÇÃO;
575498;;;;;;;;
575499;;;;;142011.83;7100.59;RETENC. ISS EM LIQUIDAÇÃO;
575500;;;;;554.9;27.74;RETENC. ISS EM LIQUIDAÇÃO;
575501;;;;;;;;
575502;;;;;;;;
575504;;;;;3089.4;37.07;IRRF SOBRE O TRABALHO PRINCIPAL - PJ;
575505;;;;;71.6;3.58;RETENC. ISS EM LIQUIDAÇÃO;
575506;;;;;;;;
575507;;;;;;;;
575508;;;;;;;;
575512;;;;;14000;168;IRRF SOBRE O TRABALHO PRINCIPAL - PJ;
575513;;;;;;;;
575515;;;;;2360.01;28.32;IRRF SOBRE O TRABALHO PRINCIPAL - PJ;
575516;;;;;680;8.16;HSJB - IRRF RETIDO EM N.F;
575517;;;;;;;;
575518;;;;;1177.6;14.13;IRRF SOBRE O TRABALHO PRINCIPAL - PJ;
575519;;;;;;;;
575521;;;;;2309.6;27.71;IRRF SOBRE O TRABALHO PRINCIPAL - PJ;
575522;;;;;5120;61.44;IRRF SOBRE O TRABALHO PRINCIPAL - PJ;
575523;;;;;;;;
575524;;;;;2228;26.74;IRRF SOBRE O TRABALHO PRINCIPAL - PJ;
575525;;;;;2400;28.8;IRRF SOBRE O TRABALHO PRINCIPAL - PJ;
575527;;;;;;;;
575528;;;;;;;;
575529;;;;;;;;
575530;;;;;;;;
575532;;;;;12486.48;149.83;IRRF SOBRE O TRABALHO PRINCIPAL - PJ;
575533;;;;;13141.83;157.7;IRRF SOBRE O TRABALHO PRINCIPAL - PJ;
575535;;;;;;;;
575537;;;;;;;;
575538;;;;;25805.18;309.66;IRRF SOBRE O TRABALHO PRINCIPAL - PJ;
575541;;;;;32501.68;390.02;IRRF SOBRE O TRABALHO PRINCIPAL - PJ;
575544;;;;;;;;
575554;;;;;214.4;2.57;IRRF SOBRE O TRABALHO PRINCIPAL - PJ;
575556;;;;;;;;
575558;;;;;45855;2292.75;RETENC. ISS EM LIQUIDAÇÃO;
575559;;;;;;;;
575561;;;;;16428;197.13;IRRF - FME;
575562;;;;;;;;
575563;;;;;;;;
575565;;;;;;;;
575566;;;;;;;;
575567;;;;;;;;
575568;;;;;12320.5;147.85;HSJB - IRRF RETIDO EM N.F;
575569;;;;;;;;
575570;;;;;;;;
575572;;;;;199.5;2.39;IRRF SOBRE O TRABALHO PRINCIPAL - PJ;
575573;;;;;8810.6;105.73;HSJB - IRRF RETIDO EM N.F;
575575;;;;;79.8;0.95;IRRF SOBRE O TRABALHO PRINCIPAL - PJ;
575577;;;;;956;11.47;HSJB - IRRF RETIDO EM N.F;
575579;;;;;21555;258.66;IRRF SOBRE O TRABALHO PRINCIPAL - PJ;
575582;;;;;19.95;0.24;IRRF SOBRE O TRABALHO PRINCIPAL - PJ;
575585;;;;;39.9;0.48;IRRF SOBRE O TRABALHO PRINCIPAL - PJ;
575586;;;;;;;;
575587;;;;;;;;
575588;;;;;17343;867.15;RETENC. ISS EM LIQUIDAÇÃO;
575588;;;;;17343;832.46;IRRF SOBRE O TRABALHO PRINCIPAL - PJ;
575589;;;;;;;;
575590;;;;;55850;2792.5;RETENC. ISS EM LIQUIDAÇÃO;
575590;;;;;55850;2680.8;IRRF SOBRE O TRABALHO PRINCIPAL - PJ;
575591;;;;;;;;
575592;;;;;3750;187.5;RETENC. ISS EM LIQUIDAÇÃO;
575592;;;;;3750;180;IRRF SOBRE O TRABALHO PRINCIPAL - PJ;
575593;;;;;;;;
575594;;;;;43667.09;2183.35;RETENC. ISS EM LIQUIDAÇÃO;
575597;;;;;;;;
575598;;;;;68640;823.68;IRRF SOBRE O TRABALHO PRINCIPAL - PJ;
575599;;;;;1304.1;15.64;IRRF SOBRE O TRABALHO PRINCIPAL - PJ;
575600;;;;;;;;
575601;;;;;22875;274.5;HSJB - IRRF RETIDO EM N.F;
575602;;;;;;;;
575603;;;;;816.32;816.32;HSJB - IRRF RETIDO EM N.F;
575604;;;;;;;;
575605;;;;;4081.61;4081.61;HSJB - ISS - PMVR;
575606;;;;;8700.57;8700.57;INSTITUTO NACIONAL DO SEGURO SOCIAL;
575607;;;;;;;;
575608;;;;;;;;
575609;;;;;;;;
575610;;;;;12356;148.27;IRRF SOBRE O TRABALHO PRINCIPAL - PJ;
575611;;;;;7000;350;RETENC. ISS EM LIQUIDAÇÃO;
575612;;;;;10500;525;RETENC. ISS EM LIQUIDAÇÃO;
575613;;;;;750;15.38;HSJB - ISS - PMVR;
575614;;;;;;;;
575615;;;;;;;;
575616;;;;;;;;
575617;;;;;;;;
575618;;;;;;;;
575619;;;;;;;;
575620;;;;;;;;
575621;;;;;;;;
575622;;;;;720.4;8.64;IRRF SOBRE O TRABALHO PRINCIPAL - PJ;
575624;;;;;619.6;7.43;IRRF SOBRE O TRABALHO PRINCIPAL - PJ;
575625;;;;;2200;26.4;IRRF SOBRE O TRABALHO PRINCIPAL - PJ;
575627;;;;;25600;1228.8;IRRF SOBRE O TRABALHO PRINCIPAL - PJ;
575630;;;;;6400;307.2;IRRF SOBRE O TRABALHO PRINCIPAL - PJ;
575631;;;;;;;;
575632;;;;;;;;
575633;;;;;2640;31.68;HSJB - IRRF RETIDO EM N.F;
575634;;;;;1760;21.12;HSJB - IRRF RETIDO EM N.F;
575635;;;;;6363.1;305.42;IRRF SOBRE O TRABALHO PRINCIPAL - PJ;
575636;;;;;30662.7;1471.8;IRRF SOBRE O TRABALHO PRINCIPAL - PJ;
575637;;;;;;;;
575638;;;;;;;;
575649;;;;;;;;
575651;;;;;;;;
575652;;;;;;;;
575654;;;;;;;;
575655;;;;;;;;
575656;;;;;;;;
575657;;;;;;;;
575658;;;;;;;;
575659;;;;;;;;
575660;;;;;;;;
575661;;;;;;;;
575662;;;;;;;;
575665;;;;;;;;
575666;;;;;;;;
575667;;;;;;;;
575670;;;;;;;;
575672;;;;;;;;
575673;;;;;3430;41.16;IRRF - GESTAO PLENA - SUS;
575673;;;;;3430;171.5;ISS - GESTAO PLENA;
575675;;;;;18270;219.24;IRRF SOBRE O TRABALHO PRINCIPAL - PJ;
575676;;;;;10912;130.94;IRRF SOBRE O TRABALHO PRINCIPAL - PJ;
575677;;;;;4520;56.68;IRRF - GESTAO PLENA - SUS;
575677;;;;;4520;236.17;ISS - GESTAO PLENA;
575679;;;;;;;;
575680;;;;;;;;
575681;;;;;5201.55;249.67;HSJB - IRRF RETIDO EM N.F;
575682;;;;;;;;
575683;;;;;;;;
575684;;;;;;;;
575685;;;;;;;;
575686;;;;;;;;
575687;;;;;;;;
575693;;;;;;;;
575694;;;;;;;;
575699;;;;;;;;
575708;;;;;4385.72;210.51;IRRF - PRESTADOR DE SERVIÇOS;
575710;;;;;;;;
575712;;;;;;;;
575713;;;;;;;;
575714;;;;;;;;
575719;;;;;;;;
575722;;;;;;;;
575732;;;;;618;7.42;HSJB - IRRF RETIDO EM N.F;
575734;;;;;12480;250.85;RETENC. ISS EM LIQUIDAÇÃO;
575735;;;;;;;;
575736;;;;;;;;
575737;;;;;4080;48.96;HSJB - IRRF RETIDO EM N.F;
575738;;;;;200000;200000;INSTITUTO NACIONAL DO SEGURO SOCIAL;
575739;;;;;452706.17;452706.17;INSTITUTO NACIONAL DO SEGURO SOCIAL;
575740;;;;;;;;
575742;;;;;;;;
575743;;;;;969546.34;969546.34;IRRF - PMVR;
575744;;;;;212493.11;212493.11;IRRF - PMVR;
575745;;;;;;;;
575746;;;;;;;;
575747;;;;;;;;
575748;;;;;;;;
575749;;;;;;;;
575750;;;;;;;;
575751;;;;;;;;
575758;;;;;23400;280.8;HSJB - IRRF RETIDO EM N.F;
575761;;;;;;;;
575762;;;;;7917.3;380.03;IRRF - PRESTADOR DE SERVIÇOS;
575763;;;;;;;;
575766;;;;;;;;
575770;;;;;;;;
575771;;;;;;;;
575772;;;;;;;;
575773;;;;;;;;
575774;;;;;;;;
575776;;;;;;;;
575777;;;;;;;;
575778;;;;;;;;
575780;;;;;;;;
575787;;;;;;;;
575788;;;;;;;;
575789;;;;;;;;
575791;;;;;;;;
575792;;;;;;;;
575793;;;;;;;;
575794;;;;;;;;
575797;;;;;;;;
575798;;;;;;;;
575799;;;;;;;;
575804;;;;;;;;
575806;;;;;;;;
575807;;;;;;;;
575808;;;;;;;;
575811;;;;;;;;
575814;;;;;4080;48.96;HSJB - IRRF RETIDO EM N.F;
575817;;;;;;;;
575823;;;;;;;;
575832;;;;;660;7.92;HSJB - IRRF RETIDO EM N.F;
575834;;;;;124;1.49;HSJB - IRRF RETIDO EM N.F;
575835;;;;;12782;306.76;IRRF - PRESTADOR DE SERVIÇOS;
575837;;;;;;;;
575865;;;;;;;;
575866;;;;;;;;
575869;;;;;;;;
575874;;;;;;;;
575875;;;;;;;;
575876;;;;;;;;
575877;;;;;;;;
575878;;;;;;;;
575879;;;;;;;;
575881;;;;;;;;
575882;;;;;;;;
575883;;;;;;;;
575884;;;;;;;;
575886;;;;;;;;
575892;;;;;;;;
575893;;;;;;;;
575894;;;;;;;;
575895;;;;;;;;
575896;;;;;;;;
575897;;;;;63633.75;763.6;HSJB - IRRF RETIDO EM N.F;
575900;;;;;;;;
575901;;;;;;;;
575902;;;;;529088.98;6349.07;HSJB - IRRF RETIDO EM N.F;
575903;;;;;;;;
575904;;;;;;;;
575906;;;;;;;;
575908;;;;;;;;
575909;;;;;;;;
575910;;;;;;;;
575912;;;;;;;;
575913;;;;;1278026.42;279535.02;IRRF - TRABALHO PRINCIPAL PF PMVR;
575913;;;;;1278026.42;90671.29;INSS - PESSOAL PROPRIO;
575918;;;;;;;;
575919;;;;;;;;
575928;;;;;;;;
575933;;;;;;;;
575941;;;;;;;;
575943;;;;;;;;
575944;;;;;;;;
575950;;;;;;;;
575954;;;;;;;;
575956;;;;;1332.07;173.21;HSJB - IRRF RETIDO EM N.F;
575960;;;;;;;;
575962;;;;;;;;
575964;;;;;;;;
575970;;;;;;;;
575974;;;;;18350.87;220.21;HSJB - IRRF RETIDO EM N.F;
575975;;;;;;;;
575978;;;;;;;;
575982;;;;;786055.52;27104.44;ISS - PMVR;
575982;;;;;786055.52;86465.9;INSTITUTO NACIONAL DO SEGURO SOCIAL;
575982;;;;;786055.52;694.2;PENSÃO ALIMENTICIA;
575983;;;;;;;;
575984;;;;;115666.64;5783.34;ISS - PMVR;
575984;;;;;115666.64;12723.32;INSTITUTO NACIONAL DO SEGURO SOCIAL;
575989;;;;;;;;
576001;;;;;19743.75;236.93;IRRF - FORNECIMENTO DE BENS;
576002;;;;;8512;102.14;IRRF - GESTAO PLENA - SUS;
576002;;;;;8512;425.6;ISS - GESTAO PLENA;
576003;;;;;;;;
576004;;;;;540662.36;9633.96;IRRF - GESTAO PLENA - SUS;
576004;;;;;540662.36;32113.22;ISS - GESTAO PLENA;
576006;;;;;;;;
576031;;;;;;;;
576036;;;;;;;;
576037;;;;;;;;
576038;;;;;;;;
576039;;;;;;;;
576051;;;;;;;;
576056;;;;;3342.66;160.45;HSJB - IRRF RETIDO EM N.F;
576057;;;;;;;;
576062;;;;;;;;
576063;;;;;;;;
576064;;;;;;;;
576075;;;;;8085.42;641.64;INSTITUTO NACIONAL DO SEGURO SOCIAL;
576076;;;;;;;;
576077;;;;;;;;
576078;;;;;;;;
576079;;;;;;;;
576080;;;;;;;;
576081;;;;;;;;
576082;;;;;203968.6;4079.37;ISS - PMVR;
576082;;;;;203968.6;713.88;INSS PRESTADORES DE SERVIÇO PJ;
576083;;;;;28887.5;346.65;HSJB - IRRF RETIDO EM N.F;
576084;;;;;;;;
576086;;;;;4808.33;96.17;ISS - PMVR;
576087;;;;;57095;685.14;HSJB - IRRF RETIDO EM N.F;
576089;;;;;;;;
576091;;;;;;;;
576093;;;;;;;;
576097;;;;;2010;24.12;IRRF - FME;
576098;;;;;45;0.54;HSJB - IRRF RETIDO EM N.F;
576099;;;;;;;;
576100;;;;;;;;
576101;;;;;;;;
576102;;;;;;;;
576105;;;;;;;;
576107;;;;;10976;548.8;ISS - FME;
576107;;;;;10976;526.85;IRRF - FME;
576109;;;;;2316.56;34.74;IRRF - GESTAO PLENA - SUS;
576111;;;;;;;;
576112;;;;;;;;
576113;;;;;;;;
576115;;;;;;;;
576116;;;;;;;;
576118;;;;;;;;
576119;;;;;154.8;1.86;HSJB - IRRF RETIDO EM N.F;
576120;;;;;;;;
576121;;;;;18750;390;OUTRAS INDENIZAÇÕES - PRINCIPAL;
576122;;;;;2700;54;ISS - PMVR;
576123;;;;;100567.78;5028.39;ISS - FME FUNDEB;
576124;;;;;1901.35;22.82;HSJB - IRRF RETIDO EM N.F;
576125;;;;;;;;
576126;;;;;;;;
576127;;;;;129070.96;309.77;IRRF SOBRE O TRABALHO PRINCIPAL - PJ;
576128;;;;;;;;
576129;;;;;22882.3;274.59;HSJB - IRRF RETIDO EM N.F;
576130;;;;;136618.45;327.88;IRRF SOBRE O TRABALHO PRINCIPAL - PJ;
576131;;;;;;;;
576132;;;;;;;;
576133;;;;;;;;
576134;;;;;;;;
576135;;;;;2121;25.45;HSJB - IRRF RETIDO EM N.F;
576137;;;;;6518.92;312.9;IR/PIS/COFINS/CSLL RETIDO N.F;
576138;;;;;;;;
576139;;;;;8985.6;112.06;IRRF - GESTAO PLENA - SUS;
576139;;;;;8985.6;466.94;ISS - GESTAO PLENA;
576141;;;;;;;;
576149;;;;;15600;187.2;HSJB - IRRF RETIDO EM N.F;
576151;;;;;;;;
576155;;;;;;;;
576156;;;;;;;;
576157;;;;;1120377.73;63455.59;ISS - SALARIO EDUCACAO;
576157;;;;;1120377.73;15229.34;IRRF - SALARIO EDUCAÇÃO;
576157;;;;;1120377.73;139602.3;INSS REENÇÃO - SALARIO EDUCAÇÃO;
576160;;;;;;;;
576162;;;;;16500;660;ISS - GESTAO PLENA;
576171;;;;;;;;
576172;;;;;;;;
576175;;;;;;;;
576177;;;;;8996;107.95;HSJB - IRRF RETIDO EM N.F;
576193;;;;;;;;
576205;;;;;;;;
576209;;;;;;;;
576212;;;;;;;;
576214;;;;;4498;53.98;HSJB - IRRF RETIDO EM N.F;
576215;;;;;;;;
576224;;;;;;;;
576228;;;;;;;;
576235;;;;;;;;
576236;;;;;;;;
576237;;;;;;;;
576240;;;;;12460.5;149.53;HSJB - IRRF RETIDO EM N.F;
576243;;;;;;;;
576244;;;;;;;;
576246;;;;;2836;34.03;HSJB - IRRF RETIDO EM N.F;
576252;;;;;;;;
576254;;;;;;;;
576255;;;;;;;;
576256;;;;;1288501.21;19436.2;IRRF - GESTAO PLENA - SUS;
576257;;;;;3583.4;53.75;IRRF - PMVR;
576258;;;;;;;;
576259;;;;;;;;
576261;;;;;900;99;INSS - FOLHA PAGTO;
576262;;;;;900;99;INSS - FOLHA PAGTO;
576265;;;;;900;99;INSS - FOLHA PAGTO;
576267;;;;;1212.96;14.56;HSJB - IRRF RETIDO EM N.F;
576269;;;;;900;99;INSS - FOLHA PAGTO;
576273;;;;;;;;
576274;;;;;900;99;INSS - FOLHA PAGTO;
576276;;;;;3590.4;43.08;HSJB - IRRF RETIDO EM N.F;
576277;;;;;1200;132;INSS - FOLHA PAGTO;
576279;;;;;1000;110;INSS - FOLHA PAGTO;
576281;;;;;1000;110;INSS - FOLHA PAGTO;
576285;;;;;;;;
576286;;;;;1000;110;INSS - FOLHA PAGTO;
576287;;;;;4107.6;49.29;HSJB - IRRF RETIDO EM N.F;
576288;;;;;58950;707.4;IRRF - FME;
576289;;;;;35370;424.44;IRRF - FME;
576290;;;;;23580;282.95;IRRF - FME;
576292;;;;;;;;
576293;;;;;1000;110;INSS - FOLHA PAGTO;
576294;;;;;17978;215.74;HSJB - IRRF RETIDO EM N.F;
576296;;;;;;;;
576297;;;;;1000;110;INSS - FOLHA PAGTO;
576298;;;;;1380;151.8;INSS - FOLHA PAGTO;
576299;;;;;;;;
576300;;;;;;;;
576301;;;;;31625;379.5;HSJB - IRRF RETIDO EM N.F;
576302;;;;;1222.23;134.44;INSS - FOLHA PAGTO;
576303;;;;;365.76;4.39;HSJB - IRRF RETIDO EM N.F;
576304;;;;;992.08;11.9;HSJB - IRRF RETIDO EM N.F;
576305;;;;;;;;
576310;;;;;;;;
576314;;;;;16401.92;196.82;HSJB - IRRF RETIDO EM N.F;
576317;;;;;;;;
576318;;;;;230.85;2.77;HSJB - IRRF RETIDO EM N.F;
576321;;;;;230.85;2.77;HSJB - IRRF RETIDO EM N.F;
576322;;;;;;;;
576323;;;;;;;;
576324;;;;;;;;
576326;;;;;2120;101.76;IRRF - PJ PRESTADOR DE SERVIÇOS;
576331;;;;;1050.93;12.61;HSJB - IRRF RETIDO EM N.F;
576340;;;;;;;;
576344;;;;;2774.5;33.29;HSJB - IRRF RETIDO EM N.F;
576354;;;;;87208.6;3740.79;IRRF - GESTAO PLENA - SUS;
576354;;;;;87208.6;12469.29;ISS - GESTAO PLENA;
576356;;;;;;;;
576359;;;;;16230.4;194.76;HSJB - IRRF RETIDO EM N.F;
576363;;;;;583.85;7;HSJB - IRRF RETIDO EM N.F;
576365;;;;;;;;
576366;;;;;;;;
576367;;;;;;;;
576369;;;;;;;;
576372;;;;;;;;
576373;;;;;;;;
576375;;;;;;;;
576377;;;;;;;;
576379;;;;;;;;
576381;;;;;;;;
576382;;;;;;;;
576383;;;;;;;;
576387;;;;;;;;
576400;;;;;;;;
576401;;;;;62.7;0.75;HSJB - IRRF RETIDO EM N.F;
576403;;;;;654;7.85;IRRF - PMVR;
576403;;;;;654;13.08;ISS - PMVR;
576405;;;;;232.4;2.79;HSJB - IRRF RETIDO EM N.F;
576406;;;;;;;;
576407;;;;;;;;
576408;;;;;;;;
576411;;;;;216;2.59;HSJB - IRRF RETIDO EM N.F;
576412;;;;;;;;
576415;;;;;;;;
576416;;;;;864.4;10.37;IR/PIS/COFINS/CSLL RETIDO N.F;
576418;;;;;;;;
576419;;;;;;;;
576420;;;;;;;;
576421;;;;;;;;
576422;;;;;;;;
576423;;;;;;;;
576425;;;;;45342.99;544.12;IR/PIS/COFINS/CSLL RETIDO N.F;
576427;;;;;5634;67.61;IR/PIS/COFINS/CSLL RETIDO N.F;
576429;;;;;1264.5;15.17;IR/PIS/COFINS/CSLL RETIDO N.F;
576430;;;;;167.1;2;IR/PIS/COFINS/CSLL RETIDO N.F;
576432;;;;;;;;
576433;;;;;;;;
576436;;;;;;;;
576438;;;;;36250;435;HSJB - IRRF RETIDO EM N.F;
576449;;;;;;;;
576451;;;;;;;;
576452;;;;;;;;
576453;;;;;575823.83;29464.88;IRRF SOBRE O TRABALHO PRINCIPAL - PJ;
576454;;;;;192.1;2.31;HSJB - IRRF RETIDO EM N.F;
576455;;;;;587.6;7.05;HSJB - IRRF RETIDO EM N.F;
576456;;;;;;;;
576461;;;;;;;;
576462;;;;;;;;
576463;;;;;;;;
576464;;;;;;;;
576465;;;;;1539.72;18.48;HSJB - IRRF RETIDO EM N.F;
576466;;;;;1271.92;29.81;IRRF - PRESTADOR DE SERVIÇOS;
576467;;;;;;;;
576468;;;;;;;;
576469;;;;;;;;
576470;;;;;;;;
576471;;;;;;;;
576472;;;;;;;;
576473;;;;;;;;
576474;;;;;937.22;44.99;HSJB - IRRF RETIDO EM N.F;
576475;;;;;;;;
576477;;;;;;;;
576479;;;;;;;;
576480;;;;;;;;
576481;;;;;;;;
576482;;;;;;;;
576483;;;;;;;;
576484;;;;;;;;
576485;;;;;;;;
576486;;;;;;;;
576487;;;;;554.54;554.54;INSTITUTO NACIONAL DO SEGURO SOCIAL;
576488;;;;;;;;
576489;;;;;;;;
576490;;;;;;;;
576491;;;;;28684.57;1680.45;ISS - GESTAO PLENA;
576492;;;;;;;;
576493;;;;;;;;
576494;;;;;;;;
576495;;;;;;;;
576496;;;;;;;;
576497;;;;;;;;
576498;;;;;;;;
576499;;;;;12480;149.76;HSJB - IRRF RETIDO EM N.F;
576500;;;;;273990;3287.88;IRRF - FORNECIMENTO DE BENS;
576501;;;;;;;;
576502;;;;;155100;2178;IRRF - GESTAO PLENA - SUS;
576502;;;;;155100;7260;ISS - GESTAO PLENA;
576503;;;;;;;;
576504;;;;;;;;
576505;;;;;;;;
576510;;;;;;;;
576513;;;;;;;;
576514;;;;;;;;
576515;;;;;;;;
576516;;;;;73800;1320;OUTRAS INDENIZAÇÕES - PRINCIPAL;
576518;;;;;;;;
576520;;;;;;;;
576521;;;;;;;;
576522;;;;;;;;
576523;;;;;;;;
576524;;;;;;;;
576525;;;;;;;;
576526;;;;;;;;
576527;;;;;;;;
576529;;;;;;;;
576530;;;;;;;;
576532;;;;;;;;
576533;;;;;;;;
576534;;;;;;;;
576535;;;;;;;;
576536;;;;;68496;821.95;IRRF - FORNECIMENTO DE BENS;
576537;;;;;;;;
576538;;;;;;;;
576539;;;;;;;;
576542;;;;;;;;
576543;;;;;;;;
576545;;;;;6500;258.7;HSJB - ISS - PMVR;
576549;;;;;;;;
576550;;;;;;;;
576554;;;;;22620;271.44;HSJB - IRRF RETIDO EM N.F;
576555;;;;;;;;
576557;;;;;;;;
576560;;;;;37200;446.4;HSJB - IRRF RETIDO EM N.F;
576561;;;;;4070.67;195.37;IRRF - GESTAO PLENA - SUS;
576562;;;;;;;;
576566;;;;;64000;2560;ISS - FME;
576568;;;;;;;;
576569;;;;;13801.18;13801.18;INSTITUTO NACIONAL DO SEGURO SOCIAL;
576570;;;;;35280;423.36;HSJB - IRRF RETIDO EM N.F;
576571;;;;;;;;
576572;;;;;568.26;568.26;INSTITUTO NACIONAL DO SEGURO SOCIAL;
576573;;;;;25261.74;904.05;ISS - GESTAO PLENA;
576574;;;;;281328.24;12546.52;ISS - PMVR;
576575;;;;;1302.25;15.63;HSJB - IRRF RETIDO EM N.F;
576576;;;;;;;;
576577;;;;;;;;
576578;;;;;;;;
576579;;;;;;;;
576580;;;;;10704.7;128.46;HSJB - IRRF RETIDO EM N.F;
576581;;;;;;;;
576582;;;;;;;;
576583;;;;;;;;
576584;;;;;;;;
576585;;;;;8895;106.74;HSJB - IRRF RETIDO EM N.F;
576586;;;;;;;;
576587;;;;;;;;
576590;;;;;;;;
576591;;;;;;;;
576593;;;;;;;;
576595;;;;;;;;
576596;;;;;;;;
576598;;;;;997.75;11.98;HSJB - IRRF RETIDO EM N.F;
576599;;;;;;;;
576600;;;;;;;;
576601;;;;;;;;
576602;;;;;997.75;11.98;HSJB - IRRF RETIDO EM N.F;
576603;;;;;3782.35;188.26;IRRF - GOV ESTADO - F 193;
576604;;;;;2426.15;116.46;IRRF - PRESTADOR DE SERVIÇOS;
576605;;;;;4900;58.8;IRRF - GESTAO PLENA - SUS;
576605;;;;;4900;245;ISS - GESTAO PLENA;
576606;;;;;997.75;11.98;HSJB - IRRF RETIDO EM N.F;
576607;;;;;4571.56;365.83;IRRF - GOV ESTADO - F 193;
576608;;;;;94906.01;8925.71;ISS - FME FUNDEB;
576609;;;;;;;;
576610;;;;;;;;
576611;;;;;;;;
576612;;;;;8400;126;IRRF - GESTAO PLENA - SUS;
576612;;;;;8400;420;ISS - GESTAO PLENA;
576613;;;;;8195.61;1743.11;ISS - FME;
576614;;;;;;;;
576615;;;;;;;;
576616;;;;;997.75;11.98;HSJB - IRRF RETIDO EM N.F;
576617;;;;;4762.46;57.15;HSJB - IRRF RETIDO EM N.F;
576618;;;;;6334.94;76.03;HSJB - IRRF RETIDO EM N.F;
576619;;;;;476270.7;25119.7;ISS - FME FUNDEB;
576619;;;;;476270.7;38684.35;INSS PESSOA JURIDICA - FUNDEB;
576619;;;;;476270.7;6028.73;IRRF - FME FUNDEB;
576620;;;;;;;;
576621;;;;;;;;
576622;;;;;;;;
576623;;;;;;;;
576624;;;;;509369;32914.2;RETENCAO RELATIVA AO ISS  ROYALTES PETRO;
576624;;;;;509369;50687.88;RETENCAO - INSS ROYALTES PETROLEO FONTE;
576624;;;;;509369;7899.41;RETENCAO RELATIVA IRRF  ROYALTIES PETROL;
576625;;;;;;;;
576626;;;;;;;;
576627;;;;;;;;
576629;;;;;;;;
576630;;;;;747;11.21;IRRF - GESTAO PLENA - SUS;
576630;;;;;747;37.35;ISS - GESTAO PLENA;
576631;;;;;6500;312;IRRF - GESTAO PLENA - SUS;
576632;;;;;6500;312;IRRF - GESTAO PLENA - SUS;
576633;;;;;4634;55.61;HSJB - IRRF RETIDO EM N.F;
576634;;;;;6800;326.39;IRRF - GESTAO PLENA - SUS;
576635;;;;;6500;312;IRRF - GESTAO PLENA - SUS;
576638;;;;;;;;
576640;;;;;12434.85;497.39;ISS - GESTAO PLENA;
576641;;;;;;;;
576642;;;;;16830;201.96;IRRF - GESTAO PLENA - SUS;
576642;;;;;16830;336.6;ISS - GESTAO PLENA;
576643;;;;;;;;
576644;;;;;;;;
576645;;;;;;;;
576651;;;;;;;;
576652;;;;;;;;
576653;;;;;;;;
576654;;;;;;;;
576655;;;;;;;;
576656;;;;;100942.77;1514.14;IRRF - GESTAO PLENA - SUS;
576657;;;;;;;;
576658;;;;;2456.4;29.47;IRRF - FME FUNDEB;
576659;;;;;215000;10750;RETENC. ISS EM LIQUIDAÇÃO;
576659;;;;;215000;16555;INSS - PREST. SERV. PROPRIO;
576659;;;;;215000;2580;IRRF SOBRE O TRABALHO PRINCIPAL - PJ;
576660;;;;;;;;
576661;;;;;2400;120;RETENC. ISS EM LIQUIDAÇÃO;
576661;;;;;2400;115.2;IRRF SOBRE O TRABALHO PRINCIPAL - PJ;
576663;;;;;2400;120;RETENC. ISS EM LIQUIDAÇÃO;
576663;;;;;2400;115.2;IRRF SOBRE O TRABALHO PRINCIPAL - PJ;
576664;;;;;;;;
576665;;;;;2400;120;RETENC. ISS EM LIQUIDAÇÃO;
576665;;;;;2400;115.2;IRRF SOBRE O TRABALHO PRINCIPAL - PJ;
576666;;;;;;;;
576667;;;;;1000;20.1;ISS - PMVR;
576669;;;;;653240.61;34561.92;RETENC. ISS EM LIQUIDAÇÃO;
576669;;;;;653240.61;26612.68;INSS - PREST. SERV. PROPRIO;
576669;;;;;653240.61;33179.45;IRRF SOBRE O TRABALHO PRINCIPAL - PJ;
576670;;;;;;;;
576671;;;;;;;;
576672;;;;;;;;
576673;;;;;;;;
576674;;;;;30076.44;1503.83;RETENC. ISS EM LIQUIDAÇÃO;
576674;;;;;30076.44;1157.95;INSS - PREST. SERV. PROPRIO;
576674;;;;;30076.44;1443.68;IRRF SOBRE O TRABALHO PRINCIPAL - PJ;
576675;;;;;;;;
576676;;;;;;;;
576679;;;;;;;;
576682;;;;;;;;
576683;;;;;;50019.78;HSJB - IRRF RETIDO EM N.F;
576686;;;;;;;;
576689;;;;;;;;
576696;;;;;;;;
576697;;;;;;;;
576698;;;;;14323.12;171.88;HSJB - IRRF RETIDO EM N.F;
576699;;;;;;;;
576700;;;;;;;;
576701;;;;;8820;132.3;IRRF - GESTAO PLENA - SUS;
576701;;;;;8820;441;ISS - GESTAO PLENA;
576706;;;;;4786;71.79;IRRF - GESTAO PLENA - SUS;
576706;;;;;4786;239.3;ISS - GESTAO PLENA;
576707;;;;;5201.55;249.67;HSJB - IRRF RETIDO EM N.F;
576708;;;;;;;;
576709;;;;;11520;538.59;HSJB - IRRF RETIDO EM N.F;
576713;;;;;;;;
576715;;;;;4199.4;282.09;IRRF - GOV ESTADO - F 193;
576717;;;;;975.8;11.71;IRRF - FORNECIMENTO DE BENS;
576718;;;;;1708.1;25.62;IRRF - GESTAO PLENA - SUS;
576718;;;;;1708.1;85.4;ISS - GESTAO PLENA;
576719;;;;;;;;
576721;;;;;8280;124.2;IRRF - GESTAO PLENA - SUS;
576721;;;;;8280;165.6;ISS - GESTAO PLENA;
576722;;;;;937.22;44.99;HSJB - IRRF RETIDO EM N.F;
576728;;;;;;;;
576730;;;;;880;10.56;HSJB - IRRF RETIDO EM N.F;
576731;;;;;5903.19;5903.19;INSTITUTO NACIONAL DO SEGURO SOCIAL;
576732;;;;;;;;
576733;;;;;172981.47;2683.27;IRRF - PMVR;
576733;;;;;172981.47;5366.53;ISS - PMVR;
576734;;;;;1100;13.2;HSJB - IRRF RETIDO EM N.F;
576735;;;;;18900;226.8;IRRF - FORNECIMENTO DE BENS;
576740;;;;;;;;
576741;;;;;368141.05;6370.08;IRRF - GESTAO PLENA - SUS;
576741;;;;;368141.05;26541.98;ISS - GESTAO PLENA;
576742;;;;;10360.32;124.32;HSJB - IRRF RETIDO EM N.F;
576743;;;;;13000;2679;IRRF - GESTAO PLENA - SUS;
576744;;;;;;;;
576745;;;;;1320;15.84;HSJB - IRRF RETIDO EM N.F;
576746;;;;;;;;
576747;;;;;;;;
576748;;;;;;;;
576749;;;;;3703.5;285.17;INSTITUTO NACIONAL DO SEGURO SOCIAL;
576749;;;;;3703.5;185.17;ISS - PMVR;
576749;;;;;3703.5;177.77;IRRF RETIDO EM N.F.;
576749;;;;;3703.5;172.22;PIS/COFINS/CSLL RETIDO N.F;
576750;;;;;20434.85;245.22;IRRF - GESTAO PLENA - SUS;
576750;;;;;20434.85;1021.74;ISS - GESTAO PLENA;
576751;;;;;;;;
576756;;;;;230.85;2.77;HSJB - IRRF RETIDO EM N.F;
576759;;;;;;;;
576761;;;;;1284.47;15.41;HSJB - IRRF RETIDO EM N.F;
576763;;;;;;;;
576764;;;;;54252.29;1090.47;ISS - PMVR;
576765;;;;;15778;314.61;IRRF - GESTAO PLENA - SUS;
576765;;;;;15778;419.48;ISS - GESTAO PLENA;
576766;;;;;;;;
576767;;;;;;;;
576769;;;;;;;;
576772;;;;;116177.34;310.85;IRRF SOBRE O TRABALHO PRINCIPAL - PJ;
576774;;;;;;;;
576775;;;;;;;;
576779;;;;;955.43;11.47;HSJB - IRRF RETIDO EM N.F;
576781;;;;;1688.8;20.28;HSJB - IRRF RETIDO EM N.F;
576783;;;;;;;;
576784;;;;;1688.8;20.26;HSJB - IRRF RETIDO EM N.F;
576788;;;;;;;;
576789;;;;;3377.6;40.51;HSJB - IRRF RETIDO EM N.F;
576791;;;;;1688.8;20.28;HSJB - IRRF RETIDO EM N.F;
576793;;;;;1688.8;20.27;HSJB - IRRF RETIDO EM N.F;
576800;;;;;16322.9;244.84;IRRF - GESTAO PLENA - SUS;
576800;;;;;16322.9;326.46;ISS - GESTAO PLENA;
576807;;;;;;;;
576810;;;;;;;;
576811;;;;;2100;31.5;IRRF - GESTAO PLENA - SUS;
576811;;;;;2100;42;ISS - GESTAO PLENA;
576812;;;;;;;;
576813;;;;;122.9;1.47;HSJB - IRRF RETIDO EM N.F;
576814;;;;;4900;120.75;IRRF - GESTAO PLENA - SUS;
576814;;;;;4900;161;ISS - GESTAO PLENA;
576816;;;;;10336;124.04;IRRF - GESTAO PLENA - SUS;
576816;;;;;10336;516.8;ISS - GESTAO PLENA;
576818;;;;;5914.19;118.28;ISS - PMVR;
576819;;;;;25408.87;508.18;ISS - PMVR;
576820;;;;;394.88;4.74;HSJB - IRRF RETIDO EM N.F;
576821;;;;;6383.86;127.68;ISS - PMVR;
576822;;;;;6656.26;133.13;ISS - PMVR;
576823;;;;;1983.6;23.8;IRRF - GESTAO PLENA - SUS;
576823;;;;;1983.6;99.18;ISS - GESTAO PLENA;
576824;;;;;229.76;2.76;HSJB - IRRF RETIDO EM N.F;
576825;;;;;294.85;3.54;HSJB - IRRF RETIDO EM N.F;
576826;;;;;;;;
576827;;;;;;;;
576828;;;;;15712.08;188.54;IRRF - GESTAO PLENA - SUS;
576828;;;;;15712.08;471.36;ISS - GESTAO PLENA;
576829;;;;;1370.39;16.44;HSJB - IRRF RETIDO EM N.F;
576830;;;;;;;;
576831;;;;;35900;1077;RETENC. ISS EM LIQUIDAÇÃO;
576831;;;;;35900;608.82;INSS - PREST. SERV. PROPRIO;
576831;;;;;35900;538.5;IRRF SOBRE O TRABALHO PRINCIPAL - PJ;
576832;;;;;35900;1077;RETENC. ISS EM LIQUIDAÇÃO;
576832;;;;;35900;608.82;INSS - PREST. SERV. PROPRIO;
576832;;;;;35900;430.8;IRRF SOBRE O TRABALHO PRINCIPAL - PJ;
576833;;;;;;;;
576834;;;;;;;;
576835;;;;;21044.68;1202.62;ISS - SALARIO EDUCACAO;
576836;;;;;;;;
576848;;;;;;;;
576849;;;;;;;;
576857;;;;;1370.39;16.44;HSJB - IRRF RETIDO EM N.F;
576858;;;;;344.35;4.13;HSJB - IRRF RETIDO EM N.F;
576860;;;;;3733.62;44.8;HSJB - IRRF RETIDO EM N.F;
576862;;;;;1702.84;20.43;HSJB - IRRF RETIDO EM N.F;
576863;;;;;1370.39;16.44;HSJB - IRRF RETIDO EM N.F;
576865;;;;;1688.8;20.27;HSJB - IRRF RETIDO EM N.F;
576868;;;;;3377.6;40.53;HSJB - IRRF RETIDO EM N.F;
576869;;;;;394.88;4.74;HSJB - IRRF RETIDO EM N.F;
576870;;;;;1688.8;20.26;HSJB - IRRF RETIDO EM N.F;
576871;;;;;1688.8;20.25;HSJB - IRRF RETIDO EM N.F;
576872;;;;;1454.79;17.46;HSJB - IRRF RETIDO EM N.F;
576877;;;;;;;;
576880;;;;;21669.58;21669.58;INSTITUTO NACIONAL DO SEGURO SOCIAL;
576881;;;;;;;;
576882;;;;;312728.62;16885.38;ISS - GOV ESTADO  F 193;
576882;;;;;312728.62;6754.15;IRRF - GOV ESTADO - F 193;
576883;;;;;;;;
576884;;;;;2478.42;65.68;ISS - PMVR;
576885;;;;;;;;
576887;;;;;28185.85;338.23;IRRF - GESTAO PLENA - SUS;
576887;;;;;28185.85;1409.29;ISS - GESTAO PLENA;
576888;;;;;502.2;6.03;HSJB - IRRF RETIDO EM N.F;
576889;;;;;;;;
576891;;;;;640.29;640.29;INSTITUTO NACIONAL DO SEGURO SOCIAL;
576892;;;;;;;;
576893;;;;;9240.47;498.92;ISS - GOV ESTADO  F 193;
576893;;;;;9240.47;199.57;IRRF - GOV ESTADO - F 193;
576894;;;;;3007;36.08;HSJB - IRRF RETIDO EM N.F;
576897;;;;;;;;
576902;;;;;1998.95;96.94;IRRF - GESTAO PLENA - SUS;
576902;;;;;1998.95;403.9;ISS - GESTAO PLENA;
576903;;;;;1323;15.88;HSJB - IRRF RETIDO EM N.F;
576904;;;;;1872545.64;93627.28;RETENC. ISS EM LIQUIDAÇÃO;
576904;;;;;1872545.64;65539.1;INSS - PREST. SERV. PROPRIO;
576904;;;;;1872545.64;89882.19;IRRF SOBRE O TRABALHO PRINCIPAL - PJ;
576905;;;;;;;;
576906;;;;;1895.91;94.8;ISS - FME;
576906;;;;;1895.91;208.55;INSS - PESSOA JURIDICA;
576906;;;;;1895.91;91;IRRF - FME;
576907;;;;;1990.58;99.53;ISS - FME;
576907;;;;;1990.58;218.96;INSS - PESSOA JURIDICA;
576907;;;;;1990.58;95.55;IRRF - FME;
576908;;;;;185.63;9.28;ISS - FME;
576908;;;;;185.63;20.42;INSS - PESSOA JURIDICA;
576908;;;;;185.63;8.91;IRRF - FME;
576909;;;;;1895.91;94.8;ISS - FME;
576909;;;;;1895.91;208.55;INSS - PESSOA JURIDICA;
576909;;;;;1895.91;91;IRRF - FME;
576911;;;;;5370;64.44;HSJB - IRRF RETIDO EM N.F;
576912;;;;;;;;
576915;;;;;;;;
576916;;;;;2212.5;88.94;RETENC. ISS EM LIQUIDAÇÃO;
576917;;;;;;;;
576918;;;;;;;;
576920;;;;;;;;
576921;;;;;;;;
576922;;;;;3694;74.99;RETENC. ISS EM LIQUIDAÇÃO;
576923;;;;;7798.5;389.92;RETENC. ISS EM LIQUIDAÇÃO;
576924;;;;;;;;
576925;;;;;;;;
576926;;;;;7798.5;189.5;RETENC. ISS EM LIQUIDAÇÃO;
576927;;;;;;;;
576928;;;;;;;;
576929;;;;;;;;
576930;;;;;7798.5;156.75;RETENC. ISS EM LIQUIDAÇÃO;
576931;;;;;;;;
576932;;;;;;;;
576933;;;;;;;;
576934;;;;;8772;175.44;RETENC. ISS EM LIQUIDAÇÃO;
576935;;;;;;;;
576936;;;;;1098;13.18;HSJB - IRRF RETIDO EM N.F;
576937;;;;;16000.01;768;IRRF SOBRE O TRABALHO PRINCIPAL - PJ;
576938;;;;;3694;73.88;RETENC. ISS EM LIQUIDAÇÃO;
576939;;;;;17031.2;817.45;IRRF SOBRE O TRABALHO PRINCIPAL - PJ;
576940;;;;;8514.85;408.71;IRRF SOBRE O TRABALHO PRINCIPAL - PJ;
576941;;;;;8515.6;408.74;IRRF SOBRE O TRABALHO PRINCIPAL - PJ;
576942;;;;;8514.93;408.71;IRRF SOBRE O TRABALHO PRINCIPAL - PJ;
576943;;;;;;;;
576944;;;;;684.7;8.22;HSJB - IRRF RETIDO EM N.F;
576945;;;;;3657.88;43.89;HSJB - IRRF RETIDO EM N.F;
576946;;;;;20000;960;IRRF SOBRE O TRABALHO PRINCIPAL - PJ;
576947;;;;;185.5;2.23;HSJB - IRRF RETIDO EM N.F;
576948;;;;;185.5;2.23;HSJB - IRRF RETIDO EM N.F;
576949;;;;;;;;
576950;;;;;;;;
576951;;;;;1688.8;20.27;HSJB - IRRF RETIDO EM N.F;
576952;;;;;8263;396.62;IRRF SOBRE O TRABALHO PRINCIPAL - PJ;
576953;;;;;415;4.98;HSJB - IRRF RETIDO EM N.F;
576954;;;;;1473.08;17.67;HSJB - IRRF RETIDO EM N.F;
576956;;;;;75.74;0.91;HSJB - IRRF RETIDO EM N.F;
576957;;;;;40639.5;487.67;HSJB - IRRF RETIDO EM N.F;
576958;;;;;1400;16.8;HSJB - IRRF RETIDO EM N.F;
576959;;;;;75.74;0.91;HSJB - IRRF RETIDO EM N.F;
576960;;;;;;;;
576962;;;;;1688.8;20.28;HSJB - IRRF RETIDO EM N.F;
576965;;;;;1688.8;20.27;HSJB - IRRF RETIDO EM N.F;
576967;;;;;701.99;8.42;HSJB - IRRF RETIDO EM N.F;
576968;;;;;701.99;8.42;HSJB - IRRF RETIDO EM N.F;
576970;;;;;;;;
576971;;;;;858.59;10.3;HSJB - IRRF RETIDO EM N.F;
576973;;;;;1370.39;16.44;HSJB - IRRF RETIDO EM N.F;
576975;;;;;371;4.46;HSJB - IRRF RETIDO EM N.F;
576980;;;;;22000;264;HSJB - IRRF RETIDO EM N.F;
576983;;;;;1840;182;ISS - PMVR;
576983;;;;;1840;54.6;IR/PIS/COFINS/CSLL RETIDO N.F;
576985;;;;;251538.12;12576.91;RETENC. ISS EM LIQUIDAÇÃO;
576985;;;;;251538.12;3773.07;IRRF SOBRE O TRABALHO PRINCIPAL - PJ;
576987;;;;;51191.2;2559.56;ISS - FME FUNDEB;
576987;;;;;51191.2;1228.58;IRRF - FME FUNDEB;
576989;;;;;;;;
576993;;;;;;;;
576994;;;;;12000;600;ISS - FME;
576995;;;;;5564.8;66.78;HSJB - IRRF RETIDO EM N.F;
576996;;;;;2859.28;47.45;IRRF - GOV ESTADO - F 193;
576998;;;;;938;46.9;ISS - PMVR;
577000;;;;;;;;
577023;;;;;75.74;0.91;HSJB - IRRF RETIDO EM N.F;
577028;;;;;596.03;7.15;HSJB - IRRF RETIDO EM N.F;
577030;;;;;1074.63;12.9;HSJB - IRRF RETIDO EM N.F;
577032;;;;;663.82;33.19;ISS - PMVR;
577032;;;;;663.82;31.86;IRRF - PRESTADOR DE SERVIÇOS;
577034;;;;;2123.63;25.49;HSJB - IRRF RETIDO EM N.F;
577035;;;;;2922.63;35.08;HSJB - IRRF RETIDO EM N.F;
577037;;;;;14100;169.2;HSJB - IRRF RETIDO EM N.F;
577039;;;;;2123.63;25.49;HSJB - IRRF RETIDO EM N.F;
577040;;;;;2044.18;24.82;IRRF - FME;
577041;;;;;917;11;IRRF - FME;
577042;;;;;2123.63;25.49;HSJB - IRRF RETIDO EM N.F;
577043;;;;;81128;2433.84;ISS - SALARIO EDUCACAO;
577043;;;;;81128;973.54;IRRF - SALARIO EDUCAÇÃO;
577045;;;;;1224.63;14.7;HSJB - IRRF RETIDO EM N.F;
577046;;;;;21285;1612.74;ISS - SALARIO EDUCACAO;
577046;;;;;21285;645.1;IRRF - SALARIO EDUCAÇÃO;
577048;;;;;4638.72;207.8;ISS - PMVR;
577049;;;;;2922.63;35.08;HSJB - IRRF RETIDO EM N.F;
577050;;;;;;;;
577051;;;;;;;;
577053;;;;;39330;471.96;HSJB - IRRF RETIDO EM N.F;
577054;;;;;2922.63;35.08;HSJB - IRRF RETIDO EM N.F;
577055;;;;;3016.1;36.2;HSJB - IRRF RETIDO EM N.F;
577056;;;;;3016.1;36.2;HSJB - IRRF RETIDO EM N.F;
577059;;;;;2123.63;25.49;HSJB - IRRF RETIDO EM N.F;
577060;;;;;41822.07;627.33;IRRF - GESTAO PLENA - SUS;
577060;;;;;41822.07;2091.1;ISS - GESTAO PLENA;
577061;;;;;;;;
577063;;;;;360.56;360.56;INSTITUTO NACIONAL DO SEGURO SOCIAL;
577064;;;;;655.57;655.57;ISS - PMVR;
577065;;;;;2273.63;27.29;HSJB - IRRF RETIDO EM N.F;
577066;;;;;;;;
577067;;;;;;;;
577069;;;;;;;;
577070;;;;;;;;
577071;;;;;;;;
577072;;;;;1873.63;22.49;HSJB - IRRF RETIDO EM N.F;
577073;;;;;;;;
577074;;;;;;;;
577075;;;;;1074.63;12.9;HSJB - IRRF RETIDO EM N.F;
577076;;;;;;;;
577077;;;;;;;;
577078;;;;;;;;
577079;;;;;;;;
577080;;;;;;;;
577081;;;;;;;;
577082;;;;;3072.63;36.88;HSJB - IRRF RETIDO EM N.F;
577084;;;;;;;;
577085;;;;;;;;
577086;;;;;;;;
577087;;;;;;;;
577088;;;;;;;;
577089;;;;;3721.63;44.67;HSJB - IRRF RETIDO EM N.F;
577090;;;;;;;;
577091;;;;;;;;
577093;;;;;;;;
577094;;;;;;;;
577095;;;;;;;;
577096;;;;;;;;
577097;;;;;;;;
577100;;;;;;;;
577102;;;;;;;;
577103;;;;;14284;171.4;IRRF SOBRE O TRABALHO PRINCIPAL - PJ;
577104;;;;;;;;
577105;;;;;;;;
577106;;;;;;;;
577107;;;;;2123.63;25.49;HSJB - IRRF RETIDO EM N.F;
577108;;;;;;;;
577110;;;;;;;;
577111;;;;;;;;
577112;;;;;;;;
577113;;;;;9.85;9.85;ISS - PMVR;
577114;;;;;;;;
577116;;;;;;;;
577118;;;;;;;;
577119;;;;;;;;
577120;;;;;;;;
577121;;;;;45821.54;1374.65;RETENC. ISS EM LIQUIDAÇÃO;
577121;;;;;45821.54;756.06;INSS - PREST. SERV. PROPRIO;
577122;;;;;;;;
577123;;;;;;;;
577124;;;;;;;;
577125;;;;;;;;
577126;;;;;2922.63;35.08;HSJB - IRRF RETIDO EM N.F;
577127;;;;;;;;
577128;;;;;;;;
577129;;;;;;;;
577130;;;;;12.85;12.85;ISS - PMVR;
577131;;;;;;;;
577132;;;;;8900;106.8;HSJB - IRRF RETIDO EM N.F;
577133;;;;;;;;
577134;;;;;2480.11;29.77;HSJB - IRRF RETIDO EM N.F;
577135;;;;;100567.77;5028.39;ISS - FME FUNDEB;
577137;;;;;2273.63;27.29;HSJB - IRRF RETIDO EM N.F;
577138;;;;;10209.45;490.05;IRRF SOBRE O TRABALHO PRINCIPAL - PJ;
577141;;;;;3515.1;42.19;HSJB - IRRF RETIDO EM N.F;
577142;;;;;3072.63;36.88;HSJB - IRRF RETIDO EM N.F;
577143;;;;;;;;
577144;;;;;;;;
577146;;;;;2273.63;27.29;HSJB - IRRF RETIDO EM N.F;
577147;;;;;;;;
577149;;;;;425.63;5.11;HSJB - IRRF RETIDO EM N.F;
577150;;;;;1899;22.79;HSJB - IRRF RETIDO EM N.F;
577153;;;;;;;;
577154;;;;;;;;
577155;;;;;2480.11;29.77;HSJB - IRRF RETIDO EM N.F;
577157;;;;;2123.63;25.49;HSJB - IRRF RETIDO EM N.F;
577167;;;;;2922.63;35.08;HSJB - IRRF RETIDO EM N.F;
577180;;;;;;;;
577181;;;;;4116;57.67;IRRF - GESTAO PLENA - SUS;
577181;;;;;4116;96.12;ISS - GESTAO PLENA;
577182;;;;;4000;48;HSJB - IRRF RETIDO EM N.F;
577183;;;;;4420;53.04;HSJB - IRRF RETIDO EM N.F;
577184;;;;;4420;53.04;HSJB - IRRF RETIDO EM N.F;
577185;;;;;4420;53.04;HSJB - IRRF RETIDO EM N.F;
577186;;;;;7300;87.6;HSJB - IRRF RETIDO EM N.F;
577187;;;;;7150;85.8;HSJB - IRRF RETIDO EM N.F;
577188;;;;;;;;
577191;;;;;6400;85.8;HSJB - IRRF RETIDO EM N.F;
577194;;;;;;;;
577199;;;;;4420;53.04;HSJB - IRRF RETIDO EM N.F;
577204;;;;;7150;85.8;HSJB - IRRF RETIDO EM N.F;
577206;;;;;7300;87.6;HSJB - IRRF RETIDO EM N.F;
577207;;;;;7000;84;HSJB - IRRF RETIDO EM N.F;
577212;;;;;40585;487.02;HSJB - IRRF RETIDO EM N.F;
577225;;;;;;;;
577227;;;;;;;;
577229;;;;;;;;
577230;;;;;15992.68;191.91;IRRF - GESTAO PLENA - SUS;
577238;;;;;;;;
577239;;;;;;;;
577240;;;;;;;;
577241;;;;;;;;
577243;;;;;;;;
577244;;;;;3398.39;40.78;HSJB - IRRF RETIDO EM N.F;
577245;;;;;;;;
577246;;;;;3227.33;38.73;HSJB - IRRF RETIDO EM N.F;
577248;;;;;5059.49;337.01;IRRF - PMVR;
577250;;;;;2868.57;34.42;HSJB - IRRF RETIDO EM N.F;
577251;;;;;2868.57;34.42;HSJB - IRRF RETIDO EM N.F;
577252;;;;;26710.2;1042.5;ISS - GESTAO PLENA;
577255;;;;;2868.57;34.42;HSJB - IRRF RETIDO EM N.F;
577256;;;;;;;;
577257;;;;;;;;
577258;;;;;;;;
577259;;;;;;;;
577260;;;;;;;;
577262;;;;;;;;
577264;;;;;3360;124.65;ISS - GESTAO PLENA;
577266;;;;;3398.39;40.78;HSJB - IRRF RETIDO EM N.F;
577269;;;;;2697.51;32.37;HSJB - IRRF RETIDO EM N.F;
577271;;;;;;;;
577283;;;;;;;;
577291;;;;;29400;352.8;HSJB - IRRF RETIDO EM N.F;
577296;;;;;;;;
577301;;;;;3100;62;ISS - PMVR;
577303;;;;;1320;15.84;HSJB - IRRF RETIDO EM N.F;
577305;;;;;11958.18;143.5;HSJB - IRRF RETIDO EM N.F;
577311;;;;;997.75;11.98;HSJB - IRRF RETIDO EM N.F;
577313;;;;;997.75;11.98;HSJB - IRRF RETIDO EM N.F;
577314;;;;;;;;
577316;;;;;4757.38;57.1;HSJB - IRRF RETIDO EM N.F;
577319;;;;;1536.6;18.44;HSJB - IRRF RETIDO EM N.F;
577320;;;;;954.4;11.45;IR/PIS/COFINS/CSLL RETIDO N.F;
577323;;;;;;;;
577326;;;;;;;;
577332;;;;;;;;
577335;;;;;;;;
577337;;;;;;;;
577365;;;;;180;2.16;HSJB - IRRF RETIDO EM N.F;
577366;;;;;1840;23.07;IRRF - GESTAO PLENA - SUS;
577366;;;;;1840;96.14;ISS - GESTAO PLENA;
577367;;;;;660;7.92;HSJB - IRRF RETIDO EM N.F;
577368;;;;;880;10.56;HSJB - IRRF RETIDO EM N.F;
577369;;;;;;;;
577370;;;;;1599;19.19;HSJB - IRRF RETIDO EM N.F;
577372;;;;;1100;13.2;HSJB - IRRF RETIDO EM N.F;
577376;;;;;;;;
577378;;;;;;;;
577379;;;;;10440;125.28;IRRF - GESTAO PLENA - SUS;
577379;;;;;10440;522;ISS - GESTAO PLENA;
577380;;;;;;;;
577381;;;;;;;;
577382;;;;;;;;
577384;;;;;;;;
577385;;;;;;;;
577386;;;;;;;;
577389;;;;;;;;
577392;;;;;24543.5;294.52;IRRF - FORNECIMENTO DE BENS;
577393;;;;;;;;
577394;;;;;47800;573.6;HSJB - IRRF RETIDO EM N.F;
577399;;;;;;;;
577401;;;;;;;;
577402;;;;;;;;
577404;;;;;;;;
577407;;;;;;;;
577408;;;;;;;;
577410;;;;;;;;
577416;;;;;92;1.1;HSJB - IRRF RETIDO EM N.F;
577421;;;;;;;;
577424;;;;;;;;
577426;;;;;;;;
577427;;;;;;;;
577429;;;;;;;;
577431;;;;;;;;
577432;;;;;;;;
577433;;;;;10153;191.61;IRRF - GESTAO PLENA - SUS;
577433;;;;;10153;638.7;ISS - GESTAO PLENA;
577434;;;;;1720;20.64;HSJB - IRRF RETIDO EM N.F;
577435;;;;;7744.09;7744.09;INSTITUTO NACIONAL DO SEGURO SOCIAL;
577436;;;;;1405;16.86;HSJB - IRRF RETIDO EM N.F;
577437;;;;;297220.25;6099.29;ISS - GOV ESTADO  F 193;
577438;;;;;2865;34.38;HSJB - IRRF RETIDO EM N.F;
577439;;;;;495;5.94;HSJB - IRRF RETIDO EM N.F;
577440;;;;;518.45;7.78;IRRF - GESTAO PLENA - SUS;
577440;;;;;518.45;10.37;ISS - GESTAO PLENA;
577441;;;;;;;;
577442;;;;;3300;41.4;HSJB - IRRF RETIDO EM N.F;
577443;;;;;4796;57.56;HSJB - IRRF RETIDO EM N.F;
577444;;;;;38400;460.8;HSJB - IRRF RETIDO EM N.F;
577445;;;;;39580.09;474.96;IR/PIS/COFINS/CSLL RETIDO N.F;
577446;;;;;843;10.12;IR/PIS/COFINS/CSLL RETIDO N.F;
577447;;;;;;;;
577448;;;;;;;;
577449;;;;;;;;
577450;;;;;59400;712.8;HSJB - IRRF RETIDO EM N.F;
577451;;;;;11686.87;604.38;ISS - GESTAO PLENA;
577455;;;;;;;;
577457;;;;;6279.22;75.35;HSJB - IRRF RETIDO EM N.F;
577458;;;;;;;;
577459;;;;;;;;
577461;;;;;;;;
577466;;;;;;;;
577470;;;;;;;;
577473;;;;;2099;25.19;HSJB - IRRF RETIDO EM N.F;
577478;;;;;3682;44.16;HSJB - IRRF RETIDO EM N.F;
577480;;;;;;;;
577484;;;;;;;;
577485;;;;;;;;
577486;;;;;;;;
577487;;;;;;;;
577488;;;;;;;;
577489;;;;;4032;48.39;HSJB - IRRF RETIDO EM N.F;
577490;;;;;;;;
577491;;;;;;;;
577492;;;;;;;;
577493;;;;;;;;
577494;;;;;;;;
577495;;;;;;;;
577496;;;;;;;;
577497;;;;;4660;55.92;HSJB - IRRF RETIDO EM N.F;
577498;;;;;900;10.8;HSJB - IRRF RETIDO EM N.F;
577499;;;;;6059.22;72.71;HSJB - IRRF RETIDO EM N.F;
577500;;;;;;;;
577501;;;;;;;;
577502;;;;;5120;61.44;HSJB - IRRF RETIDO EM N.F;
577503;;;;;7056;105.84;IRRF - GESTAO PLENA - SUS;
577503;;;;;7056;352.8;ISS - GESTAO PLENA;
577504;;;;;599700;7196.4;HSJB - IRRF RETIDO EM N.F;
577505;;;;;;;;
577506;;;;;;;;
577507;;;;;3587.75;43.05;HSJB - IRRF RETIDO EM N.F;
577508;;;;;;;;
577510;;;;;2735;161.95;ISS - GESTAO PLENA;
577511;;;;;7445;89.33;HSJB - IRRF RETIDO EM N.F;
577512;;;;;6790.19;81.48;HSJB - IRRF RETIDO EM N.F;
577513;;;;;61403.85;1102.78;IRRF - SALARIO EDUCAÇÃO;
577514;;;;;2600;31.2;IRRF - GESTAO PLENA - SUS;
577514;;;;;2600;130;ISS - GESTAO PLENA;
577515;;;;;5954;71.46;HSJB - IRRF RETIDO EM N.F;
577516;;;;;;;;
577517;;;;;9000;108;HSJB - IRRF RETIDO EM N.F;
577518;;;;;;;;
577520;;;;;1300;143;INSTITUTO NACIONAL DO SEGURO SOCIAL;
577521;;;;;2600;286;INSTITUTO NACIONAL DO SEGURO SOCIAL;
577522;;;;;2600;286;INSTITUTO NACIONAL DO SEGURO SOCIAL;
577523;;;;;2600;286;INSTITUTO NACIONAL DO SEGURO SOCIAL;
577524;;;;;;;;
577525;;;;;2600;286;INSTITUTO NACIONAL DO SEGURO SOCIAL;
577526;;;;;1500;165;INSTITUTO NACIONAL DO SEGURO SOCIAL;
577528;;;;;;;;
577529;;;;;;;;
577531;;;;;;;;
577532;;;;;;;;
577533;;;;;;;;
577534;;;;;39285;471.42;IRRF - FORNECIMENTO DE BENS;
577535;;;;;;;;
577536;;;;;;;;
577537;;;;;;;;
577538;;;;;39285;471.42;IRRF - FORNECIMENTO DE BENS;
577539;;;;;136191.95;26393.3;IRRF - TRABALHO PRINCIPAL PF PMVR;
577539;;;;;136191.95;8067.31;INSS - PESSOAL PROPRIO;
577540;;;;;78570;942.84;IRRF - FORNECIMENTO DE BENS;
577542;;;;;39285;471.42;IRRF - FORNECIMENTO DE BENS;
577543;;;;;;;;
577544;;;;;;;;
577545;;;;;45105;628.56;IRRF - FORNECIMENTO DE BENS;
577546;;;;;52380;628.56;IRRF - FORNECIMENTO DE BENS;
577549;;;;;;;;
577550;;;;;;;;
577551;;;;;;;;
577552;;;;;;;;
577553;;;;;4500;54;IRRF - FME;
577554;;;;;5874.12;70.49;IRRF - GESTAO PLENA - SUS;
577555;;;;;5850;70.2;IRRF - FME;
577556;;;;;102079.1;3062.37;ISS - PMVR;
577556;;;;;102079.1;4899.8;IRRF - PRESTADOR DE SERVIÇOS;
577556;;;;;102079.1;1684.3;INSS PRESTADORES DE SERVIÇO PJ;
577557;;;;;;;;
577558;;;;;;;;
577559;;;;;;;;
577560;;;;;;;;
577561;;;;;;;;
577562;;;;;;;;
577563;;;;;;;;
577564;;;;;;;;
577565;;;;;;;;
577566;;;;;34583.44;34583.44;INSTITUTO NACIONAL DO SEGURO SOCIAL;
577567;;;;;;;;
577568;;;;;165416.56;6287.9;IRRF - GESTAO PLENA - SUS;
577568;;;;;165416.56;31439.49;ISS - GESTAO PLENA;
577568;;;;;165416.56;1677.12;RESTITUI0ES (ANTECIPACAO DE PAGAMENTO) -;
577569;;;;;;;;
577570;;;;;6384.45;76.62;HSJB - IRRF RETIDO EM N.F;
577572;;;;;4939.09;59.27;HSJB - IRRF RETIDO EM N.F;
577575;;;;;;;;
577576;;;;;2450;29.4;IRRF - FORNECIMENTO DE BENS;
577580;;;;;;;;
577582;;;;;9930;148.95;IRRF - GESTAO PLENA - SUS;
577582;;;;;9930;496.5;ISS - GESTAO PLENA;
577583;;;;;;;;
577585;;;;;29137.12;1456.86;ISS - GOV ESTADO  F 193;
577585;;;;;29137.12;437.06;IRRF - GOV ESTADO - F 193;
577586;;;;;;;;
577588;;;;;;;;
577595;;;;;;;;
577597;;;;;;;;
577602;;;;;13076;160.75;IRRF - GESTAO PLENA - SUS;
577602;;;;;13076;669.8;ISS - GESTAO PLENA;
577603;;;;;24213.6;290.56;HSJB - IRRF RETIDO EM N.F;
577608;;;;;11125;133.5;HSJB - IRRF RETIDO EM N.F;
577610;;;;;;;;
577613;;;;;;;;
577614;;;;;;;;
577615;;;;;5351.3;5351.3;INSTITUTO NACIONAL DO SEGURO SOCIAL;
577618;;;;;2398.92;2398.92;IRRF - PMVR;
577619;;;;;;;;
577622;;;;;;;;
577624;;;;;;;;
577626;;;;;;;;
577627;;;;;;;;
577636;;;;;;;;
577639;;;;;;;;
577641;;;;;;;;
577645;;;;;;;;
577647;;;;;;;;
577649;;;;;5011.5;100.23;ISS - GOV ESTADO  F 193;
577654;;;;;459;5.5;IR/PIS/COFINS/CSLL RETIDO N.F;
577655;;;;;;;;
577656;;;;;2449.31;36.74;IRRF - GESTAO PLENA - SUS;
577656;;;;;2449.31;122.47;ISS - GESTAO PLENA;
577657;;;;;1913.63;28.7;IRRF - GESTAO PLENA - SUS;
577657;;;;;1913.63;95.68;ISS - GESTAO PLENA;
577658;;;;;10618.08;159.27;ISS - PMVR;
577658;;;;;10618.08;530.9;ISS - GESTAO PLENA;
577660;;;;;28617.4;28617.4;RESTITUICAO EMPRÉSTIMO C/ O MINIST. DA S;
577662;;;;;2600;130;ISS - PMVR;
577663;;;;;583.85;7.01;HSJB - IRRF RETIDO EM N.F;
577664;;;;;194645.49;3558.29;IRRF - GESTAO PLENA - SUS;
577664;;;;;194645.49;11860.96;ISS - GESTAO PLENA;
577665;;;;;;;;
577666;;;;;;;;
577676;;;;;7117;7117;INSTITUTO NACIONAL DO SEGURO SOCIAL;
577683;;;;;285529.38;5852.93;ISS - GOV ESTADO  F 193;
577687;;;;;504.18;6.05;HSJB - IRRF RETIDO EM N.F;
577690;;;;;;;;
577692;;;;;;;;
577693;;;;;1167.7;14.01;HSJB - IRRF RETIDO EM N.F;
577694;;;;;;;;
577695;;;;;;;;
577696;;;;;16921.6;203.06;HSJB - IRRF RETIDO EM N.F;
577697;;;;;42700;19234;IRRF - PMVR;
577698;;;;;;;;
577699;;;;;;;;
577700;;;;;;;;
577701;;;;;;;;
577704;;;;;;;;
577706;;;;;360;4.32;HSJB - IRRF RETIDO EM N.F;
577707;;;;;;;;
577708;;;;;;;;
577709;;;;;;;;
577712;;;;;;;;
577713;;;;;;;;
577714;;;;;;;;
577716;;;;;39300;1886.4;IRRF RETIDO EM N.F.;
577718;;;;;;;;
577719;;;;;99700;4785.6;IRRF RETIDO EM N.F.;
577720;;;;;62.7;0.75;HSJB - IRRF RETIDO EM N.F;
577721;;;;;;;;
577722;;;;;;;;
577723;;;;;;;;
577724;;;;;9520;114.24;HSJB - IRRF RETIDO EM N.F;
577725;;;;;125.4;1.5;HSJB - IRRF RETIDO EM N.F;
577727;;;;;2557.5;30.69;HSJB - IRRF RETIDO EM N.F;
577730;;;;;;;;
577732;;;;;620;7.44;HSJB - IRRF RETIDO EM N.F;
577736;;;;;13739.7;686.98;ISS - PMVR;
577736;;;;;13739.7;659.5;IRRF - PRESTADOR DE SERVIÇOS;
577737;;;;;;;;
577738;;;;;;;;
577740;;;;;;;;
577741;;;;;;;;
577742;;;;;;;;
577743;;;;;125.4;1.5;HSJB - IRRF RETIDO EM N.F;
577744;;;;;;;;
577745;;;;;;;;
577746;;;;;9999;479.95;HSJB - IRRF RETIDO EM N.F;
577752;;;;;6279.22;75.35;HSJB - IRRF RETIDO EM N.F;
577760;;;;;;;;
577763;;;;;50475.45;2523.77;ISS - PMVR;
577763;;;;;50475.45;605.7;IRRF - PRESTADOR DE SERVIÇOS;
577763;;;;;50475.45;1943.3;INSS PRESTADORES DE SERVIÇO PJ;
577764;;;;;;;;
577765;;;;;2335.5;116.78;ISS - PMVR;
577765;;;;;2335.5;28.02;IRRF - PRESTADOR DE SERVIÇOS;
577765;;;;;2335.5;89.91;INSS PRESTADORES DE SERVIÇO PJ;
577766;;;;;;;;
577767;;;;;161585.5;2860.2;IRRF - GESTAO PLENA - SUS;
577767;;;;;161585.5;9534;ISS - GESTAO PLENA;
577768;;;;;;;;
577769;;;;;310452.2;4656.78;IRRF - GESTAO PLENA - SUS;
577769;;;;;310452.2;15522.61;ISS - GESTAO PLENA;
577770;;;;;220671.5;3310.07;IRRF - GESTAO PLENA - SUS;
577770;;;;;220671.5;11033.58;ISS - GESTAO PLENA;
577771;;;;;62710.15;940.65;IRRF - GESTAO PLENA - SUS;
577771;;;;;62710.15;3135.51;ISS - GESTAO PLENA;
577772;;;;;128460.6;1926.91;IRRF - GESTAO PLENA - SUS;
577772;;;;;128460.6;6423.03;ISS - GESTAO PLENA;
577777;;;;;18072.23;216.86;IRRF - GESTAO PLENA - SUS;
577777;;;;;18072.23;903.61;ISS - GESTAO PLENA;
577784;;;;;1680;20.16;IRRF SOBRE O TRABALHO PRINCIPAL - PJ;
577786;;;;;;;;
577787;;;;;150.45;2.26;IRRF - GESTAO PLENA - SUS;
577787;;;;;150.45;7.52;ISS - GESTAO PLENA;
577789;;;;;846.38;12.7;IRRF - GESTAO PLENA - SUS;
577789;;;;;846.38;42.32;ISS - GESTAO PLENA;
577790;;;;;3031.52;45.47;IRRF - GESTAO PLENA - SUS;
577790;;;;;3031.52;151.58;ISS - GESTAO PLENA;
577791;;;;;;;;
577792;;;;;7617.31;114.26;IRRF - GESTAO PLENA - SUS;
577792;;;;;7617.31;380.87;ISS - GESTAO PLENA;
577793;;;;;23653;354.8;IRRF - GESTAO PLENA - SUS;
577793;;;;;23653;1182.65;ISS - GESTAO PLENA;
577794;;;;;;;;
577795;;;;;141819.48;2767.55;IRRF - GESTAO PLENA - SUS;
577795;;;;;141819.48;9225.16;ISS - GESTAO PLENA;
577796;;;;;49.98;2.92;ISS - PMVR;
577797;;;;;;;;
577798;;;;;28090.63;561.81;RETENC. ISS EM LIQUIDAÇÃO;
577799;;;;;;;;
577800;;;;;7560;265.18;RETENC. ISS EM LIQUIDAÇÃO;
577802;;;;;;;;
577803;;;;;7920;277.81;RETENC. ISS EM LIQUIDAÇÃO;
577805;;;;;;;;
577808;;;;;;;;
577809;;;;;;;;
577810;;;;;2970;148.5;ISS - GESTAO PLENA;
577811;;;;;2970;148.5;ISS - GESTAO PLENA;
577812;;;;;2970;148.5;ISS - GESTAO PLENA;
577820;;;;;7356.39;147.13;ISS - PMVR;
577822;;;;;;;;
577824;;;;;;;;
577825;;;;;28339.62;340.08;IRRF - GESTAO PLENA - SUS;
577825;;;;;28339.62;850.19;ISS - GESTAO PLENA;
577826;;;;;35280;765.58;ISS - GESTAO PLENA;
577827;;;;;;;;
577835;;;;;;;;
577838;;;;;;;;
577842;;;;;7700;212.66;ISS - GESTAO PLENA;
577843;;;;;;;;
577844;;;;;;;;
577845;;;;;;;;
577847;;;;;;;;
577848;;;;;600;9.56;IRRF - GESTAO PLENA - SUS;
577848;;;;;600;39.8;ISS - GESTAO PLENA;
577850;;;;;;;;
577852;;;;;;;;
577853;;;;;;;;
577854;;;;;;;;
577855;;;;;;;;
577856;;;;;;;;
577857;;;;;;;;
577858;;;;;;;;
577859;;;;;;;;
577861;;;;;;;;
577862;;;;;12740;154.08;IRRF - GESTAO PLENA - SUS;
577862;;;;;12740;256.8;ISS - GESTAO PLENA;
577864;;;;;122034.58;3661.04;ISS - PMVR;
577864;;;;;122034.58;5857.66;IRRF - PRESTADOR DE SERVIÇOS;
577864;;;;;122034.58;2013.57;INSS PRESTADORES DE SERVIÇO PJ;
577866;;;;;;;;
577868;;;;;15884.8;190.62;HSJB - IRRF RETIDO EM N.F;
577873;;;;;;;;
577875;;;;;8370;175.77;ISS - GESTAO PLENA;
577879;;;;;;;;
577881;;;;;299;3.58;IR/PIS/COFINS/CSLL RETIDO N.F;
577883;;;;;;;;
577884;;;;;161383.58;4841.51;ISS - PMVR;
577884;;;;;161383.58;7746.41;IRRF - PRESTADOR DE SERVIÇOS;
577884;;;;;161383.58;2662.83;INSS PRESTADORES DE SERVIÇO PJ;
577885;;;;;1964.4;23.57;IR/PIS/COFINS/CSLL RETIDO N.F;
577886;;;;;790.35;9.48;IR/PIS/COFINS/CSLL RETIDO N.F;
577888;;;;;;;;
577889;;;;;;;;
577890;;;;;;;;
577891;;;;;;;;
577893;;;;;12213.13;244.26;RETENC. ISS EM LIQUIDAÇÃO;
577894;;;;;;;;
577895;;;;;;;;
577896;;;;;10388;218.15;ISS - GESTAO PLENA;
577897;;;;;6938.13;138.76;RETENC. ISS EM LIQUIDAÇÃO;
577898;;;;;;;;
577900;;;;;;;;
577901;;;;;;;;
577902;;;;;;;;
577903;;;;;;;;
577904;;;;;;;;
577905;;;;;230.85;2.77;HSJB - IRRF RETIDO EM N.F;
577907;;;;;;;;
577908;;;;;;;;
577909;;;;;;;;
577910;;;;;;;;
577911;;;;;;;;
577914;;;;;2922.63;35.08;HSJB - IRRF RETIDO EM N.F;
577915;;;;;;;;
577916;;;;;;;;
577920;;;;;;;;
577921;;;;;;;;
577922;;;;;700.62;8.41;HSJB - IRRF RETIDO EM N.F;
577923;;;;;;;;
577928;;;;;;;;
577929;;;;;2922.63;35.08;HSJB - IRRF RETIDO EM N.F;
577930;;;;;;;;
577932;;;;;1074.63;12.9;HSJB - IRRF RETIDO EM N.F;
577933;;;;;2123.63;25.49;HSJB - IRRF RETIDO EM N.F;
577935;;;;;2123.63;25.49;HSJB - IRRF RETIDO EM N.F;
577936;;;;;1268.15;15.22;HSJB - IRRF RETIDO EM N.F;
577954;;;;;230.85;2.77;HSJB - IRRF RETIDO EM N.F;
577959;;;;;;;;
577960;;;;;8773;105.27;IRRF - FME FUNDEB;
577962;;;;;195.36;2.34;HSJB - IRRF RETIDO EM N.F;
577964;;;;;;;;
577966;;;;;425.63;5.11;HSJB - IRRF RETIDO EM N.F;
577968;;;;;;;;
577970;;;;;;;;
577971;;;;;2123.63;25.49;HSJB - IRRF RETIDO EM N.F;
577972;;;;;;;;
577975;;;;;2123.63;25.49;HSJB - IRRF RETIDO EM N.F;
577976;;;;;;;;
577979;;;;;;;;
577982;;;;;;;;
577984;;;;;3279.11;39.36;HSJB - IRRF RETIDO EM N.F;
577988;;;;;2123.63;25.49;HSJB - IRRF RETIDO EM N.F;
577990;;;;;15400.18;184.8;IRRF SOBRE O TRABALHO PRINCIPAL - PJ;
577992;;;;;2922.63;35.08;HSJB - IRRF RETIDO EM N.F;
577993;;;;;583.85;7.01;HSJB - IRRF RETIDO EM N.F;
577996;;;;;;;;
577997;;;;;2123.63;25.49;HSJB - IRRF RETIDO EM N.F;
577998;;;;;275050.61;4125.76;IRRF - GESTAO PLENA - SUS;
577998;;;;;275050.61;13752.53;ISS - GESTAO PLENA;
577999;;;;;219.15;2.63;HSJB - IRRF RETIDO EM N.F;
578003;;;;;1224.63;14.7;HSJB - IRRF RETIDO EM N.F;
578007;;;;;;;;
578013;;;;;;;;
578016;;;;;700.62;8.41;HSJB - IRRF RETIDO EM N.F;
578017;;;;;3279.11;39.36;HSJB - IRRF RETIDO EM N.F;
578023;;;;;1224.63;14.7;HSJB - IRRF RETIDO EM N.F;
578038;;;;;2922.63;35.08;HSJB - IRRF RETIDO EM N.F;
578041;;;;;461.7;5.54;HSJB - IRRF RETIDO EM N.F;
578049;;;;;3129.11;37.56;HSJB - IRRF RETIDO EM N.F;
578050;;;;;284.16;3.41;HSJB - IRRF RETIDO EM N.F;
578051;;;;;;;;
578052;;;;;2922.63;35.08;HSJB - IRRF RETIDO EM N.F;
578054;;;;;56014.47;2800.72;ISS - PMVR;
578055;;;;;;;;
578056;;;;;;;;
578058;;;;;;;;
578059;;;;;;;;
578061;;;;;;;;
578063;;;;;7798.5;235.47;RETENC. ISS EM LIQUIDAÇÃO;
578066;;;;;;;;
578068;;;;;;;;
578069;;;;;19031.23;824.05;ISS - PMVR;
578070;;;;;;;;
578073;;;;;;;;
578076;;;;;;;;
578078;;;;;;;;
578080;;;;;;;;
578082;;;;;;;;
578092;;;;;;;;
578093;;;;;;;;
578095;;;;;320.36;320.36;INSTITUTO NACIONAL DO SEGURO SOCIAL;
578097;;;;;981.46;981.46;ISS - PMVR;
578100;;;;;;;;
578102;;;;;;;;
578103;;;;;;;;
578107;;;;;4400;52.8;HSJB - IRRF RETIDO EM N.F;
578109;;;;;;;;
578112;;;;;;;;
578113;;;;;2273.63;27.29;HSJB - IRRF RETIDO EM N.F;
578116;;;;;312700;5919;IRRF - GESTAO PLENA - SUS;
578116;;;;;312700;19730;ISS - GESTAO PLENA;
578119;;;;;2922.63;35.08;HSJB - IRRF RETIDO EM N.F;
578120;;;;;;;;
578121;;;;;;;;
578122;;;;;3016.1;36.2;HSJB - IRRF RETIDO EM N.F;
578123;;;;;403;0.96;IRRF - FORNECIMENTO DE BENS;
578124;;;;;125.4;1.5;HSJB - IRRF RETIDO EM N.F;
578125;;;;;2517.1;30.21;HSJB - IRRF RETIDO EM N.F;
578126;;;;;16160;193.92;IRRF - FORNECIMENTO DE BENS;
578127;;;;;1224.63;14.7;HSJB - IRRF RETIDO EM N.F;
578130;;;;;2273.63;27.29;HSJB - IRRF RETIDO EM N.F;
578134;;;;;2273.63;27.29;HSJB - IRRF RETIDO EM N.F;
578137;;;;;2922.63;35.08;HSJB - IRRF RETIDO EM N.F;
578138;;;;;171;2.05;HSJB - IRRF RETIDO EM N.F;
578144;;;;;4022.63;48.28;HSJB - IRRF RETIDO EM N.F;
578146;;;;;2123.63;25.49;HSJB - IRRF RETIDO EM N.F;
578157;;;;;;;;
578160;;;;;188.1;2.26;HSJB - IRRF RETIDO EM N.F;
578166;;;;;;;;
578167;;;;;;;;
578169;;;;;16482;197.78;HSJB - IRRF RETIDO EM N.F;
578170;;;;;;;;
578171;;;;;50;0.6;HSJB - IRRF RETIDO EM N.F;
578192;;;;;1300;15.6;HSJB - IRRF RETIDO EM N.F;
578194;;;;;7380;206.64;ISS - GESTAO PLENA;
578195;;;;;;;;
578197;;;;;3570;178.5;RETENCAO RELATIVA AO ISS  ROYALTES PETRO;
578197;;;;;3570;42.84;RETENCAO RELATIVA IRRF  ROYALTIES PETROL;
578200;;;;;8025;96.3;HSJB - IRRF RETIDO EM N.F;
578201;;;;;451.2;22.56;RETENCAO RELATIVA AO ISS  ROYALTES PETRO;
578201;;;;;451.2;5.41;RETENCAO RELATIVA IRRF  ROYALTIES PETROL;
578202;;;;;705;35.25;RETENCAO RELATIVA AO ISS  ROYALTES PETRO;
578202;;;;;705;8.46;RETENCAO RELATIVA IRRF  ROYALTIES PETROL;
578208;;;;;683.08;8.19;RETENCAO RELATIVA IRRF  ROYALTIES PETROL;
578209;;;;;667.51;8.01;RETENCAO RELATIVA IRRF  ROYALTIES PETROL;
578212;;;;;2328.55;27.94;RETENCAO RELATIVA IRRF  ROYALTIES PETROL;
578214;;;;;;;;
578216;;;;;;;;
578217;;;;;208.25;2.5;HSJB - IRRF RETIDO EM N.F;
578218;;;;;2505;30.06;HSJB - IRRF RETIDO EM N.F;
578219;;;;;1019.73;47.95;IRRF SOBRE O TRABALHO PRINCIPAL - PJ;
578220;;;;;;;;
578222;;;;;1000;12;HSJB - IRRF RETIDO EM N.F;
578223;;;;;;;;
578224;;;;;23000;276;HSJB - IRRF RETIDO EM N.F;
578225;;;;;;;;
578226;;;;;;;;
578227;;;;;;;;
578229;;;;;;;;
578230;;;;;;;;
578231;;;;;;;;
578232;;;;;;;;
578233;;;;;11396;136.75;IRRF -FUNDEB;
578234;;;;;;;;
578236;;;;;;;;
578237;;;;;;;;
578239;;;;;1320;15.84;HSJB - IRRF RETIDO EM N.F;
578240;;;;;;;;
578241;;;;;1320;15.84;HSJB - IRRF RETIDO EM N.F;
578245;;;;;5652;67.83;HSJB - IRRF RETIDO EM N.F;
578246;;;;;180;2.16;HSJB - IRRF RETIDO EM N.F;
578248;;;;;660;7.92;HSJB - IRRF RETIDO EM N.F;
578250;;;;;;;;
578252;;;;;2475;29.7;HSJB - IRRF RETIDO EM N.F;
578268;;;;;2560;30.72;IRRF - FORNECIMENTO DE BENS;
578269;;;;;63116.33;757.39;IRRF - PMVR;
578292;;;;;;;;
578294;;;;;;;;
578295;;;;;;;;
578297;;;;;;;;
578301;;;;;;;;
578303;;;;;;;;
578308;;;;;;;;
578312;;;;;;;;
578314;;;;;;;;
578315;;;;;;;;
578318;;;;;;;;
578319;;;;;2278.1;109.34;IRRF SOBRE O TRABALHO PRINCIPAL - PJ;
578320;;;;;;;;
578321;;;;;;;;
578322;;;;;;;;
578323;;;;;;;;
578324;;;;;351265.35;71322.7;ISS - SALARIO EDUCACAO;
578324;;;;;351265.35;17117.45;IRRF - SALARIO EDUCAÇÃO;
578324;;;;;351265.35;156909.33;INSS REENÇÃO - SALARIO EDUCAÇÃO;
578325;;;;;;;;
578329;;;;;11453.24;137.43;IRRF - FORNECIMENTO DE BENS;
578330;;;;;109802.49;5270.52;HSJB - IRRF RETIDO EM N.F;
578331;;;;;4227.84;50.73;HSJB - IRRF RETIDO EM N.F;
578332;;;;;;;;
578333;;;;;33601.09;1612.85;HSJB - IRRF RETIDO EM N.F;
578336;;;;;;;;
578337;;;;;3919.44;101.54;IRRF - GESTAO PLENA - SUS;
578337;;;;;3919.44;338.46;ISS - GESTAO PLENA;
578339;;;;;64.39;0.77;HSJB - IRRF RETIDO EM N.F;
578342;;;;;1539.72;18.48;HSJB - IRRF RETIDO EM N.F;
578343;;;;;119.28;1.43;HSJB - IRRF RETIDO EM N.F;
578344;;;;;1370.39;16.44;HSJB - IRRF RETIDO EM N.F;
578345;;;;;340.55;4.09;HSJB - IRRF RETIDO EM N.F;
578346;;;;;394.88;4.74;HSJB - IRRF RETIDO EM N.F;
578347;;;;;;;;
578348;;;;;;;;
578349;;;;;344.35;4.13;HSJB - IRRF RETIDO EM N.F;
578350;;;;;;;;
578351;;;;;919.04;11.04;HSJB - IRRF RETIDO EM N.F;
578352;;;;;185.5;2.23;HSJB - IRRF RETIDO EM N.F;
578353;;;;;185.5;2.23;HSJB - IRRF RETIDO EM N.F;
578354;;;;;7399.02;110.99;IRRF - GESTAO PLENA - SUS;
578354;;;;;7399.02;369.96;ISS - GESTAO PLENA;
578355;;;;;3733.62;44.8;HSJB - IRRF RETIDO EM N.F;
578356;;;;;4424.38;66.37;IRRF - GESTAO PLENA - SUS;
578356;;;;;4424.38;221.22;ISS - GESTAO PLENA;
578357;;;;;38.28;0.46;HSJB - IRRF RETIDO EM N.F;
578358;;;;;229.76;2.76;HSJB - IRRF RETIDO EM N.F;
578359;;;;;;;;
578360;;;;;816.32;816.32;HSJB - IRRF RETIDO EM N.F;
578361;;;;;843;10.12;IR/PIS/COFINS/CSLL RETIDO N.F;
578362;;;;;4081.61;4081.61;ISS - PMVR;
578363;;;;;35647.83;439.87;IR/PIS/COFINS/CSLL RETIDO N.F;
578364;;;;;;;;
578365;;;;;;;;
578366;;;;;;;;
578367;;;;;2505.6;30.07;IR/PIS/COFINS/CSLL RETIDO N.F;
578368;;;;;;;;
578369;;;;;8735.11;8735.11;INSTITUTO NACIONAL DO SEGURO SOCIAL;
578370;;;;;;;;
578371;;;;;;;;
578374;;;;;;;;
578376;;;;;;;;
578377;;;;;;;;
578378;;;;;;;;
578379;;;;;;;;
578380;;;;;;;;
578381;;;;;;;;
578383;;;;;1688.8;20.27;HSJB - IRRF RETIDO EM N.F;
578385;;;;;;;;
578387;;;;;294.85;3.54;HSJB - IRRF RETIDO EM N.F;
578390;;;;;124317.37;1491.81;HSJB - IRRF RETIDO EM N.F;
578393;;;;;;;;
578394;;;;;459.52;5.52;HSJB - IRRF RETIDO EM N.F;
578395;;;;;1688.8;20.28;HSJB - IRRF RETIDO EM N.F;
578396;;;;;1575.77;18.9;HSJB - IRRF RETIDO EM N.F;
578397;;;;;;;;
578401;;;;;3733.62;44.8;HSJB - IRRF RETIDO EM N.F;
578403;;;;;;;;
578405;;;;;1688.8;20.25;HSJB - IRRF RETIDO EM N.F;
578406;;;;;;;;
578407;;;;;;;;
578411;;;;;554.9;27.74;RETENC. ISS EM LIQUIDAÇÃO;
578413;;;;;787.6;39.38;RETENC. ISS EM LIQUIDAÇÃO;
578415;;;;;1688.8;20.27;HSJB - IRRF RETIDO EM N.F;
578416;;;;;125.3;6.26;RETENC. ISS EM LIQUIDAÇÃO;
578418;;;;;5590.9;67.09;HSJB - IRRF RETIDO EM N.F;
578419;;;;;554.9;27.74;RETENC. ISS EM LIQUIDAÇÃO;
578421;;;;;696.5;34.82;RETENC. ISS EM LIQUIDAÇÃO;
578422;;;;;185.5;2.23;HSJB - IRRF RETIDO EM N.F;
578425;;;;;1688.8;20.27;HSJB - IRRF RETIDO EM N.F;
578426;;;;;1330;15.96;IRRF SOBRE O TRABALHO PRINCIPAL - PJ;
578428;;;;;1473.08;17.67;HSJB - IRRF RETIDO EM N.F;
578430;;;;;17544;350.88;RETENC. ISS EM LIQUIDAÇÃO;
578433;;;;;1688.8;20.27;HSJB - IRRF RETIDO EM N.F;
578436;;;;;1727.62;77.4;ISS - PMVR;
578440;;;;;;;;
578441;;;;;619.72;7.43;IRRF SOBRE O TRABALHO PRINCIPAL - PJ;
578442;;;;;1688.8;20.27;HSJB - IRRF RETIDO EM N.F;
578444;;;;;;;;
578445;;;;;390;4.68;IRRF SOBRE O TRABALHO PRINCIPAL - PJ;
578447;;;;;1688.8;20.27;HSJB - IRRF RETIDO EM N.F;
578448;;;;;5590.9;67.09;HSJB - IRRF RETIDO EM N.F;
578449;;;;;;;;
578451;;;;;;;;
578453;;;;;;;;
578454;;;;;;;;
578455;;;;;3227.33;38.73;HSJB - IRRF RETIDO EM N.F;
578456;;;;;12000;2248.67;IRRF - TRABALHO PRINCIPAL PF PMVR;
578457;;;;;;;;
578458;;;;;;;;
578459;;;;;4380;52.56;HSJB - IRRF RETIDO EM N.F;
578460;;;;;;;;
578461;;;;;;;;
578462;;;;;;;;
578464;;;;;;;;
578465;;;;;;;;
578466;;;;;498920.82;23948.2;IRRF SOBRE O TRABALHO PRINCIPAL - PJ;
578467;;;;;;;;
578468;;;;;;;;
578469;;;;;;;;
578470;;;;;;;;
578471;;;;;;;;
578472;;;;;;;;
578473;;;;;538854.85;26942.74;RETENC. ISS EM LIQUIDAÇÃO;
578473;;;;;538854.85;17782.2;INSS - PREST. SERV. PROPRIO;
578473;;;;;538854.85;25865.03;IRRF SOBRE O TRABALHO PRINCIPAL - PJ;
578474;;;;;;;;
578475;;;;;;;;
578476;;;;;;;;
578483;;;;;;;;
578484;;;;;540;6.48;IRRF SOBRE O TRABALHO PRINCIPAL - PJ;
578485;;;;;6183;74.19;IRRF SOBRE O TRABALHO PRINCIPAL - PJ;
578486;;;;;;;;
578487;;;;;13149.54;637.17;IRRF SOBRE O TRABALHO PRINCIPAL - PJ;
578488;;;;;193;2.31;IRRF SOBRE O TRABALHO PRINCIPAL - PJ;
578490;;;;;1544;18.52;IRRF SOBRE O TRABALHO PRINCIPAL - PJ;
578492;;;;;;;;
578493;;;;;206.5;2.47;IRRF SOBRE O TRABALHO PRINCIPAL - PJ;
578495;;;;;413;4.95;IRRF SOBRE O TRABALHO PRINCIPAL - PJ;
578496;;;;;826;9.91;IRRF SOBRE O TRABALHO PRINCIPAL - PJ;
578497;;;;;2065;24.78;IRRF SOBRE O TRABALHO PRINCIPAL - PJ;
578498;;;;;;;;
578499;;;;;;;;
578500;;;;;3200;28.2;IRRF - TRABALHO PRINCIPAL PF PMVR;
578501;;;;;;;;
578502;;;;;18722.05;4252.56;IRRF - TRABALHO PRINCIPAL PF PMVR;
578503;;;;;18722.05;4252.56;IRRF - TRABALHO PRINCIPAL PF PMVR;
578504;;;;;6500;736.17;IRRF - TRABALHO PRINCIPAL PF PMVR;
578506;;;;;6500;736.17;IRRF - TRABALHO PRINCIPAL PF PMVR;
578508;;;;;6363.1;305.42;IRRF SOBRE O TRABALHO PRINCIPAL - PJ;
578510;;;;;30662.7;1471.8;IRRF SOBRE O TRABALHO PRINCIPAL - PJ;
578516;;;;;45452.56;2272.63;RETENC. ISS EM LIQUIDAÇÃO;
578518;;;;;;;;
578525;;;;;61315;735.78;IRRF - FORNECIMENTO DE BENS;
578529;;;;;;;;
578531;;;;;2212.5;88.5;RETENC. ISS EM LIQUIDAÇÃO;
578532;;;;;;;;
578533;;;;;;;;
578534;;;;;4400;52.8;IRRF SOBRE O TRABALHO PRINCIPAL - PJ;
578537;;;;;20957.97;241.82;IRRF - FORNECIMENTO DE BENS;
578538;;;;;4400;52.8;IRRF SOBRE O TRABALHO PRINCIPAL - PJ;
578541;;;;;2374395.32;11190.18;IRRF - PRESTADOR DE SERVIÇOS;
578541;;;;;2374395.32;25688.3;IRRF - FORNECIMENTO DE BENS;
578544;;;;;;;;
578547;;;;;10966.4;548.32;RETENC. ISS EM LIQUIDAÇÃO;
578547;;;;;10966.4;526.39;IRRF SOBRE O TRABALHO PRINCIPAL - PJ;
578548;;;;;24827.4;297.92;IRRF - FORNECIMENTO DE BENS;
578549;;;;;;;;
578550;;;;;;;;
578551;;;;;168207.65;1745.98;IRRF - PRESTADOR DE SERVIÇOS;
578551;;;;;168207.65;1578.29;IRRF - FORNECIMENTO DE BENS;
578552;;;;;24515.4;294.18;IRRF - FORNECIMENTO DE BENS;
578553;;;;;7798.5;189.5;RETENC. ISS EM LIQUIDAÇÃO;
578554;;;;;24601.2;295.21;IRRF - FORNECIMENTO DE BENS;
578556;;;;;;;;
578557;;;;;24882;298.58;IRRF - FORNECIMENTO DE BENS;
578558;;;;;25131.6;301.57;IRRF - FORNECIMENTO DE BENS;
578563;;;;;;;;
578571;;;;;;;;
578573;;;;;322514;6450.28;ISS - PMVR;
578573;;;;;322514;1128.8;INSS PRESTADORES DE SERVIÇO PJ;
578575;;;;;2949;35.39;IRRF SOBRE O TRABALHO PRINCIPAL - PJ;
578576;;;;;2949;35.39;IRRF SOBRE O TRABALHO PRINCIPAL - PJ;
578578;;;;;;;;
578581;;;;;;;;
578584;;;;;17218.65;860.93;RETENC. ISS EM LIQUIDAÇÃO;
578585;;;;;474474.12;10111.08;ISS - PMVR;
578585;;;;;474474.12;24266.59;IRRF - PRESTADOR DE SERVIÇOS;
578587;;;;;;;;
578588;;;;;;;;
578589;;;;;1079.4;12.95;HSJB - IRRF RETIDO EM N.F;
578590;;;;;;;;
578591;;;;;;;;
578593;;;;;85600.9;1284.01;IRRF - GESTAO PLENA - SUS;
578593;;;;;85600.9;4280.04;ISS - GESTAO PLENA;
578594;;;;;;;;
578595;;;;;;;;
578596;;;;;;;;
578597;;;;;;;;
578598;;;;;;;;
578600;;;;;;;;
578601;;;;;13958;167.49;IRRF SOBRE O TRABALHO PRINCIPAL - PJ;
578602;;;;;2190;26.28;IRRF SOBRE O TRABALHO PRINCIPAL - PJ;
578603;;;;;6460;77.52;HSJB - IRRF RETIDO EM N.F;
578605;;;;;;;;
578609;;;;;;;;
578611;;;;;;;;
578612;;;;;56931.21;2846.56;RETENC. ISS EM LIQUIDAÇÃO;
578612;;;;;56931.21;2732.7;IRRF SOBRE O TRABALHO PRINCIPAL - PJ;
578614;;;;;2697.51;32.37;HSJB - IRRF RETIDO EM N.F;
578616;;;;;;;;
578618;;;;;2697.51;32.37;HSJB - IRRF RETIDO EM N.F;
578620;;;;;54.6;0.65;IRRF SOBRE O TRABALHO PRINCIPAL - PJ;
578621;;;;;2697.51;32.37;HSJB - IRRF RETIDO EM N.F;
578623;;;;;546;6.55;IRRF SOBRE O TRABALHO PRINCIPAL - PJ;
578624;;;;;383.53;4.6;IRRF SOBRE O TRABALHO PRINCIPAL - PJ;
578625;;;;;;;;
578627;;;;;;;;
578628;;;;;;;;
578629;;;;;;;;
578634;;;;;;;;
578635;;;;;;;;
578636;;;;;619.6;7.43;IRRF SOBRE O TRABALHO PRINCIPAL - PJ;
578638;;;;;;;;
578639;;;;;665.5;7.98;IRRF SOBRE O TRABALHO PRINCIPAL - PJ;
578641;;;;;619.6;7.43;IRRF SOBRE O TRABALHO PRINCIPAL - PJ;
578644;;;;;;;;
578646;;;;;;;;
578648;;;;;903.16;10.83;IRRF SOBRE O TRABALHO PRINCIPAL - PJ;
578650;;;;;957.94;11.49;IRRF SOBRE O TRABALHO PRINCIPAL - PJ;
578651;;;;;960;11.52;IRRF SOBRE O TRABALHO PRINCIPAL - PJ;
578653;;;;;2021.1;24.25;IRRF SOBRE O TRABALHO PRINCIPAL - PJ;
578655;;;;;2766.69;33.2;IRRF SOBRE O TRABALHO PRINCIPAL - PJ;
578656;;;;;457.7;22.88;RETENC. ISS EM LIQUIDAÇÃO;
578657;;;;;644.4;32.22;RETENC. ISS EM LIQUIDAÇÃO;
578658;;;;;16400;196.8;HSJB - IRRF RETIDO EM N.F;
578659;;;;;;;;
578660;;;;;;;;
578661;;;;;2482.4;29.78;IRRF SOBRE O TRABALHO PRINCIPAL - PJ;
578662;;;;;4117;263.13;RETENC. ISS EM LIQUIDAÇÃO;
578664;;;;;;;;
578666;;;;;;;;
578667;;;;;;;;
578668;;;;;2482.4;29.78;IRRF SOBRE O TRABALHO PRINCIPAL - PJ;
578672;;;;;59600;715.2;HSJB - IRRF RETIDO EM N.F;
578675;;;;;;;;
578677;;;;;;;;
578680;;;;;8700;104.4;HSJB - IRRF RETIDO EM N.F;
578693;;;;;;;;
578697;;;;;;;;
578699;;;;;;;;
578700;;;;;;;;
578705;;;;;31500;378;HSJB - IRRF RETIDO EM N.F;
578708;;;;;997.75;11.98;HSJB - IRRF RETIDO EM N.F;
578709;;;;;2582.76;31;HSJB - IRRF RETIDO EM N.F;
578711;;;;;14880;178.56;HSJB - IRRF RETIDO EM N.F;
578712;;;;;997.75;11.98;HSJB - IRRF RETIDO EM N.F;
578715;;;;;997.75;11.98;HSJB - IRRF RETIDO EM N.F;
578716;;;;;8750;105;HSJB - IRRF RETIDO EM N.F;
578718;;;;;997.75;11.98;HSJB - IRRF RETIDO EM N.F;
578721;;;;;7171.17;86.07;HSJB - IRRF RETIDO EM N.F;
578722;;;;;;;;
578723;;;;;;;;
578724;;;;;;;;
578725;;;;;4458.85;53.51;HSJB - IRRF RETIDO EM N.F;
578726;;;;;6872.07;82.48;HSJB - IRRF RETIDO EM N.F;
578728;;;;;4879.68;58.57;HSJB - IRRF RETIDO EM N.F;
578732;;;;;;;;
578733;;;;;;;;
578734;;;;;;;;
578735;;;;;;;;
578736;;;;;;;;
578737;;;;;;;;
578740;;;;;;;;
578741;;;;;;;;
578742;;;;;;;;
578743;;;;;;;;
578744;;;;;;;;
578745;;;;;;;;
578746;;;;;45637.5;547.65;IRRF - FORNECIMENTO DE BENS;
578747;;;;;1110;13.32;HSJB - IRRF RETIDO EM N.F;
578748;;;;;;;;
578749;;;;;;;;
578750;;;;;;;;
578751;;;;;;;;
578752;;;;;30;0.36;HSJB - IRRF RETIDO EM N.F;
578753;;;;;196013.93;2352.16;IRRF - FME FUNDEB;
578754;;;;;;;;
578755;;;;;18.29;0.21;IRRF - FME FUNDEB;
578756;;;;;14269.86;171.23;IRRF - FME FUNDEB;
578757;;;;;32.92;0.39;IRRF - FME FUNDEB;
578758;;;;;;;;
578759;;;;;;;;
578760;;;;;;;;
578767;;;;;;;;
578769;;;;;;;;
578776;;;;;12063;144.76;HSJB - IRRF RETIDO EM N.F;
578777;;;;;6101;73.22;HSJB - IRRF RETIDO EM N.F;
578779;;;;;;;;
578780;;;;;;;;
578781;;;;;23700;1185;RETENC. ISS EM LIQUIDAÇÃO;
578782;;;;;5387.75;64.65;HSJB - IRRF RETIDO EM N.F;
578784;;;;;1856;22.28;HSJB - IRRF RETIDO EM N.F;
578785;;;;;;;;
578790;;;;;15992.68;191.91;IRRF - GESTAO PLENA - SUS;
578791;;;;;;;;
578792;;;;;;;;
578795;;;;;;;;
578796;;;;;;;;
578797;;;;;;;;
578798;;;;;8400;100.8;HSJB - IRRF RETIDO EM N.F;
578799;;;;;;;;
578800;;;;;;;;
578801;;;;;;;;
578802;;;;;;;;
578803;;;;;;;;
578804;;;;;;;;
578805;;;;;;;;
578806;;;;;;;;
578810;;;;;3587.75;43.05;HSJB - IRRF RETIDO EM N.F;
578813;;;;;2800;33.6;HSJB - IRRF RETIDO EM N.F;
578815;;;;;5202.75;62.43;HSJB - IRRF RETIDO EM N.F;
578816;;;;;900;10.8;HSJB - IRRF RETIDO EM N.F;
578817;;;;;877.86;877.86;RESTITUICOES ANTECIPACAO DE PAGAMENTO -;
578818;;;;;7117;7117;INSTITUTO NACIONAL DO SEGURO SOCIAL;
578820;;;;;284651.52;5852.93;ISS - GOV ESTADO  F 193;
578822;;;;;58217.71;698.61;HSJB - IRRF RETIDO EM N.F;
578823;;;;;;;;
578827;;;;;;;;
578828;;;;;;;;
578829;;;;;209573.05;2523.33;IRRF SOBRE O TRABALHO PRINCIPAL - PJ;
578831;;;;;2600;116.48;ISS - PMVR;
578832;;;;;89040.34;2073.66;IRRF SOBRE O TRABALHO PRINCIPAL - PJ;
578833;;;;;2600;116.48;ISS - PMVR;
578835;;;;;;;;
578836;;;;;7744.09;7744.09;INSTITUTO NACIONAL DO SEGURO SOCIAL;
578837;;;;;42430.58;509.17;IRRF SOBRE O TRABALHO PRINCIPAL - PJ;
578838;;;;;508.3;508.3;RESTITUICOES ANTECIPACAO DE PAGAMENTO -;
578839;;;;;;;;
578840;;;;;296711.95;6099.29;ISS - GOV ESTADO  F 193;
578842;;;;;;;;
578844;;;;;;;;
578845;;;;;11451.68;549.68;IR/PIS/COFINS/CSLL RETIDO N.F;
578847;;;;;;;;
578853;;;;;2160.4;25.92;IR/PIS/COFINS/CSLL RETIDO N.F;
578855;;;;;830.15;9.96;IR/PIS/COFINS/CSLL RETIDO N.F;
578856;;;;;;;;
578857;;;;;;;;
578858;;;;;;;;
578859;;;;;;;;
578861;;;;;;;;
578864;;;;;;;;
578867;;;;;;;;
578870;;;;;;;;
578872;;;;;;;;
578874;;;;;;;;
578876;;;;;;;;
578882;;;;;;;;
578884;;;;;;;;
578885;;;;;;;;
578887;;;;;;;;
578888;;;;;;;;
578889;;;;;;;;
578892;;;;;;;;
578893;;;;;;;;
578895;;;;;;;;
578896;;;;;;;;
578898;;;;;;;;
578901;;;;;;;;
578902;;;;;;;;
578903;;;;;;;;
578904;;;;;129607.56;7483.75;IRRF - GESTAO PLENA - SUS;
578905;;;;;;;;
578906;;;;;;;;
578907;;;;;;;;
578908;;;;;;;;
578909;;;;;;;;
578910;;;;;;;;
578911;;;;;;;;
578912;;;;;;;;
578913;;;;;;;;
578914;;;;;;;;
578915;;;;;;;;
578916;;;;;;;;
578917;;;;;;;;
578918;;;;;;;;
578919;;;;;;;;
578920;;;;;;;;
578921;;;;;;;;
578922;;;;;;;;
578923;;;;;;;;
578924;;;;;;;;
578925;;;;;;;;
578926;;;;;;;;
578927;;;;;;;;
578928;;;;;189400;9470;ISS - GOV ESTADO  F 193;
578928;;;;;189400;2841;IRRF - GOV ESTADO - F 193;
578937;;;;;8877.44;106.52;IRRF - FME FUNDEB;
578943;;;;;100567.78;5028.39;ISS - FME FUNDEB;
578944;;;;;;;;
578945;;;;;;;;
578946;;;;;;;;
578949;;;;;;;;
578950;;;;;316197.87;4742.98;IRRF - GESTAO PLENA - SUS;
578950;;;;;316197.87;9485.97;ISS - GESTAO PLENA;
578952;;;;;728616.03;8743.39;IRRF SOBRE O TRABALHO PRINCIPAL - PJ;
578955;;;;;155201.19;1867.72;IRRF SOBRE O TRABALHO PRINCIPAL - PJ;
578956;;;;;363.22;16.27;ISS - PMVR;
578957;;;;;;;;
578962;;;;;1070.08;51.36;IRRF - PRESTADOR DE SERVIÇOS;
578964;;;;;;;;
578965;;;;;;;;
578967;;;;;10264;153.96;IRRF SOBRE O TRABALHO PRINCIPAL - PJ;
578968;;;;;;;;
578969;;;;;6300;94.5;IRRF SOBRE O TRABALHO PRINCIPAL - PJ;
578970;;;;;;;;
578971;;;;;4000;60;IRRF SOBRE O TRABALHO PRINCIPAL - PJ;
578972;;;;;2000;30;IRRF SOBRE O TRABALHO PRINCIPAL - PJ;
578975;;;;;;;;
578978;;;;;;;;
578979;;;;;;;;
578981;;;;;121982.2;1463.79;IRRF - GESTAO PLENA - SUS;
578981;;;;;121982.2;6099.11;ISS - GESTAO PLENA;
578982;;;;;;;;
578983;;;;;12787.2;306.89;IRRF - PRESTADOR DE SERVIÇOS;
578984;;;;;;;;
578985;;;;;;;;
578996;;;;;5825.17;69.9;IRRF SOBRE O TRABALHO PRINCIPAL - PJ;
578999;;;;;272.8;13.64;ISS - GESTAO PLENA;
579000;;;;;16246.11;812.31;ISS - PMVR;
579002;;;;;148.8;7.44;ISS - GESTAO PLENA;
579003;;;;;6621.6;331.08;ISS - PMVR;
579004;;;;;;;;
579005;;;;;2405.6;230.64;ISS - GESTAO PLENA;
579006;;;;;;;;
579007;;;;;;;;
579010;;;;;;;;
579011;;;;;576;28.8;ISS - GESTAO PLENA;
579012;;;;;608;30.4;ISS - GESTAO PLENA;
579013;;;;;3104;155.2;ISS - PMVR;
579014;;;;;118.83;5.94;ISS - GESTAO PLENA;
579015;;;;;;;;
579016;;;;;;;;
579018;;;;;4387;52.64;IR/PIS/COFINS/CSLL RETIDO N.F;
579019;;;;;;;;
579020;;;;;;;;
579021;;;;;;;;
579024;;;;;;;;
579027;;;;;;;;
579029;;;;;;;;
579032;;;;;;;;
579033;;;;;;;;
579034;;;;;;;;
579035;;;;;;;;
579036;;;;;;;;
579040;;;;;;;;
579044;;;;;;;;
579045;;;;;;;;
579047;;;;;;;;
579048;;;;;;;;
579049;;;;;;;;
579050;;;;;;;;
579051;;;;;;;;
579052;;;;;;;;
579053;;;;;18786.09;18786.09;INSTITUTO NACIONAL DO SEGURO SOCIAL;
579054;;;;;;;;
579055;;;;;909.92;909.92;RESTITUICOES ANTECIPACAO DE PAGAMENTO -;
579059;;;;;259353.35;10246.96;ISS - GOV ESTADO  F 193;
579067;;;;;;;;
579068;;;;;;;;
579069;;;;;;;;
579071;;;;;;;;
579076;;;;;52181.57;1565.45;RETENC. ISS EM LIQUIDAÇÃO;
579076;;;;;52181.57;2504.71;IRRF SOBRE O TRABALHO PRINCIPAL - PJ;
579077;;;;;;;;
579078;;;;;52082.86;1562.49;RETENC. ISS EM LIQUIDAÇÃO;
579078;;;;;52082.86;2499.97;IRRF SOBRE O TRABALHO PRINCIPAL - PJ;
579079;;;;;6120;73.44;IRRF SOBRE O TRABALHO PRINCIPAL - PJ;
579080;;;;;6120;73.44;IRRF SOBRE O TRABALHO PRINCIPAL - PJ;
579081;;;;;6120;73.44;IRRF SOBRE O TRABALHO PRINCIPAL - PJ;
579082;;;;;6120;73.44;IRRF SOBRE O TRABALHO PRINCIPAL - PJ;
579083;;;;;;;;
579084;;;;;;;;
579085;;;;;;;;
579087;;;;;;;;
579088;;;;;;;;
579089;;;;;;;;
579090;;;;;650167.36;650167.36;INSTITUTO NACIONAL DO SEGURO SOCIAL;
579091;;;;;1180962.16;1180962.16;IRRF - PMVR;
579092;;;;;;;;
579095;;;;;478187.4;5738.24;IRRF - FORNECIMENTO DE BENS;
579096;;;;;;;;
579097;;;;;;;;
579098;;;;;;;;
579099;;;;;;;;
579100;;;;;;;;
579101;;;;;;;;
579106;;;;;;;;
579107;;;;;;;;
579108;;;;;;;;
579109;;;;;790026.81;27402.18;ISS - PMVR;
579109;;;;;790026.81;86902.81;INSTITUTO NACIONAL DO SEGURO SOCIAL;
579109;;;;;790026.81;672.84;PENSÃO ALIMENTICIA;
579111;;;;;7970.94;318.84;ISS - PMVR;
579111;;;;;7970.94;382.61;IRRF - PRESTADOR DE SERVIÇOS;
579113;;;;;;;;
579114;;;;;;;;
579116;;;;;101433.82;5071.66;ISS - PMVR;
579116;;;;;101433.82;11157.64;INSTITUTO NACIONAL DO SEGURO SOCIAL;
579121;;;;;;;;
579138;;;;;;;;
579145;;;;;;;;
579146;;;;;3240;38.88;HSJB - IRRF RETIDO EM N.F;
579149;;;;;3777.85;45.33;IRRF - FORNECIMENTO DE BENS;
579151;;;;;;;;
579153;;;;;210;2.52;IRRF - FORNECIMENTO DE BENS;
579158;;;;;;;;
579161;;;;;;;;
579176;;;;;;;;
579178;;;;;;;;
579185;;;;;;;;
579187;;;;;;;;
579190;;;;;;;;
579191;;;;;6000;72;HSJB - IRRF RETIDO EM N.F;
579192;;;;;;;;
579193;;;;;;;;
579195;;;;;;;;
579196;;;;;;;;
579197;;;;;;;;
579199;;;;;;;;
579201;;;;;;;;
579203;;;;;;;;
579205;;;;;;;;
579207;;;;;;;;
579209;;;;;;;;
579217;;;;;;;;
579221;;;;;;;;
579222;;;;;;;;
579224;;;;;;;;
579225;;;;;;;;
579228;;;;;;;;
579234;;;;;;;;
579235;;;;;8072.33;96.87;HSJB - IRRF RETIDO EM N.F;
579238;;;;;;;;
579240;;;;;7450;89.4;HSJB - IRRF RETIDO EM N.F;
579242;;;;;7300;87.6;HSJB - IRRF RETIDO EM N.F;
579244;;;;;7300;87.6;HSJB - IRRF RETIDO EM N.F;
579246;;;;;4420;53.04;HSJB - IRRF RETIDO EM N.F;
579247;;;;;;;;
579248;;;;;18400;220.8;HSJB - IRRF RETIDO EM N.F;
579250;;;;;7150;85.8;HSJB - IRRF RETIDO EM N.F;
579252;;;;;;;;
579254;;;;;;;;
579260;;;;;7300;87.6;HSJB - IRRF RETIDO EM N.F;
579263;;;;;;;;
579264;;;;;4420;53.04;HSJB - IRRF RETIDO EM N.F;
579265;;;;;;;;
579266;;;;;;;;
579267;;;;;2161.5;25.94;HSJB - IRRF RETIDO EM N.F;
579268;;;;;4360;52.32;HSJB - IRRF RETIDO EM N.F;
579270;;;;;2082;24.98;HSJB - IRRF RETIDO EM N.F;
579273;;;;;;;;
579274;;;;;25225;302.7;IRRF SOBRE O TRABALHO PRINCIPAL - PJ;
579275;;;;;;;;
579276;;;;;25225;302.7;IRRF SOBRE O TRABALHO PRINCIPAL - PJ;
579278;;;;;;;;
579279;;;;;;;;
579280;;;;;;;;
579288;;;;;;;;
579290;;;;;319000;15950;ISS - GOV ESTADO  F 193;
579290;;;;;319000;4785;IRRF - GOV ESTADO - F 193;
579294;;;;;;;;
579296;;;;;823328.21;41166.41;ISS - GOV ESTADO  F 193;
579296;;;;;823328.21;12349.92;IRRF - GOV ESTADO - F 193;
579299;;;;;;;;
579300;;;;;112;5.38;IRRF - PRESTADOR DE SERVIÇOS;
579301;;;;;11207.63;537.97;IRRF - GESTAO PLENA - SUS;
579302;;;;;;;;
579303;;;;;;;;
579304;;;;;;;;
579311;;;;;;;;
579312;;;;;;;;
579313;;;;;;;;
579314;;;;;;;;
579315;;;;;;;;
579316;;;;;;;;
579317;;;;;11886.88;570.57;IRRF - GESTAO PLENA - SUS;
579318;;;;;599;7.19;HSJB - IRRF RETIDO EM N.F;
579319;;;;;;;;
579321;;;;;;;;
579323;;;;;;;;
579324;;;;;;;;
579325;;;;;34055.95;408.67;HSJB - IRRF RETIDO EM N.F;
579326;;;;;;;;
579327;;;;;;;;
579329;;;;;;;;
579330;;;;;;;;
579331;;;;;;;;
579332;;;;;8698.33;417.51;IRRF SOBRE O TRABALHO PRINCIPAL - PJ;
579333;;;;;;;;
579334;;;;;;;;
579335;;;;;;;;
579336;;;;;295600;14780;ISS - GOV ESTADO  F 193;
579336;;;;;295600;4434;IRRF - GOV ESTADO - F 193;
579338;;;;;516112.65;6193.35;HSJB - IRRF RETIDO EM N.F;
579340;;;;;;;;
579341;;;;;11547.44;173.21;HSJB - IRRF RETIDO EM N.F;
579342;;;;;;;;
579345;;;;;;;;
579346;;;;;;;;
579347;;;;;;;;
579348;;;;;43873.93;1316.22;ISS - FME;
579348;;;;;43873.93;723.92;INSS - PESSOA JURIDICA;
579348;;;;;43873.93;2105.95;IRRF - FME;
579349;;;;;;;;
579350;;;;;;;;
579351;;;;;;;;
579352;;;;;;;;
579358;;;;;;;;
579359;;;;;;;;
579361;;;;;3099.4;72;HSJB - IRRF RETIDO EM N.F;
579363;;;;;;;;
579364;;;;;129969.47;311.93;IRRF SOBRE O TRABALHO PRINCIPAL - PJ;
579365;;;;;;;;
579366;;;;;;;;
579367;;;;;;;;
579371;;;;;;;;
579373;;;;;;;;
579376;;;;;;;;
579377;;;;;;;;
579378;;;;;;;;
579380;;;;;;;;
579381;;;;;650903.65;32545.19;ISS - GOV ESTADO  F 193;
579381;;;;;650903.65;9763.56;IRRF - GOV ESTADO - F 193;
579382;;;;;;;;
579386;;;;;;;;
579387;;;;;1130;13.56;HSJB - IRRF RETIDO EM N.F;
579388;;;;;;;;
579389;;;;;;;;
579390;;;;;;;;
579391;;;;;6662.28;520.75;IR/PIS/COFINS/CSLL RETIDO N.F;
579393;;;;;843;10.12;IR/PIS/COFINS/CSLL RETIDO N.F;
579395;;;;;;;;
579396;;;;;;;;
579398;;;;;;;;
579399;;;;;;;;
579400;;;;;;;;
579401;;;;;;;;
579402;;;;;;;;
579404;;;;;;;;
579418;;;;;3376;40.51;HSJB - IRRF RETIDO EM N.F;
579423;;;;;;;;
579426;;;;;;;;
579428;;;;;;;;
579429;;;;;;;;
579439;;;;;;;;
579442;;;;;;;;
579443;;;;;11245;134.94;HSJB - IRRF RETIDO EM N.F;
579444;;;;;;;;
579446;;;;;130.95;130.95;INSTITUTO NACIONAL DO SEGURO SOCIAL;
579447;;;;;;;;
579451;;;;;;;;
579452;;;;;;;;
579453;;;;;11011.14;132.13;HSJB - IRRF RETIDO EM N.F;
579454;;;;;;;;
579455;;;;;60136;721.63;IRRF - FORNECIMENTO DE BENS;
579456;;;;;;;;
579458;;;;;167.75;167.75;INSTITUTO NACIONAL DO SEGURO SOCIAL;
579459;;;;;;;;
579460;;;;;1357.25;73.2;IRRF - PMVR;
579461;;;;;;;;
579463;;;;;;;;
579464;;;;;3092;37.1;HSJB - IRRF RETIDO EM N.F;
579465;;;;;2760;168;ISS - PMVR;
579465;;;;;2760;50.4;IR/PIS/COFINS/CSLL RETIDO N.F;
579466;;;;;;;;
579467;;;;;;;;
579468;;;;;;;;
579469;;;;;;;;
579470;;;;;3470;41.64;HSJB - IRRF RETIDO EM N.F;
579471;;;;;;;;
579472;;;;;;;;
579473;;;;;;;;
579474;;;;;;;;
579475;;;;;;;;
579478;;;;;;;;
579480;;;;;;;;
579481;;;;;;;;
579483;;;;;9475;113.7;HSJB - IRRF RETIDO EM N.F;
579485;;;;;;;;
579490;;;;;7961.5;95.54;IRRF - GESTAO PLENA - SUS;
579490;;;;;7961.5;238.84;ISS - GESTAO PLENA;
579492;;;;;37500;450;IRRF - GESTAO PLENA - SUS;
579492;;;;;37500;1125;ISS - GESTAO PLENA;
579493;;;;;57928.5;695.14;IRRF - PMVR;
579493;;;;;57928.5;1737.86;ISS - PMVR;
579494;;;;;37121;445.45;IRRF - GESTAO PLENA - SUS;
579494;;;;;37121;1113.63;ISS - GESTAO PLENA;
579495;;;;;;;;
579497;;;;;;;;
579502;;;;;;;;
579505;;;;;;;;
579506;;;;;;;;
579508;;;;;230.85;2.77;HSJB - IRRF RETIDO EM N.F;
579515;;;;;;;;
579516;;;;;195.36;2.34;HSJB - IRRF RETIDO EM N.F;
579518;;;;;;;;
579519;;;;;;;;
579522;;;;;;;;
579523;;;;;934.16;11.21;HSJB - IRRF RETIDO EM N.F;
579524;;;;;1831.17;21.97;HSJB - IRRF RETIDO EM N.F;
579534;;;;;;;;
579537;;;;;;;;
579542;;;;;;;;
579544;;;;;16747.52;200.97;HSJB - IRRF RETIDO EM N.F;
579545;;;;;;;;
579546;;;;;;;;
579547;;;;;;;;
579548;;;;;;;;
579553;;;;;;;;
579556;;;;;467.08;5.6;HSJB - IRRF RETIDO EM N.F;
579560;;;;;;;;
579561;;;;;;;;
579562;;;;;230.85;2.77;HSJB - IRRF RETIDO EM N.F;
579566;;;;;;;;
579567;;;;;;;;
579569;;;;;;;;
579570;;;;;;;;
579572;;;;;;;;
579573;;;;;;;;
579576;;;;;;;;
579577;;;;;;;;
579578;;;;;725;14.57;ISS - PMVR;
579579;;;;;725;14.57;ISS - PMVR;
579580;;;;;;;;
579581;;;;;;;;
579582;;;;;85.5;1.03;HSJB - IRRF RETIDO EM N.F;
579583;;;;;;;;
579585;;;;;;;;
579587;;;;;725;14.57;ISS - PMVR;
579588;;;;;725;14.57;ISS - GESTAO PLENA;
579591;;;;;725;14.57;ISS - GESTAO PLENA;
579592;;;;;725;14.57;ISS - GESTAO PLENA;
579595;;;;;725;14.57;ISS - GESTAO PLENA;
579596;;;;;725;14.57;ISS - GESTAO PLENA;
579598;;;;;;;;
579599;;;;;1015;46.05;ISS - GESTAO PLENA;
579601;;;;;;;;
579602;;;;;2494;50.13;ISS - GESTAO PLENA;
579608;;;;;;;;
579621;;;;;62.7;0.75;HSJB - IRRF RETIDO EM N.F;
579622;;;;;;;;
579632;;;;;62.7;0.75;HSJB - IRRF RETIDO EM N.F;
579645;;;;;62.7;0.75;HSJB - IRRF RETIDO EM N.F;
579652;;;;;;;;
579654;;;;;125.4;1.5;HSJB - IRRF RETIDO EM N.F;
579657;;;;;293360.76;14668.03;RETENC. ISS EM LIQUIDAÇÃO;
579657;;;;;293360.76;4416.97;IRRF SOBRE O TRABALHO PRINCIPAL - PJ;
579662;;;;;;;;
579663;;;;;;;;
579664;;;;;;;;
579666;;;;;;;;
579668;;;;;125.4;1.5;HSJB - IRRF RETIDO EM N.F;
579672;;;;;;;;
579677;;;;;125.4;1.5;HSJB - IRRF RETIDO EM N.F;
579679;;;;;1474.63;17.7;HSJB - IRRF RETIDO EM N.F;
579680;;;;;1474.63;17.7;HSJB - IRRF RETIDO EM N.F;
579682;;;;;62.7;0.75;HSJB - IRRF RETIDO EM N.F;
579683;;;;;;;;
579685;;;;;;;;
579686;;;;;2922.63;35.08;HSJB - IRRF RETIDO EM N.F;
579687;;;;;;;;
579689;;;;;85.5;1.03;HSJB - IRRF RETIDO EM N.F;
579690;;;;;2979.11;35.76;HSJB - IRRF RETIDO EM N.F;
579691;;;;;2922.63;35.08;HSJB - IRRF RETIDO EM N.F;
579693;;;;;171;2.05;HSJB - IRRF RETIDO EM N.F;
579694;;;;;2273.63;27.29;HSJB - IRRF RETIDO EM N.F;
579696;;;;;;;;
579698;;;;;;;;
579699;;;;;2922.63;35.08;HSJB - IRRF RETIDO EM N.F;
579701;;;;;;;;
579702;;;;;2330.11;27.97;HSJB - IRRF RETIDO EM N.F;
579704;;;;;2123.63;25.49;HSJB - IRRF RETIDO EM N.F;
579706;;;;;;;;
579708;;;;;1873.63;22.49;HSJB - IRRF RETIDO EM N.F;
579709;;;;;3072.63;36.88;HSJB - IRRF RETIDO EM N.F;
579710;;;;;;;;
579711;;;;;3072.63;36.88;HSJB - IRRF RETIDO EM N.F;
579713;;;;;;;;
579715;;;;;2123.63;25.49;HSJB - IRRF RETIDO EM N.F;
579717;;;;;1917.15;23.01;HSJB - IRRF RETIDO EM N.F;
579718;;;;;21000;252;IRRF SOBRE O TRABALHO PRINCIPAL - PJ;
579721;;;;;2922.63;35.08;HSJB - IRRF RETIDO EM N.F;
579724;;;;;2123.63;25.49;HSJB - IRRF RETIDO EM N.F;
579726;;;;;7890;94.68;IRRF SOBRE O TRABALHO PRINCIPAL - PJ;
579728;;;;;215000;10750;RETENC. ISS EM LIQUIDAÇÃO;
579728;;;;;215000;16555;INSS - PREST. SERV. PROPRIO;
579728;;;;;215000;2580;IRRF SOBRE O TRABALHO PRINCIPAL - PJ;
579729;;;;;;;;
579730;;;;;;;;
579731;;;;;;;;
579732;;;;;;;;
579733;;;;;;;;
579734;;;;;1385184;41555.52;RETENC. ISS EM LIQUIDAÇÃO;
579734;;;;;1385184;76185.12;INSS - PREST. SERV. PROPRIO;
579734;;;;;1385184;16622.21;IRRF SOBRE O TRABALHO PRINCIPAL - PJ;
579735;;;;;3129.11;37.56;HSJB - IRRF RETIDO EM N.F;
579736;;;;;;;;
579737;;;;;;;;
579738;;;;;3072.63;36.88;HSJB - IRRF RETIDO EM N.F;
579739;;;;;2273.63;27.29;HSJB - IRRF RETIDO EM N.F;
579740;;;;;1074.63;12.9;HSJB - IRRF RETIDO EM N.F;
579741;;;;;2123.63;25.49;HSJB - IRRF RETIDO EM N.F;
579742;;;;;265205;3182.46;IRRF SOBRE O TRABALHO PRINCIPAL - PJ;
579743;;;;;1074.63;12.9;HSJB - IRRF RETIDO EM N.F;
579746;;;;;2273.63;27.29;HSJB - IRRF RETIDO EM N.F;
579748;;;;;2123.63;25.49;HSJB - IRRF RETIDO EM N.F;
579749;;;;;1074.63;12.9;HSJB - IRRF RETIDO EM N.F;
579750;;;;;2273.63;27.29;HSJB - IRRF RETIDO EM N.F;
579752;;;;;;;;
579753;;;;;;;;
579754;;;;;;;;
579756;;;;;;;;
579759;;;;;;;;
579761;;;;;;;;
579763;;;;;;;;
579764;;;;;;;;
579765;;;;;;;;
579766;;;;;;;;
579767;;;;;;;;
579768;;;;;;;;
579770;;;;;;;;
579771;;;;;;;;
579776;;;;;;;;
579778;;;;;;;;
579779;;;;;;;;
579780;;;;;1504.8;18.06;HSJB - IRRF RETIDO EM N.F;
579782;;;;;13500;162;IRRF SOBRE O TRABALHO PRINCIPAL - PJ;
579783;;;;;3287.25;39.45;HSJB - IRRF RETIDO EM N.F;
579787;;;;;24200;290.4;IRRF SOBRE O TRABALHO PRINCIPAL - PJ;
579789;;;;;;;;
579791;;;;;6518.92;312.9;IR/PIS/COFINS/CSLL RETIDO N.F;
579794;;;;;;;;
579796;;;;;8800;105.6;IRRF SOBRE O TRABALHO PRINCIPAL - PJ;
579799;;;;;15080;180.96;HSJB - IRRF RETIDO EM N.F;
579800;;;;;;;;
579801;;;;;1359.65;16.32;IR/PIS/COFINS/CSLL RETIDO N.F;
579807;;;;;;;;
579810;;;;;6749.53;80.99;IR/PIS/COFINS/CSLL RETIDO N.F;
579813;;;;;;;;
579814;;;;;;;;
579815;;;;;;;;
579816;;;;;405.04;4.86;IRRF SOBRE O TRABALHO PRINCIPAL - PJ;
579817;;;;;;;;
579818;;;;;;;;
579819;;;;;;;;
579820;;;;;252.72;12.64;RETENC. ISS EM LIQUIDAÇÃO;
579820;;;;;252.72;12.13;IRRF SOBRE O TRABALHO PRINCIPAL - PJ;
579821;;;;;;;;
579822;;;;;;;;
579823;;;;;750000;21414.7;IRRF - GESTAO PLENA - SUS;
579824;;;;;;;;
579825;;;;;;;;
579826;;;;;;;;
579828;;;;;2400;48;HSJB - ISS - PMVR;
579829;;;;;476;5.71;IR/PIS/COFINS/CSLL RETIDO N.F;
579830;;;;;5850;70.2;HSJB - IRRF RETIDO EM N.F;
579831;;;;;;;;
579833;;;;;;;;
579834;;;;;;;;
579835;;;;;63000;756;IRRF SOBRE O TRABALHO PRINCIPAL - PJ;
579836;;;;;;;;
579837;;;;;26400;316.8;IR/PIS/COFINS/CSLL RETIDO N.F;
579838;;;;;;;;
579839;;;;;;;;
579840;;;;;111.55;1.34;IRRF SOBRE O TRABALHO PRINCIPAL - PJ;
579841;;;;;;;;
579842;;;;;;;;
579843;;;;;;;;
579844;;;;;;;;
579845;;;;;;;;
579847;;;;;1320;15.84;HSJB - IRRF RETIDO EM N.F;
579848;;;;;180;2.16;HSJB - IRRF RETIDO EM N.F;
579849;;;;;1320;15.84;HSJB - IRRF RETIDO EM N.F;
579850;;;;;;;;
579851;;;;;;;;
579852;;;;;;;;
579863;;;;;;;;
579864;;;;;;;;
579866;;;;;;;;
579869;;;;;;;;
579870;;;;;;;;
579873;;;;;;;;
579878;;;;;;;;
579879;;;;;;;;
579880;;;;;;;;
579883;;;;;;;;
579884;;;;;;;;
579890;;;;;;;;
579893;;;;;1156.1;13.87;IRRF SOBRE O TRABALHO PRINCIPAL - PJ;
579894;;;;;;;;
579896;;;;;1800;90;ISS - PMVR;
579897;;;;;9100;109.2;IRRF SOBRE O TRABALHO PRINCIPAL - PJ;
579898;;;;;9520;114.24;IRRF SOBRE O TRABALHO PRINCIPAL - PJ;
579899;;;;;9520;114.24;IRRF SOBRE O TRABALHO PRINCIPAL - PJ;
579900;;;;;9750;117;IRRF SOBRE O TRABALHO PRINCIPAL - PJ;
579901;;;;;;;;
579902;;;;;;;;
579903;;;;;;;;
579904;;;;;;;;
579905;;;;;;;;
579906;;;;;;;;
579907;;;;;;;;
579908;;;;;;;;
579909;;;;;;;;
579910;;;;;;;;
579911;;;;;;;;
579912;;;;;3500;175;ISS - PMVR;
579913;;;;;;;;
579914;;;;;;;;
579915;;;;;;;;
579916;;;;;4200;50.4;HSJB - IRRF RETIDO EM N.F;
579918;;;;;;;;
579920;;;;;24342.75;292.11;IRRF - FORNECIMENTO DE BENS;
579921;;;;;5874.12;70.49;IRRF - GESTAO PLENA - SUS;
579922;;;;;900;45;ISS - PMVR;
579923;;;;;4420;53.04;HSJB - IRRF RETIDO EM N.F;
579926;;;;;7300;87.6;HSJB - IRRF RETIDO EM N.F;
579929;;;;;;;;
579931;;;;;;;;
579933;;;;;;;;
579934;;;;;7300;87.6;HSJB - IRRF RETIDO EM N.F;
579935;;;;;7000;84;HSJB - IRRF RETIDO EM N.F;
579936;;;;;;;;
579937;;;;;4420;53.04;HSJB - IRRF RETIDO EM N.F;
579940;;;;;4360;52.32;HSJB - IRRF RETIDO EM N.F;
579942;;;;;4420;53.04;HSJB - IRRF RETIDO EM N.F;
579944;;;;;9290;111.48;IRRF - FORNECIMENTO DE BENS;
579945;;;;;4420;53.04;HSJB - IRRF RETIDO EM N.F;
579946;;;;;7300;87.6;HSJB - IRRF RETIDO EM N.F;
579947;;;;;62150;745.8;IRRF - FORNECIMENTO DE BENS;
579948;;;;;7254.9;87.06;HSJB - IRRF RETIDO EM N.F;
579950;;;;;;;;
579951;;;;;;;;
579953;;;;;900;99;INSS - FOLHA PAGTO;
579954;;;;;900;99;INSS - FOLHA PAGTO;
579955;;;;;;;;
579956;;;;;;;;
579957;;;;;900;99;INSS - FOLHA PAGTO;
579959;;;;;900;99;INSS - FOLHA PAGTO;
579960;;;;;;;;
579961;;;;;;;;
579963;;;;;900;99;INSS - FOLHA PAGTO;
579964;;;;;1200;132;INSS - FOLHA PAGTO;
579965;;;;;1000;110;INSS - FOLHA PAGTO;
579966;;;;;1000;110;INSS - FOLHA PAGTO;
579967;;;;;517553.95;27839.59;RETENC. ISS EM LIQUIDAÇÃO;
579967;;;;;517553.95;21436.48;INSS - PREST. SERV. PROPRIO;
579967;;;;;517553.95;26726;IRRF SOBRE O TRABALHO PRINCIPAL - PJ;
579968;;;;;1000;110;INSS - FOLHA PAGTO;
579969;;;;;1000;110;INSS - FOLHA PAGTO;
579970;;;;;;;;
579971;;;;;1000;110;INSS - FOLHA PAGTO;
579972;;;;;;;;
579973;;;;;1380;151.8;INSS - FOLHA PAGTO;
579974;;;;;1222.23;134.44;INSS - FOLHA PAGTO;
579975;;;;;1400;16.8;HSJB - IRRF RETIDO EM N.F;
579976;;;;;15080;180.96;HSJB - IRRF RETIDO EM N.F;
579978;;;;;33999.68;1699.98;RETENC. ISS EM LIQUIDAÇÃO;
579978;;;;;33999.68;1308.99;INSS - PREST. SERV. PROPRIO;
579978;;;;;33999.68;1631.98;IRRF SOBRE O TRABALHO PRINCIPAL - PJ;
579979;;;;;;;;
579980;;;;;380;4.56;HSJB - IRRF RETIDO EM N.F;
579980;;;;;380;19;HSJB - ISS - PMVR;
579981;;;;;;;;
579982;;;;;380;4.56;HSJB - IRRF RETIDO EM N.F;
579982;;;;;380;19;HSJB - ISS - PMVR;
579983;;;;;;;;
579984;;;;;;;;
579985;;;;;4697.75;56.37;HSJB - IRRF RETIDO EM N.F;
579986;;;;;;;;
579987;;;;;;;;
579988;;;;;;;;
579989;;;;;;;;
579990;;;;;;;;
579991;;;;;;;;
579992;;;;;;;;
579993;;;;;;;;
579994;;;;;;;;
579995;;;;;;;;
579996;;;;;6059.22;72.71;HSJB - IRRF RETIDO EM N.F;
579997;;;;;;;;
579998;;;;;1000;20.1;ISS - PMVR;
579999;;;;;;;;
580000;;;;;;;;
580001;;;;;;;;
580002;;;;;;;;
580003;;;;;;;;
580004;;;;;;;;
580005;;;;;;;;
580006;;;;;3307;39.7;HSJB - IRRF RETIDO EM N.F;
580007;;;;;;;;
580008;;;;;;;;
580009;;;;;;;;
580010;;;;;;;;
580011;;;;;;;;
580012;;;;;;;;
580014;;;;;;;;
580015;;;;;;;;
580016;;;;;;;;
580018;;;;;;;;
580019;;;;;;;;
580021;;;;;146802.88;7340.14;ISS - PMVR;
580022;;;;;6719.22;80.63;HSJB - IRRF RETIDO EM N.F;
580023;;;;;;;;
580024;;;;;;;;
580025;;;;;;;;
580026;;;;;;;;
580027;;;;;;;;
580028;;;;;;;;
580029;;;;;;;;
580030;;;;;;;;
580031;;;;;5411.22;64.93;HSJB - IRRF RETIDO EM N.F;
580033;;;;;1180;47.2;ISS - PMVR;
580034;;;;;361.17;17.34;HSJB - IRRF RETIDO EM N.F;
580036;;;;;;;;
580038;;;;;1777462.44;88873.12;RETENC. ISS EM LIQUIDAÇÃO;
580038;;;;;1777462.44;62211.19;INSS - PREST. SERV. PROPRIO;
580038;;;;;1777462.44;85318.2;IRRF SOBRE O TRABALHO PRINCIPAL - PJ;
580039;;;;;;;;
580040;;;;;979.71;22.96;IRRF - PRESTADOR DE SERVIÇOS;
580042;;;;;;;;
580043;;;;;2970.63;35.65;HSJB - IRRF RETIDO EM N.F;
580044;;;;;;;;
580045;;;;;14220;170.64;HSJB - IRRF RETIDO EM N.F;
580047;;;;;;;;
580048;;;;;5914.19;118.28;ISS - PMVR;
580049;;;;;25408.87;508.18;ISS - PMVR;
580050;;;;;6383.86;127.68;ISS - PMVR;
580051;;;;;2697.51;32.37;HSJB - IRRF RETIDO EM N.F;
580052;;;;;2868.57;34.42;HSJB - IRRF RETIDO EM N.F;
580053;;;;;2697.51;32.37;HSJB - IRRF RETIDO EM N.F;
580054;;;;;2697.51;32.37;HSJB - IRRF RETIDO EM N.F;
580055;;;;;2697.51;32.37;HSJB - IRRF RETIDO EM N.F;
580065;;;;;;;;
580066;;;;;;;;
580067;;;;;;;;
580068;;;;;;;;
580069;;;;;;;;
580070;;;;;;;;
580071;;;;;;;;
580073;;;;;;;;
580074;;;;;;;;
580075;;;;;2107.15;26.13;IR/PIS/COFINS/CSLL RETIDO N.F;
580076;;;;;;;;
580077;;;;;358.2;4.3;IR/PIS/COFINS/CSLL RETIDO N.F;
580079;;;;;;;;
580080;;;;;;;;
580081;;;;;750.4;9;IR/PIS/COFINS/CSLL RETIDO N.F;
580083;;;;;;;;
580086;;;;;;;;
580087;;;;;8890;106.68;HSJB - IRRF RETIDO EM N.F;
580088;;;;;;;;
580090;;;;;257;12.85;ISS - PMVR;
580091;;;;;;;;
580092;;;;;1264.5;15.17;IR/PIS/COFINS/CSLL RETIDO N.F;
580093;;;;;;;;
580094;;;;;;;;
580096;;;;;;;;
580099;;;;;;;;
580101;;;;;;;;
580103;;;;;813.4;9.76;IR/PIS/COFINS/CSLL RETIDO N.F;
580106;;;;;998.4;11.98;IR/PIS/COFINS/CSLL RETIDO N.F;
580111;;;;;;;;
580113;;;;;;;;
580114;;;;;;;;
580115;;;;;;;;
580116;;;;;;;;
580117;;;;;;;;
580118;;;;;;;;
580119;;;;;389455.97;5841.84;IRRF - GESTAO PLENA - SUS;
580119;;;;;389455.97;11683.68;ISS - GESTAO PLENA;
580121;;;;;;;;
580122;;;;;;;;
580123;;;;;;;;
580124;;;;;5059.49;337.01;IRRF - PMVR;
580125;;;;;;;;
580126;;;;;8358.66;798.72;IRRF - GESTAO PLENA - SUS;
580127;;;;;;;;
580128;;;;;;;;
580129;;;;;;;;
580130;;;;;;;;
580133;;;;;69120;3006.86;ISS - PMVR;
580134;;;;;2316.56;34.74;IRRF - GESTAO PLENA - SUS;
580136;;;;;19677.84;236.13;HSJB - IRRF RETIDO EM N.F;
580137;;;;;;;;
580139;;;;;;;;
580140;;;;;;;;
580141;;;;;;;;
580143;;;;;;;;
580144;;;;;;;;
580145;;;;;;;;
580146;;;;;;;;
580147;;;;;;;;
580148;;;;;;;;
580149;;;;;;;;
580150;;;;;;;;
580151;;;;;;;;
580153;;;;;;;;
580154;;;;;;;;
580155;;;;;27720;972.33;RETENC. ISS EM LIQUIDAÇÃO;
580156;;;;;;;;
580157;;;;;97473.75;1169.68;IRRF - FORNECIMENTO DE BENS;
580158;;;;;93850.02;1126.2;IRRF - FORNECIMENTO DE BENS;
580159;;;;;;;;
580160;;;;;;;;
580161;;;;;;;;
580162;;;;;;;;
580163;;;;;1362337.12;68116.86;ISS - SALARIO EDUCACAO;
580163;;;;;1362337.12;16348.05;IRRF - SALARIO EDUCAÇÃO;
580163;;;;;1362337.12;149857.08;INSS REENÇÃO - SALARIO EDUCAÇÃO;
580164;;;;;;;;
580165;;;;;5126;61.51;HSJB - IRRF RETIDO EM N.F;
580166;;;;;;;;
580167;;;;;;;;
580168;;;;;39364.12;1683.55;IRRF - GESTAO PLENA - SUS;
580171;;;;;;;;
580173;;;;;;;;
580175;;;;;21053.84;252.64;IRRF - GESTAO PLENA - SUS;
580175;;;;;21053.84;1052.69;ISS - GESTAO PLENA;
580178;;;;;;;;
580179;;;;;;;;
580180;;;;;;;;
580181;;;;;7420.61;89.04;IRRF - GESTAO PLENA - SUS;
580181;;;;;7420.61;371.03;ISS - GESTAO PLENA;
580182;;;;;25856.45;310.28;IR/PIS/COFINS/CSLL RETIDO N.F;
580183;;;;;3703.5;285.17;INSTITUTO NACIONAL DO SEGURO SOCIAL;
580183;;;;;3703.5;185.17;ISS - PMVR;
580183;;;;;3703.5;177.77;IRRF RETIDO EM N.F.;
580183;;;;;3703.5;172.22;PIS/COFINS/CSLL RETIDO N.F;
580184;;;;;17555;877.75;ISS - PMVR;
580185;;;;;;;;
580186;;;;;;;;
580187;;;;;;;;
580188;;;;;;;;
580190;;;;;4199.4;282.09;IRRF - GOV ESTADO - F 193;
580192;;;;;;;;
580193;;;;;124670;1496.04;IRRF - GESTAO PLENA - SUS;
580193;;;;;124670;3740.1;ISS - GESTAO PLENA;
580194;;;;;;;;
580195;;;;;;;;
580196;;;;;;;;
580197;;;;;166.8;2;IR/PIS/COFINS/CSLL RETIDO N.F;
580198;;;;;;;;
580199;;;;;;;;
580200;;;;;2360;34.99;IR/PIS/COFINS/CSLL RETIDO N.F;
580201;;;;;478.5;5.74;IR/PIS/COFINS/CSLL RETIDO N.F;
580205;;;;;;;;
580206;;;;;;;;
580207;;;;;;;;
580208;;;;;127979.6;7676.11;ISS - FME FUNDEB;
580209;;;;;62.7;0.75;HSJB - IRRF RETIDO EM N.F;
580210;;;;;;;;
580211;;;;;2100;42;ISS - PMVR;
580212;;;;;;;;
580213;;;;;62.7;0.75;HSJB - IRRF RETIDO EM N.F;
580214;;;;;;;;
580215;;;;;30636.47;1531.82;ISS - SALARIO EDUCACAO;
580216;;;;;1357.25;73.2;IRRF - PMVR;
580216;;;;;1357.25;76.25;ISS - PMVR;
580218;;;;;;;;
580219;;;;;;;;
580223;;;;;15539.2;186.47;HSJB - IRRF RETIDO EM N.F;
580224;;;;;;;;
580225;;;;;229.76;2.76;HSJB - IRRF RETIDO EM N.F;
580226;;;;;29400;352.8;HSJB - IRRF RETIDO EM N.F;
580227;;;;;;;;
580229;;;;;;;;
580230;;;;;29400;352.8;HSJB - IRRF RETIDO EM N.F;
580231;;;;;185.5;2.23;HSJB - IRRF RETIDO EM N.F;
580232;;;;;;;;
580235;;;;;701.99;8.42;HSJB - IRRF RETIDO EM N.F;
580236;;;;;583.85;7;HSJB - IRRF RETIDO EM N.F;
580238;;;;;;;;
580239;;;;;;;;
580242;;;;;34338.92;1716.95;ISS - SALARIO EDUCACAO;
580243;;;;;;;;
580244;;;;;371;4.46;HSJB - IRRF RETIDO EM N.F;
580245;;;;;;;;
580246;;;;;;;;
580247;;;;;229.76;2.76;HSJB - IRRF RETIDO EM N.F;
580249;;;;;;;;
580250;;;;;;;;
580253;;;;;;;;
580255;;;;;;;;
580258;;;;;;;;
580259;;;;;;;;
580260;;;;;700.62;8.41;HSJB - IRRF RETIDO EM N.F;
580261;;;;;;;;
580262;;;;;;;;
580263;;;;;;;;
580264;;;;;;;;
580265;;;;;;;;
580266;;;;;;;;
580269;;;;;;;;
580270;;;;;997.75;11.98;HSJB - IRRF RETIDO EM N.F;
580271;;;;;;;;
580272;;;;;2716;32.59;HSJB - IRRF RETIDO EM N.F;
580273;;;;;;;;
580275;;;;;5652;67.82;HSJB - IRRF RETIDO EM N.F;
580276;;;;;;;;
580277;;;;;;;;
580278;;;;;;;;
580279;;;;;;;;
580280;;;;;;;;
580281;;;;;230.85;2.77;HSJB - IRRF RETIDO EM N.F;
580282;;;;;;;;
580284;;;;;;;;
580286;;;;;;;;
580287;;;;;52243.99;1567.32;RETENC. ISS EM LIQUIDAÇÃO;
580287;;;;;52243.99;2507.71;IRRF SOBRE O TRABALHO PRINCIPAL - PJ;
580288;;;;;;;;
580289;;;;;30451.1;1077;RETENC. ISS EM LIQUIDAÇÃO;
580289;;;;;30451.1;608.82;INSS - PREST. SERV. PROPRIO;
580289;;;;;30451.1;539.5;IRRF SOBRE O TRABALHO PRINCIPAL - PJ;
580290;;;;;;;;
580295;;;;;;;;
580296;;;;;;;;
580297;;;;;;;;
580298;;;;;1570707.2;284610.69;IRRF - TRABALHO PRINCIPAL PF PMVR;
580298;;;;;1570707.2;86796.95;INSS - PESSOAL PROPRIO;
580301;;;;;;;;
580302;;;;;69.28;0.84;HSJB - IRRF RETIDO EM N.F;
580306;;;;;2640;31.68;HSJB - IRRF RETIDO EM N.F;
580308;;;;;1473.08;17.67;HSJB - IRRF RETIDO EM N.F;
580311;;;;;;;;
580313;;;;;955.43;11.47;HSJB - IRRF RETIDO EM N.F;
580315;;;;;2640;31.68;HSJB - IRRF RETIDO EM N.F;
580316;;;;;;;;
580317;;;;;370.16;4.44;HSJB - IRRF RETIDO EM N.F;
580318;;;;;;;;
580323;;;;;1645.8;19.74;HSJB - IRRF RETIDO EM N.F;
580324;;;;;21332;255.98;HSJB - IRRF RETIDO EM N.F;
580325;;;;;63000;2205;RETENC. ISS EM LIQUIDAÇÃO;
580325;;;;;63000;1386;INSS - PREST. SERV. PROPRIO;
580326;;;;;59000;2065;RETENC. ISS EM LIQUIDAÇÃO;
580326;;;;;59000;1298;INSS - PREST. SERV. PROPRIO;
580327;;;;;185.5;2.23;HSJB - IRRF RETIDO EM N.F;
580328;;;;;64566;2259.81;RETENC. ISS EM LIQUIDAÇÃO;
580328;;;;;64566;1420.45;INSS - PREST. SERV. PROPRIO;
580329;;;;;83.53;1;HSJB - IRRF RETIDO EM N.F;
580330;;;;;81.6;0.98;HSJB - IRRF RETIDO EM N.F;
580331;;;;;1688.8;20.27;HSJB - IRRF RETIDO EM N.F;
580332;;;;;1575.77;18.9;HSJB - IRRF RETIDO EM N.F;
580333;;;;;;;;
580334;;;;;701.99;8.42;HSJB - IRRF RETIDO EM N.F;
580335;;;;;;;;
580336;;;;;;;;
580337;;;;;1990.58;99.53;ISS - FME FUNDEB;
580337;;;;;1990.58;218.96;INSS PESSOA JURIDICA - FUNDEB;
580337;;;;;1990.58;95.55;IRRF - FME FUNDEB;
580338;;;;;;;;
580340;;;;;6300;75.6;HSJB - IRRF RETIDO EM N.F;
580341;;;;;2120;101.76;IRRF - PJ PRESTADOR DE SERVIÇOS;
580343;;;;;;;;
580346;;;;;;;;
580349;;;;;;;;
580350;;;;;6120;73.44;HSJB - IRRF RETIDO EM N.F;
580352;;;;;685.5;8.23;HSJB - IRRF RETIDO EM N.F;
580354;;;;;;;;
580358;;;;;6148.36;92.23;IRRF - PMVR;
580359;;;;;;;;
580361;;;;;;;;
580362;;;;;182900;3830.25;IRRF - GESTAO PLENA - SUS;
580362;;;;;182900;12767.5;ISS - GESTAO PLENA;
580363;;;;;;;;
580365;;;;;;;;
580368;;;;;;;;
580369;;;;;;;;
580370;;;;;;;;
580371;;;;;;;;
580372;;;;;;;;
580373;;;;;;;;
580374;;;;;210;2.52;HSJB - IRRF RETIDO EM N.F;
580375;;;;;561;561;INSTITUTO NACIONAL DO SEGURO SOCIAL;
580379;;;;;;;;
580381;;;;;365.76;4.39;HSJB - IRRF RETIDO EM N.F;
580384;;;;;177.9;2.13;HSJB - IRRF RETIDO EM N.F;
580388;;;;;237414;2848.97;HSJB - IRRF RETIDO EM N.F;
580390;;;;;;;;
580391;;;;;79138;949.66;HSJB - IRRF RETIDO EM N.F;
580392;;;;;;;;
580393;;;;;;;;
580394;;;;;;;;
580395;;;;;6000;300;ISS - PMVR;
580395;;;;;6000;72;HSJB - IRRF RETIDO EM N.F;
580396;;;;;;;;
580399;;;;;;;;
580400;;;;;22899.5;1144.97;ISS - PMVR;
580400;;;;;22899.5;1099.18;IRRF - PRESTADOR DE SERVIÇOS;
580401;;;;;790.45;9.49;HSJB - IRRF RETIDO EM N.F;
580402;;;;;1110.9;13.33;HSJB - IRRF RETIDO EM N.F;
580403;;;;;31629.3;379.55;HSJB - IRRF RETIDO EM N.F;
580405;;;;;39600;475.2;HSJB - IRRF RETIDO EM N.F;
580406;;;;;;;;
580407;;;;;4739.68;227.5;IRRF - FORNECIMENTO DE BENS;
580410;;;;;;;;
580411;;;;;;;;
580412;;;;;;;;
580413;;;;;;;;
580414;;;;;87.24;4.36;ISS;
580415;;;;;;;;
580416;;;;;174.48;8.72;ISS;
580417;;;;;261.72;13.09;ISS;
580418;;;;;8427.08;404.5;IRRF - SERVIÇOS PRESTADOS PMVR;
580419;;;;;;;;
580423;;;;;;;;
580424;;;;;;;;
580425;;;;;1984;6.08;IRRF - SERVIÇOS PRESTADOS PMVR;
580432;;;;;;;;
580434;;;;;;;;
580435;;;;;;;;
580436;;;;;;;;
580438;;;;;;;;
580439;;;;;;;;
580440;;;;;;;;
580441;;;;;;;;
580442;;;;;;;;
580443;;;;;;;;
580447;;;;;;;;
580449;;;;;50160;601.92;HSJB - IRRF RETIDO EM N.F;
580456;;;;;;;;
580457;;;;;;;;
580458;;;;;;;;
580460;;;;;;;;
580461;;;;;167.75;167.75;INSTITUTO NACIONAL DO SEGURO SOCIAL;
580462;;;;;;;;
580463;;;;;;;;
580465;;;;;;;;
580467;;;;;;;;
580468;;;;;;;;
580469;;;;;;;;
580470;;;;;;;;
580471;;;;;;;;
580474;;;;;;;;
580475;;;;;;;;
580479;;;;;903;10.84;HSJB - IRRF RETIDO EM N.F;
580482;;;;;;;;
580484;;;;;;;;
580485;;;;;4741.88;227.61;IRRF - PRESTADOR DE SERVIÇOS;
580486;;;;;104447.72;1566.72;IRRF - GESTAO PLENA - SUS;
580486;;;;;104447.72;5222.39;ISS - GESTAO PLENA;
580491;;;;;7459.02;372.95;ISS - GESTAO PLENA;
580496;;;;;;;;
580499;;;;;;;;
580500;;;;;;;;
580501;;;;;;;;
580503;;;;;;;;
580506;;;;;;;;
580508;;;;;1680;20.16;HSJB - IRRF RETIDO EM N.F;
580510;;;;;;;;
580511;;;;;;;;
580513;;;;;;;;
580514;;;;;3200;38.4;HSJB - IRRF RETIDO EM N.F;
580516;;;;;;;;
580517;;;;;;;;
580519;;;;;628.32;628.32;INSTITUTO NACIONAL DO SEGURO SOCIAL;
580520;;;;;27931.68;999.6;ISS - GESTAO PLENA;
580521;;;;;10279.2;123.35;HSJB - IRRF RETIDO EM N.F;
580523;;;;;12320.5;147.85;HSJB - IRRF RETIDO EM N.F;
580525;;;;;;;;
580526;;;;;48466.06;1011.47;ISS - GOV ESTADO  F 193;
580526;;;;;48466.06;606.88;IRRF - GOV ESTADO - F 193;
580527;;;;;;;;
580528;;;;;;;;
580529;;;;;8310.41;655.31;INSTITUTO NACIONAL DO SEGURO SOCIAL;
580534;;;;;4571.56;365.83;IRRF - PMVR;
580535;;;;;502394.15;25119.7;ISS - FME;
580535;;;;;502394.15;38684.35;INSS - PESSOA JURIDICA;
580535;;;;;502394.15;6028.73;IRRF - FME;
580543;;;;;;;;
580544;;;;;;;;
580546;;;;;;;;
580547;;;;;;;;
580549;;;;;;;;
580550;;;;;;;;
580551;;;;;;;;
580552;;;;;;;;
580553;;;;;;;;
580554;;;;;;;;
580555;;;;;20800;249.6;HSJB - IRRF RETIDO EM N.F;
580556;;;;;4107.11;261.32;IRRF - PMVR;
580558;;;;;658284.13;32914.2;RETENCAO RELATIVA AO ISS  ROYALTES PETRO;
580558;;;;;658284.13;50687.88;RETENCAO - INSS ROYALTES PETROLEO FONTE;
580558;;;;;658284.13;7899.41;RETENCAO RELATIVA IRRF  ROYALTIES PETROL;
580559;;;;;7480;89.76;HSJB - IRRF RETIDO EM N.F;
580560;;;;;26751.16;1337.56;RETENC. ISS EM LIQUIDAÇÃO;
580561;;;;;11820;141.84;HSJB - IRRF RETIDO EM N.F;
580564;;;;;37272.2;1863.61;RETENC. ISS EM LIQUIDAÇÃO;
580565;;;;;;;;
580566;;;;;98565.92;4928.3;RETENC. ISS EM LIQUIDAÇÃO;
580566;;;;;98565.92;10842.25;INSS - PREST. SERV. PROPRIO;
580566;;;;;98565.92;4731.16;IRRF SOBRE O TRABALHO PRINCIPAL - PJ;
580568;;;;;13000;2679;IRRF - PMVR;
580569;;;;;29700;356.4;HSJB - IRRF RETIDO EM N.F;
580570;;;;;;;;
580571;;;;;;;;
580572;;;;;;;;
580573;;;;;177047.59;8852.38;RETENC. ISS EM LIQUIDAÇÃO;
580574;;;;;;;;
580575;;;;;301431.7;6028.63;RETENC. ISS EM LIQUIDAÇÃO;
580575;;;;;301431.7;7468.15;INSS - PREST. SERV. PROPRIO;
580576;;;;;;;;
580577;;;;;;;;
580578;;;;;;;;
580579;;;;;;;;
580580;;;;;;;;
580581;;;;;;;;
580582;;;;;;;;
580583;;;;;;;;
580584;;;;;;;;
580585;;;;;;;;
580586;;;;;5037.5;100.75;RETENC. ISS EM LIQUIDAÇÃO;
580587;;;;;4410;52.92;HSJB - IRRF RETIDO EM N.F;
580588;;;;;;;;
580589;;;;;7900;395;ISS - PMVR;
580590;;;;;;;;
580591;;;;;;;;
580592;;;;;;;;
580593;;;;;;;;
580594;;;;;;;;
580595;;;;;;;;
580596;;;;;232.7;11.64;RETENC. ISS EM LIQUIDAÇÃO;
580598;;;;;340.1;17;RETENC. ISS EM LIQUIDAÇÃO;
580599;;;;;71.6;3.58;RETENC. ISS EM LIQUIDAÇÃO;
580600;;;;;71.6;3.58;RETENC. ISS EM LIQUIDAÇÃO;
580602;;;;;;;;
580604;;;;;8512.8;408.61;IRRF SOBRE O TRABALHO PRINCIPAL - PJ;
580605;;;;;;;;
580607;;;;;2738;32.85;IRRF SOBRE O TRABALHO PRINCIPAL - PJ;
580608;;;;;;;;
580609;;;;;;;;
580610;;;;;97754;4887.7;RETENC. ISS EM LIQUIDAÇÃO;
580610;;;;;97754;4692.19;IRRF SOBRE O TRABALHO PRINCIPAL - PJ;
580611;;;;;;;;
580612;;;;;7276;363.8;RETENC. ISS EM LIQUIDAÇÃO;
580612;;;;;7276;349.25;IRRF SOBRE O TRABALHO PRINCIPAL - PJ;
580616;;;;;;;;
580619;;;;;;;;
580620;;;;;900;10.8;HSJB - IRRF RETIDO EM N.F;
580621;;;;;6610.19;79.32;HSJB - IRRF RETIDO EM N.F;
580622;;;;;;;;
580623;;;;;;;;
580624;;;;;;;;
580625;;;;;;;;
580627;;;;;;;;
580628;;;;;1454.79;17.47;HSJB - IRRF RETIDO EM N.F;
580629;;;;;;;;
580631;;;;;;;;
580634;;;;;;;;
580635;;;;;;;;
580637;;;;;;;;
580638;;;;;;;;
580639;;;;;12320.5;147.85;HSJB - IRRF RETIDO EM N.F;
580642;;;;;2600;31.2;HSJB - IRRF RETIDO EM N.F;
580646;;;;;;;;
580647;;;;;;;;
580648;;;;;;;;
580650;;;;;;;;
580651;;;;;;;;
580652;;;;;2697.51;32.37;HSJB - IRRF RETIDO EM N.F;
580653;;;;;;;;
580654;;;;;7650;557.27;ISS - GESTAO PLENA;
580660;;;;;62.7;0.75;HSJB - IRRF RETIDO EM N.F;
580662;;;;;24499.8;293.99;IRRF - FORNECIMENTO DE BENS;
580663;;;;;24421.8;293.06;IRRF - FORNECIMENTO DE BENS;
580664;;;;;24671.4;296.05;IRRF - FORNECIMENTO DE BENS;
580665;;;;;23992.8;287.91;IRRF - FORNECIMENTO DE BENS;
580670;;;;;105058.82;1260.7;IRRF - FME;
580672;;;;;105058.82;1260.7;IRRF - FME;
580673;;;;;105058.82;1260.7;IRRF - FME;
580675;;;;;2697.51;32.37;HSJB - IRRF RETIDO EM N.F;
580676;;;;;;;;
580677;;;;;2868.57;34.42;HSJB - IRRF RETIDO EM N.F;
580678;;;;;;;;
580679;;;;;3141.6;37.7;HSJB - IRRF RETIDO EM N.F;
580680;;;;;;;;
580681;;;;;62.7;0.75;HSJB - IRRF RETIDO EM N.F;
580682;;;;;2697.51;32.37;HSJB - IRRF RETIDO EM N.F;
580684;;;;;29400;352.8;HSJB - IRRF RETIDO EM N.F;
580685;;;;;57600;2304;ISS - FME;
580686;;;;;125.4;1.5;HSJB - IRRF RETIDO EM N.F;
580688;;;;;;;;
580689;;;;;8740;104.88;HSJB - IRRF RETIDO EM N.F;
580692;;;;;;;;
580693;;;;;62.7;0.75;HSJB - IRRF RETIDO EM N.F;
580694;;;;;1008.93;1008.93;INSTITUTO NACIONAL DO SEGURO SOCIAL;
580695;;;;;287.85;287.85;RESTITUICOES ANTECIPACAO DE PAGAMENTO -;
580697;;;;;56356.51;1153.07;ISS - GOV ESTADO  F 193;
580701;;;;;;;;
580702;;;;;;;;
580703;;;;;;;;
580713;;;;;;;;
580714;;;;;93539.04;1122.47;HSJB - IRRF RETIDO EM N.F;
580715;;;;;101600;1219.2;IRRF - SERVIÇOS PRESTADOS PMVR;
580716;;;;;100567.77;5028.39;ISS - FME FUNDEB;
580717;;;;;;;;
580719;;;;;;;;
580721;;;;;86826.29;4391.86;IRRF - SERVIÇOS PRESTADOS PMVR;
580721;;;;;86826.29;1829.94;ISS;
580732;;;;;1553.72;18.64;HSJB - IRRF RETIDO EM N.F;
580741;;;;;233.54;2.8;HSJB - IRRF RETIDO EM N.F;
580746;;;;;3400;170;RETENCAO RELATIVA AO ISS  ROYALTES PETRO;
580746;;;;;3400;40.79;RETENCAO RELATIVA IRRF  ROYALTIES PETROL;
580750;;;;;680;34;RETENCAO RELATIVA AO ISS  ROYALTES PETRO;
580750;;;;;680;8.16;RETENCAO RELATIVA IRRF  ROYALTIES PETROL;
580751;;;;;;;;
580753;;;;;578.27;6.93;RETENCAO RELATIVA IRRF  ROYALTIES PETROL;
580755;;;;;14098.3;169.17;RETENCAO RELATIVA IRRF  ROYALTIES PETROL;
580756;;;;;595.94;7.15;RETENCAO RELATIVA IRRF  ROYALTIES PETROL;
580757;;;;;4940;59.28;HSJB - IRRF RETIDO EM N.F;
580759;;;;;347.75;4.17;RETENCAO RELATIVA IRRF  ROYALTIES PETROL;
580760;;;;;21932.4;263.19;HSJB - IRRF RETIDO EM N.F;
580765;;;;;4118.87;61.78;IRRF - GESTAO PLENA - SUS;
580765;;;;;4118.87;205.94;ISS - GESTAO PLENA;
580767;;;;;5332.4;79.99;IRRF - GESTAO PLENA - SUS;
580767;;;;;5332.4;266.62;ISS - GESTAO PLENA;
580768;;;;;11378.62;170.68;IRRF - GESTAO PLENA - SUS;
580768;;;;;11378.62;568.93;ISS - GESTAO PLENA;
580771;;;;;11762.38;176.44;IRRF - GESTAO PLENA - SUS;
580771;;;;;11762.38;588.12;ISS - GESTAO PLENA;
580772;;;;;163740;1964.88;HSJB - IRRF RETIDO EM N.F;
580775;;;;;;;;
580776;;;;;171518.21;2581.6;IRRF - GESTAO PLENA - SUS;
580776;;;;;171518.21;8605.32;ISS - GESTAO PLENA;
580777;;;;;17717.27;265.76;IRRF - GESTAO PLENA - SUS;
580777;;;;;17717.27;885.86;ISS - GESTAO PLENA;
580779;;;;;10584;158.76;IRRF - GESTAO PLENA - SUS;
580779;;;;;10584;529.2;ISS - GESTAO PLENA;
580780;;;;;13750;481.25;ISS - FME;
580780;;;;;13750;302.5;INSS - PESSOA JURIDICA;
580782;;;;;;;;
580784;;;;;;;;
580785;;;;;;;;
580787;;;;;;;;
580789;;;;;;;;
580798;;;;;;;;
580799;;;;;52380;628.56;IRRF - FORNECIMENTO DE BENS;
580801;;;;;74294.38;5918.25;ISS - GOV ESTADO  F 193;
580801;;;;;74294.38;1775.48;IRRF - GOV ESTADO - F 193;
580802;;;;;39285;471.42;IRRF - FORNECIMENTO DE BENS;
580803;;;;;78570;942.84;IRRF - FORNECIMENTO DE BENS;
580804;;;;;;;;
580805;;;;;39285;471.42;IRRF - FORNECIMENTO DE BENS;
580808;;;;;341120.05;6662.96;IRRF - GESTAO PLENA - SUS;
580808;;;;;341120.05;22209.87;ISS - GESTAO PLENA;
580810;;;;;;;;
580812;;;;;210141.5;3152.12;IRRF - GESTAO PLENA - SUS;
580812;;;;;210141.5;10507.08;ISS - GESTAO PLENA;
580814;;;;;58176.35;872.65;IRRF - GESTAO PLENA - SUS;
580814;;;;;58176.35;2908.82;ISS - GESTAO PLENA;
580815;;;;;;;;
580816;;;;;34018.62;34018.62;INSTITUTO NACIONAL DO SEGURO SOCIAL;
580819;;;;;2062;2062;RESTITUICOES ANTECIPACAO DE PAGAMENTO -;
580820;;;;;;;;
580824;;;;;496482.1;30926.02;ISS - GOV ESTADO  F 193;
580824;;;;;496482.1;6185.21;IRRF - GOV ESTADO - F 193;
580825;;;;;;;;
580826;;;;;;;;
580827;;;;;;;;
580828;;;;;;;;
580829;;;;;;;;
580830;;;;;;;;
580831;;;;;5049.84;242.39;IRRF - SERVIÇOS PRESTADOS PMVR;
580832;;;;;79138;949.66;HSJB - IRRF RETIDO EM N.F;
580833;;;;;3000;106.5;ISS - GESTAO PLENA;
580834;;;;;;;;
580835;;;;;34055.95;408.67;HSJB - IRRF RETIDO EM N.F;
580837;;;;;;;;
580838;;;;;;;;
580839;;;;;209.8;0.5;IRRF - SERVIÇOS PRESTADOS PMVR;
580840;;;;;;;;
580842;;;;;;;;
580844;;;;;;;;
580845;;;;;;;;
580846;;;;;;;;
580847;;;;;;;;
580848;;;;;;;;
580849;;;;;;;;
580850;;;;;;;;
580851;;;;;;;;
580852;;;;;;;;
580853;;;;;;;;
580854;;;;;;;;
580855;;;;;;;;
580861;;;;;;;;
580864;;;;;;;;
580866;;;;;;;;
580868;;;;;1050.93;12.61;HSJB - IRRF RETIDO EM N.F;
580870;;;;;;;;
580874;;;;;;;;
580875;;;;;6633.76;133.13;ISS - PMVR;
580876;;;;;;;;
580877;;;;;;;;
580879;;;;;4734.84;165.72;ISS - PMVR;
580879;;;;;4734.84;104.16;INSS PRESTADORES DE SERVIÇO PJ;
580880;;;;;3590;43.08;HSJB - IRRF RETIDO EM N.F;
580881;;;;;;;;
580882;;;;;;;;
580885;;;;;;;;
580887;;;;;;;;
580890;;;;;;;;
580905;;;;;;;;
580919;;;;;22575;270.9;HSJB - IRRF RETIDO EM N.F;
580920;;;;;;;;
580921;;;;;;;;
580922;;;;;4638.72;209.67;ISS - PMVR;
580923;;;;;;;;
580924;;;;;;;;
580926;;;;;;;;
580928;;;;;;;;
580929;;;;;;;;
580930;;;;;;;;
580931;;;;;;;;
580932;;;;;;;;
580933;;;;;;;;
580934;;;;;;;;
580935;;;;;;;;
580937;;;;;;;;
580938;;;;;;;;
580941;;;;;1050;52.5;ISS - FME FUNDEB;
580945;;;;;62.7;0.75;HSJB - IRRF RETIDO EM N.F;
580946;;;;;14703.6;176.44;HSJB - IRRF RETIDO EM N.F;
580947;;;;;;;;
580948;;;;;;;;
580949;;;;;;;;
580950;;;;;31113.26;373.36;IRRF - GESTAO PLENA - SUS;
580950;;;;;31113.26;933.4;ISS - GESTAO PLENA;
580951;;;;;;;;
580955;;;;;;;;
580957;;;;;16860;202.32;HSJB - IRRF RETIDO EM N.F;
580957;;;;;16860;202.32;HSJB - IRRF RETIDO EM N.F;
580964;;;;;21419.77;2303.6;ISS - FME FUNDEB;
580964;;;;;21419.77;1105.72;IRRF - FME FUNDEB;
580966;;;;;;;;
580970;;;;;;;;
580973;;;;;;;;
580975;;;;;15539.2;186.47;HSJB - IRRF RETIDO EM N.F;
580981;;;;;;;;
580989;;;;;6586;132.38;ISS - PMVR;
580990;;;;;;;;
580991;;;;;;;;
580992;;;;;399.77;19.99;ISS;
580993;;;;;436.2;21.81;ISS;
580995;;;;;4352.1;217.6;ISS;
580996;;;;;;;;
580998;;;;;;;;
580999;;;;;585.33;29.27;ISS;
581000;;;;;;;;
581001;;;;;;;;
581003;;;;;;;;
581008;;;;;51.75;2.48;IRRF - SERVIÇOS PRESTADOS PMVR;
581012;;;;;;;;
581015;;;;;143.5;1.72;HSJB - IRRF RETIDO EM N.F;
581018;;;;;;;;
581019;;;;;574624;17683.2;RETENC. ISS EM LIQUIDAÇÃO;
581019;;;;;574624;32419.2;INSS - PREST. SERV. PROPRIO;
581019;;;;;574624;7073.28;IRRF SOBRE O TRABALHO PRINCIPAL - PJ;
581020;;;;;13031.93;13031.93;INSTITUTO NACIONAL DO SEGURO SOCIAL;
581021;;;;;325459.66;10154.74;ISS - GOV ESTADO  F 193;
581021;;;;;325459.66;4061.9;IRRF - GOV ESTADO - F 193;
581024;;;;;6390;138.66;ISS - GESTAO PLENA;
581025;;;;;;;;
581029;;;;;32758;710.85;ISS - GESTAO PLENA;
581030;;;;;;;;
581031;;;;;;;;
581032;;;;;;;;
581033;;;;;;;;
581037;;;;;750;15.38;ISS - PMVR;
581038;;;;;5040;187.49;ISS - GESTAO PLENA;
581042;;;;;1723.6;20.68;HSJB - IRRF RETIDO EM N.F;
581051;;;;;1176;14.11;HSJB - IRRF RETIDO EM N.F;
581063;;;;;24655.81;1232.79;ISS - GOV ESTADO  F 193;
581063;;;;;24655.81;369.84;IRRF - GOV ESTADO - F 193;
581066;;;;;;;;
581073;;;;;;;;
581076;;;;;5000.47;5000.47;INSTITUTO NACIONAL DO SEGURO SOCIAL;
581077;;;;;;;;
581078;;;;;706.3;706.3;RESTITUI0ES (ANTECIPACAO DE PAGAMENTO) -;
581079;;;;;;;;
581080;;;;;144729.34;4545.87;ISS - GESTAO PLENA;
581082;;;;;;;;
581084;;;;;;;;
581087;;;;;;;;
581093;;;;;7020;105.3;IRRF - GESTAO PLENA - SUS;
581093;;;;;7020;351;ISS - GESTAO PLENA;
581094;;;;;;;;
581096;;;;;850;10.2;IRRF - SERVIÇOS PRESTADOS PMVR;
581097;;;;;2532;6.08;IRRF - SERVIÇOS PRESTADOS PMVR;
581101;;;;;;;;
581107;;;;;;;;
581114;;;;;;;;
581120;;;;;;;;
581126;;;;;;;;
581127;;;;;;;;
581130;;;;;;;;
581131;;;;;;;;
581133;;;;;;;;
581134;;;;;;;;
581135;;;;;;;;
581140;;;;;;;;
581141;;;;;523.44;26.17;ISS;
581143;;;;;;;;
581144;;;;;2337.34;116.87;ISS;
581145;;;;;1164.24;55.88;IRRF - PRESTADOR DE SERVIÇOS;
581147;;;;;;;;
581152;;;;;;;;
581154;;;;;;;;
581157;;;;;;;;
581159;;;;;;;;
581162;;;;;;;;
581168;;;;;;;;
581171;;;;;;;;
581172;;;;;;;;
581177;;;;;140;7;ISS - PMVR;
581178;;;;;;;;
581180;;;;;560;28;ISS - PMVR;
581182;;;;;890;17.89;ISS;
581184;;;;;240;12;ISS - PMVR;
581187;;;;;400;20;ISS - PMVR;
581189;;;;;1360;68;ISS - PMVR;
581191;;;;;7750;349.63;ISS;
581194;;;;;280;14;ISS - PMVR;
581196;;;;;;;;
581198;;;;;296;14.8;ISS - PMVR;
581203;;;;;1684;84.2;ISS - PMVR;
581205;;;;;904;45.2;ISS - PMVR;
581212;;;;;3080;36.96;HSJB - IRRF RETIDO EM N.F;
581213;;;;;760;38;ISS - PMVR;
581214;;;;;80;4;ISS - PMVR;
581216;;;;;2859.28;47.45;IRRF - GOV ESTADO - F 193;
581219;;;;;488.75;5.87;IRRF - SERVIÇOS PRESTADOS PMVR;
581220;;;;;747.88;35.89;IRRF - SERVIÇOS PRESTADOS PMVR;
581221;;;;;180;8.64;IRRF - SERVIÇOS PRESTADOS PMVR;
581224;;;;;;;;
581227;;;;;;;;
581231;;;;;;;;
581234;;;;;375;4.5;IRRF - SERVIÇOS PRESTADOS PMVR;
581236;;;;;;;;
581237;;;;;22862.42;492.98;IRRF - SERVIÇOS PRESTADOS PMVR;
581238;;;;;;;;
581239;;;;;;;;
581240;;;;;105;5.25;ISS;
581245;;;;;180;8.64;IRRF - SERVIÇOS PRESTADOS PMVR;
581246;;;;;747.88;35.89;IRRF - SERVIÇOS PRESTADOS PMVR;
581247;;;;;4956.59;237.91;IRRF - SERVIÇOS PRESTADOS PMVR;
581248;;;;;;;;
581249;;;;;8550;102.6;IRRF - GESTAO PLENA - SUS;
581249;;;;;8550;171;ISS - GESTAO PLENA;
581252;;;;;24076.8;939.72;ISS - GESTAO PLENA;
581254;;;;;8929.4;107.15;HSJB - IRRF RETIDO EM N.F;
581256;;;;;;;;
581262;;;;;;;;
581268;;;;;;;;
581269;;;;;;;;
581270;;;;;;;;
581271;;;;;27216;326.59;HSJB - IRRF RETIDO EM N.F;
581273;;;;;;;;
581274;;;;;4954;59.45;HSJB - IRRF RETIDO EM N.F;
581275;;;;;;;;
581276;;;;;92984.9;2789.55;ISS - PMVR;
581276;;;;;92984.9;4463.28;IRRF - PRESTADOR DE SERVIÇOS;
581276;;;;;13947.74;1534.25;INSS PRESTADORES DE SERVIÇO PJ;
581278;;;;;;;;
581283;;;;;;;;
581287;;;;;125197.01;3755.91;ISS - PMVR;
581287;;;;;125197.01;6009.46;IRRF - PRESTADOR DE SERVIÇOS;
581287;;;;;18779.55;2065.75;INSS PRESTADORES DE SERVIÇO PJ;
581288;;;;;57025.57;1146.21;ISS - PMVR;
581289;;;;;4576;54.91;HSJB - IRRF RETIDO EM N.F;
581290;;;;;;;;
581291;;;;;;;;
581292;;;;;;;;
581293;;;;;90310;1083.72;IRRF - FORNECIMENTO DE BENS;
581294;;;;;;;;
581295;;;;;;;;
581296;;;;;;;;
581297;;;;;152093.14;4562.79;ISS - PMVR;
581297;;;;;152093.14;7300.47;IRRF - PRESTADOR DE SERVIÇOS;
581297;;;;;22813.97;2509.54;INSS PRESTADORES DE SERVIÇO PJ;
581298;;;;;;;;
581299;;;;;;;;
581300;;;;;;;;
581301;;;;;31072.98;372.88;HSJB - IRRF RETIDO EM N.F;
581302;;;;;25927.08;1244.5;IRRF - FORNECIMENTO DE BENS;
581308;;;;;;;;
581315;;;;;1760;21.12;HSJB - IRRF RETIDO EM N.F;
581316;;;;;39600;475.2;HSJB - IRRF RETIDO EM N.F;
581319;;;;;660;7.92;HSJB - IRRF RETIDO EM N.F;
581320;;;;;880;10.56;HSJB - IRRF RETIDO EM N.F;
581321;;;;;10230;122.76;HSJB - IRRF RETIDO EM N.F;
581322;;;;;;;;
581323;;;;;1320;15.84;HSJB - IRRF RETIDO EM N.F;
581325;;;;;2557.5;30.69;HSJB - IRRF RETIDO EM N.F;
581327;;;;;;;;
581328;;;;;880;10.56;HSJB - IRRF RETIDO EM N.F;
581330;;;;;;;;
581331;;;;;;;;
581332;;;;;;;;
581333;;;;;8427.08;404.5;IRRF - SERVIÇOS PRESTADOS PMVR;
581335;;;;;;;;
581338;;;;;36250;435;HSJB - IRRF RETIDO EM N.F;
581340;;;;;;;;
581346;;;;;;;;
581347;;;;;;;;
581350;;;;;696.2;8.35;HSJB - IRRF RETIDO EM N.F;
581354;;;;;;;;
581356;;;;;90;4.5;ISS;
581358;;;;;9450.5;113.41;HSJB - IRRF RETIDO EM N.F;
581359;;;;;209.8;0.5;IRRF - SERVIÇOS PRESTADOS PMVR;
581364;;;;;;;;
581372;;;;;19747.2;236.97;HSJB - IRRF RETIDO EM N.F;
581374;;;;;;;;
581376;;;;;;;;
581378;;;;;3342.66;160.45;HSJB - IRRF RETIDO EM N.F;
581379;;;;;10736.87;429.48;ISS - GESTAO PLENA;
581380;;;;;19747.2;236.97;HSJB - IRRF RETIDO EM N.F;
581381;;;;;50689.95;2433.12;IRRF - PRESTADOR DE SERVIÇOS;
581382;;;;;50689.95;2433.12;IRRF - PRESTADOR DE SERVIÇOS;
581383;;;;;;;;
581384;;;;;;;;
581385;;;;;50689.95;2433.12;IRRF - PRESTADOR DE SERVIÇOS;
581386;;;;;;;;
581387;;;;;50689.95;2433.12;IRRF - PRESTADOR DE SERVIÇOS;
581388;;;;;;;;
581389;;;;;20929.9;251.16;HSJB - IRRF RETIDO EM N.F;
581390;;;;;1019.4;47.95;IRRF SOBRE O TRABALHO PRINCIPAL - PJ;
581391;;;;;46;0.55;HSJB - IRRF RETIDO EM N.F;
581392;;;;;;;;
581393;;;;;;;;
581394;;;;;;;;
581395;;;;;;;;
581396;;;;;;;;
581397;;;;;;;;
581398;;;;;;;;
581399;;;;;;;;
581400;;;;;;;;
581401;;;;;;;;
581402;;;;;22830;509.11;ISS - PMVR;
581403;;;;;29670;356.04;HSJB - IRRF RETIDO EM N.F;
581404;;;;;;;;
581405;;;;;;;;
581406;;;;;;;;
581407;;;;;6760;81.12;HSJB - IRRF RETIDO EM N.F;
581408;;;;;;;;
581409;;;;;;;;
581411;;;;;;;;
581414;;;;;3920;47.04;IRRF - GESTAO PLENA - SUS;
581414;;;;;3920;78.4;ISS - GESTAO PLENA;
581415;;;;;;;;
581419;;;;;;;;
581420;;;;;;;;
581421;;;;;;;;
581422;;;;;;;;
581424;;;;;317.7;3.81;IRRF - SERVIÇOS PRESTADOS PMVR;
581425;;;;;400.3;19.21;IRRF - SERVIÇOS PRESTADOS PMVR;
581425;;;;;400.3;20.02;ISS;
581430;;;;;;;;
581431;;;;;;;;
581432;;;;;14580;174.96;IRRF - GESTAO PLENA - SUS;
581432;;;;;14580;729;ISS - GESTAO PLENA;
581433;;;;;;;;
581435;;;;;;;;
581436;;;;;;;;
581437;;;;;547.37;27.37;ISS - GOV ESTADO  F 193;
581437;;;;;547.37;8.21;IRRF - GOV ESTADO - F 193;
581439;;;;;1391.71;69.59;ISS - GOV ESTADO  F 193;
581439;;;;;1391.71;20.88;IRRF - GOV ESTADO - F 193;
581440;;;;;2732.37;136.62;ISS - GOV ESTADO  F 193;
581440;;;;;2732.37;40.99;IRRF - GOV ESTADO - F 193;
581441;;;;;;;;
581442;;;;;4610;57.81;IRRF - GESTAO PLENA - SUS;
581442;;;;;4610;240.87;ISS - GESTAO PLENA;
581444;;;;;;;;
581446;;;;;42688.57;752.62;IRRF - SALARIO EDUCAÇÃO;
581448;;;;;;;;
581451;;;;;;;;
581453;;;;;;;;
581454;;;;;9698.71;150.13;IRRF - GESTAO PLENA - SUS;
581454;;;;;9698.71;500.44;ISS - GESTAO PLENA;
581455;;;;;;;;
581456;;;;;;;;
581457;;;;;;;;
581458;;;;;;;;
581459;;;;;80011.32;4000.57;ISS - PMVR;
581461;;;;;;;;
581467;;;;;3038;45.57;IRRF - GESTAO PLENA - SUS;
581467;;;;;3038;60.76;ISS - GESTAO PLENA;
581468;;;;;125.4;1.5;HSJB - IRRF RETIDO EM N.F;
581469;;;;;;;;
581471;;;;;;;;
581473;;;;;606.1;23.97;IRRF - GESTAO PLENA - SUS;
581473;;;;;606.1;79.9;ISS - GESTAO PLENA;
581475;;;;;;;;
581476;;;;;;;;
581477;;;;;;;;
581478;;;;;;;;
581479;;;;;3427.75;41.13;HSJB - IRRF RETIDO EM N.F;
581480;;;;;363.95;363.95;INSTITUTO NACIONAL DO SEGURO SOCIAL;
581482;;;;;28345;340.14;HSJB - IRRF RETIDO EM N.F;
581483;;;;;3514;42.16;HSJB - IRRF RETIDO EM N.F;
581484;;;;;1115;1115;ISS - PMVR;
581485;;;;;;;;
581486;;;;;;;;
581487;;;;;7310.19;87.72;HSJB - IRRF RETIDO EM N.F;
581490;;;;;5756;69.08;HSJB - IRRF RETIDO EM N.F;
581491;;;;;4354;52.24;HSJB - IRRF RETIDO EM N.F;
581492;;;;;1600;19.2;HSJB - IRRF RETIDO EM N.F;
581497;;;;;3398.39;40.78;HSJB - IRRF RETIDO EM N.F;
581498;;;;;7300;87.6;HSJB - IRRF RETIDO EM N.F;
581499;;;;;7300;87.6;HSJB - IRRF RETIDO EM N.F;
581500;;;;;;;;
581506;;;;;;;;
581507;;;;;;;;
581509;;;;;1539.72;18.48;HSJB - IRRF RETIDO EM N.F;
581511;;;;;;;;
581513;;;;;1320;15.84;HSJB - IRRF RETIDO EM N.F;
581515;;;;;1320;15.84;HSJB - IRRF RETIDO EM N.F;
581516;;;;;9100;136.5;IRRF - GESTAO PLENA - SUS;
581516;;;;;9100;182;ISS - GESTAO PLENA;
581517;;;;;;;;
581520;;;;;850;10.2;HSJB - IRRF RETIDO EM N.F;
581523;;;;;;;;
581524;;;;;;;;
581526;;;;;2430;29.16;HSJB - IRRF RETIDO EM N.F;
581548;;;;;24552.89;736.59;ISS - PMVR;
581548;;;;;24552.89;1178.54;IRRF - PRESTADOR DE SERVIÇOS;
581549;;;;;90;1.8;ISS - PMVR;
581550;;;;;90;1.8;ISS - PMVR;
581553;;;;;;;;
581555;;;;;24914.44;747.43;ISS - PMVR;
581555;;;;;24914.44;1195.89;IRRF - PRESTADOR DE SERVIÇOS;
581558;;;;;;;;
581559;;;;;9401.89;9401.89;INSTITUTO NACIONAL DO SEGURO SOCIAL;
581561;;;;;3918.24;3918.24;IRRF - PMVR;
581562;;;;;;;;
581563;;;;;;;;
581564;;;;;;;;
581565;;;;;508934.9;24428.88;IRRF SOBRE O TRABALHO PRINCIPAL - PJ;
581582;;;;;;;;
581583;;;;;;;;
581584;;;;;128966.14;20806.96;IRRF - TRABALHO PRINCIPAL PF PMVR;
581584;;;;;128966.14;8721.51;INSS - PESSOAL PROPRIO;
581585;;;;;15180;227.7;IRRF - GESTAO PLENA - SUS;
581585;;;;;15180;303.6;ISS - GESTAO PLENA;
581586;;;;;10800;302.4;ISS - GESTAO PLENA;
581587;;;;;;;;
581588;;;;;583.85;7.01;HSJB - IRRF RETIDO EM N.F;
581590;;;;;230.85;2.77;HSJB - IRRF RETIDO EM N.F;
581592;;;;;23779.25;285.35;IRRF - GESTAO PLENA - SUS;
581592;;;;;23779.25;1188.96;ISS - GESTAO PLENA;
581593;;;;;;;;
581594;;;;;3072.63;36.88;HSJB - IRRF RETIDO EM N.F;
581596;;;;;2123.63;25.49;HSJB - IRRF RETIDO EM N.F;
581597;;;;;2123.63;25.49;HSJB - IRRF RETIDO EM N.F;
581598;;;;;195.36;2.34;HSJB - IRRF RETIDO EM N.F;
581599;;;;;;;;
581600;;;;;;;;
581601;;;;;2273.63;27.29;HSJB - IRRF RETIDO EM N.F;
581602;;;;;1370.4;16.44;IR/PIS/COFINS/CSLL RETIDO N.F;
581603;;;;;2123.63;25.49;HSJB - IRRF RETIDO EM N.F;
581604;;;;;341.6;4.1;IR/PIS/COFINS/CSLL RETIDO N.F;
581605;;;;;251.3;3.02;IR/PIS/COFINS/CSLL RETIDO N.F;
581606;;;;;;;;
581607;;;;;116.77;1.4;HSJB - IRRF RETIDO EM N.F;
581608;;;;;;;;
581609;;;;;;;;
581610;;;;;;;;
581612;;;;;;;;
581613;;;;;;;;
581614;;;;;;;;
581616;;;;;;;;
581618;;;;;;;;
581623;;;;;;;;
581625;;;;;13020;156.24;IRRF - FME FUNDEB;
581626;;;;;;;;
581627;;;;;;;;
581628;;;;;116.77;1.4;HSJB - IRRF RETIDO EM N.F;
581629;;;;;;;;
581630;;;;;;;;
581631;;;;;;;;
581632;;;;;;;;
581633;;;;;;;;
581635;;;;;10200;510;ISS - PMVR;
581640;;;;;;;;
581643;;;;;;;;
581646;;;;;;;;
581647;;;;;428800.08;6673.22;IRRF - GESTAO PLENA - SUS;
581647;;;;;428800.08;27805.11;ISS - GESTAO PLENA;
581648;;;;;;;;
581649;;;;;;;;
581650;;;;;;;;
581656;;;;;;;;
581657;;;;;;;;
581658;;;;;15146.24;181.75;IRRF SOBRE O TRABALHO PRINCIPAL - PJ;
581659;;;;;;;;
581661;;;;;;;;
581664;;;;;11451.68;549.68;IR/PIS/COFINS/CSLL RETIDO N.F;
581666;;;;;37549.61;450.6;IRRF SOBRE O TRABALHO PRINCIPAL - PJ;
581667;;;;;4200;210;ISS - PMVR;
581669;;;;;5691.38;71.53;IRRF SOBRE O TRABALHO PRINCIPAL - PJ;
581670;;;;;2600;195;ISS - PMVR;
581671;;;;;48466.06;969.32;ISS - GOV ESTADO  F 193;
581671;;;;;48466.06;581.59;IRRF - GOV ESTADO - F 193;
581672;;;;;;;;
581673;;;;;;;;
581674;;;;;;;;
581675;;;;;;;;
581676;;;;;29511.9;354.14;HSJB - IRRF RETIDO EM N.F;
581677;;;;;36173.26;434.08;IR/PIS/COFINS/CSLL RETIDO N.F;
581678;;;;;850;10.2;IRRF - SERVIÇOS PRESTADOS PMVR;
581679;;;;;2817;33.8;IR/PIS/COFINS/CSLL RETIDO N.F;
581680;;;;;1932.38;23.19;IR/PIS/COFINS/CSLL RETIDO N.F;
581681;;;;;;;;
581682;;;;;30900;370.8;IRRF SOBRE O TRABALHO PRINCIPAL - PJ;
581683;;;;;42040.59;630.61;IRRF - GESTAO PLENA - SUS;
581683;;;;;42040.59;2102.03;ISS - GESTAO PLENA;
581684;;;;;1264.5;15.17;IR/PIS/COFINS/CSLL RETIDO N.F;
581685;;;;;;;;
581686;;;;;42.18;2.02;IRRF - SERVIÇOS PRESTADOS PMVR;
581687;;;;;790.45;9.49;HSJB - IRRF RETIDO EM N.F;
581689;;;;;28617.4;28617.4;RESTITUI0ES DE RECURSOS RECEBIDOS DO SUS;
581690;;;;;1092.36;13.11;IRRF - SERVIÇOS PRESTADOS PMVR;
581691;;;;;8189;409.45;ISS - PMVR;
581693;;;;;215967.72;12229.26;ISS - GOV ESTADO  F 193;
581693;;;;;215967.72;3668.78;IRRF - GOV ESTADO - F 193;
581697;;;;;4286;205.73;HSJB - IRRF RETIDO EM N.F;
581698;;;;;1110.9;13.33;HSJB - IRRF RETIDO EM N.F;
581700;;;;;;;;
581702;;;;;784.89;37.67;IRRF - SERVIÇOS PRESTADOS PMVR;
581702;;;;;784.89;39.24;ISS;
581708;;;;;;;;
581710;;;;;;;;
581713;;;;;90;4.5;ISS;
581728;;;;;;;;
581729;;;;;;;;
581730;;;;;7750;346.78;ISS;
581731;;;;;1536;18.43;IR/PIS/COFINS/CSLL RETIDO N.F;
581733;;;;;;;;
581736;;;;;28490;999.34;RETENC. ISS EM LIQUIDAÇÃO;
581738;;;;;;;;
581739;;;;;;;;
581740;;;;;39300;1886.4;IRRF RETIDO EM N.F.;
581741;;;;;7700;92.4;IRRF - GESTAO PLENA - SUS;
581741;;;;;7700;385;ISS - GESTAO PLENA;
581743;;;;;;;;
581745;;;;;99700;4785.6;IRRF RETIDO EM N.F.;
581746;;;;;;;;
581747;;;;;;;;
581748;;;;;8427.08;404.5;IRRF - SERVIÇOS PRESTADOS PMVR;
581749;;;;;;;;
581750;;;;;;;;
581752;;;;;;;;
581757;;;;;850;10.2;IRRF - SERVIÇOS PRESTADOS PMVR;
581759;;;;;;;;
581761;;;;;2842;42.63;IRRF - GESTAO PLENA - SUS;
581761;;;;;2842;142.1;ISS - GESTAO PLENA;
581762;;;;;7356.39;147.13;ISS - PMVR;
581766;;;;;73163.74;4086.9;IRRF - SERVIÇOS PRESTADOS PMVR;
581766;;;;;73163.74;1702.87;ISS;
581769;;;;;;;;
581773;;;;;;;;
581774;;;;;15726;440.32;ISS - GESTAO PLENA;
581775;;;;;19031.36;443.62;IRRF - SERVIÇOS PRESTADOS PMVR;
581776;;;;;;;;
581777;;;;;;;;
581778;;;;;890;17.89;ISS;
581779;;;;;2042;24.5;IRRF - GESTAO PLENA - SUS;
581779;;;;;2042;102.1;ISS - GESTAO PLENA;
581780;;;;;;;;
581784;;;;;7027.99;337.34;IRRF SOBRE O TRABALHO PRINCIPAL - PJ;
581786;;;;;3426.66;251.57;ISS - PMVR;
581786;;;;;3426.66;301.88;IRRF - PRESTADOR DE SERVIÇOS;
581787;;;;;;;;
581788;;;;;;;;
581789;;;;;12750;255;ISS - PMVR;
581790;;;;;747;11.21;IRRF - GESTAO PLENA - SUS;
581790;;;;;747;37.35;ISS - GESTAO PLENA;
581791;;;;;;;;
581793;;;;;470298.29;10067.06;ISS - PMVR;
581793;;;;;470298.29;24160.95;IRRF - PRESTADOR DE SERVIÇOS;
581794;;;;;;;;
581795;;;;;;;;
581796;;;;;;;;
581797;;;;;;;;
581799;;;;;;;;
581801;;;;;;;;
581802;;;;;6559;106.54;IRRF - GESTAO PLENA - SUS;
581802;;;;;6559;443.9;ISS - GESTAO PLENA;
581804;;;;;;;;
581805;;;;;;;;
581808;;;;;3100;62;ISS - PMVR;
581811;;;;;36388.7;1746.66;IRRF - PRESTADOR DE SERVIÇOS;
581811;;;;;145970.63;1751.63;IRRF - FORNECIMENTO DE BENS;
581812;;;;;;;;
581813;;;;;4860;308.97;ISS - GESTAO PLENA;
581814;;;;;151;1.81;HSJB - IRRF RETIDO EM N.F;
581815;;;;;;;;
581816;;;;;;;;
581817;;;;;2123.63;25.49;HSJB - IRRF RETIDO EM N.F;
581818;;;;;;;;
581820;;;;;18789.16;225.47;IRRF - FORNECIMENTO DE BENS;
581821;;;;;2123.63;25.49;HSJB - IRRF RETIDO EM N.F;
581822;;;;;4900;106.33;ISS - GESTAO PLENA;
581823;;;;;2123.63;25.49;HSJB - IRRF RETIDO EM N.F;
581824;;;;;235380.25;11298.26;IRRF - PRESTADOR DE SERVIÇOS;
581824;;;;;2148042.15;25776.45;IRRF - FORNECIMENTO DE BENS;
581825;;;;;302.25;0.72;IRRF - PRESTADOR DE SERVIÇOS;
581826;;;;;868.15;10.42;HSJB - IRRF RETIDO EM N.F;
581827;;;;;;;;
581828;;;;;14300;276.7;IRRF - GESTAO PLENA - SUS;
581828;;;;;14300;922.35;ISS - GESTAO PLENA;
581829;;;;;9240;110.88;HSJB - IRRF RETIDO EM N.F;
581831;;;;;;;;
581832;;;;;3500;175;ISS - PMVR;
581833;;;;;19180.81;240.97;IRRF - GESTAO PLENA - SUS;
581833;;;;;19180.81;1004.04;ISS - GESTAO PLENA;
581835;;;;;3072.63;36.88;HSJB - IRRF RETIDO EM N.F;
581836;;;;;;;;
581837;;;;;;;;
581839;;;;;2123.63;25.49;HSJB - IRRF RETIDO EM N.F;
581840;;;;;;;;
581841;;;;;;;;
581843;;;;;2054.48;24.66;HSJB - IRRF RETIDO EM N.F;
581844;;;;;;;;
581846;;;;;1268.15;15.22;HSJB - IRRF RETIDO EM N.F;
581847;;;;;;;;
581848;;;;;;;;
581850;;;;;;;;
581851;;;;;2480.11;29.77;HSJB - IRRF RETIDO EM N.F;
581852;;;;;9240;110.88;HSJB - IRRF RETIDO EM N.F;
581854;;;;;;;;
581856;;;;;1873.63;22.49;HSJB - IRRF RETIDO EM N.F;
581857;;;;;2268;27.22;IR/PIS/COFINS/CSLL RETIDO N.F;
581859;;;;;;;;
581860;;;;;2123.63;25.49;HSJB - IRRF RETIDO EM N.F;
581862;;;;;15600;192;IRRF - GESTAO PLENA - SUS;
581862;;;;;15600;320;ISS - GESTAO PLENA;
581863;;;;;10849.78;542.49;RETENC. ISS EM LIQUIDAÇÃO;
581865;;;;;10458.88;522.94;RETENC. ISS EM LIQUIDAÇÃO;
581867;;;;;22875.05;343.13;IRRF - GESTAO PLENA - SUS;
581867;;;;;22875.05;457.5;ISS - GESTAO PLENA;
581871;;;;;;;;
581873;;;;;;;;
581874;;;;;5110;61.32;HSJB - IRRF RETIDO EM N.F;
581875;;;;;1730.4;20.76;IR/PIS/COFINS/CSLL RETIDO N.F;
581877;;;;;1074.63;12.9;HSJB - IRRF RETIDO EM N.F;
581879;;;;;3518.05;43.62;IR/PIS/COFINS/CSLL RETIDO N.F;
581880;;;;;;;;
581881;;;;;;;;
581882;;;;;;;;
581883;;;;;;;;
581884;;;;;2600;31.2;IRRF - GESTAO PLENA - SUS;
581884;;;;;2600;130;ISS - GESTAO PLENA;
581885;;;;;3490;69.8;ISS - PMVR;
581886;;;;;;;;
581887;;;;;;;;
581888;;;;;1818.3;23.8;IRRF - GESTAO PLENA - SUS;
581888;;;;;1818.3;99.18;ISS - GESTAO PLENA;
581889;;;;;5110;61.32;HSJB - IRRF RETIDO EM N.F;
581892;;;;;12906;381.62;ISS - PMVR;
581895;;;;;113.63;1.36;IR/PIS/COFINS/CSLL RETIDO N.F;
581896;;;;;72.28;0.87;IR/PIS/COFINS/CSLL RETIDO N.F;
581902;;;;;;;;
581903;;;;;;;;
581904;;;;;31944.39;383.33;IR/PIS/COFINS/CSLL RETIDO N.F;
581905;;;;;;;;
581907;;;;;;;;
581908;;;;;;;;
581910;;;;;9340;112.08;IR/PIS/COFINS/CSLL RETIDO N.F;
581911;;;;;1264.5;15.17;IR/PIS/COFINS/CSLL RETIDO N.F;
581913;;;;;6300;126;IRRF - GESTAO PLENA - SUS;
581913;;;;;6300;420;ISS - GESTAO PLENA;
581917;;;;;;;;
581923;;;;;;;;
581926;;;;;;;;
581927;;;;;;;;
581928;;;;;;;;
581933;;;;;;;;
581935;;;;;;;;
581937;;;;;;;;
581939;;;;;25135.5;301.63;IR/PIS/COFINS/CSLL RETIDO N.F;
581941;;;;;;;;
581951;;;;;;;;
581952;;;;;;;;
581953;;;;;39880;478.56;HSJB - IRRF RETIDO EM N.F;
581954;;;;;;;;
581955;;;;;;;;
581957;;;;;;;;
581958;;;;;;;;
581974;;;;;;;;
581979;;;;;;;;
581980;;;;;;;;
581984;;;;;;;;
581991;;;;;;;;
581994;;;;;;;;
581997;;;;;3733.62;44.8;HSJB - IRRF RETIDO EM N.F;
582001;;;;;;;;
582008;;;;;;;;
582012;;;;;;;;
582013;;;;;;;;
582015;;;;;1555.89;18.67;HSJB - IRRF RETIDO EM N.F;
582018;;;;;1019.82;12.24;HSJB - IRRF RETIDO EM N.F;
582019;;;;;;;;
582021;;;;;229.76;2.76;HSJB - IRRF RETIDO EM N.F;
582025;;;;;229.76;2.76;HSJB - IRRF RETIDO EM N.F;
582030;;;;;;;;
582033;;;;;;;;
582034;;;;;185.5;2.23;HSJB - IRRF RETIDO EM N.F;
582035;;;;;725;14.57;ISS - GESTAO PLENA;
582036;;;;;725;14.57;ISS - PMVR;
582037;;;;;1450;29.14;ISS - GESTAO PLENA;
582038;;;;;459.52;5.52;HSJB - IRRF RETIDO EM N.F;
582039;;;;;1015;20.4;ISS - PMVR;
582040;;;;;362.5;7.29;ISS - GOV ESTADO  F 193;
582041;;;;;365.76;4.39;HSJB - IRRF RETIDO EM N.F;
582042;;;;;;;;
582043;;;;;1160;23.32;ISS - GESTAO PLENA;
582044;;;;;;;;
582045;;;;;;;;
582046;;;;;177.23;2.12;HSJB - IRRF RETIDO EM N.F;
582047;;;;;;;;
582048;;;;;3733.62;44.8;HSJB - IRRF RETIDO EM N.F;
582050;;;;;1370.39;16.44;HSJB - IRRF RETIDO EM N.F;
582051;;;;;725;14.57;ISS - PMVR;
582053;;;;;374.88;4.5;HSJB - IRRF RETIDO EM N.F;
582054;;;;;725;14.57;ISS - PMVR;
582055;;;;;119.28;1.43;HSJB - IRRF RETIDO EM N.F;
582058;;;;;5590.9;67.09;HSJB - IRRF RETIDO EM N.F;
582059;;;;;;;;
582060;;;;;5929.37;71.15;IRRF SOBRE O TRABALHO PRINCIPAL - PJ;
582061;;;;;624.13;7.49;IRRF SOBRE O TRABALHO PRINCIPAL - PJ;
582062;;;;;245.8;2.94;HSJB - IRRF RETIDO EM N.F;
582063;;;;;725;14.57;ISS - PMVR;
582064;;;;;725;14.57;ISS - GESTAO PLENA;
582065;;;;;2310;46.43;ISS - PMVR;
582067;;;;;1365;27.44;ISS - PMVR;
582068;;;;;455;9.15;ISS - GESTAO PLENA;
582069;;;;;975;19.6;ISS - PMVR;
582070;;;;;976347.54;66766.1;ISS - SALARIO EDUCACAO;
582070;;;;;976347.54;16023.86;IRRF - SALARIO EDUCAÇÃO;
582070;;;;;976347.54;146885.42;INSS REENÇÃO - SALARIO EDUCAÇÃO;
582071;;;;;;;;
582072;;;;;;;;
582074;;;;;;;;
582086;;;;;;;;
582091;;;;;122.9;1.47;HSJB - IRRF RETIDO EM N.F;
582093;;;;;596.08;7.15;HSJB - IRRF RETIDO EM N.F;
582094;;;;;;;;
582095;;;;;15974;335.46;ISS - GESTAO PLENA;
582099;;;;;8147.91;407.4;RETENC. ISS EM LIQUIDAÇÃO;
582101;;;;;;;;
582102;;;;;24848;298.18;IRRF - SALARIO EDUCAÇÃO;
582103;;;;;20621.4;348.69;IRRF - GESTAO PLENA - SUS;
582103;;;;;20621.4;871.72;ISS - GESTAO PLENA;
582105;;;;;200;10;ISS - PMVR;
582107;;;;;8208;98.5;IRRF - GESTAO PLENA - SUS;
582107;;;;;8208;410.4;ISS - GESTAO PLENA;
582109;;;;;;;;
582112;;;;;8400;126;IRRF - GESTAO PLENA - SUS;
582112;;;;;8400;168;ISS - GESTAO PLENA;
582113;;;;;1555.35;23.33;IRRF - GESTAO PLENA - SUS;
582113;;;;;1555.35;31.11;ISS - GESTAO PLENA;
582114;;;;;;;;
582115;;;;;;;;
582117;;;;;;;;
582118;;;;;;;;
582120;;;;;;;;
582121;;;;;261912.63;9763.11;IRRF - GESTAO PLENA - SUS;
582121;;;;;261912.63;32543.68;ISS - GESTAO PLENA;
582122;;;;;;;;
582123;;;;;;;;
582124;;;;;383824.76;28941.49;RETENC. ISS EM LIQUIDAÇÃO;
582124;;;;;383824.76;19101.38;INSS - PREST. SERV. PROPRIO;
582124;;;;;383824.76;27783.83;IRRF SOBRE O TRABALHO PRINCIPAL - PJ;
582125;;;;;;;;
582127;;;;;7334.13;146.68;RETENC. ISS EM LIQUIDAÇÃO;
582129;;;;;;;;
582133;;;;;;;;
582134;;;;;;;;
582135;;;;;27169.49;596.82;RETENC. ISS EM LIQUIDAÇÃO;
582140;;;;;;;;
582141;;;;;;;;
582142;;;;;723.38;36.17;ISS;
582143;;;;;;;;
582144;;;;;104.9;0.25;IRRF - SERVIÇOS PRESTADOS PMVR;
582147;;;;;954.35;45.8;IRRF - SERVIÇOS PRESTADOS PMVR;
582151;;;;;3899;78.37;ISS;
582152;;;;;;;;
582153;;;;;24600;1180.8;IRRF - SERVIÇOS PRESTADOS PMVR;
582157;;;;;78385.22;1135.17;IRRF - SERVIÇOS PRESTADOS PMVR;
582157;;;;;78385.22;1588.63;ISS;
582158;;;;;;;;
582159;;;;;87.24;4.36;ISS;
582160;;;;;;;;
582161;;;;;;;;
582162;;;;;;;;
582163;;;;;4843.91;232.5;IRRF - SERVIÇOS PRESTADOS PMVR;
582165;;;;;;;;
582166;;;;;2568;6.16;IRRF - SERVIÇOS PRESTADOS PMVR;
582167;;;;;2133.8;81.87;ISS;
582176;;;;;;;;
582182;;;;;;;;
582183;;;;;;;;
582184;;;;;;;;
582185;;;;;;;;
582186;;;;;;;;
582187;;;;;;;;
582188;;;;;;;;
582189;;;;;4352.1;217.6;ISS;
582190;;;;;723.38;36.17;ISS;
582191;;;;;319.16;15.96;ISS;
582192;;;;;174.48;8.72;ISS;
582193;;;;;348.96;17.45;ISS;
582194;;;;;850;10.2;IRRF - SERVIÇOS PRESTADOS PMVR;
582195;;;;;;;;
582200;;;;;39977;479.72;IRRF - FORNECIMENTO DE BENS;
582202;;;;;;;;
582206;;;;;;;;
582212;;;;;;;;
582216;;;;;;;;
582220;;;;;;;;
582221;;;;;739.1;8.87;IR/PIS/COFINS/CSLL RETIDO N.F;
582226;;;;;5752.49;172.56;RETENC. ISS EM LIQUIDAÇÃO;
582226;;;;;5752.49;94.92;INSS - PREST. SERV. PROPRIO;
582227;;;;;;;;
582231;;;;;;;;
582253;;;;;432;5.18;IR/PIS/COFINS/CSLL RETIDO N.F;
582254;;;;;1536;18.43;IR/PIS/COFINS/CSLL RETIDO N.F;
582256;;;;;1050;12.6;IR/PIS/COFINS/CSLL RETIDO N.F;
582258;;;;;;;;
582260;;;;;;;;
582261;;;;;;;;
582262;;;;;;;;
582263;;;;;;;;
582264;;;;;;;;
582265;;;;;;;;
582266;;;;;;;;
582268;;;;;;;;
582270;;;;;;;;
582274;;;;;80000;960;HSJB - IRRF RETIDO EM N.F;
582282;;;;;;;;
582289;;;;;;;;
582290;;;;;;;;
582291;;;;;;;;
582292;;;;;;;;
582293;;;;;;;;
582298;;;;;;;;
582304;;;;;;;;
582305;;;;;;;;
582307;;;;;;;;
582308;;;;;1209;14.5;IRRF - FME;
582309;;;;;60298;1808.94;ISS - SALARIO EDUCACAO;
582309;;;;;60298;723.58;IRRF - SALARIO EDUCAÇÃO;
582310;;;;;;;;
582318;;;;;;;;
582319;;;;;656.7;32.84;RETENC. ISS EM LIQUIDAÇÃO;
582322;;;;;119.4;5.97;RETENC. ISS EM LIQUIDAÇÃO;
582324;;;;;71.6;3.58;RETENC. ISS EM LIQUIDAÇÃO;
582326;;;;;;;;
582329;;;;;2398.6;119.93;RETENC. ISS EM LIQUIDAÇÃO;
582330;;;;;;;;
582331;;;;;238.8;11.94;RETENC. ISS EM LIQUIDAÇÃO;
582333;;;;;59.7;2.98;RETENC. ISS EM LIQUIDAÇÃO;
582355;;;;;;;;
582356;;;;;12696.2;304.7;IRRF - PRESTADOR DE SERVIÇOS;
582357;;;;;;;;
582366;;;;;;;;
582374;;;;;25600;1228.8;IRRF SOBRE O TRABALHO PRINCIPAL - PJ;
582378;;;;;6400;307.2;IRRF SOBRE O TRABALHO PRINCIPAL - PJ;
582380;;;;;;;;
582384;;;;;;;;
582385;;;;;;;;
582390;;;;;;;;
582391;;;;;;;;
582392;;;;;;;;
582393;;;;;;;;
582394;;;;;;;;
582395;;;;;;;;
582396;;;;;;;;
582397;;;;;;;;
582398;;;;;;;;
582400;;;;;;;;
582401;;;;;;;;
582402;;;;;59850;2687.26;ISS - PMVR;
582403;;;;;;;;
582404;;;;;62.7;0.75;HSJB - IRRF RETIDO EM N.F;
582406;;;;;;;;
582411;;;;;125.4;1.5;HSJB - IRRF RETIDO EM N.F;
582414;;;;;3500;105;ISS - PMVR;
582414;;;;;3500;168;IR/PIS/COFINS/CSLL RETIDO N.F;
582416;;;;;;;;
582417;;;;;;;;
582418;;;;;125.4;1.5;HSJB - IRRF RETIDO EM N.F;
582427;;;;;;;;
582430;;;;;85688.65;1028.26;IRRF - FME FUNDEB;
582432;;;;;6738;80.86;HSJB - IRRF RETIDO EM N.F;
582448;;;;;8698.33;417.51;IRRF SOBRE O TRABALHO PRINCIPAL - PJ;
582449;;;;;12000;2224.29;IRRF - TRABALHO PRINCIPAL PF PMVR;
582452;;;;;6500;736.17;IRRF - TRABALHO PRINCIPAL PF PMVR;
582453;;;;;6500;736.17;IRRF - TRABALHO PRINCIPAL PF PMVR;
582455;;;;;;;;
582457;;;;;18722.05;4086.61;IRRF - TRABALHO PRINCIPAL PF PMVR;
582459;;;;;;;;
582461;;;;;3200;12.3;IRRF - TRABALHO PRINCIPAL PF PMVR;
582464;;;;;13149.54;631.17;IRRF SOBRE O TRABALHO PRINCIPAL - PJ;
582465;;;;;3344.05;167.2;ISS - PMVR;
582465;;;;;3344.05;160.51;IRRF - PRESTADOR DE SERVIÇOS;
582469;;;;;4140;49.68;IR/PIS/COFINS/CSLL RETIDO N.F;
582471;;;;;;;;
582473;;;;;1160;13.92;IR/PIS/COFINS/CSLL RETIDO N.F;
582478;;;;;;;;
582479;;;;;;;;
582480;;;;;680.4;8.16;IR/PIS/COFINS/CSLL RETIDO N.F;
582481;;;;;380;19;ISS - PMVR;
582481;;;;;380;4.56;HSJB - IRRF RETIDO EM N.F;
582483;;;;;;;;
582485;;;;;;;;
582490;;;;;63;0.76;IR/PIS/COFINS/CSLL RETIDO N.F;
582491;;;;;;;;
582492;;;;;3994;59.91;IRRF - GESTAO PLENA - SUS;
582492;;;;;3994;199.7;ISS - GESTAO PLENA;
582493;;;;;;;;
582496;;;;;;;;
582498;;;;;420;5.04;HSJB - IRRF RETIDO EM N.F;
582499;;;;;24500;294;IRRF SOBRE O TRABALHO PRINCIPAL - PJ;
582500;;;;;;;;
582501;;;;;;;;
582502;;;;;;;;
582503;;;;;;;;
582504;;;;;;;;
582505;;;;;;;;
582506;;;;;;;;
582507;;;;;;;;
582508;;;;;;;;
582509;;;;;75896.4;910.76;IRRF SOBRE O TRABALHO PRINCIPAL - PJ;
582510;;;;;;;;
582511;;;;;;;;
582512;;;;;12544;150.53;IRRF SOBRE O TRABALHO PRINCIPAL - PJ;
582513;;;;;;;;
582514;;;;;;;;
582515;;;;;;;;
582516;;;;;;;;
582517;;;;;;;;
582519;;;;;;;;
582520;;;;;;;;
582521;;;;;;;;
582522;;;;;;;;
582523;;;;;;;;
582524;;;;;460;5.52;HSJB - IRRF RETIDO EM N.F;
582525;;;;;;;;
582526;;;;;;;;
582527;;;;;;;;
582528;;;;;;;;
582529;;;;;757.67;757.67;ISS - PMVR;
582531;;;;;28101.79;421.53;IRRF - GESTAO PLENA - SUS;
582531;;;;;28101.79;1405.09;ISS - GESTAO PLENA;
582532;;;;;;;;
582534;;;;;166.68;166.68;INSTITUTO NACIONAL DO SEGURO SOCIAL;
582535;;;;;;;;
582540;;;;;;;;
582542;;;;;;;;
582543;;;;;1969;98.45;RETENC. ISS EM LIQUIDAÇÃO;
582544;;;;;1915.3;95.76;RETENC. ISS EM LIQUIDAÇÃO;
582545;;;;;1915.3;95.76;RETENC. ISS EM LIQUIDAÇÃO;
582546;;;;;71.6;3.58;RETENC. ISS EM LIQUIDAÇÃO;
582547;;;;;71.6;3.58;RETENC. ISS EM LIQUIDAÇÃO;
582548;;;;;71.6;3.58;RETENC. ISS EM LIQUIDAÇÃO;
582549;;;;;;;;
582550;;;;;733.9;36.7;RETENC. ISS EM LIQUIDAÇÃO;
582551;;;;;;;;
582552;;;;;948.7;47.44;RETENC. ISS EM LIQUIDAÇÃO;
582553;;;;;268.5;13.42;RETENC. ISS EM LIQUIDAÇÃO;
582554;;;;;;;;
582555;;;;;;;;
582556;;;;;15992.68;191.91;IRRF - GESTAO PLENA - SUS;
582557;;;;;;;;
582558;;;;;71.6;3.58;RETENC. ISS EM LIQUIDAÇÃO;
582559;;;;;179.1;8.96;RETENC. ISS EM LIQUIDAÇÃO;
582560;;;;;258.7;12.94;RETENC. ISS EM LIQUIDAÇÃO;
582561;;;;;;;;
582562;;;;;159.2;7.96;RETENC. ISS EM LIQUIDAÇÃO;
582563;;;;;238.8;11.94;RETENC. ISS EM LIQUIDAÇÃO;
582564;;;;;636.8;31.84;RETENC. ISS EM LIQUIDAÇÃO;
582565;;;;;;;;
582566;;;;;;;;
582567;;;;;;;;
582568;;;;;;;;
582569;;;;;;;;
582571;;;;;;;;
582572;;;;;;;;
582573;;;;;;;;
582574;;;;;;;;
582575;;;;;;;;
582576;;;;;;;;
582578;;;;;;;;
582579;;;;;14000;168;IRRF SOBRE O TRABALHO PRINCIPAL - PJ;
582580;;;;;;;;
582581;;;;;2168.76;109.34;IRRF SOBRE O TRABALHO PRINCIPAL - PJ;
582582;;;;;6690.65;337.34;IRRF SOBRE O TRABALHO PRINCIPAL - PJ;
582583;;;;;;;;
582584;;;;;;;;
582585;;;;;;;;
582586;;;;;;;;
582587;;;;;;;;
582588;;;;;;;;
582589;;;;;;;;
582592;;;;;;;;
582593;;;;;;;;
582594;;;;;;;;
582596;;;;;;;;
582597;;;;;;;;
582599;;;;;900;194;ISS - PMVR;
582599;;;;;900;58.2;IR/PIS/COFINS/CSLL RETIDO N.F;
582601;;;;;2212.5;106.2;IRRF SOBRE O TRABALHO PRINCIPAL - PJ;
582602;;;;;;;;
582603;;;;;265205;3182.46;IRRF SOBRE O TRABALHO PRINCIPAL - PJ;
582604;;;;;;;;
582605;;;;;;;;
582606;;;;;;;;
582607;;;;;;;;
582610;;;;;18;0.71;ISS - PMVR;
582611;;;;;;;;
582614;;;;;363.32;16.42;ISS - PMVR;
582616;;;;;;;;
582617;;;;;;;;
582618;;;;;7260;87.12;HSJB - IRRF RETIDO EM N.F;
582620;;;;;;;;
582621;;;;;;;;
582627;;;;;;;;
582628;;;;;;;;
582629;;;;;;;;
582630;;;;;;;;
582634;;;;;;;;
582635;;;;;;;;
582636;;;;;;;;
582637;;;;;;;;
582638;;;;;;;;
582639;;;;;;;;
582640;;;;;;;;
582641;;;;;;;;
582642;;;;;34841;1742.05;RETENC. ISS EM LIQUIDAÇÃO;
582642;;;;;34841;1672.37;IRRF SOBRE O TRABALHO PRINCIPAL - PJ;
582643;;;;;;;;
582644;;;;;583.85;7.01;HSJB - IRRF RETIDO EM N.F;
582645;;;;;51584.43;2579.22;RETENC. ISS EM LIQUIDAÇÃO;
582645;;;;;51584.43;2476.05;IRRF SOBRE O TRABALHO PRINCIPAL - PJ;
582646;;;;;;;;
582647;;;;;79.8;0.96;IRRF SOBRE O TRABALHO PRINCIPAL - PJ;
582648;;;;;;;;
582649;;;;;;;;
582650;;;;;;;;
582652;;;;;;;;
582653;;;;;;;;
582654;;;;;206.5;2.47;IRRF SOBRE O TRABALHO PRINCIPAL - PJ;
582655;;;;;826;9.91;IRRF SOBRE O TRABALHO PRINCIPAL - PJ;
582657;;;;;413;4.95;IRRF SOBRE O TRABALHO PRINCIPAL - PJ;
582660;;;;;16230.4;194.76;HSJB - IRRF RETIDO EM N.F;
582662;;;;;;;;
582663;;;;;;;;
582664;;;;;;;;
582665;;;;;;;;
582666;;;;;;;;
582668;;;;;;;;
582669;;;;;6972;155.48;ISS - PMVR;
582671;;;;;;;;
582673;;;;;2640;31.68;IRRF SOBRE O TRABALHO PRINCIPAL - PJ;
582674;;;;;4060;90.54;ISS - PMVR;
582675;;;;;11000;132;IRRF SOBRE O TRABALHO PRINCIPAL - PJ;
582676;;;;;2490;124.5;ISS - PMVR;
582677;;;;;;;;
582678;;;;;;;;
582679;;;;;;;;
582680;;;;;;;;
582681;;;;;1258.6;15.1;HSJB - IRRF RETIDO EM N.F;
582683;;;;;134000;1608;IRRF SOBRE O TRABALHO PRINCIPAL - PJ;
582686;;;;;15209.99;182.52;IRRF - FORNECIMENTO DE BENS;
582687;;;;;13657.4;682.87;RETENC. ISS EM LIQUIDAÇÃO;
582688;;;;;;;;
582689;;;;;9880;118.56;HSJB - IRRF RETIDO EM N.F;
582690;;;;;;;;
582691;;;;;;;;
582692;;;;;;;;
582693;;;;;287490;3449.88;IRRF SOBRE O TRABALHO PRINCIPAL - PJ;
582694;;;;;100567.78;5028.39;ISS - FME FUNDEB;
582695;;;;;2890;58.09;ISS - PMVR;
582696;;;;;210;8.11;ISS - PMVR;
582697;;;;;5000;132.5;ISS - PMVR;
582698;;;;;3580.5;42.97;HSJB - IRRF RETIDO EM N.F;
582699;;;;;;;;
582701;;;;;;;;
582702;;;;;;;;
582704;;;;;2640;31.68;HSJB - IRRF RETIDO EM N.F;
582706;;;;;;;;
582707;;;;;;;;
582708;;;;;;;;
582709;;;;;;;;
582710;;;;;;;;
582711;;;;;;;;
582712;;;;;;;;
582713;;;;;;;;
582714;;;;;7744.09;7744.09;INSTITUTO NACIONAL DO SEGURO SOCIAL;
582715;;;;;457.47;457.47;RESTITUICOES ANTECIPACAO DE PAGAMENTO -;
582716;;;;;296762.78;6099.29;ISS - GOV ESTADO  F 193;
582717;;;;;;;;
582718;;;;;;;;
582719;;;;;;;;
582720;;;;;2400;120;RETENC. ISS EM LIQUIDAÇÃO;
582720;;;;;2400;115.2;IRRF SOBRE O TRABALHO PRINCIPAL - PJ;
582721;;;;;230.85;2.77;HSJB - IRRF RETIDO EM N.F;
582722;;;;;390.72;4.69;HSJB - IRRF RETIDO EM N.F;
582724;;;;;365929.4;7318.59;ISS - PMVR;
582724;;;;;365929.4;1280.75;INSS PRESTADORES DE SERVIÇO PJ;
582725;;;;;;;;
582726;;;;;467.08;5.6;HSJB - IRRF RETIDO EM N.F;
582727;;;;;;;;
582728;;;;;;;;
582729;;;;;;;;
582730;;;;;;;;
582731;;;;;;;;
582732;;;;;;;;
582735;;;;;;;;
582736;;;;;;;;
582737;;;;;27435;329.22;IRRF SOBRE O TRABALHO PRINCIPAL - PJ;
582738;;;;;;;;
582739;;;;;;;;
582741;;;;;5739.55;286.98;RETENC. ISS EM LIQUIDAÇÃO;
582742;;;;;17500;875;RETENC. ISS EM LIQUIDAÇÃO;
582744;;;;;;;;
582745;;;;;;;;
582746;;;;;;;;
582747;;;;;;;;
582748;;;;;1689;20.26;IRRF SOBRE O TRABALHO PRINCIPAL - PJ;
582750;;;;;93;1.11;IRRF SOBRE O TRABALHO PRINCIPAL - PJ;
582751;;;;;;;;
582753;;;;;;;;
582755;;;;;;;;
582756;;;;;52975.75;2648.79;RETENC. ISS EM LIQUIDAÇÃO;
582756;;;;;52975.75;2542.84;IRRF SOBRE O TRABALHO PRINCIPAL - PJ;
582758;;;;;69067.97;3453.4;RETENC. ISS EM LIQUIDAÇÃO;
582758;;;;;69067.97;3315.26;IRRF SOBRE O TRABALHO PRINCIPAL - PJ;
582760;;;;;263893.92;13501.36;RETENC. ISS EM LIQUIDAÇÃO;
582760;;;;;263893.92;4050.41;IRRF SOBRE O TRABALHO PRINCIPAL - PJ;
582763;;;;;;;;
582764;;;;;;;;
582765;;;;;54019.9;648.24;IRRF SOBRE O TRABALHO PRINCIPAL - PJ;
582766;;;;;;;;
582767;;;;;;;;
582768;;;;;;;;
582769;;;;;;;;
582770;;;;;;;;
582771;;;;;949;11.39;HSJB - IRRF RETIDO EM N.F;
582772;;;;;;;;
582773;;;;;1000;12;HSJB - IRRF RETIDO EM N.F;
582774;;;;;;;;
582775;;;;;;;;
582776;;;;;16182;194.18;IRRF SOBRE O TRABALHO PRINCIPAL - PJ;
582777;;;;;;;;
582778;;;;;2482.4;29.78;IRRF SOBRE O TRABALHO PRINCIPAL - PJ;
582779;;;;;8125.42;97.5;IRRF SOBRE O TRABALHO PRINCIPAL - PJ;
582780;;;;;;;;
582782;;;;;;;;
582783;;;;;500;6;HSJB - IRRF RETIDO EM N.F;
582784;;;;;;;;
582785;;;;;;;;
582786;;;;;49862.71;49862.71;HSJB - IRRF RETIDO EM N.F;
582787;;;;;;;;
582788;;;;;;;;
582789;;;;;112;5.38;IRRF - PRESTADOR DE SERVIÇOS;
582791;;;;;;;;
582793;;;;;1667.62;20.01;IRRF SOBRE O TRABALHO PRINCIPAL - PJ;
582797;;;;;555.72;6.72;IRRF SOBRE O TRABALHO PRINCIPAL - PJ;
582798;;;;;555.24;6.72;IRRF SOBRE O TRABALHO PRINCIPAL - PJ;
582799;;;;;;;;
582800;;;;;1500;32.7;ISS - PMVR;
582801;;;;;3100;37.2;HSJB - IRRF RETIDO EM N.F;
582802;;;;;;;;
582803;;;;;;;;
582804;;;;;180613.55;9030.68;RETENC. ISS EM LIQUIDAÇÃO;
582805;;;;;202988.94;2445.7;IRRF SOBRE O TRABALHO PRINCIPAL - PJ;
582806;;;;;155911.48;7483.75;IRRF - GESTAO PLENA - SUS;
582808;;;;;80135.93;1969.06;IRRF SOBRE O TRABALHO PRINCIPAL - PJ;
582810;;;;;682935.42;8195.23;IRRF SOBRE O TRABALHO PRINCIPAL - PJ;
582813;;;;;5929.37;71.15;IRRF SOBRE O TRABALHO PRINCIPAL - PJ;
582815;;;;;;;;
582817;;;;;30640;367.68;HSJB - IRRF RETIDO EM N.F;
582818;;;;;;;;
582820;;;;;;;;
582822;;;;;;;;
582827;;;;;;;;
582828;;;;;;;;
582829;;;;;;;;
582830;;;;;;;;
582835;;;;;270;3.24;HSJB - IRRF RETIDO EM N.F;
582840;;;;;;;;
582841;;;;;;;;
582845;;;;;1370.39;16.44;HSJB - IRRF RETIDO EM N.F;
582847;;;;;3286.83;39.44;HSJB - IRRF RETIDO EM N.F;
582848;;;;;;;;
582850;;;;;;;;
582852;;;;;3733.62;44.8;HSJB - IRRF RETIDO EM N.F;
582853;;;;;3100;99.2;RETENC. ISS EM LIQUIDAÇÃO;
582856;;;;;26666.66;1333.33;RETENC. ISS EM LIQUIDAÇÃO;
582856;;;;;26666.66;1026.66;INSS - PREST. SERV. PROPRIO;
582856;;;;;26666.66;1279.99;IRRF SOBRE O TRABALHO PRINCIPAL - PJ;
582857;;;;;;;;
582858;;;;;26666.66;1333.33;RETENC. ISS EM LIQUIDAÇÃO;
582858;;;;;26666.66;1026.66;INSS - PREST. SERV. PROPRIO;
582858;;;;;26666.66;1279.99;IRRF SOBRE O TRABALHO PRINCIPAL - PJ;
582859;;;;;1473.08;17.67;HSJB - IRRF RETIDO EM N.F;
582860;;;;;;;;
582863;;;;;955.43;11.47;HSJB - IRRF RETIDO EM N.F;
582865;;;;;1400;16.8;HSJB - IRRF RETIDO EM N.F;
582870;;;;;;;;
582871;;;;;;;;
582872;;;;;;;;
582873;;;;;;;;
582874;;;;;;;;
582875;;;;;;;;
582876;;;;;24381.24;292.57;IR/PIS/COFINS/CSLL RETIDO N.F;
582877;;;;;6438.64;77.26;IR/PIS/COFINS/CSLL RETIDO N.F;
582878;;;;;5024;60.29;IR/PIS/COFINS/CSLL RETIDO N.F;
582885;;;;;;;;
582886;;;;;;;;
582887;;;;;;;;
582889;;;;;;;;
582892;;;;;;;;
582893;;;;;;;;
582894;;;;;;;;
582895;;;;;;;;
582896;;;;;;;;
582897;;;;;;;;
582898;;;;;;;;
582899;;;;;1878.95;22.56;HSJB - IRRF RETIDO EM N.F;
582900;;;;;549.93;6.6;HSJB - IRRF RETIDO EM N.F;
582901;;;;;1688.8;20.27;HSJB - IRRF RETIDO EM N.F;
582903;;;;;11723.54;562.73;IRRF - PRESTADOR DE SERVIÇOS;
582904;;;;;6725.81;322.84;IRRF - PRESTADOR DE SERVIÇOS;
582905;;;;;;;;
582906;;;;;20363.67;244.36;IRRF - FME;
582907;;;;;696.75;8.36;HSJB - IRRF RETIDO EM N.F;
582908;;;;;1688.8;20.27;HSJB - IRRF RETIDO EM N.F;
582909;;;;;1688.8;20.28;HSJB - IRRF RETIDO EM N.F;
582910;;;;;1688.8;20.28;HSJB - IRRF RETIDO EM N.F;
582911;;;;;;;;
582912;;;;;;;;
582913;;;;;1688.8;20.26;HSJB - IRRF RETIDO EM N.F;
582914;;;;;;;;
582915;;;;;;;;
582916;;;;;1688.8;20.27;HSJB - IRRF RETIDO EM N.F;
582917;;;;;;;;
582918;;;;;8868.56;291.97;ISS - FME;
582918;;;;;8868.56;116.79;IRRF - FME;
582920;;;;;;;;
582921;;;;;;;;
582922;;;;;;;;
582925;;;;;1688.8;20.26;HSJB - IRRF RETIDO EM N.F;
582929;;;;;1370.39;16.44;HSJB - IRRF RETIDO EM N.F;
582933;;;;;;;;
582934;;;;;;;;
582935;;;;;;;;
582936;;;;;;;;
582937;;;;;;;;
582938;;;;;;;;
582939;;;;;;;;
582940;;;;;;;;
582946;;;;;;;;
582953;;;;;;;;
582954;;;;;;;;
582955;;;;;25345.7;304.14;IRRF - FORNECIMENTO DE BENS;
582956;;;;;;;;
582958;;;;;;;;
582959;;;;;;;;
582960;;;;;;;;
582962;;;;;;;;
582963;;;;;14432.17;14432.17;INSTITUTO NACIONAL DO SEGURO SOCIAL;
582964;;;;;524.28;524.28;RESTITUICOES ANTECIPACAO DE PAGAMENTO -;
582966;;;;;210073.2;7872.09;ISS - GOV ESTADO  F 193;
582968;;;;;;;;
582976;;;;;277.2;277.2;INSTITUTO NACIONAL DO SEGURO SOCIAL;
582977;;;;;12322.8;441;ISS - GESTAO PLENA;
582980;;;;;;;;
582981;;;;;;;;
582982;;;;;;;;
582984;;;;;;;;
582990;;;;;55149.25;661.79;HSJB - IRRF RETIDO EM N.F;
582993;;;;;;;;
582994;;;;;;;;
582996;;;;;;;;
582999;;;;;;;;
583003;;;;;;;;
583006;;;;;;;;
583007;;;;;;;;
583010;;;;;;;;
583012;;;;;;;;
583013;;;;;;;;
583014;;;;;;;;
583015;;;;;;;;
583016;;;;;;;;
583017;;;;;;;;
583018;;;;;;;;
583019;;;;;1320;47.44;ISS - PMVR;
583020;;;;;;;;
583026;;;;;28350;994.43;RETENC. ISS EM LIQUIDAÇÃO;
583027;;;;;;;;
583028;;;;;;;;
583035;;;;;;;;
583036;;;;;;;;
583037;;;;;;;;
583040;;;;;;;;
583041;;;;;;;;
583042;;;;;;;;
583043;;;;;;;;
583044;;;;;;;;
583045;;;;;;;;
583046;;;;;1256894.83;266602.67;IRRF - TRABALHO PRINCIPAL PF PMVR;
583046;;;;;1256894.83;85984.84;INSTITUTO NACIONAL DO SEGURO SOCIAL;
583050;;;;;;;;
583052;;;;;4611.2;305.42;IRRF SOBRE O TRABALHO PRINCIPAL - PJ;
583054;;;;;;;;
583055;;;;;;;;
583057;;;;;30662.7;1471.8;IRRF SOBRE O TRABALHO PRINCIPAL - PJ;
583058;;;;;6363.1;305.42;IRRF SOBRE O TRABALHO PRINCIPAL - PJ;
583059;;;;;30662.7;1471.8;IRRF SOBRE O TRABALHO PRINCIPAL - PJ;
583062;;;;;;;;
583063;;;;;11670;140.04;HSJB - IRRF RETIDO EM N.F;
583064;;;;;1500;18;HSJB - IRRF RETIDO EM N.F;
583064;;;;;1500;30;HSJB - ISS - PMVR;
583067;;;;;133280;6397.44;IRRF - GESTAO PLENA - SUS;
583068;;;;;;;;
583069;;;;;440;5.28;HSJB - IRRF RETIDO EM N.F;
583069;;;;;440;8.8;HSJB - ISS - PMVR;
583072;;;;;;;;
583073;;;;;;;;
583074;;;;;;;;
583075;;;;;;;;
583076;;;;;;;;
583077;;;;;;;;
583081;;;;;;;;
583083;;;;;;;;
583085;;;;;1560;18.72;HSJB - IRRF RETIDO EM N.F;
583086;;;;;;;;
583095;;;;;;;;
583096;;;;;;;;
583103;;;;;;;;
583110;;;;;;;;
583114;;;;;;;;
583122;;;;;;;;
583123;;;;;;;;
583124;;;;;;;;
583125;;;;;;;;
583126;;;;;;;;
583127;;;;;;;;
583128;;;;;;;;
583129;;;;;;;;
583130;;;;;;;;
583132;;;;;;;;
583134;;;;;;;;
583135;;;;;;;;
583137;;;;;10400;124.8;HSJB - IRRF RETIDO EM N.F;
583138;;;;;;;;
583139;;;;;;;;
583141;;;;;;;;
583144;;;;;658;7.9;HSJB - IRRF RETIDO EM N.F;
583145;;;;;;;;
583146;;;;;;;;
583147;;;;;2400;28.8;HSJB - IRRF RETIDO EM N.F;
583149;;;;;;;;
583152;;;;;;;;
583154;;;;;;;;
583164;;;;;;;;
583170;;;;;;;;
583171;;;;;;;;
583173;;;;;;;;
583176;;;;;;;;
583178;;;;;;;;
583181;;;;;4166.11;49.99;HSJB - IRRF RETIDO EM N.F;
583181;;;;;4166.11;83.32;HSJB - ISS - PMVR;
583182;;;;;;;;
583191;;;;;750;9;HSJB - IRRF RETIDO EM N.F;
583191;;;;;750;15;HSJB - ISS - PMVR;
583192;;;;;;;;
583199;;;;;;;;
583215;;;;;;;;
583218;;;;;;;;
583225;;;;;2880;25.92;IRRF - PJ PRESTADOR DE SERVIÇOS;
583230;;;;;17071;204.85;HSJB - IRRF RETIDO EM N.F;
583235;;;;;2300;27.6;HSJB - IRRF RETIDO EM N.F;
583236;;;;;;;;
583238;;;;;2300;27.6;HSJB - IRRF RETIDO EM N.F;
583241;;;;;2300;27.6;HSJB - IRRF RETIDO EM N.F;
583242;;;;;2300;27.6;HSJB - IRRF RETIDO EM N.F;
583243;;;;;2300;27.6;HSJB - IRRF RETIDO EM N.F;
583246;;;;;47584.8;2379.24;RETENC. ISS EM LIQUIDAÇÃO;
583253;;;;;;;;
583255;;;;;;;;
583257;;;;;;;;
583259;;;;;;;;
583261;;;;;;;;
583262;;;;;;;;
583263;;;;;333.9;16.15;HSJB - ISS - PMVR;
583264;;;;;105358.45;5267.93;ISS - PMVR;
583264;;;;;105358.45;11589.35;INSTITUTO NACIONAL DO SEGURO SOCIAL;
583265;;;;;540436.58;27968.61;ISS - PMVR;
583265;;;;;540436.58;88420.99;INSTITUTO NACIONAL DO SEGURO SOCIAL;
583265;;;;;540436.58;302.6;PENSÃO ALIMENTICIA;
583266;;;;;;;;
583267;;;;;;;;
583269;;;;;1195043.36;1195043.36;IRRF - PMVR;
583270;;;;;;;;
583273;;;;;;;;
583274;;;;;;;;
583277;;;;;660739.94;660739.94;INSTITUTO NACIONAL DO SEGURO SOCIAL;
583278;;;;;;;;
583279;;;;;6518.92;312.9;IR/PIS/COFINS/CSLL RETIDO N.F;
583282;;;;;;;;
583283;;;;;;;;
583290;;;;;;;;
583295;;;;;820;16.4;ISS - PMVR;
583295;;;;;820;9.84;HSJB - IRRF RETIDO EM N.F;
583297;;;;;;;;
583305;;;;;;;;
583307;;;;;;;;
583309;;;;;;;;
583311;;;;;;;;
583313;;;;;;;;
583314;;;;;1553.72;18.64;HSJB - IRRF RETIDO EM N.F;
583315;;;;;;;;
583319;;;;;;;;
583320;;;;;;;;
583322;;;;;817.39;9.81;HSJB - IRRF RETIDO EM N.F;
583323;;;;;5201.55;249.67;HSJB - IRRF RETIDO EM N.F;
583324;;;;;;;;
583325;;;;;29348;352.18;HSJB - IRRF RETIDO EM N.F;
583326;;;;;;;;
583327;;;;;;;;
583328;;;;;;;;
583329;;;;;;;;
583330;;;;;41987.02;503.84;HSJB - IRRF RETIDO EM N.F;
583331;;;;;;;;
583332;;;;;;;;
583333;;;;;;;;
583334;;;;;;;;
583335;;;;;;;;
583336;;;;;;;;
583337;;;;;;;;
583338;;;;;;;;
583339;;;;;;;;
583340;;;;;;;;
583341;;;;;2988;35.86;HSJB - IRRF RETIDO EM N.F;
583342;;;;;;;;
583343;;;;;;;;
583344;;;;;;;;
583345;;;;;;;;
583346;;;;;;;;
583347;;;;;;;;
583348;;;;;;;;
583349;;;;;;;;
583350;;;;;;;;
583351;;;;;;;;
583352;;;;;;;;
583353;;;;;;;;
583354;;;;;;;;
583355;;;;;40690;488.28;HSJB - IRRF RETIDO EM N.F;
583356;;;;;;;;
583357;;;;;;;;
583358;;;;;;;;
583359;;;;;;;;
583360;;;;;;;;
583361;;;;;;;;
583362;;;;;;;;
583363;;;;;;;;
583364;;;;;;;;
583365;;;;;;;;
583366;;;;;;;;
583367;;;;;;;;
583368;;;;;;;;
583369;;;;;;;;
583370;;;;;;;;
583373;;;;;;;;
583374;;;;;;;;
583375;;;;;;;;
583378;;;;;;;;
583379;;;;;;;;
583381;;;;;2120;101.76;IRRF - PJ PRESTADOR DE SERVIÇOS;
583382;;;;;215000;10750;RETENC. ISS EM LIQUIDAÇÃO;
583382;;;;;215000;16555;INSS - PREST. SERV. PROPRIO;
583382;;;;;215000;2580;IRRF SOBRE O TRABALHO PRINCIPAL - PJ;
583384;;;;;;;;
583385;;;;;16712.8;200.55;HSJB - IRRF RETIDO EM N.F;
583386;;;;;;;;
583390;;;;;;;;
583391;;;;;524.7;6.3;HSJB - IRRF RETIDO EM N.F;
583394;;;;;2600;286;INSTITUTO NACIONAL DO SEGURO SOCIAL;
583396;;;;;2600;286;INSTITUTO NACIONAL DO SEGURO SOCIAL;
583397;;;;;;;;
583398;;;;;92;1.1;HSJB - IRRF RETIDO EM N.F;
583399;;;;;48888.7;399.99;EMPRESTIMO PIC PAY - F 1501;
583401;;;;;3250;357.5;INSTITUTO NACIONAL DO SEGURO SOCIAL;
583401;;;;;3250;39.71;IRRF - PMVR;
583402;;;;;;;;
583403;;;;;;;;
583406;;;;;56700;680.4;HSJB - IRRF RETIDO EM N.F;
583409;;;;;;;;
583412;;;;;;;;
583415;;;;;;;;
583416;;;;;4550;500.5;INSTITUTO NACIONAL DO SEGURO SOCIAL;
583416;;;;;4550;235.64;IRRF - PMVR;
583417;;;;;;;;
583418;;;;;;;;
583419;;;;;;;;
583420;;;;;640;7.68;HSJB - IRRF RETIDO EM N.F;
583421;;;;;;;;
583422;;;;;7450;89.4;HSJB - IRRF RETIDO EM N.F;
583424;;;;;640;7.68;HSJB - IRRF RETIDO EM N.F;
583425;;;;;;;;
583426;;;;;640;7.68;HSJB - IRRF RETIDO EM N.F;
583427;;;;;;;;
583430;;;;;640;7.68;HSJB - IRRF RETIDO EM N.F;
583431;;;;;;;;
583432;;;;;2840;34.08;HSJB - IRRF RETIDO EM N.F;
583433;;;;;;;;
583434;;;;;2630;31.56;HSJB - IRRF RETIDO EM N.F;
583435;;;;;;;;
583437;;;;;;;;
583438;;;;;2840;34.08;HSJB - IRRF RETIDO EM N.F;
583440;;;;;;;;
583441;;;;;1340;16.08;HSJB - IRRF RETIDO EM N.F;
583442;;;;;640;7.68;HSJB - IRRF RETIDO EM N.F;
583443;;;;;;;;
583445;;;;;5037.38;5037.38;INSTITUTO NACIONAL DO SEGURO SOCIAL;
583446;;;;;147610.54;2289.72;IRRF - PMVR;
583446;;;;;147610.54;2747.66;ISS - PMVR;
583447;;;;;640;7.68;HSJB - IRRF RETIDO EM N.F;
583448;;;;;640;7.68;HSJB - IRRF RETIDO EM N.F;
583449;;;;;400.76;4.81;HSJB - IRRF RETIDO EM N.F;
583455;;;;;3569.45;42.83;HSJB - IRRF RETIDO EM N.F;
583456;;;;;;;;
583458;;;;;;;;
583463;;;;;640;7.68;HSJB - IRRF RETIDO EM N.F;
583464;;;;;119.28;1.43;HSJB - IRRF RETIDO EM N.F;
583465;;;;;640;7.68;HSJB - IRRF RETIDO EM N.F;
583466;;;;;;;;
583468;;;;;640;7.68;HSJB - IRRF RETIDO EM N.F;
583472;;;;;1340;16.08;HSJB - IRRF RETIDO EM N.F;
583474;;;;;2772.63;33.28;HSJB - IRRF RETIDO EM N.F;
583476;;;;;;;;
583477;;;;;;;;
583480;;;;;;;;
583481;;;;;640;7.68;HSJB - IRRF RETIDO EM N.F;
583485;;;;;640;7.68;HSJB - IRRF RETIDO EM N.F;
583488;;;;;2740;32.88;HSJB - IRRF RETIDO EM N.F;
583490;;;;;;;;
583491;;;;;2640;31.68;HSJB - IRRF RETIDO EM N.F;
583493;;;;;;;;
583497;;;;;3440;41.28;HSJB - IRRF RETIDO EM N.F;
583498;;;;;;;;
583500;;;;;;;;
583502;;;;;;;;
583503;;;;;640;7.68;HSJB - IRRF RETIDO EM N.F;
583504;;;;;;;;
583506;;;;;640;7.68;HSJB - IRRF RETIDO EM N.F;
583507;;;;;22958;5298;IRRF - GESTAO PLENA - SUS;
583507;;;;;22958;17660;ISS - GESTAO PLENA;
583511;;;;;;;;
583512;;;;;;;;
583514;;;;;700;8.4;HSJB - IRRF RETIDO EM N.F;
583515;;;;;;;;
583516;;;;;16740;351.54;ISS - GESTAO PLENA;
583522;;;;;;;;
583526;;;;;535442.79;6425.31;HSJB - IRRF RETIDO EM N.F;
583527;;;;;;;;
583530;;;;;;;;
583532;;;;;;;;
583533;;;;;;;;
583534;;;;;;;;
583543;;;;;;;;
583551;;;;;;;;
583556;;;;;8700;104.4;HSJB - IRRF RETIDO EM N.F;
583557;;;;;;;;
583558;;;;;;;;
583559;;;;;;;;
583560;;;;;449053.07;24220.81;RETENC. ISS EM LIQUIDAÇÃO;
583560;;;;;449053.07;18650.02;INSS - PREST. SERV. PROPRIO;
583560;;;;;449053.07;5388.63;IRRF SOBRE O TRABALHO PRINCIPAL - PJ;
583561;;;;;;;;
583562;;;;;15000;403.05;ISS - PMVR;
583564;;;;;31384.32;1569.22;RETENC. ISS EM LIQUIDAÇÃO;
583564;;;;;31384.32;1208.3;INSS - PREST. SERV. PROPRIO;
583564;;;;;31384.32;1506.45;IRRF SOBRE O TRABALHO PRINCIPAL - PJ;
583565;;;;;;;;
583566;;;;;;;;
583574;;;;;2734.98;54.97;ISS - PMVR;
583575;;;;;;;;
583576;;;;;;;;
583577;;;;;2465;93.26;ISS - GESTAO PLENA;
583578;;;;;;;;
583579;;;;;;;;
583580;;;;;;;;
583583;;;;;;;;
583585;;;;;;;;
583586;;;;;;;;
583587;;;;;;;;
583588;;;;;1440;220;ISS - PMVR;
583588;;;;;1440;66;IR/PIS/COFINS/CSLL RETIDO N.F;
583589;;;;;;;;
583590;;;;;;;;
583591;;;;;;;;
583592;;;;;;;;
583593;;;;;;;;
583595;;;;;12591;151.09;HSJB - IRRF RETIDO EM N.F;
583598;;;;;6231;125.24;ISS - PMVR;
583602;;;;;43533.46;767.71;IRRF - SALARIO EDUCAÇÃO;
583603;;;;;;;;
583604;;;;;;;;
583613;;;;;;;;
583615;;;;;;;;
583620;;;;;;;;
583621;;;;;;;;
583622;;;;;;;;
583623;;;;;;;;
583624;;;;;67200;2688;ISS - FME;
583626;;;;;;;;
583627;;;;;500;6;HSJB - IRRF RETIDO EM N.F;
583630;;;;;;;;
583631;;;;;;;;
583633;;;;;;;;
583634;;;;;;;;
583635;;;;;;;;
583646;;;;;;;;
583648;;;;;;;;
583651;;;;;;;;
583653;;;;;;;;
583655;;;;;;;;
583656;;;;;;;;
583657;;;;;4800;73.23;IRRF - GESTAO PLENA - SUS;
583657;;;;;4800;305.14;ISS - GESTAO PLENA;
583668;;;;;;;;
583669;;;;;;;;
583672;;;;;11547.44;173.21;HSJB - IRRF RETIDO EM N.F;
583673;;;;;;;;
583675;;;;;5874.12;70.49;IRRF - GESTAO PLENA - SUS;
583678;;;;;;;;
583679;;;;;;;;
583680;;;;;;;;
583687;;;;;;;;
583688;;;;;;;;
583690;;;;;18992.64;227.91;HSJB - IRRF RETIDO EM N.F;
583692;;;;;;;;
583696;;;;;;;;
583697;;;;;;;;
583698;;;;;;;;
583700;;;;;;;;
583702;;;;;;;;
583704;;;;;;;;
583705;;;;;;;;
583707;;;;;;;;
583708;;;;;;;;
583709;;;;;;;;
583710;;;;;;;;
583712;;;;;;;;
583714;;;;;;;;
583716;;;;;;;;
583717;;;;;;;;
583726;;;;;;;;
583727;;;;;;;;
583730;;;;;;;;
583733;;;;;;;;
583734;;;;;;;;
583740;;;;;;;;
583770;;;;;;;;
583771;;;;;;;;
583772;;;;;2557.5;30.69;HSJB - IRRF RETIDO EM N.F;
583774;;;;;;;;
583775;;;;;;;;
583776;;;;;;;;
583777;;;;;;;;
583778;;;;;;;;
583779;;;;;;;;
583780;;;;;1428.23;33.47;IRRF - PRESTADOR DE SERVIÇOS;
583781;;;;;;;;
583782;;;;;10220;490.56;IRRF - PMVR;
583784;;;;;;;;
583787;;;;;;;;
583795;;;;;66500;798;HSJB - IRRF RETIDO EM N.F;
583796;;;;;;;;
583797;;;;;;;;
583799;;;;;140;1.68;IRRF - FME FUNDEB;
583800;;;;;590.64;7.08;IRRF - FME FUNDEB;
583801;;;;;1990.58;99.53;ISS - FME FUNDEB;
583801;;;;;1990.58;218.96;INSS PESSOA JURIDICA - FUNDEB;
583801;;;;;1990.58;95.55;IRRF - FME FUNDEB;
583802;;;;;;;;
583803;;;;;;;;
583804;;;;;;;;
583805;;;;;2167.25;108.36;ISS - FME FUNDEB;
583805;;;;;2167.25;238.4;INSS PESSOA JURIDICA - FUNDEB;
583805;;;;;2167.25;104.03;IRRF - FME FUNDEB;
583806;;;;;900;99;INSS - FOLHA PAGTO;
583807;;;;;;;;
583808;;;;;1380;151.8;INSS - FOLHA PAGTO;
583810;;;;;;;;
583811;;;;;;;;
583812;;;;;;;;
583813;;;;;;;;
583814;;;;;;;;
583815;;;;;;;;
583818;;;;;;;;
583820;;;;;18150;217.8;IR/PIS/COFINS/CSLL RETIDO N.F;
583821;;;;;;;;
583822;;;;;;;;
583824;;;;;;;;
583825;;;;;;;;
583826;;;;;;;;
583828;;;;;;;;
583829;;;;;;;;
583830;;;;;28770;1009.16;RETENC. ISS EM LIQUIDAÇÃO;
583831;;;;;;;;
583832;;;;;;;;
583834;;;;;;;;
583835;;;;;;;;
583836;;;;;;;;
583837;;;;;;;;
583839;;;;;1116.3;54.46;IRRF - GESTAO PLENA - SUS;
583840;;;;;;;;
583841;;;;;;;;
583844;;;;;750;15.38;ISS - PMVR;
583847;;;;;116227.56;1743.41;IRRF - GESTAO PLENA - SUS;
583850;;;;;;;;
583851;;;;;480000;5760;IRRF SOBRE O TRABALHO PRINCIPAL - PJ;
583852;;;;;900;99;INSS - FOLHA PAGTO;
583855;;;;;480000;5760;IRRF SOBRE O TRABALHO PRINCIPAL - PJ;
583857;;;;;;;;
583858;;;;;900;99;INSS - FOLHA PAGTO;
583860;;;;;13659.77;186.62;HSJB - IRRF RETIDO EM N.F;
583863;;;;;900;99;INSS - FOLHA PAGTO;
583866;;;;;13870;665.76;IRRF - PMVR;
583868;;;;;900;99;INSS - FOLHA PAGTO;
583874;;;;;7071.39;565.61;INSTITUTO NACIONAL DO SEGURO SOCIAL;
583875;;;;;14600;700.8;IRRF - PMVR;
583887;;;;;1387.25;16.65;HSJB - IRRF RETIDO EM N.F;
583891;;;;;;;;
583893;;;;;195.36;2.34;HSJB - IRRF RETIDO EM N.F;
583896;;;;;1050.93;12.61;HSJB - IRRF RETIDO EM N.F;
583907;;;;;24546.6;294.55;IRRF - FORNECIMENTO DE BENS;
583908;;;;;24765;297.18;IRRF - FORNECIMENTO DE BENS;
583909;;;;;24765;297.18;IRRF - FORNECIMENTO DE BENS;
583913;;;;;;;;
583918;;;;;32850;394.2;HSJB - IRRF RETIDO EM N.F;
583920;;;;;20072.17;802.89;ISS - SALARIO EDUCACAO;
583923;;;;;3960.6;59.41;IRRF - PMVR;
583925;;;;;;;;
583926;;;;;363663.66;4363.96;IRRF - FORNECIMENTO DE BENS;
583928;;;;;107108.52;5355.43;ISS - FME FUNDEB;
583931;;;;;;;;
583932;;;;;;;;
583933;;;;;;;;
583934;;;;;122193.61;1466.32;HSJB - IRRF RETIDO EM N.F;
583935;;;;;;;;
583936;;;;;;;;
583937;;;;;;;;
583938;;;;;;;;
583939;;;;;;;;
583940;;;;;;;;
583941;;;;;;;;
583942;;;;;;;;
583943;;;;;687;8.24;HSJB - IRRF RETIDO EM N.F;
583944;;;;;4193.94;167.75;ISS - GESTAO PLENA;
583945;;;;;2369.3;35.54;IRRF - GESTAO PLENA - SUS;
583945;;;;;2369.3;118.46;ISS - GESTAO PLENA;
583946;;;;;;;;
583947;;;;;;;;
583948;;;;;;;;
583949;;;;;;;;
583950;;;;;;;;
583951;;;;;17535.86;683.89;ISS - GESTAO PLENA;
583952;;;;;;;;
583953;;;;;;;;
583954;;;;;;;;
583955;;;;;320.4;3.84;IR/PIS/COFINS/CSLL RETIDO N.F;
583956;;;;;2753.6;33.04;IR/PIS/COFINS/CSLL RETIDO N.F;
583957;;;;;4710;56.52;HSJB - IRRF RETIDO EM N.F;
583958;;;;;;;;
583959;;;;;881;10.57;IR/PIS/COFINS/CSLL RETIDO N.F;
583960;;;;;;;;
583961;;;;;;;;
583962;;;;;1597.9;19.17;IRRF - GESTAO PLENA - SUS;
583962;;;;;1597.9;79.9;ISS - GESTAO PLENA;
583963;;;;;36250;435;HSJB - IRRF RETIDO EM N.F;
583964;;;;;43322.68;649.84;IRRF - GESTAO PLENA - SUS;
583964;;;;;43322.68;2166.14;ISS - GESTAO PLENA;
583965;;;;;;;;
583966;;;;;;;;
583967;;;;;4200;67.2;IRRF - GESTAO PLENA - SUS;
583967;;;;;4200;280;ISS - GESTAO PLENA;
583968;;;;;17553.41;210.64;IRRF - GESTAO PLENA - SUS;
583968;;;;;17553.41;877.67;ISS - GESTAO PLENA;
583969;;;;;;;;
583970;;;;;29074.05;1453.7;ISS - GOV ESTADO  F 193;
583970;;;;;29074.05;436.11;IRRF - GOV ESTADO - F 193;
583971;;;;;9424;113.08;IRRF - GESTAO PLENA - SUS;
583971;;;;;9424;471.2;ISS - GESTAO PLENA;
583972;;;;;;;;
583974;;;;;;;;
583975;;;;;12790;153.48;IRRF - GESTAO PLENA - SUS;
583975;;;;;12790;639.5;ISS - GESTAO PLENA;
583976;;;;;;;;
583980;;;;;62398.8;1254.22;ISS - PMVR;
583984;;;;;;;;
583993;;;;;;;;
583995;;;;;2697.51;32.37;HSJB - IRRF RETIDO EM N.F;
583998;;;;;2868.57;34.42;HSJB - IRRF RETIDO EM N.F;
583999;;;;;;;;
584000;;;;;;;;
584002;;;;;2697.51;32.37;HSJB - IRRF RETIDO EM N.F;
584003;;;;;2697.51;32.37;HSJB - IRRF RETIDO EM N.F;
584004;;;;;;;;
584007;;;;;;;;
584008;;;;;436.86;17.47;ISS - PMVR;
584008;;;;;436.86;20.97;IRRF - PRESTADOR DE SERVIÇOS;
584010;;;;;;;;
584011;;;;;;;;
584012;;;;;;;;
584013;;;;;5751;69.01;HSJB - IRRF RETIDO EM N.F;
584014;;;;;;;;
584015;;;;;;;;
584017;;;;;;;;
584018;;;;;;;;
584019;;;;;;;;
584020;;;;;;;;
584022;;;;;;;;
584023;;;;;;;;
584026;;;;;5040;187.49;ISS - GESTAO PLENA;
584027;;;;;;;;
584030;;;;;19170;536.76;ISS - GESTAO PLENA;
584037;;;;;1400;31.5;IRRF - GESTAO PLENA - SUS;
584037;;;;;1400;42;ISS - GESTAO PLENA;
584042;;;;;;;;
584045;;;;;16381.63;343.36;HSJB - IRRF RETIDO EM N.F;
584047;;;;;249;3.73;IRRF - GESTAO PLENA - SUS;
584047;;;;;249;12.45;ISS - GESTAO PLENA;
584048;;;;;39285;471.42;IRRF - FORNECIMENTO DE BENS;
584049;;;;;7000;105;IRRF - PMVR;
584049;;;;;7000;140;ISS - GESTAO PLENA;
584050;;;;;39285;471.42;IRRF - FORNECIMENTO DE BENS;
584055;;;;;627;7.52;HSJB - IRRF RETIDO EM N.F;
584056;;;;;;;;
584057;;;;;;;;
584059;;;;;;;;
584060;;;;;62.7;0.75;HSJB - IRRF RETIDO EM N.F;
584062;;;;;14750.54;581.59;IRRF - GESTAO PLENA - SUS;
584062;;;;;14750.54;969.32;ISS - GESTAO PLENA;
584063;;;;;;;;
584064;;;;;62.7;0.75;HSJB - IRRF RETIDO EM N.F;
584065;;;;;;;;
584066;;;;;;;;
584067;;;;;10556.9;288.87;IRRF - GESTAO PLENA - SUS;
584067;;;;;10556.9;1203.64;ISS - GESTAO PLENA;
584068;;;;;85.5;1.03;HSJB - IRRF RETIDO EM N.F;
584069;;;;;13234;448.34;ISS - GESTAO PLENA;
584070;;;;;;;;
584071;;;;;19240;232.08;IRRF - GESTAO PLENA - SUS;
584071;;;;;19240;386.8;ISS - GESTAO PLENA;
584080;;;;;24476.76;293.72;HSJB - IRRF RETIDO EM N.F;
584081;;;;;9798.6;156.51;IRRF - GESTAO PLENA - SUS;
584081;;;;;9798.6;521.68;ISS - GESTAO PLENA;
584083;;;;;;;;
584087;;;;;;;;
584088;;;;;3718;55.77;IRRF - GESTAO PLENA - SUS;
584088;;;;;3718;185.9;ISS - GESTAO PLENA;
584105;;;;;7425;385.03;ISS - GESTAO PLENA;
584107;;;;;;;;
584108;;;;;10005;150.07;IRRF - GESTAO PLENA - SUS;
584108;;;;;10005;200.1;ISS - GESTAO PLENA;
584109;;;;;20340;427.14;ISS - GESTAO PLENA;
584112;;;;;50689.95;2433.12;IRRF - PRESTADOR DE SERVIÇOS;
584113;;;;;;;;
584115;;;;;;;;
584116;;;;;5760;75.6;IRRF - GESTAO PLENA - SUS;
584116;;;;;5760;126;ISS - GESTAO PLENA;
584117;;;;;;;;
584120;;;;;;;;
584122;;;;;;;;
584136;;;;;;;;
584144;;;;;;;;
584145;;;;;;;;
584152;;;;;23100;1541.25;IRRF - GESTAO PLENA - SUS;
584152;;;;;23100;5137.5;ISS - GESTAO PLENA;
584154;;;;;;;;
584156;;;;;;;;
584162;;;;;159713.12;1918.53;IRRF SOBRE O TRABALHO PRINCIPAL - PJ;
584163;;;;;;;;
584164;;;;;79655.82;3982.79;RETENC. ISS EM LIQUIDAÇÃO;
584165;;;;;;;;
584166;;;;;301431.58;6028.63;RETENC. ISS EM LIQUIDAÇÃO;
584166;;;;;301431.58;7468.15;INSS - PREST. SERV. PROPRIO;
584167;;;;;100567.77;5028.39;ISS - FME FUNDEB;
584168;;;;;;;;
584169;;;;;1702473.81;85123.69;RETENC. ISS EM LIQUIDAÇÃO;
584169;;;;;1702473.81;59586.58;INSS - PREST. SERV. PROPRIO;
584169;;;;;1702473.81;81718.74;IRRF SOBRE O TRABALHO PRINCIPAL - PJ;
584170;;;;;44930;693.62;IRRF - GESTAO PLENA - SUS;
584170;;;;;44930;2312.05;ISS - GESTAO PLENA;
584171;;;;;43451.1;1695.9;ISS - GESTAO PLENA;
584172;;;;;;;;
584173;;;;;;;;
584174;;;;;;;;
584175;;;;;7000;105;IRRF - GESTAO PLENA - SUS;
584175;;;;;7000;350;ISS - GESTAO PLENA;
584178;;;;;;;;
584179;;;;;15783.84;200.21;IRRF - GESTAO PLENA - SUS;
584179;;;;;15783.84;834.19;ISS - GESTAO PLENA;
584180;;;;;1400;16.8;HSJB - IRRF RETIDO EM N.F;
584182;;;;;;;;
584183;;;;;425;21.25;RETENCAO RELATIVA AO ISS  ROYALTES PETRO;
584183;;;;;425;5.09;RETENCAO RELATIVA IRRF  ROYALTIES PETROL;
584186;;;;;13493.23;161.96;HSJB - IRRF RETIDO EM N.F;
584188;;;;;89.3;4.46;RETENCAO RELATIVA AO ISS  ROYALTES PETRO;
584188;;;;;89.3;1.07;RETENCAO RELATIVA IRRF  ROYALTIES PETROL;
584189;;;;;;;;
584190;;;;;9000;108;HSJB - IRRF RETIDO EM N.F;
584191;;;;;358.19;4.29;RETENCAO RELATIVA IRRF  ROYALTIES PETROL;
584193;;;;;5839.22;70.07;HSJB - IRRF RETIDO EM N.F;
584194;;;;;415.4;4.98;RETENCAO RELATIVA IRRF  ROYALTIES PETROL;
584195;;;;;12280;203.31;IRRF - GESTAO PLENA - SUS;
584195;;;;;12280;677.7;ISS - GESTAO PLENA;
584197;;;;;;;;
584198;;;;;110550.6;1447.14;IRRF - GESTAO PLENA - SUS;
584198;;;;;110550.6;6029.77;ISS - GESTAO PLENA;
584199;;;;;700;10.86;IRRF - GESTAO PLENA - SUS;
584199;;;;;700;45.24;ISS - GESTAO PLENA;
584200;;;;;;;;
584201;;;;;;;;
584202;;;;;;;;
584203;;;;;2208.8;33.53;IRRF - GESTAO PLENA - SUS;
584203;;;;;2208.8;139.72;ISS - GESTAO PLENA;
584205;;;;;4480;167.17;ISS - GESTAO PLENA;
584206;;;;;;;;
584207;;;;;67585.05;1192.36;IRRF - GESTAO PLENA - SUS;
584207;;;;;67585.05;3974.54;ISS - GESTAO PLENA;
584208;;;;;2091202.13;62736.06;RETENC. ISS EM LIQUIDAÇÃO;
584208;;;;;2091202.13;115016.11;INSS - PREST. SERV. PROPRIO;
584208;;;;;2091202.13;25094.43;IRRF SOBRE O TRABALHO PRINCIPAL - PJ;
584210;;;;;;;;
584211;;;;;;;;
584214;;;;;4638.72;209.67;ISS - PMVR;
584215;;;;;32167.5;386.01;HSJB - IRRF RETIDO EM N.F;
584216;;;;;;;;
584218;;;;;96602.22;1159.22;IRRF - FORNECIMENTO DE BENS;
584219;;;;;;;;
584220;;;;;166964.53;166964.53;ISS - PMVR;
584221;;;;;50089.36;50089.36;HSJB - IRRF RETIDO EM N.F;
584222;;;;;1875;22.5;HSJB - IRRF RETIDO EM N.F;
584223;;;;;;;;
584226;;;;;;;;
584227;;;;;;;;
584228;;;;;;;;
584229;;;;;9700;116.4;HSJB - IRRF RETIDO EM N.F;
584230;;;;;4950;59.4;HSJB - IRRF RETIDO EM N.F;
584231;;;;;4352.75;52.23;HSJB - IRRF RETIDO EM N.F;
584232;;;;;;;;
584233;;;;;;;;
584234;;;;;;;;
584235;;;;;;;;
584236;;;;;;;;
584237;;;;;;;;
584238;;;;;;;;
584239;;;;;;;;
584240;;;;;;;;
584241;;;;;3267.75;39.21;HSJB - IRRF RETIDO EM N.F;
584242;;;;;;;;
584243;;;;;;;;
584244;;;;;;;;
584245;;;;;;;;
584246;;;;;5178;62.14;HSJB - IRRF RETIDO EM N.F;
584247;;;;;;;;
584249;;;;;;;;
584250;;;;;;;;
584251;;;;;;;;
584252;;;;;;;;
584253;;;;;3234;38.8;HSJB - IRRF RETIDO EM N.F;
584254;;;;;;;;
584255;;;;;;;;
584256;;;;;;;;
584257;;;;;;;;
584258;;;;;2134;25.61;HSJB - IRRF RETIDO EM N.F;
584259;;;;;;;;
584260;;;;;;;;
584261;;;;;;;;
584262;;;;;2800;33.6;HSJB - IRRF RETIDO EM N.F;
584263;;;;;;;;
584264;;;;;;;;
584265;;;;;;;;
584266;;;;;2800;33.6;HSJB - IRRF RETIDO EM N.F;
584267;;;;;;;;
584268;;;;;;;;
584269;;;;;;;;
584270;;;;;1400;16.8;HSJB - IRRF RETIDO EM N.F;
584271;;;;;;;;
584272;;;;;;;;
584273;;;;;;;;
584274;;;;;;;;
584279;;;;;;;;
584280;;;;;;;;
584281;;;;;;;;
584282;;;;;3703.5;285.17;INSTITUTO NACIONAL DO SEGURO SOCIAL;
584282;;;;;3703.5;185.17;ISS - PMVR;
584282;;;;;3703.5;177.77;IRRF RETIDO EM N.F.;
584282;;;;;3703.5;172.22;PIS/COFINS/CSLL RETIDO N.F;
584284;;;;;;;;
584285;;;;;;;;
584286;;;;;;;;
584287;;;;;;;;
584288;;;;;;;;
584290;;;;;;;;
584291;;;;;2123.63;25.49;HSJB - IRRF RETIDO EM N.F;
584292;;;;;;;;
584293;;;;;7117;7117;INSTITUTO NACIONAL DO SEGURO SOCIAL;
584294;;;;;1899;22.79;HSJB - IRRF RETIDO EM N.F;
584295;;;;;;;;
584296;;;;;829.09;829.09;RESTITUICOES ANTECIPACAO DE PAGAMENTO -;
584297;;;;;279688.73;5852.93;ISS - GOV ESTADO  F 193;
584298;;;;;;;;
584299;;;;;10982.6;131.79;HSJB - IRRF RETIDO EM N.F;
584300;;;;;;;;
584301;;;;;3072.63;36.88;HSJB - IRRF RETIDO EM N.F;
584302;;;;;;;;
584303;;;;;;;;
584305;;;;;2922.63;35.08;HSJB - IRRF RETIDO EM N.F;
584306;;;;;;;;
584307;;;;;7798.5;181.7;RETENC. ISS EM LIQUIDAÇÃO;
584308;;;;;;;;
584309;;;;;8083;387.98;IRRF SOBRE O TRABALHO PRINCIPAL - PJ;
584310;;;;;;;;
584311;;;;;;;;
584312;;;;;;;;
584313;;;;;1873.63;22.49;HSJB - IRRF RETIDO EM N.F;
584314;;;;;;;;
584315;;;;;;;;
584316;;;;;;;;
584317;;;;;;;;
584318;;;;;;;;
584319;;;;;;;;
584320;;;;;19541.5;308.73;IRRF - GESTAO PLENA - SUS;
584320;;;;;19541.5;411.64;ISS - GESTAO PLENA;
584321;;;;;;;;
584322;;;;;;;;
584323;;;;;;;;
584324;;;;;;;;
584325;;;;;;;;
584326;;;;;;;;
584327;;;;;2123.63;25.49;HSJB - IRRF RETIDO EM N.F;
584328;;;;;;;;
584329;;;;;;;;
584330;;;;;2123.63;25.49;HSJB - IRRF RETIDO EM N.F;
584331;;;;;;;;
584332;;;;;76.56;0.92;HSJB - IRRF RETIDO EM N.F;
584333;;;;;539.87;6.48;HSJB - IRRF RETIDO EM N.F;
584334;;;;;;;;
584335;;;;;;;;
584336;;;;;;;;
584337;;;;;251.68;3.02;HSJB - IRRF RETIDO EM N.F;
584338;;;;;75.74;0.91;HSJB - IRRF RETIDO EM N.F;
584339;;;;;185.5;2.23;HSJB - IRRF RETIDO EM N.F;
584340;;;;;185.5;2.23;HSJB - IRRF RETIDO EM N.F;
584341;;;;;225.68;2.7;HSJB - IRRF RETIDO EM N.F;
584344;;;;;;;;
584345;;;;;;;;
584346;;;;;;;;
584347;;;;;7280;87.36;HSJB - IRRF RETIDO EM N.F;
584348;;;;;;;;
584351;;;;;;;;
584352;;;;;;;;
584353;;;;;;;;
584356;;;;;;;;
584357;;;;;12600;151.2;HSJB - IRRF RETIDO EM N.F;
584358;;;;;;;;
584359;;;;;4199.4;282.09;IRRF - GOV ESTADO - F 193;
584360;;;;;;;;
584361;;;;;;;;
584362;;;;;;;;
584363;;;;;;;;
584364;;;;;4571.56;365.83;IRRF - GOV ESTADO - F 193;
584365;;;;;;;;
584366;;;;;;;;
584367;;;;;;;;
584368;;;;;;;;
584369;;;;;;;;
584370;;;;;;;;
584371;;;;;;;;
584372;;;;;24;0.29;HSJB - IRRF RETIDO EM N.F;
584373;;;;;;;;
584374;;;;;;;;
584375;;;;;1400;16.8;HSJB - IRRF RETIDO EM N.F;
584376;;;;;701.99;8.42;HSJB - IRRF RETIDO EM N.F;
584377;;;;;;;;
584378;;;;;;;;
584379;;;;;1454.79;17.43;HSJB - IRRF RETIDO EM N.F;
584380;;;;;;;;
584381;;;;;7798.5;156.75;RETENC. ISS EM LIQUIDAÇÃO;
584383;;;;;;;;
584385;;;;;294.85;3.54;HSJB - IRRF RETIDO EM N.F;
584386;;;;;;;;
584387;;;;;2196;26.35;HSJB - IRRF RETIDO EM N.F;
584388;;;;;;;;
584389;;;;;;;;
584391;;;;;;;;
584392;;;;;;;;
584393;;;;;;;;
584394;;;;;;;;
584396;;;;;2212.5;106.2;IRRF SOBRE O TRABALHO PRINCIPAL - PJ;
584397;;;;;;;;
584398;;;;;;;;
584399;;;;;2212.5;106.2;IRRF SOBRE O TRABALHO PRINCIPAL - PJ;
584402;;;;;5815.5;69.79;HSJB - IRRF RETIDO EM N.F;
584403;;;;;2212.5;106.2;IRRF SOBRE O TRABALHO PRINCIPAL - PJ;
584404;;;;;1988.16;1988.16;RESTITUI0ES (ANTECIPACAO DE PAGAMENTO) -;
584405;;;;;416922.55;32914.2;ISS - SALARIO EDUCACAO;
584405;;;;;416922.55;7899.41;IRRF - SALARIO EDUCAÇÃO;
584405;;;;;416922.55;50687.88;INSS REENÇÃO - SALARIO EDUCAÇÃO;
584406;;;;;2212.5;106.2;IRRF SOBRE O TRABALHO PRINCIPAL - PJ;
584408;;;;;34523.09;34523.09;INSTITUTO NACIONAL DO SEGURO SOCIAL;
584409;;;;;2212.5;106.2;IRRF SOBRE O TRABALHO PRINCIPAL - PJ;
584410;;;;;955.43;11.47;HSJB - IRRF RETIDO EM N.F;
584411;;;;;67124.05;6276.93;IRRF - GESTAO PLENA - SUS;
584411;;;;;67124.05;31384.63;ISS - GESTAO PLENA;
584412;;;;;;;;
584413;;;;;;;;
584414;;;;;1605.38;19.26;HSJB - IRRF RETIDO EM N.F;
584415;;;;;680;8.16;HSJB - IRRF RETIDO EM N.F;
584416;;;;;;;;
584417;;;;;1575.77;18.9;HSJB - IRRF RETIDO EM N.F;
584418;;;;;103331.2;3099.94;ISS - PMVR;
584418;;;;;103331.2;4959.9;IRRF - PRESTADOR DE SERVIÇOS;
584418;;;;;103331.2;1704.96;INSS PRESTADORES DE SERVIÇO PJ;
584419;;;;;166545.94;4996.38;ISS - PMVR;
584419;;;;;166545.94;7994.21;IRRF - PRESTADOR DE SERVIÇOS;
584419;;;;;166545.94;2748.01;INSS PRESTADORES DE SERVIÇO PJ;
584420;;;;;185.5;2.23;HSJB - IRRF RETIDO EM N.F;
584421;;;;;13238;158.86;HSJB - IRRF RETIDO EM N.F;
584422;;;;;;;;
584423;;;;;;;;
584424;;;;;17008.3;816.39;IRRF SOBRE O TRABALHO PRINCIPAL - PJ;
584425;;;;;;;;
584426;;;;;4107.11;261.32;IRRF - GOV ESTADO - F 193;
584427;;;;;138485.65;4154.57;ISS - PMVR;
584427;;;;;138485.65;6647.31;IRRF - PRESTADOR DE SERVIÇOS;
584427;;;;;138485.65;2285.01;INSS PRESTADORES DE SERVIÇO PJ;
584428;;;;;;;;
584429;;;;;1239709.44;18595.64;IRRF - GESTAO PLENA - SUS;
584429;;;;;1239709.44;61985.47;ISS - GESTAO PLENA;
584430;;;;;1551.5;49.65;RETENC. ISS EM LIQUIDAÇÃO;
584431;;;;;;;;
584432;;;;;;;;
584439;;;;;;;;
584440;;;;;;;;
584441;;;;;;;;
584442;;;;;;;;
584443;;;;;;;;
584444;;;;;1264.5;15.17;IR/PIS/COFINS/CSLL RETIDO N.F;
584445;;;;;;;;
584448;;;;;3335;40.02;HSJB - IRRF RETIDO EM N.F;
584449;;;;;1320;15.84;HSJB - IRRF RETIDO EM N.F;
584451;;;;;1100;13.2;HSJB - IRRF RETIDO EM N.F;
584452;;;;;1100;13.2;HSJB - IRRF RETIDO EM N.F;
584453;;;;;;;;
584454;;;;;36500;438;HSJB - IRRF RETIDO EM N.F;
584455;;;;;3230;38.76;HSJB - IRRF RETIDO EM N.F;
584456;;;;;;;;
584457;;;;;13000;2983.03;IRRF - PMVR;
584458;;;;;23.52;0.28;IRRF SOBRE O TRABALHO PRINCIPAL - PJ;
584459;;;;;6117.22;73.4;HSJB - IRRF RETIDO EM N.F;
584460;;;;;360;4.32;HSJB - IRRF RETIDO EM N.F;
584461;;;;;2561;30.73;IRRF SOBRE O TRABALHO PRINCIPAL - PJ;
584462;;;;;;;;
584464;;;;;6512.97;78.15;IRRF SOBRE O TRABALHO PRINCIPAL - PJ;
584466;;;;;;;;
584467;;;;;1300;15.6;IRRF - GESTAO PLENA - SUS;
584467;;;;;1300;65;ISS - GESTAO PLENA;
584468;;;;;;;;
584474;;;;;7137.75;85.65;HSJB - IRRF RETIDO EM N.F;
584475;;;;;14400;720;RETENC. ISS EM LIQUIDAÇÃO;
584476;;;;;;;;
584477;;;;;;;;
584479;;;;;12890.38;154.68;HSJB - IRRF RETIDO EM N.F;
584480;;;;;2344.27;28.13;IRRF SOBRE O TRABALHO PRINCIPAL - PJ;
584482;;;;;3075;36.9;IRRF SOBRE O TRABALHO PRINCIPAL - PJ;
584484;;;;;2647.25;31.76;IRRF SOBRE O TRABALHO PRINCIPAL - PJ;
584485;;;;;1020.37;47.95;IRRF SOBRE O TRABALHO PRINCIPAL - PJ;
584486;;;;;;;;
584487;;;;;2429.45;29.15;IRRF SOBRE O TRABALHO PRINCIPAL - PJ;
584488;;;;;69;0.83;HSJB - IRRF RETIDO EM N.F;
584489;;;;;;;;
584490;;;;;;;;
584491;;;;;2405.89;28.87;IRRF SOBRE O TRABALHO PRINCIPAL - PJ;
584492;;;;;1915.3;95.76;RETENC. ISS EM LIQUIDAÇÃO;
584493;;;;;700;8.4;HSJB - IRRF RETIDO EM N.F;
584494;;;;;2303.99;27.64;IRRF SOBRE O TRABALHO PRINCIPAL - PJ;
584495;;;;;179;8.95;RETENC. ISS EM LIQUIDAÇÃO;
584496;;;;;393.8;19.69;RETENC. ISS EM LIQUIDAÇÃO;
584497;;;;;393.8;19.69;RETENC. ISS EM LIQUIDAÇÃO;
584498;;;;;;;;
584500;;;;;318.4;15.92;RETENC. ISS EM LIQUIDAÇÃO;
584501;;;;;5711.3;285.56;RETENC. ISS EM LIQUIDAÇÃO;
584503;;;;;1870.6;93.53;RETENC. ISS EM LIQUIDAÇÃO;
584504;;;;;1066.45;12.79;IRRF SOBRE O TRABALHO PRINCIPAL - PJ;
584505;;;;;3761.1;188.06;RETENC. ISS EM LIQUIDAÇÃO;
584507;;;;;393.8;19.69;RETENC. ISS EM LIQUIDAÇÃO;
584509;;;;;1298;15.57;IRRF SOBRE O TRABALHO PRINCIPAL - PJ;
584510;;;;;393.8;19.69;RETENC. ISS EM LIQUIDAÇÃO;
584513;;;;;;;;
584514;;;;;1599;19.19;HSJB - IRRF RETIDO EM N.F;
584515;;;;;1313.4;65.67;RETENC. ISS EM LIQUIDAÇÃO;
584517;;;;;619.6;7.43;IRRF SOBRE O TRABALHO PRINCIPAL - PJ;
584518;;;;;180;2.16;HSJB - IRRF RETIDO EM N.F;
584519;;;;;1485.7;74.28;RETENC. ISS EM LIQUIDAÇÃO;
584520;;;;;196.9;9.84;RETENC. ISS EM LIQUIDAÇÃO;
584522;;;;;880;10.56;HSJB - IRRF RETIDO EM N.F;
584523;;;;;196.9;9.84;RETENC. ISS EM LIQUIDAÇÃO;
584524;;;;;360;4.32;HSJB - IRRF RETIDO EM N.F;
584525;;;;;619.6;7.43;IRRF SOBRE O TRABALHO PRINCIPAL - PJ;
584526;;;;;180;2.16;HSJB - IRRF RETIDO EM N.F;
584527;;;;;;;;
584528;;;;;14000;168;IRRF SOBRE O TRABALHO PRINCIPAL - PJ;
584529;;;;;495.4;5.94;IRRF SOBRE O TRABALHO PRINCIPAL - PJ;
584530;;;;;7000;84;IRRF SOBRE O TRABALHO PRINCIPAL - PJ;
584531;;;;;495.4;5.94;IRRF SOBRE O TRABALHO PRINCIPAL - PJ;
584533;;;;;1680;20.16;IRRF SOBRE O TRABALHO PRINCIPAL - PJ;
584534;;;;;67313.43;3365.67;RETENC. ISS EM LIQUIDAÇÃO;
584534;;;;;67313.43;3231.04;IRRF SOBRE O TRABALHO PRINCIPAL - PJ;
584535;;;;;;;;
584536;;;;;3108;37.3;IRRF SOBRE O TRABALHO PRINCIPAL - PJ;
584538;;;;;;;;
584539;;;;;3320;39.84;IRRF SOBRE O TRABALHO PRINCIPAL - PJ;
584540;;;;;13745;164.94;IRRF SOBRE O TRABALHO PRINCIPAL - PJ;
584541;;;;;5159.87;257.99;RETENC. ISS EM LIQUIDAÇÃO;
584541;;;;;5159.87;247.67;IRRF SOBRE O TRABALHO PRINCIPAL - PJ;
584542;;;;;1554;18.65;IRRF SOBRE O TRABALHO PRINCIPAL - PJ;
584543;;;;;;;;
584544;;;;;81632.16;8688.22;INSTITUTO NACIONAL DO SEGURO SOCIAL;
584544;;;;;81632.16;4081.61;ISS - PMVR;
584544;;;;;81632.16;816.32;HSJB - IRRF RETIDO EM N.F;
584545;;;;;3900;78.39;RETENC. ISS EM LIQUIDAÇÃO;
584547;;;;;;;;
584549;;;;;;;;
584550;;;;;2859.28;47.45;IRRF - GOV ESTADO - F 193;
584551;;;;;;;;
584552;;;;;;;;
584553;;;;;6120;132.8;ISS - GESTAO PLENA;
584554;;;;;;;;
584555;;;;;;;;
584556;;;;;;;;
584557;;;;;;;;
584558;;;;;4725;56.7;IR/PIS/COFINS/CSLL RETIDO N.F;
584559;;;;;;;;
584560;;;;;;;;
584561;;;;;;;;
584562;;;;;;;;
584563;;;;;1088;54.4;RETENC. ISS EM LIQUIDAÇÃO;
584563;;;;;1088;52.22;IRRF SOBRE O TRABALHO PRINCIPAL - PJ;
584564;;;;;;;;
584565;;;;;;;;
584566;;;;;;;;
584567;;;;;750;15.38;ISS - PMVR;
584568;;;;;;;;
584569;;;;;2655.32;32.92;IR/PIS/COFINS/CSLL RETIDO N.F;
584570;;;;;;;;
584571;;;;;8400;182.28;ISS - GESTAO PLENA;
584572;;;;;;;;
584573;;;;;;;;
584574;;;;;;;;
584575;;;;;;;;
584576;;;;;;;;
584577;;;;;;;;
584578;;;;;112.2;1.35;IRRF SOBRE O TRABALHO PRINCIPAL - PJ;
584579;;;;;;;;
584580;;;;;;;;
584581;;;;;;;;
584582;;;;;;;;
584583;;;;;12000;2224.23;IRRF - TRABALHO PRINCIPAL PF PMVR;
584584;;;;;;;;
584585;;;;;7291.88;145.84;RETENC. ISS EM LIQUIDAÇÃO;
584586;;;;;;;;
584587;;;;;;;;
584588;;;;;3200;12.3;IRRF - TRABALHO PRINCIPAL PF PMVR;
584590;;;;;1264.5;15.17;IR/PIS/COFINS/CSLL RETIDO N.F;
584591;;;;;;;;
584592;;;;;26666.66;1333.33;RETENC. ISS EM LIQUIDAÇÃO;
584592;;;;;26666.66;1026.66;INSS - PREST. SERV. PROPRIO;
584592;;;;;26666.66;1279.99;IRRF SOBRE O TRABALHO PRINCIPAL - PJ;
584593;;;;;185.5;2.23;HSJB - IRRF RETIDO EM N.F;
584594;;;;;;;;
584595;;;;;387.69;36.22;IRRF - PMVR;
584596;;;;;;;;
584597;;;;;229.76;2.76;HSJB - IRRF RETIDO EM N.F;
584598;;;;;58;0.7;IRRF SOBRE O TRABALHO PRINCIPAL - PJ;
584600;;;;;;;;
584601;;;;;4286;205.73;HSJB - IRRF RETIDO EM N.F;
584602;;;;;;;;
584603;;;;;344.35;4.13;HSJB - IRRF RETIDO EM N.F;
584604;;;;;;;;
584605;;;;;;;;
584606;;;;;;;;
584607;;;;;;;;
584608;;;;;;;;
584609;;;;;13149.54;631.17;IRRF SOBRE O TRABALHO PRINCIPAL - PJ;
584610;;;;;;;;
584611;;;;;1122.5;13.47;IR/PIS/COFINS/CSLL RETIDO N.F;
584612;;;;;18319.6;915.98;ISS - PMVR;
584612;;;;;18319.6;879.34;IRRF - PRESTADOR DE SERVIÇOS;
584613;;;;;;;;
584614;;;;;;;;
584615;;;;;;;;
584616;;;;;;;;
584617;;;;;;;;
584618;;;;;;;;
584619;;;;;;;;
584620;;;;;;;;
584621;;;;;;;;
584622;;;;;;;;
584624;;;;;;;;
584625;;;;;202755;2433.06;IRRF SOBRE O TRABALHO PRINCIPAL - PJ;
584626;;;;;;;;
584627;;;;;185.5;2.23;HSJB - IRRF RETIDO EM N.F;
584628;;;;;179;2.14;IRRF SOBRE O TRABALHO PRINCIPAL - PJ;
584629;;;;;2950;35.4;IR/PIS/COFINS/CSLL RETIDO N.F;
584630;;;;;;;;
584631;;;;;;;;
584632;;;;;;;;
584634;;;;;;;;
584635;;;;;1454.79;17.46;HSJB - IRRF RETIDO EM N.F;
584636;;;;;;;;
584637;;;;;;;;
584638;;;;;;;;
584640;;;;;;;;
584641;;;;;1521.35;18.25;IR/PIS/COFINS/CSLL RETIDO N.F;
584642;;;;;;;;
584643;;;;;1695.05;20.33;HSJB - IRRF RETIDO EM N.F;
584644;;;;;378490.39;5427.49;IRRF - GESTAO PLENA - SUS;
584644;;;;;378490.39;22614.52;ISS - GESTAO PLENA;
584645;;;;;459.52;5.52;HSJB - IRRF RETIDO EM N.F;
584646;;;;;;;;
584647;;;;;119.28;1.43;HSJB - IRRF RETIDO EM N.F;
584648;;;;;;;;
584649;;;;;;;;
584650;;;;;370.16;4.44;HSJB - IRRF RETIDO EM N.F;
584651;;;;;5443.35;94.24;IRRF SOBRE O TRABALHO PRINCIPAL - PJ;
584652;;;;;181008.6;9050.43;RETENC. ISS EM LIQUIDAÇÃO;
584653;;;;;;;;
584654;;;;;1370.39;16.44;HSJB - IRRF RETIDO EM N.F;
584655;;;;;;;;
584656;;;;;;;;
584657;;;;;826;9.91;IRRF SOBRE O TRABALHO PRINCIPAL - PJ;
584658;;;;;5590.9;67.09;HSJB - IRRF RETIDO EM N.F;
584659;;;;;38.28;0.46;HSJB - IRRF RETIDO EM N.F;
584660;;;;;7140;85.68;IRRF SOBRE O TRABALHO PRINCIPAL - PJ;
584661;;;;;6120;73.44;IRRF SOBRE O TRABALHO PRINCIPAL - PJ;
584662;;;;;6120;73.44;IRRF SOBRE O TRABALHO PRINCIPAL - PJ;
584663;;;;;;;;
584664;;;;;206.5;2.47;IRRF SOBRE O TRABALHO PRINCIPAL - PJ;
584665;;;;;229.76;2.76;HSJB - IRRF RETIDO EM N.F;
584666;;;;;229.76;2.76;HSJB - IRRF RETIDO EM N.F;
584667;;;;;413;4.95;IRRF SOBRE O TRABALHO PRINCIPAL - PJ;
584668;;;;;344.35;4.13;HSJB - IRRF RETIDO EM N.F;
584669;;;;;;;;
584670;;;;;8334;360.57;ISS - GESTAO PLENA;
584671;;;;;;;;
584672;;;;;;;;
584673;;;;;;;;
584675;;;;;;;;
584676;;;;;;;;
584677;;;;;;;;
584679;;;;;;;;
584680;;;;;619.5;7.43;IRRF SOBRE O TRABALHO PRINCIPAL - PJ;
584681;;;;;82.6;0.99;IRRF SOBRE O TRABALHO PRINCIPAL - PJ;
584683;;;;;;;;
584684;;;;;;;;
584685;;;;;;;;
584686;;;;;;;;
584687;;;;;;;;
584688;;;;;1320;15.84;HSJB - IRRF RETIDO EM N.F;
584689;;;;;;;;
584690;;;;;1320;15.84;HSJB - IRRF RETIDO EM N.F;
584692;;;;;970.2;11.64;IRRF - FORNECIMENTO DE BENS;
584693;;;;;7114.8;85.37;IRRF - FORNECIMENTO DE BENS;
584694;;;;;;;;
584695;;;;;1320;15.84;HSJB - IRRF RETIDO EM N.F;
584696;;;;;;;;
584697;;;;;;;;
584698;;;;;;;;
584699;;;;;;;;
584700;;;;;;;;
584701;;;;;;;;
584702;;;;;;;;
584703;;;;;;;;
584704;;;;;;;;
584706;;;;;;;;
584707;;;;;;;;
584708;;;;;;;;
584709;;;;;;;;
584710;;;;;;;;
584711;;;;;;;;
584712;;;;;937.22;44.99;HSJB - IRRF RETIDO EM N.F;
584713;;;;;;;;
584714;;;;;;;;
584715;;;;;;;;
584716;;;;;1320;15.84;HSJB - IRRF RETIDO EM N.F;
584717;;;;;;;;
584718;;;;;475.48;5.71;HSJB - IRRF RETIDO EM N.F;
584719;;;;;3733.62;44.8;HSJB - IRRF RETIDO EM N.F;
584720;;;;;459.52;5.52;HSJB - IRRF RETIDO EM N.F;
584721;;;;;19500;391.95;RETENC. ISS EM LIQUIDAÇÃO;
584722;;;;;937.22;44.99;HSJB - IRRF RETIDO EM N.F;
584723;;;;;1688.8;20.27;HSJB - IRRF RETIDO EM N.F;
584724;;;;;1688.8;20.27;HSJB - IRRF RETIDO EM N.F;
584726;;;;;6600;79.2;IRRF SOBRE O TRABALHO PRINCIPAL - PJ;
584727;;;;;1688.8;20.27;HSJB - IRRF RETIDO EM N.F;
584728;;;;;1760;21.12;IRRF SOBRE O TRABALHO PRINCIPAL - PJ;
584729;;;;;1688.8;20.26;HSJB - IRRF RETIDO EM N.F;
584730;;;;;6934;142.15;ISS - GESTAO PLENA;
584731;;;;;;;;
584732;;;;;23390;369.96;IRRF - GESTAO PLENA - SUS;
584732;;;;;23390;493.28;ISS - GESTAO PLENA;
584733;;;;;;;;
584734;;;;;1688.8;20.28;HSJB - IRRF RETIDO EM N.F;
584735;;;;;;;;
584736;;;;;;;;
584737;;;;;;;;
584738;;;;;;;;
584739;;;;;1132.66;13.59;HSJB - IRRF RETIDO EM N.F;
584740;;;;;;;;
584741;;;;;;;;
584742;;;;;;;;
584743;;;;;;;;
584744;;;;;;;;
584745;;;;;;;;
584746;;;;;155.05;1.86;HSJB - IRRF RETIDO EM N.F;
584747;;;;;;;;
584748;;;;;3377.6;40.53;HSJB - IRRF RETIDO EM N.F;
584749;;;;;;;;
584750;;;;;;;;
584751;;;;;3342.66;160.45;HSJB - IRRF RETIDO EM N.F;
584752;;;;;;;;
584753;;;;;;;;
584754;;;;;5601.44;268.87;IRRF - FORNECIMENTO DE BENS;
584755;;;;;;;;
584756;;;;;229.76;2.76;HSJB - IRRF RETIDO EM N.F;
584757;;;;;;;;
584758;;;;;1688.8;20.27;HSJB - IRRF RETIDO EM N.F;
584759;;;;;;;;
584760;;;;;5316.79;255.21;IRRF - PRESTADOR DE SERVIÇOS;
584766;;;;;;;;
584770;;;;;;;;
584771;;;;;162558;1950.7;HSJB - IRRF RETIDO EM N.F;
584773;;;;;26813.88;536.28;RETENC. ISS EM LIQUIDAÇÃO;
584779;;;;;;;;
584780;;;;;;;;
584781;;;;;;;;
584782;;;;;1306;15.67;HSJB - IRRF RETIDO EM N.F;
584788;;;;;;;;
584791;;;;;;;;
584792;;;;;;;;
584797;;;;;;;;
584798;;;;;;;;
584801;;;;;;;;
584803;;;;;;;;
584804;;;;;;;;
584806;;;;;;;;
584807;;;;;;;;
584814;;;;;637001.78;9555.03;IRRF - GESTAO PLENA - SUS;
584814;;;;;637001.78;31850.09;ISS - GESTAO PLENA;
584817;;;;;;;;
584818;;;;;;;;
584819;;;;;;;;
584820;;;;;36072.2;1803.61;RETENC. ISS EM LIQUIDAÇÃO;
584821;;;;;;;;
584822;;;;;;;;
584823;;;;;;;;
584824;;;;;;;;
584826;;;;;;;;
584827;;;;;;;;
584828;;;;;2143.86;25.72;IR/PIS/COFINS/CSLL RETIDO N.F;
584829;;;;;;;;
584830;;;;;70049.46;1050.74;IRRF - GESTAO PLENA - SUS;
584830;;;;;70049.46;3502.47;ISS - GESTAO PLENA;
584831;;;;;;;;
584832;;;;;;;;
584833;;;;;3300;165;ISS - PMVR;
584833;;;;;3300;49.5;IR/PIS/COFINS/CSLL RETIDO N.F;
584834;;;;;;;;
584835;;;;;;;;
584836;;;;;510;6.12;HSJB - IRRF RETIDO EM N.F;
584838;;;;;1654.14;19.84;IR/PIS/COFINS/CSLL RETIDO N.F;
584839;;;;;;;;
584841;;;;;;;;
584842;;;;;;;;
584843;;;;;;;;
584844;;;;;;;;
584845;;;;;;;;
584846;;;;;;;;
584847;;;;;;;;
584848;;;;;;;;
584849;;;;;660.4;7.92;IR/PIS/COFINS/CSLL RETIDO N.F;
584850;;;;;;;;
584856;;;;;604.5;1.45;IRRF - PRESTADOR DE SERVIÇOS;
584857;;;;;;;;
584858;;;;;;;;
584859;;;;;;;;
584860;;;;;22480;449.6;ISS - PMVR;
584861;;;;;;;;
584862;;;;;9600;115.2;HSJB - IRRF - PMVR;
584863;;;;;;;;
584864;;;;;52.13;52.13;INSTITUTO NACIONAL DO SEGURO SOCIAL;
584865;;;;;5213.3;157.96;ISS - PMVR;
584866;;;;;;;;
584868;;;;;106126;1273.51;IRRF - GESTAO PLENA - SUS;
584868;;;;;106126;3183.78;ISS - GESTAO PLENA;
584870;;;;;25261.74;904.05;ISS - GESTAO PLENA;
584877;;;;;;;;
584885;;;;;568.26;568.26;INSTITUTO NACIONAL DO SEGURO SOCIAL;
584886;;;;;;;;
584887;;;;;;;;
584888;;;;;;;;
584889;;;;;;;;
584890;;;;;;;;
584892;;;;;;;;
584893;;;;;22000;442.2;ISS - PMVR;
584894;;;;;;;;
584896;;;;;;;;
584897;;;;;;;;
584899;;;;;;;;
584901;;;;;;;;
584902;;;;;;;;
584903;;;;;;;;
584904;;;;;;;;
584906;;;;;;;;
584913;;;;;7521.91;90.26;IR/PIS/COFINS/CSLL RETIDO N.F;
584914;;;;;31071.24;932.14;ISS - FME;
584914;;;;;31071.24;512.68;INSS - PESSOA JURIDICA;
584914;;;;;31071.24;1491.42;IRRF - FME;
584915;;;;;;;;
584916;;;;;;;;
584917;;;;;;;;
584920;;;;;;;;
584923;;;;;2682;53.91;HSJB - ISS - PMVR;
584924;;;;;10198;204.98;HSJB - ISS - PMVR;
584926;;;;;;;;
584927;;;;;3919.4;78.78;HSJB - ISS - PMVR;
584928;;;;;798;16.04;HSJB - ISS - PMVR;
584931;;;;;;;;
584933;;;;;255.2;3.06;HSJB - IRRF RETIDO EM N.F;
584934;;;;;;;;
584936;;;;;;;;
584938;;;;;1416.23;21.24;IRRF - GESTAO PLENA - SUS;
584938;;;;;1416.23;70.81;ISS - GESTAO PLENA;
584939;;;;;1536.6;18.44;HSJB - IRRF RETIDO EM N.F;
584940;;;;;3422.18;51.33;IRRF - GESTAO PLENA - SUS;
584940;;;;;3422.18;171.11;ISS - GESTAO PLENA;
584941;;;;;509.83;7.65;IRRF - GESTAO PLENA - SUS;
584941;;;;;509.83;25.49;ISS - GESTAO PLENA;
584942;;;;;28617.4;28617.4;RESTITUICAO EMPRÉSTIMO C/ O MINIST. DA S;
584943;;;;;;;;
584945;;;;;6580;78.96;HSJB - IRRF RETIDO EM N.F;
584946;;;;;204491.13;3496.63;IRRF - GESTAO PLENA - SUS;
584946;;;;;204491.13;11655.43;ISS - GESTAO PLENA;
584947;;;;;;;;
584949;;;;;;;;
584950;;;;;29914.38;598.29;RETENC. ISS EM LIQUIDAÇÃO;
584951;;;;;;;;
584952;;;;;13515;294.97;IRRF - GESTAO PLENA - SUS;
584952;;;;;13515;983.25;ISS - GESTAO PLENA;
584957;;;;;28422.03;341.07;IRRF - GESTAO PLENA - SUS;
584957;;;;;28422.03;852.67;ISS - GESTAO PLENA;
584964;;;;;31227.73;374.73;IRRF - GESTAO PLENA - SUS;
584964;;;;;31227.73;936.83;ISS - GESTAO PLENA;
584965;;;;;540;24.25;ISS - PMVR;
584966;;;;;22000;264;HSJB - IRRF RETIDO EM N.F;
584967;;;;;;;;
584970;;;;;;;;
584971;;;;;23527;366.07;IRRF - GESTAO PLENA - SUS;
584971;;;;;23527;610.12;ISS - GESTAO PLENA;
584973;;;;;;;;
584975;;;;;12362.5;148.35;HSJB - IRRF RETIDO EM N.F;
584977;;;;;;;;
584978;;;;;;;;
584979;;;;;7300;87.6;HSJB - IRRF RETIDO EM N.F;
584980;;;;;;;;
584982;;;;;;;;
584984;;;;;48596.42;2191.7;ISS - PMVR;
584985;;;;;;;;
584986;;;;;;;;
584987;;;;;;;;
584988;;;;;;;;
584989;;;;;;;;
584990;;;;;;;;
584991;;;;;12029.5;577.41;IR/PIS/COFINS/CSLL RETIDO N.F;
584992;;;;;5000;250;ISS - PMVR;
584992;;;;;5000;325.76;IRRF - PMVR;
584993;;;;;;;;
584997;;;;;;;;
585000;;;;;;;;
585003;;;;;;;;
585005;;;;;;;;
585006;;;;;;;;
585007;;;;;;;;
585008;;;;;;;;
585009;;;;;;;;
585010;;;;;1419.22;394.98;IRRF - PMVR;
585012;;;;;1851;22.21;IR/PIS/COFINS/CSLL RETIDO N.F;
585014;;;;;;;;
585015;;;;;;;;
585016;;;;;119132.89;5451.9;INSS - PREST. SERV. PROPRIO;
585016;;;;;119132.89;22596.59;IRRF - TRABALHO PRINCIPAL PF PMVR;
585017;;;;;;;;
585018;;;;;;;;
585019;;;;;376.2;18.31;HSJB - ISS - PMVR;
585020;;;;;18.09;18.09;IRRF - PMVR;
585021;;;;;296.11;3.55;IR/PIS/COFINS/CSLL RETIDO N.F;
585023;;;;;380;4.56;HSJB - IRRF RETIDO EM N.F;
585024;;;;;;;;
585025;;;;;;;;
585027;;;;;;;;
585029;;;;;1480;45.41;ISS - PMVR;
585032;;;;;24200;290.4;IR/PIS/COFINS/CSLL RETIDO N.F;
585035;;;;;;;;
585039;;;;;;;;
585040;;;;;;;;
585042;;;;;;;;
585044;;;;;;;;
585047;;;;;;;;
585048;;;;;;;;
585049;;;;;;;;
585050;;;;;77428.23;8634.9;IRRF - GESTAO PLENA - SUS;
585050;;;;;77428.23;17269.79;ISS - GESTAO PLENA;
585051;;;;;843;10.12;IR/PIS/COFINS/CSLL RETIDO N.F;
585054;;;;;;;;
585055;;;;;;;;
585056;;;;;20600;247.2;HSJB - IRRF RETIDO EM N.F;
585064;;;;;;;;
585065;;;;;;;;
585069;;;;;;;;
585070;;;;;13200;158.4;HSJB - IRRF RETIDO EM N.F;
585071;;;;;;;;
585072;;;;;;;;
585073;;;;;;;;
585074;;;;;365.76;4.39;HSJB - IRRF RETIDO EM N.F;
585075;;;;;;;;
585077;;;;;29511.9;354.14;HSJB - IRRF RETIDO EM N.F;
585079;;;;;1110.9;13.33;HSJB - IRRF RETIDO EM N.F;
585080;;;;;790.45;9.49;HSJB - IRRF RETIDO EM N.F;
585081;;;;;;;;
585082;;;;;;;;
585083;;;;;188.1;2.26;HSJB - IRRF RETIDO EM N.F;
585084;;;;;;;;
585085;;;;;;;;
585090;;;;;140;2.8;ISS - PMVR;
585091;;;;;;;;
585092;;;;;;;;
585093;;;;;;;;
585094;;;;;3096.7;3096.7;INSTITUTO NACIONAL DO SEGURO SOCIAL;
585095;;;;;125.4;1.5;HSJB - IRRF RETIDO EM N.F;
585096;;;;;398.93;398.93;IRRF - PMVR;
585098;;;;;;;;
585103;;;;;6656.26;133.13;ISS - PMVR;
585105;;;;;6383.86;127.68;ISS - PMVR;
585106;;;;;;;;
585108;;;;;468448.9;9974.58;ISS - PMVR;
585108;;;;;468448.9;23938.99;IRRF - PRESTADOR DE SERVIÇOS;
585110;;;;;;;;
585112;;;;;25408.87;508.18;ISS - PMVR;
585114;;;;;5914.19;118.28;ISS - PMVR;
585121;;;;;34055.95;408.67;HSJB - IRRF RETIDO EM N.F;
585124;;;;;7356.39;147.13;ISS - PMVR;
585125;;;;;;;;
585126;;;;;;;;
585133;;;;;;;;
585134;;;;;8460;133.92;IRRF - GESTAO PLENA - SUS;
585134;;;;;8460;558;ISS - GESTAO PLENA;
585135;;;;;;;;
585136;;;;;;;;
585137;;;;;;;;
585138;;;;;583.85;7.01;HSJB - IRRF RETIDO EM N.F;
585139;;;;;;;;
585140;;;;;82826.52;1252.12;IRRF - GESTAO PLENA - SUS;
585140;;;;;82826.52;5217.17;ISS - GESTAO PLENA;
585141;;;;;;;;
585142;;;;;177924.07;2137.26;IRRF SOBRE O TRABALHO PRINCIPAL - PJ;
585143;;;;;203417.52;2442.02;IRRF SOBRE O TRABALHO PRINCIPAL - PJ;
585144;;;;;;;;
585145;;;;;80117.22;2019.48;IRRF SOBRE O TRABALHO PRINCIPAL - PJ;
585146;;;;;;;;
585147;;;;;230.85;2.77;HSJB - IRRF RETIDO EM N.F;
585148;;;;;31985.69;383.83;IRRF SOBRE O TRABALHO PRINCIPAL - PJ;
585151;;;;;4786.91;57.44;IRRF SOBRE O TRABALHO PRINCIPAL - PJ;
585152;;;;;336.12;4.03;HSJB - IRRF RETIDO EM N.F;
585164;;;;;;;;
585167;;;;;;;;
585169;;;;;;;;
585170;;;;;230.85;2.77;HSJB - IRRF RETIDO EM N.F;
585174;;;;;583.85;7.01;HSJB - IRRF RETIDO EM N.F;
585175;;;;;1435;71.75;ISS - PMVR;
585175;;;;;1435;17.22;HSJB - IRRF RETIDO EM N.F;
585176;;;;;21760;1088;ISS - PMVR;
585177;;;;;680;34;ISS - PMVR;
585178;;;;;1450;72.5;ISS - PMVR;
585179;;;;;1120;56;ISS - PMVR;
585185;;;;;;;;
585188;;;;;;;;
585194;;;;;;;;
585195;;;;;10513.8;126.16;IRRF - FORNECIMENTO DE BENS;
585196;;;;;;;;
585199;;;;;;;;
585200;;;;;11880;150.16;IRRF - FORNECIMENTO DE BENS;
585201;;;;;9999;479.95;HSJB - IRRF RETIDO EM N.F;
585202;;;;;;;;
585203;;;;;;;;
585204;;;;;;;;
585205;;;;;;;;
585206;;;;;9999;479.95;HSJB - IRRF RETIDO EM N.F;
585207;;;;;;;;
585208;;;;;23239.55;1161.98;RETENC. ISS EM LIQUIDAÇÃO;
585209;;;;;;;;
585210;;;;;;;;
585212;;;;;;;;
585213;;;;;;;;
585215;;;;;;;;
585216;;;;;;;;
585217;;;;;;;;
585219;;;;;;;;
585220;;;;;;;;
585221;;;;;502394.15;25119.7;RETENCAO RELATIVA AO ISS  ROYALTES PETRO;
585221;;;;;502394.15;38684.35;RETENCAO - INSS ROYALTES PETROLEO FONTE;
585221;;;;;502394.15;6028.73;RETENCAO RELATIVA IRRF  ROYALTIES PETROL;
585222;;;;;;;;
585223;;;;;;;;
585225;;;;;;;;
585226;;;;;;;;
585227;;;;;;;;
585228;;;;;;;;
585229;;;;;;;;
585230;;;;;;;;
585231;;;;;;;;
585232;;;;;;;;
585233;;;;;;;;
585234;;;;;;;;
585236;;;;;;;;
585237;;;;;;;;
585239;;;;;;;;
585241;;;;;;;;
585243;;;;;;;;
585244;;;;;28000;982.16;RETENC. ISS EM LIQUIDAÇÃO;
585245;;;;;;;;
585247;;;;;;;;
585250;;;;;;;;
585251;;;;;32584.82;391.02;HSJB - IRRF RETIDO EM N.F;
585252;;;;;1500.5;18;HSJB - IRRF RETIDO EM N.F;
585253;;;;;2255.04;27.06;HSJB - IRRF RETIDO EM N.F;
585256;;;;;;;;
585257;;;;;10590;127.08;HSJB - IRRF RETIDO EM N.F;
585259;;;;;;;;
585261;;;;;;;;
585262;;;;;;;;
585267;;;;;;;;
585268;;;;;;;;
585277;;;;;;;;
585279;;;;;;;;
585280;;;;;;;;
585281;;;;;;;;
585282;;;;;1050;12.6;HSJB - IRRF RETIDO EM N.F;
585283;;;;;754;9.05;HSJB - IRRF RETIDO EM N.F;
585284;;;;;600;7.2;HSJB - IRRF RETIDO EM N.F;
585286;;;;;4080;48.96;HSJB - IRRF RETIDO EM N.F;
585287;;;;;5440;65.28;HSJB - IRRF RETIDO EM N.F;
585288;;;;;;;;
585289;;;;;;;;
585293;;;;;;;;
585298;;;;;;;;
585299;;;;;;;;
585301;;;;;1044;12.53;IR/PIS/COFINS/CSLL RETIDO N.F;
585302;;;;;18150;217.8;IR/PIS/COFINS/CSLL RETIDO N.F;
585303;;;;;;;;
585304;;;;;3528.95;43.76;IR/PIS/COFINS/CSLL RETIDO N.F;
585307;;;;;;;;
585308;;;;;;;;
585309;;;;;81632.16;8735.11;INSTITUTO NACIONAL DO SEGURO SOCIAL;
585309;;;;;81632.16;4081.61;ISS - PMVR;
585309;;;;;81632.16;816.32;HSJB - IRRF RETIDO EM N.F;
585310;;;;;;;;
585311;;;;;;;;
585314;;;;;;;;
585316;;;;;131496.94;315.59;IRRF SOBRE O TRABALHO PRINCIPAL - PJ;
585324;;;;;8447.58;503.22;IRRF - PRESTADOR DE SERVIÇOS;
585325;;;;;;;;
585328;;;;;;;;
585330;;;;;;;;
585331;;;;;;;;
585334;;;;;12522.4;300.53;IRRF - PRESTADOR DE SERVIÇOS;
585335;;;;;1145;13.74;HSJB - IRRF RETIDO EM N.F;
585336;;;;;;;;
585337;;;;;;;;
585338;;;;;1640;19.68;HSJB - IRRF RETIDO EM N.F;
585340;;;;;19426.34;233.12;IRRF - FORNECIMENTO DE BENS;
585341;;;;;422;5.06;HSJB - IRRF RETIDO EM N.F;
585342;;;;;244249.22;11723.96;IRRF - PRESTADOR DE SERVIÇOS;
585342;;;;;2415147.32;25957.27;IRRF - FORNECIMENTO DE BENS;
585343;;;;;;;;
585344;;;;;38028.85;1825.38;IRRF - PRESTADOR DE SERVIÇOS;
585344;;;;;148893.12;1786.71;IRRF - FORNECIMENTO DE BENS;
585345;;;;;;;;
585346;;;;;39600;475.2;HSJB - IRRF RETIDO EM N.F;
585347;;;;;15506.4;186.08;HSJB - IRRF RETIDO EM N.F;
585348;;;;;56425.63;677.11;HSJB - IRRF RETIDO EM N.F;
585349;;;;;;;;
585350;;;;;;;;
585351;;;;;467.9;5.61;IR/PIS/COFINS/CSLL RETIDO N.F;
585352;;;;;;;;
585353;;;;;;;;
585354;;;;;;;;
585355;;;;;23000;276;HSJB - IRRF RETIDO EM N.F;
585356;;;;;;;;
585357;;;;;;;;
585358;;;;;;;;
585359;;;;;;;;
585360;;;;;;;;
585361;;;;;;;;
585362;;;;;;;;
585363;;;;;;;;
585364;;;;;10488;125.86;HSJB - IRRF RETIDO EM N.F;
585365;;;;;264;3.17;HSJB - IRRF RETIDO EM N.F;
585366;;;;;5115;61.38;HSJB - IRRF RETIDO EM N.F;
585367;;;;;5280;63.36;HSJB - IRRF RETIDO EM N.F;
585368;;;;;;;;
585369;;;;;6268.01;6268.01;INSTITUTO NACIONAL DO SEGURO SOCIAL;
585370;;;;;16919.04;203.03;HSJB - IRRF RETIDO EM N.F;
585371;;;;;516329.66;25816.48;RETENC. ISS EM LIQUIDAÇÃO;
585371;;;;;516329.66;17038.87;INSS - PREST. SERV. PROPRIO;
585371;;;;;516329.66;24783.82;IRRF SOBRE O TRABALHO PRINCIPAL - PJ;
585372;;;;;316.2;316.2;RESTITUI0ES (ANTECIPACAO DE PAGAMENTO) -;
585373;;;;;;;;
585374;;;;;115825.14;5698.19;ISS - GESTAO PLENA;
585375;;;;;1371.3;16.46;HSJB - IRRF RETIDO EM N.F;
585376;;;;;;;;
585377;;;;;;;;
585378;;;;;3038.1;36.46;HSJB - IRRF RETIDO EM N.F;
585379;;;;;;;;
585381;;;;;;;;
585384;;;;;;;;
585385;;;;;;;;
585386;;;;;;;;
585387;;;;;;;;
585388;;;;;;;;
585391;;;;;272802.86;8917.18;ISS - GOV ESTADO  F 193;
585391;;;;;272802.86;4458.6;IRRF - GOV ESTADO - F 193;
585392;;;;;;;;
585393;;;;;15445.84;463.38;ISS - GOV ESTADO  F 193;
585393;;;;;15445.84;231.69;IRRF - GOV ESTADO - F 193;
585394;;;;;;;;
585395;;;;;;;;
585396;;;;;;;;
585397;;;;;;;;
585398;;;;;;;;
585400;;;;;;;;
585402;;;;;;;;
585403;;;;;;;;
585404;;;;;99700;4785.6;IRRF RETIDO EM N.F.;
585405;;;;;39300;1886.4;IRRF RETIDO EM N.F.;
585407;;;;;;;;
585408;;;;;;;;
585409;;;;;660;7.92;IRRF - FORNECIMENTO DE BENS;
585411;;;;;;;;
585413;;;;;486;5.83;HSJB - IRRF RETIDO EM N.F;
585415;;;;;;;;
585418;;;;;;;;
585420;;;;;;;;
585421;;;;;;;;
585422;;;;;;;;
585423;;;;;;;;
585427;;;;;12240;146.88;HSJB - IRRF RETIDO EM N.F;
585428;;;;;;;;
585430;;;;;;;;
585431;;;;;;;;
585432;;;;;332768.5;82493.55;ISS - SALARIO EDUCACAO;
585432;;;;;332768.5;19798.45;IRRF - SALARIO EDUCAÇÃO;
585432;;;;;332768.5;181485.8;INSS REENÇÃO - SALARIO EDUCAÇÃO;
585433;;;;;;;;
585434;;;;;1296;15.55;HSJB - IRRF RETIDO EM N.F;
585435;;;;;;;;
585436;;;;;;;;
585437;;;;;;;;
585438;;;;;;;;
585439;;;;;;;;
585440;;;;;1800;21.6;HSJB - IRRF RETIDO EM N.F;
585441;;;;;;;;
585444;;;;;;;;
585446;;;;;;;;
585447;;;;;;;;
585448;;;;;3366;40.39;HSJB - IRRF RETIDO EM N.F;
585451;;;;;;;;
585452;;;;;;;;
585453;;;;;;;;
585454;;;;;;;;
585455;;;;;;;;
585456;;;;;;;;
585457;;;;;;;;
585459;;;;;;;;
585460;;;;;;;;
585461;;;;;7200;86.4;HSJB - IRRF RETIDO EM N.F;
585466;;;;;;;;
585467;;;;;24600;295.2;HSJB - IRRF RETIDO EM N.F;
585469;;;;;;;;
585477;;;;;;;;
585480;;;;;;;;
585481;;;;;;;;
585482;;;;;1050.93;12.61;HSJB - IRRF RETIDO EM N.F;
585483;;;;;12.85;12.85;ISS - PMVR;
585484;;;;;167.75;167.75;INSTITUTO NACIONAL DO SEGURO SOCIAL;
585485;;;;;1357.25;73.2;IRRF - PMVR;
585485;;;;;1357.25;76.25;ISS - PMVR;
585488;;;;;;;;
585489;;;;;;;;
585490;;;;;;;;
585491;;;;;;;;
585492;;;;;;;;
585493;;;;;;;;
585494;;;;;;;;
585495;;;;;;;;
585496;;;;;6251.63;75.01;IR/PIS/COFINS/CSLL RETIDO N.F;
585497;;;;;;;;
585498;;;;;2380;28.56;HSJB - IRRF RETIDO EM N.F;
585499;;;;;2380;28.56;HSJB - IRRF RETIDO EM N.F;
585500;;;;;;;;
585501;;;;;;;;
585502;;;;;2380;28.56;HSJB - IRRF RETIDO EM N.F;
585503;;;;;2800;127.12;ISS - PMVR;
585504;;;;;;;;
585505;;;;;792.79;792.79;ISS - PMVR;
585506;;;;;2800;127.12;ISS - PMVR;
585507;;;;;258.78;258.78;INSTITUTO NACIONAL DO SEGURO SOCIAL;
585508;;;;;;;;
585509;;;;;2500;50.25;ISS - PMVR;
585510;;;;;;;;
585513;;;;;;;;
585534;;;;;;;;
585537;;;;;2599;31.19;HSJB - IRRF RETIDO EM N.F;
585538;;;;;1727.62;78.09;ISS - PMVR;
585539;;;;;500;6;HSJB - IRRF RETIDO EM N.F;
585540;;;;;1727.62;78.09;ISS - PMVR;
585541;;;;;;;;
585542;;;;;;;;
585545;;;;;1200;60;ISS - PMVR;
585545;;;;;1200;18;IR/PIS/COFINS/CSLL RETIDO N.F;
585546;;;;;;;;
585552;;;;;;;;
585555;;;;;800;40;ISS - PMVR;
585555;;;;;800;12;IR/PIS/COFINS/CSLL RETIDO N.F;
585557;;;;;;;;
585558;;;;;;;;
585559;;;;;;;;
585561;;;;;;;;
585562;;;;;360;18;ISS - PMVR;
585562;;;;;360;5.4;IR/PIS/COFINS/CSLL RETIDO N.F;
585564;;;;;840;42;ISS - PMVR;
585564;;;;;840;12.6;IR/PIS/COFINS/CSLL RETIDO N.F;
585566;;;;;;;;
585568;;;;;;;;
585569;;;;;;;;
585573;;;;;;;;
585574;;;;;;;;
585575;;;;;;;;
585576;;;;;;;;
585579;;;;;;;;
585580;;;;;;;;
585582;;;;;;;;
585584;;;;;;;;
585586;;;;;5140;61.68;HSJB - IRRF RETIDO EM N.F;
585587;;;;;55303.76;1659.11;ISS - FME;
585587;;;;;55303.76;663.65;IRRF - FME;
585590;;;;;;;;
585597;;;;;;;;
585601;;;;;;;;
585602;;;;;;;;
585603;;;;;;;;
585604;;;;;;;;
585605;;;;;;;;
585608;;;;;;;;
585610;;;;;;;;
585612;;;;;;;;
585613;;;;;;;;
585614;;;;;;;;
585616;;;;;;;;
585617;;;;;;;;
585618;;;;;2372.64;28.47;HSJB - IRRF RETIDO EM N.F;
585619;;;;;;;;
585620;;;;;;;;
585622;;;;;;;;
585623;;;;;39600;475.2;HSJB - IRRF RETIDO EM N.F;
585624;;;;;198000;11893.2;ISS - GOV ESTADO  F 193;
585624;;;;;198000;3567.96;IRRF - GOV ESTADO - F 193;
585626;;;;;;;;
585627;;;;;;;;
585628;;;;;138600;11479.2;ISS - GOV ESTADO  F 193;
585628;;;;;138600;3443.76;IRRF - GOV ESTADO - F 193;
585629;;;;;9698;116.38;HSJB - IRRF RETIDO EM N.F;
585630;;;;;;;;
585632;;;;;;;;
585633;;;;;6000;72;HSJB - IRRF RETIDO EM N.F;
585634;;;;;;;;
585635;;;;;;;;
585636;;;;;;;;
585637;;;;;;;;
585638;;;;;;;;
585639;;;;;;;;
585640;;;;;;;;
585641;;;;;;;;
585642;;;;;;;;
585643;;;;;;;;
585644;;;;;;;;
585645;;;;;;;;
585646;;;;;12000;600;ISS - FME;
585647;;;;;;;;
585649;;;;;33000;1650;ISS - GESTAO PLENA;
585650;;;;;;;;
585651;;;;;;;;
585653;;;;;;;;
585654;;;;;;;;
585655;;;;;;;;
585658;;;;;32584.82;391.02;HSJB - IRRF RETIDO EM N.F;
585659;;;;;247762.27;2973.14;IRRF SOBRE O TRABALHO PRINCIPAL - PJ;
585660;;;;;;;;
585661;;;;;15753.54;189.04;IRRF SOBRE O TRABALHO PRINCIPAL - PJ;
585662;;;;;;;;
585663;;;;;;;;
585664;;;;;;;;
585665;;;;;;;;
585667;;;;;;;;
585668;;;;;;;;
585669;;;;;;;;
585671;;;;;;;;
585672;;;;;;;;
585673;;;;;;;;
585676;;;;;;;;
585677;;;;;;;;
585678;;;;;;;;
585679;;;;;;;;
585680;;;;;;;;
585681;;;;;;;;
585682;;;;;9120;109.44;HSJB - IRRF RETIDO EM N.F;
585683;;;;;5000;60;HSJB - IRRF RETIDO EM N.F;
585684;;;;;5110;61.32;HSJB - IRRF RETIDO EM N.F;
585685;;;;;;;;
585686;;;;;1180;14.16;HSJB - IRRF RETIDO EM N.F;
585687;;;;;9240;110.88;HSJB - IRRF RETIDO EM N.F;
585688;;;;;9240;110.88;HSJB - IRRF RETIDO EM N.F;
585689;;;;;9240;110.88;HSJB - IRRF RETIDO EM N.F;
585690;;;;;5110;61.32;HSJB - IRRF RETIDO EM N.F;
585691;;;;;;;;
585692;;;;;;;;
585693;;;;;5110;61.32;HSJB - IRRF RETIDO EM N.F;
585694;;;;;;;;
585695;;;;;;;;
585698;;;;;;;;
585699;;;;;;;;
585700;;;;;;;;
585701;;;;;;;;
585702;;;;;;;;
585703;;;;;;;;
585704;;;;;;;;
585705;;;;;660.4;7.92;IR/PIS/COFINS/CSLL RETIDO N.F;
585706;;;;;4162.8;49.95;IR/PIS/COFINS/CSLL RETIDO N.F;
585707;;;;;80;0.96;IR/PIS/COFINS/CSLL RETIDO N.F;
585708;;;;;;;;
585709;;;;;36150;433.8;IR/PIS/COFINS/CSLL RETIDO N.F;
585710;;;;;;;;
585711;;;;;;;;
585712;;;;;;;;
585718;;;;;;;;
585721;;;;;;;;
585723;;;;;;;;
585725;;;;;;;;
585726;;;;;12196.06;585.41;IRRF - PRESTADOR DE SERVIÇOS;
585727;;;;;1716.5;20.6;HSJB - IRRF RETIDO EM N.F;
585739;;;;;5900;283.2;IR/PIS/COFINS/CSLL RETIDO N.F;
585743;;;;;;;;
585744;;;;;;;;
585745;;;;;;;;
585746;;;;;2720;56.31;ISS - PMVR;
585747;;;;;;;;
585748;;;;;;;;
585749;;;;;;;;
585751;;;;;5600;92.93;IRRF - GESTAO PLENA - SUS;
585751;;;;;5600;123.9;ISS - GESTAO PLENA;
585752;;;;;;;;
585753;;;;;;;;
585754;;;;;1270;15.24;HSJB - IRRF RETIDO EM N.F;
585758;;;;;;;;
585759;;;;;;;;
585760;;;;;597.6;7.17;HSJB - IRRF RETIDO EM N.F;
585761;;;;;;;;
585763;;;;;2295.6;27.55;HSJB - IRRF RETIDO EM N.F;
585766;;;;;;;;
585771;;;;;;;;
585782;;;;;;;;
585783;;;;;22806;798.21;ISS - PMVR;
585783;;;;;22806;501.73;INSS PRESTADORES DE SERVIÇO PJ;
585786;;;;;39285;471.42;IRRF - FORNECIMENTO DE BENS;
585787;;;;;39285;471.42;IRRF - FORNECIMENTO DE BENS;
585788;;;;;39285;471.42;IRRF - FORNECIMENTO DE BENS;
585789;;;;;;;;
585790;;;;;;;;
585791;;;;;800;16;HSJB - ISS - PMVR;
585792;;;;;9000;432;IRRF - PMVR;
585793;;;;;;;;
585794;;;;;6448.62;309.53;IRRF - PRESTADOR DE SERVIÇOS;
585795;;;;;7118.1;85.42;HSJB - IRRF RETIDO EM N.F;
585796;;;;;663.82;33.19;ISS - PMVR;
585796;;;;;663.82;31.86;IRRF - PRESTADOR DE SERVIÇOS;
585797;;;;;663.82;33.19;ISS - PMVR;
585797;;;;;663.82;31.86;IRRF - PRESTADOR DE SERVIÇOS;
585798;;;;;;;;
585799;;;;;2920;140.16;IRRF - PMVR;
585800;;;;;;;;
585803;;;;;5110;245.28;IRRF - PMVR;
585814;;;;;;;;
585816;;;;;;;;
585823;;;;;;;;
585829;;;;;640;7.68;HSJB - IRRF RETIDO EM N.F;
585831;;;;;640;7.68;HSJB - IRRF RETIDO EM N.F;
585832;;;;;980;11.76;HSJB - IRRF RETIDO EM N.F;
585834;;;;;640;7.68;HSJB - IRRF RETIDO EM N.F;
585836;;;;;640;7.68;HSJB - IRRF RETIDO EM N.F;
585837;;;;;;;;
585842;;;;;1340;16.08;HSJB - IRRF RETIDO EM N.F;
585844;;;;;1340;16.08;HSJB - IRRF RETIDO EM N.F;
585846;;;;;;;;
585848;;;;;3970;47.64;HSJB - IRRF RETIDO EM N.F;
585850;;;;;;;;
585851;;;;;;;;
585852;;;;;171988.88;16600.86;RETENC. ISS EM LIQUIDAÇÃO;
585852;;;;;171988.88;4980.26;IRRF SOBRE O TRABALHO PRINCIPAL - PJ;
585854;;;;;;;;
585855;;;;;;;;
585856;;;;;;;;
585859;;;;;;;;
585860;;;;;;;;
585861;;;;;530162.82;6361.95;HSJB - IRRF RETIDO EM N.F;
585864;;;;;;;;
585865;;;;;;;;
585866;;;;;;;;
585868;;;;;;;;
585870;;;;;2443.51;36.65;IRRF - GESTAO PLENA - SUS;
585873;;;;;100567.78;5028.39;ISS - FME FUNDEB;
585874;;;;;;;;
585875;;;;;;;;
585876;;;;;8408;403.58;IRRF SOBRE O TRABALHO PRINCIPAL - PJ;
585877;;;;;;;;
585878;;;;;;;;
585879;;;;;;;;
585880;;;;;;;;
585882;;;;;;;;
585883;;;;;;;;
585885;;;;;;;;
585886;;;;;39243.75;240.64;RETENC. ISS EM LIQUIDAÇÃO;
585886;;;;;39243.75;470.92;IRRF SOBRE O TRABALHO PRINCIPAL - PJ;
585887;;;;;;;;
585888;;;;;;;;
585889;;;;;;;;
585890;;;;;;;;
585891;;;;;4496;53.95;HSJB - IRRF RETIDO EM N.F;
585892;;;;;;;;
585893;;;;;;;;
585894;;;;;;;;
585895;;;;;;;;
585897;;;;;;;;
585898;;;;;;;;
585903;;;;;;;;
585905;;;;;;;;
585906;;;;;109000;1308;IRRF SOBRE O TRABALHO PRINCIPAL - PJ;
585907;;;;;;;;
585909;;;;;;;;
585910;;;;;;;;
585911;;;;;;;;
585916;;;;;693.31;693.31;INSTITUTO NACIONAL DO SEGURO SOCIAL;
585919;;;;;;;;
585921;;;;;25738.69;1102.99;ISS - GESTAO PLENA;
585923;;;;;;;;
585926;;;;;;;;
585927;;;;;;;;
585928;;;;;;;;
585929;;;;;;;;
585932;;;;;;;;
585933;;;;;;;;
585934;;;;;;;;
585935;;;;;;;;
585936;;;;;;;;
585937;;;;;;;;
585938;;;;;;;;
585939;;;;;;;;
585940;;;;;;;;
585941;;;;;;;;
585942;;;;;;;;
585943;;;;;;;;
585944;;;;;;;;
585945;;;;;;;;
585947;;;;;;;;
585948;;;;;;;;
585949;;;;;;;;
585950;;;;;917.84;917.84;RESTITUICOES ANTECIPACAO DE PAGAMENTO -;
585952;;;;;10828.69;10828.69;INSTITUTO NACIONAL DO SEGURO SOCIAL;
585953;;;;;;;;
585954;;;;;170608.92;5906.56;ISS - GOV ESTADO  F 193;
585955;;;;;;;;
585957;;;;;8750;105;IRRF - FORNECIMENTO DE BENS;
585959;;;;;;;;
585960;;;;;521525.22;25033.21;IRRF SOBRE O TRABALHO PRINCIPAL - PJ;
585961;;;;;73624.26;3681.21;RETENC. ISS EM LIQUIDAÇÃO;
585961;;;;;73624.26;3533.96;IRRF SOBRE O TRABALHO PRINCIPAL - PJ;
585965;;;;;;;;
585967;;;;;8698.33;417.51;IRRF SOBRE O TRABALHO PRINCIPAL - PJ;
585968;;;;;;;;
585970;;;;;183420;9171;RETENC. ISS EM LIQUIDAÇÃO;
585971;;;;;25830.63;1291.53;RETENC. ISS EM LIQUIDAÇÃO;
585974;;;;;1584;19;IRRF - SALARIO EDUCAÇÃO;
585975;;;;;;;;
585976;;;;;100500;1206;IRRF SOBRE O TRABALHO PRINCIPAL - PJ;
585978;;;;;24469.12;1223.46;RETENC. ISS EM LIQUIDAÇÃO;
585979;;;;;100990;1211.88;IRRF SOBRE O TRABALHO PRINCIPAL - PJ;
585980;;;;;100990;1211.88;IRRF SOBRE O TRABALHO PRINCIPAL - PJ;
585984;;;;;67717.24;3385.86;RETENC. ISS EM LIQUIDAÇÃO;
585985;;;;;;;;
585986;;;;;95840.3;4792.02;RETENC. ISS EM LIQUIDAÇÃO;
585987;;;;;;;;
585989;;;;;;;;
585990;;;;;14151.16;781.51;RETENC. ISS EM LIQUIDAÇÃO;
585991;;;;;;;;
585992;;;;;190386.91;9519.35;RETENC. ISS EM LIQUIDAÇÃO;
585993;;;;;;;;
585997;;;;;7371.72;337.46;IRRF SOBRE O TRABALHO PRINCIPAL - PJ;
585999;;;;;2278.1;109.35;IRRF SOBRE O TRABALHO PRINCIPAL - PJ;
586000;;;;;19700;236.4;IRRF SOBRE O TRABALHO PRINCIPAL - PJ;
586001;;;;;;;;
586002;;;;;;;;
586003;;;;;13140;630.72;IRRF - PMVR;
586004;;;;;;;;
586005;;;;;1009500;12114;HSJB - IRRF RETIDO EM N.F;
586006;;;;;;;;
586007;;;;;;;;
586008;;;;;1395;16.74;IR/PIS/COFINS/CSLL RETIDO N.F;
586009;;;;;;;;
586010;;;;;;;;
586011;;;;;;;;
586012;;;;;;;;
586013;;;;;480;5.76;IR/PIS/COFINS/CSLL RETIDO N.F;
586014;;;;;301431.7;6028.63;RETENC. ISS EM LIQUIDAÇÃO;
586014;;;;;301431.7;7468.15;INSS - PREST. SERV. PROPRIO;
586015;;;;;45;0.54;IR/PIS/COFINS/CSLL RETIDO N.F;
586016;;;;;4635.2;55.62;IR/PIS/COFINS/CSLL RETIDO N.F;
586017;;;;;875.14;10.5;IR/PIS/COFINS/CSLL RETIDO N.F;
586018;;;;;18;0.21;IR/PIS/COFINS/CSLL RETIDO N.F;
586023;;;;;;;;
586025;;;;;36450;1822.5;RETENC. ISS EM LIQUIDAÇÃO;
586030;;;;;1009500;12114;HSJB - IRRF RETIDO EM N.F;
586034;;;;;1009500;12114;HSJB - IRRF RETIDO EM N.F;
586038;;;;;;;;
586039;;;;;;;;
586040;;;;;;;;
586041;;;;;;;;
586044;;;;;;;;
586045;;;;;;;;
586046;;;;;1009500;12114;HSJB - IRRF RETIDO EM N.F;
586048;;;;;;;;
586049;;;;;74882.17;3935.68;IRRF - SERVIÇOS PRESTADOS PMVR;
586049;;;;;74882.17;1639.87;ISS;
586065;;;;;;;;
586073;;;;;;;;
586074;;;;;;;;
586075;;;;;;;;
586076;;;;;;;;
586077;;;;;;;;
586078;;;;;4666.33;4666.33;INSTITUTO NACIONAL DO SEGURO SOCIAL;
586079;;;;;;;;
586080;;;;;;;;
586081;;;;;136737.72;1696.85;IRRF - PMVR;
586081;;;;;136737.72;3257.94;ISS - PMVR;
586082;;;;;;;;
586083;;;;;13870;665.76;IRRF - PMVR;
586085;;;;;;;;
586086;;;;;;;;
586087;;;;;115556.5;1386.68;IRRF - PMVR;
586087;;;;;115556.5;2311.13;ISS - PMVR;
586088;;;;;;;;
586089;;;;;;;;
586090;;;;;;;;
586091;;;;;;;;
586092;;;;;;;;
586094;;;;;;;;
586105;;;;;;;;
586107;;;;;;;;
586108;;;;;;;;
586109;;;;;;;;
586114;;;;;4200;50.4;HSJB - IRRF RETIDO EM N.F;
586122;;;;;;;;
586124;;;;;;;;
586129;;;;;;;;
586130;;;;;;;;
586131;;;;;;;;
586138;;;;;;;;
586145;;;;;;;;
586148;;;;;32558.86;1562.83;HSJB - IRRF RETIDO EM N.F;
586149;;;;;;;;
586150;;;;;110621.66;306.64;IRRF SOBRE O TRABALHO PRINCIPAL - PJ;
586153;;;;;;;;
586154;;;;;;;;
586155;;;;;;;;
586156;;;;;;;;
586159;;;;;13846.23;692.31;ISS - PMVR;
586159;;;;;13846.23;664.62;IRRF - PRESTADOR DE SERVIÇOS;
586166;;;;;;;;
586167;;;;;;;;
586168;;;;;;;;
586169;;;;;;;;
586170;;;;;;;;
586171;;;;;;;;
586174;;;;;;;;
586175;;;;;;;;
586177;;;;;;;;
586184;;;;;11476.73;137.72;HSJB - IRRF RETIDO EM N.F;
586190;;;;;6059.22;72.71;HSJB - IRRF RETIDO EM N.F;
586191;;;;;7490.22;89.9;HSJB - IRRF RETIDO EM N.F;
586192;;;;;6221.22;74.65;HSJB - IRRF RETIDO EM N.F;
586193;;;;;3431;41.16;HSJB - IRRF RETIDO EM N.F;
586194;;;;;3937;47.24;HSJB - IRRF RETIDO EM N.F;
586195;;;;;;;;
586196;;;;;4467;53.6;HSJB - IRRF RETIDO EM N.F;
586197;;;;;4494;53.92;HSJB - IRRF RETIDO EM N.F;
586199;;;;;;;;
586200;;;;;1320;15.84;HSJB - IRRF RETIDO EM N.F;
586201;;;;;7964;95.6;HSJB - IRRF RETIDO EM N.F;
586202;;;;;2800;33.6;HSJB - IRRF RETIDO EM N.F;
586203;;;;;17756.46;213.08;IRRF - GESTAO PLENA - SUS;
586203;;;;;17756.46;532.69;ISS - GESTAO PLENA;
586204;;;;;;;;
586205;;;;;;;;
586208;;;;;;;;
586210;;;;;;;;
586212;;;;;29.59;1.42;IRRF - SERVIÇOS PRESTADOS PMVR;
586213;;;;;;;;
586214;;;;;;;;
586215;;;;;22883.79;332.47;IRRF - GESTAO PLENA - SUS;
586215;;;;;22883.79;831.17;ISS - GESTAO PLENA;
586216;;;;;;;;
586217;;;;;;;;
586218;;;;;;;;
586219;;;;;;;;
586221;;;;;;;;
586222;;;;;;;;
586223;;;;;;;;
586224;;;;;6098;143.91;ISS - PMVR;
586225;;;;;;;;
586226;;;;;180;4.25;ISS - PMVR;
586228;;;;;27735.85;332.83;IRRF - GESTAO PLENA - SUS;
586228;;;;;27735.85;1386.79;ISS - GESTAO PLENA;
586229;;;;;500;11.05;ISS - PMVR;
586232;;;;;5897;117.94;ISS - PMVR;
586233;;;;;;;;
586235;;;;;;;;
586236;;;;;;;;
586237;;;;;;;;
586238;;;;;;;;
586240;;;;;4634;55.61;HSJB - IRRF RETIDO EM N.F;
586241;;;;;;;;
586249;;;;;;;;
586252;;;;;;;;
586254;;;;;;;;
586256;;;;;;;;
586257;;;;;;;;
586259;;;;;;;;
586262;;;;;;;;
586263;;;;;;;;
586265;;;;;;;;
586269;;;;;;;;
586279;;;;;;;;
586281;;;;;112;5.38;IRRF - PRESTADOR DE SERVIÇOS;
586282;;;;;3.45;0.17;IRRF - PMVR;
586283;;;;;679.96;32.64;IRRF - PRESTADOR DE SERVIÇOS;
586285;;;;;2123.63;25.49;HSJB - IRRF RETIDO EM N.F;
586286;;;;;679.96;32.64;IRRF - PRESTADOR DE SERVIÇOS;
586287;;;;;4634;55.61;HSJB - IRRF RETIDO EM N.F;
586288;;;;;2922.63;35.08;HSJB - IRRF RETIDO EM N.F;
586289;;;;;2922.63;35.08;HSJB - IRRF RETIDO EM N.F;
586292;;;;;;;;
586293;;;;;679.96;32.64;IRRF - PRESTADOR DE SERVIÇOS;
586294;;;;;2123.63;25.49;HSJB - IRRF RETIDO EM N.F;
586295;;;;;;;;
586296;;;;;868.15;10.42;HSJB - IRRF RETIDO EM N.F;
586300;;;;;;;;
586301;;;;;2273.63;27.29;HSJB - IRRF RETIDO EM N.F;
586302;;;;;1224.63;14.7;HSJB - IRRF RETIDO EM N.F;
586303;;;;;2922.63;35.08;HSJB - IRRF RETIDO EM N.F;
586304;;;;;;;;
586305;;;;;2273.63;27.29;HSJB - IRRF RETIDO EM N.F;
586306;;;;;2273.63;27.29;HSJB - IRRF RETIDO EM N.F;
586307;;;;;;;;
586310;;;;;2273.63;27.29;HSJB - IRRF RETIDO EM N.F;
586313;;;;;3279.11;39.36;HSJB - IRRF RETIDO EM N.F;
586315;;;;;;;;
586316;;;;;;;;
586317;;;;;1474.63;17.7;HSJB - IRRF RETIDO EM N.F;
586318;;;;;3721.63;44.67;HSJB - IRRF RETIDO EM N.F;
586320;;;;;;;;
586322;;;;;;;;
586326;;;;;;;;
586330;;;;;;;;
586331;;;;;;;;
586333;;;;;;;;
586335;;;;;;;;
586336;;;;;;;;
586342;;;;;;;;
586345;;;;;;;;
586346;;;;;;;;
586353;;;;;2716;32.59;HSJB - IRRF RETIDO EM N.F;
586358;;;;;;;;
586359;;;;;;;;
586364;;;;;880;10.56;HSJB - IRRF RETIDO EM N.F;
586368;;;;;;;;
586369;;;;;;;;
586370;;;;;;;;
586371;;;;;;;;
586372;;;;;;;;
586373;;;;;;;;
586374;;;;;29347.7;352.17;IRRF - GESTAO PLENA - SUS;
586374;;;;;29347.7;880.43;ISS - GESTAO PLENA;
586375;;;;;125.4;1.5;HSJB - IRRF RETIDO EM N.F;
586378;;;;;1401.24;16.81;HSJB - IRRF RETIDO EM N.F;
586379;;;;;;;;
586380;;;;;20218;688;ISS - GESTAO PLENA;
586384;;;;;;;;
586387;;;;;;;;
586388;;;;;;;;
586389;;;;;;;;
586392;;;;;15211;182.53;HSJB - IRRF RETIDO EM N.F;
586396;;;;;38900;826.9;ISS - PMVR;
586397;;;;;;;;
586398;;;;;;;;
586402;;;;;;;;
586406;;;;;;;;
586425;;;;;;;;
586429;;;;;8890;106.68;HSJB - IRRF RETIDO EM N.F;
586435;;;;;;;;
586441;;;;;7380;88.56;HSJB - IRRF RETIDO EM N.F;
586446;;;;;;;;
586451;;;;;;;;
586452;;;;;;;;
586454;;;;;;;;
586455;;;;;13900;554.61;ISS - GESTAO PLENA;
586456;;;;;13900;554.61;ISS - GESTAO PLENA;
586459;;;;;43000;516;HSJB - IRRF RETIDO EM N.F;
586460;;;;;;;;
586463;;;;;29167.57;350.01;IRRF - GESTAO PLENA - SUS;
586463;;;;;29167.57;875.03;ISS - GESTAO PLENA;
586466;;;;;;;;
586471;;;;;;;;
586473;;;;;;;;
586474;;;;;520;6.24;HSJB - IRRF RETIDO EM N.F;
586479;;;;;30228.85;362.74;IRRF - GESTAO PLENA - SUS;
586479;;;;;30228.85;906.87;ISS - GESTAO PLENA;
586480;;;;;32527.43;1626.37;ISS - SALARIO EDUCACAO;
586481;;;;;;;;
586482;;;;;14.88;0.18;IRRF - GESTAO PLENA - SUS;
586482;;;;;14.88;0.45;ISS - GESTAO PLENA;
586490;;;;;;;;
586499;;;;;;;;
586500;;;;;;;;
586509;;;;;2293;27.52;HSJB - IRRF RETIDO EM N.F;
586530;;;;;300;3.6;HSJB - IRRF RETIDO EM N.F;
586534;;;;;;;;
586538;;;;;;;;
586543;;;;;;;;
586544;;;;;;;;
586546;;;;;;;;
586551;;;;;;;;
586553;;;;;;;;
586556;;;;;;;;
586559;;;;;745.24;11.18;HSJB - IRRF RETIDO EM N.F;
586569;;;;;;;;
586571;;;;;;;;
586572;;;;;;;;
586573;;;;;;;;
586574;;;;;;;;
586576;;;;;;;;
586582;;;;;71470.17;683.09;IRRF - SERVIÇOS PRESTADOS PMVR;
586582;;;;;71470.17;1258.17;ISS;
586584;;;;;48.6;1.94;ISS - PMVR;
586586;;;;;15759.97;344.03;IRRF - SERVIÇOS PRESTADOS PMVR;
586591;;;;;;;;
586592;;;;;;;;
586595;;;;;;;;
586597;;;;;;;;
586598;;;;;;;;
586599;;;;;;;;
586600;;;;;;;;
586601;;;;;;;;
586602;;;;;;;;
586603;;;;;;;;
586605;;;;;;;;
586607;;;;;;;;
586608;;;;;;;;
586609;;;;;3899;78.37;ISS;
586610;;;;;;;;
586611;;;;;;;;
586612;;;;;;;;
586613;;;;;;;;
586614;;;;;;;;
586615;;;;;;;;
586616;;;;;;;;
586617;;;;;;;;
586618;;;;;;;;
586619;;;;;;;;
586620;;;;;;;;
586621;;;;;;;;
586622;;;;;;;;
586623;;;;;;;;
586624;;;;;;;;
586625;;;;;27758.52;1332.41;IRRF - GESTAO PLENA - SUS;
586626;;;;;;;;
586627;;;;;;;;
586628;;;;;;;;
586629;;;;;;;;
586631;;;;;13857;600.01;ISS - GESTAO PLENA;
586636;;;;;;;;
586637;;;;;5874.12;70.49;IRRF - GESTAO PLENA - SUS;
586639;;;;;126991.53;6095.59;IRRF - GESTAO PLENA - SUS;
586654;;;;;;;;
586657;;;;;;;;
586658;;;;;;;;
586659;;;;;23695.33;327.6;IR/PIS/COFINS/CSLL RETIDO N.F;
586660;;;;;;;;
586661;;;;;;;;
586662;;;;;;;;
586663;;;;;;;;
586664;;;;;;;;
586665;;;;;;;;
586666;;;;;;;;
586667;;;;;;;;
586668;;;;;;;;
586669;;;;;;;;
586670;;;;;3500;52.5;IRRF - GESTAO PLENA - SUS;
586670;;;;;3500;175;ISS - GESTAO PLENA;
586673;;;;;;;;
586674;;;;;6008.75;6008.75;INSTITUTO NACIONAL DO SEGURO SOCIAL;
586676;;;;;;;;
586677;;;;;150062.6;4682.14;ISS - GOV ESTADO  F 193;
586677;;;;;150062.6;1872.86;IRRF - GOV ESTADO - F 193;
586678;;;;;;;;
586680;;;;;6516;78.19;HSJB - IRRF RETIDO EM N.F;
586681;;;;;;;;
586683;;;;;8451;101.41;IR/PIS/COFINS/CSLL RETIDO N.F;
586684;;;;;2734.98;54.89;ISS - PMVR;
586686;;;;;;;;
586687;;;;;9076;108.91;IR/PIS/COFINS/CSLL RETIDO N.F;
586688;;;;;;;;
586689;;;;;;;;
586692;;;;;;;;
586694;;;;;;;;
586695;;;;;;;;
586697;;;;;;;;
586698;;;;;;;;
586701;;;;;;;;
586703;;;;;;;;
586705;;;;;;;;
586707;;;;;;;;
586708;;;;;;;;
586711;;;;;1653;25.13;IRRF - GESTAO PLENA - SUS;
586711;;;;;1653;104.69;ISS - GESTAO PLENA;
586712;;;;;2036.19;97.74;IRRF - PRESTADOR DE SERVIÇOS;
586713;;;;;185.5;2.23;HSJB - IRRF RETIDO EM N.F;
586715;;;;;400.76;4.81;HSJB - IRRF RETIDO EM N.F;
586716;;;;;390;4.68;HSJB - IRRF RETIDO EM N.F;
586717;;;;;;;;
586718;;;;;;;;
586720;;;;;229.76;2.76;HSJB - IRRF RETIDO EM N.F;
586721;;;;;;;;
586724;;;;;155.05;1.86;HSJB - IRRF RETIDO EM N.F;
586725;;;;;9500;1561.17;IRRF - TRABALHO PRINCIPAL PF PMVR;
586726;;;;;;;;
586727;;;;;;;;
586728;;;;;7600;91.2;IRRF - GESTAO PLENA - SUS;
586728;;;;;7600;380;ISS - GESTAO PLENA;
586729;;;;;;;;
586730;;;;;;;;
586731;;;;;;;;
586732;;;;;;;;
586733;;;;;13100.9;157.21;HSJB - IRRF RETIDO EM N.F;
586734;;;;;;;;
586736;;;;;;;;
586737;;;;;2750.94;110.04;ISS - PMVR;
586737;;;;;2750.94;132.05;IRRF - PRESTADOR DE SERVIÇOS;
586739;;;;;1473.08;17.67;HSJB - IRRF RETIDO EM N.F;
586740;;;;;;;;
586741;;;;;;;;
586742;;;;;;;;
586743;;;;;;;;
586744;;;;;510;25.5;ISS - PMVR;
586745;;;;;477.36;5.72;HSJB - IRRF RETIDO EM N.F;
586746;;;;;701.1;8.41;HSJB - IRRF RETIDO EM N.F;
586748;;;;;;;;
586749;;;;;;;;
586750;;;;;185.5;2.23;HSJB - IRRF RETIDO EM N.F;
586753;;;;;1918.49;23.02;HSJB - IRRF RETIDO EM N.F;
586754;;;;;294.85;3.54;HSJB - IRRF RETIDO EM N.F;
586756;;;;;185.5;2.23;HSJB - IRRF RETIDO EM N.F;
586757;;;;;;;;
586758;;;;;1370.39;16.44;HSJB - IRRF RETIDO EM N.F;
586759;;;;;;;;
586763;;;;;459.27;5.52;HSJB - IRRF RETIDO EM N.F;
586764;;;;;185.5;2.23;HSJB - IRRF RETIDO EM N.F;
586765;;;;;3377.6;40.52;HSJB - IRRF RETIDO EM N.F;
586766;;;;;1400;16.8;HSJB - IRRF RETIDO EM N.F;
586767;;;;;344.35;4.13;HSJB - IRRF RETIDO EM N.F;
586768;;;;;102524.87;5126.24;ISS - PMVR;
586768;;;;;102524.87;11277.64;INSTITUTO NACIONAL DO SEGURO SOCIAL;
586769;;;;;995.43;11.95;HSJB - IRRF RETIDO EM N.F;
586770;;;;;1688.8;20.28;HSJB - IRRF RETIDO EM N.F;
586772;;;;;634082.5;27984.24;ISS - PMVR;
586772;;;;;634082.5;87728.12;INSTITUTO NACIONAL DO SEGURO SOCIAL;
586772;;;;;634082.5;302.6;PENSÃO ALIMENTICIA;
586776;;;;;;;;
586777;;;;;10147.61;829.99;INSTITUTO NACIONAL DO SEGURO SOCIAL;
586781;;;;;3500;52.5;IRRF - GESTAO PLENA - SUS;
586781;;;;;3500;70;ISS - GESTAO PLENA;
586798;;;;;;;;
586800;;;;;;;;
586804;;;;;21723;260.68;HSJB - IRRF RETIDO EM N.F;
586806;;;;;;;;
586809;;;;;;;;
586810;;;;;;;;
586811;;;;;;;;
586814;;;;;;;;
586815;;;;;;;;
586816;;;;;;;;
586818;;;;;;;;
586821;;;;;;;;
586822;;;;;;;;
586823;;;;;;;;
586824;;;;;;;;
586825;;;;;;;;
586826;;;;;6518.92;312.9;IR/PIS/COFINS/CSLL RETIDO N.F;
586827;;;;;;;;
586828;;;;;;;;
586829;;;;;;;;
586832;;;;;;;;
586833;;;;;;;;
586835;;;;;39262.36;39262.36;INSTITUTO NACIONAL DO SEGURO SOCIAL;
586836;;;;;300000;300000;INSTITUTO NACIONAL DO SEGURO SOCIAL;
586841;;;;;82327.83;82327.83;INSTITUTO NACIONAL DO SEGURO SOCIAL;
586844;;;;;1261573.5;1261573.5;IRRF - PMVR;
586845;;;;;;;;
586849;;;;;1628.79;19.53;HSJB - IRRF RETIDO EM N.F;
586852;;;;;;;;
586855;;;;;459.52;5.52;HSJB - IRRF RETIDO EM N.F;
586857;;;;;;;;
586859;;;;;229.76;2.76;HSJB - IRRF RETIDO EM N.F;
586862;;;;;;;;
586863;;;;;2800;33.6;HSJB - IRRF RETIDO EM N.F;
586869;;;;;;;;
586873;;;;;;;;
586876;;;;;250000;250000;INSTITUTO NACIONAL DO SEGURO SOCIAL;
586878;;;;;3900;78.39;ISS - PMVR;
586879;;;;;27302.39;1429.22;ISS - FME;
586879;;;;;27302.39;686.02;IRRF - FME;
586883;;;;;;;;
586887;;;;;;;;
586888;;;;;;;;
586890;;;;;28354.81;1417.74;ISS - FME FUNDEB;
586890;;;;;28354.81;680.51;IRRF - FME FUNDEB;
586895;;;;;;;;
586896;;;;;3657.88;43.89;HSJB - IRRF RETIDO EM N.F;
586897;;;;;14685.86;605.86;ISS - GESTAO PLENA;
586898;;;;;1370.39;16.44;HSJB - IRRF RETIDO EM N.F;
586906;;;;;;;;
586910;;;;;80;1.61;ISS - PMVR;
586921;;;;;;;;
586933;;;;;;;;
586934;;;;;;;;
586935;;;;;;;;
586936;;;;;;;;
586939;;;;;113850.47;5692.52;ISS - PMVR;
586940;;;;;4734.84;165.72;ISS - PMVR;
586940;;;;;4734.84;104.17;INSS PRESTADORES DE SERVIÇO PJ;
586941;;;;;;;;
586942;;;;;;;;
586943;;;;;;;;
586944;;;;;;;;
586945;;;;;;;;
586946;;;;;;;;
586947;;;;;;;;
586948;;;;;;;;
586949;;;;;;;;
586950;;;;;;;;
586951;;;;;;;;
586952;;;;;;;;
586953;;;;;;;;
586954;;;;;;;;
586957;;;;;;;;
586959;;;;;;;;
586960;;;;;;;;
586961;;;;;;;;
586962;;;;;;;;
586963;;;;;;;;
586964;;;;;;;;
586966;;;;;8427.08;404.5;IRRF - SERVIÇOS PRESTADOS PMVR;
586968;;;;;2568;6.16;IRRF - SERVIÇOS PRESTADOS PMVR;
586981;;;;;470;23.5;RETENCAO RELATIVA AO ISS  ROYALTES PETRO;
586987;;;;;846;42.3;RETENCAO RELATIVA AO ISS  ROYALTES PETRO;
586990;;;;;850;42.5;RETENCAO RELATIVA AO ISS  ROYALTES PETRO;
586992;;;;;;;;
586993;;;;;185.5;2.23;HSJB - IRRF RETIDO EM N.F;
586994;;;;;294.85;3.54;HSJB - IRRF RETIDO EM N.F;
586995;;;;;1020;51;RETENCAO RELATIVA AO ISS  ROYALTES PETRO;
586996;;;;;;;;
586997;;;;;;;;
586998;;;;;539.87;6.48;HSJB - IRRF RETIDO EM N.F;
586999;;;;;;;;
587001;;;;;185.5;2.23;HSJB - IRRF RETIDO EM N.F;
587002;;;;;927.88;44.53;IRRF - SERVIÇOS PRESTADOS PMVR;
587005;;;;;5622.5;67.47;HSJB - IRRF RETIDO EM N.F;
587006;;;;;3733.62;44.8;HSJB - IRRF RETIDO EM N.F;
587012;;;;;;;;
587014;;;;;;;;
587017;;;;;;;;
587020;;;;;;;;
587026;;;;;12300;590.4;IRRF - PMVR - PJ;
587027;;;;;2380;28.55;HSJB - IRRF RETIDO EM N.F;
587028;;;;;2300;27.6;HSJB - IRRF RETIDO EM N.F;
587029;;;;;1180;14.16;HSJB - IRRF RETIDO EM N.F;
587030;;;;;2380;28.56;HSJB - IRRF RETIDO EM N.F;
587033;;;;;;;;
587034;;;;;;;;
587035;;;;;;;;
587036;;;;;;;;
587037;;;;;;;;
587038;;;;;90;4.5;ISS;
587040;;;;;;;;
587043;;;;;;;;
587049;;;;;;;;
587053;;;;;1487.7;35.54;IRRF - GESTAO PLENA - SUS;
587053;;;;;1487.7;118.46;ISS - GESTAO PLENA;
587054;;;;;;;;
587055;;;;;;;;
587056;;;;;;;;
587058;;;;;;;;
587059;;;;;547853.3;6574.24;HSJB - IRRF RETIDO EM N.F;
587061;;;;;;;;
587064;;;;;;;;
587066;;;;;;;;
587067;;;;;;;;
587082;;;;;11547.44;173.21;HSJB - IRRF RETIDO EM N.F;
587086;;;;;;;;
587087;;;;;;;;
587088;;;;;;;;
587090;;;;;;;;
587091;;;;;;;;
587092;;;;;;;;
587094;;;;;1255338.32;275954.34;IRRF - TRABALHO PRINCIPAL PF PMVR;
587094;;;;;1255338.32;85209.46;INSS - PESSOAL PROPRIO;
587096;;;;;32584.82;3005.54;HSJB - IRRF RETIDO EM N.F;
587097;;;;;;;;
587100;;;;;;;;
587102;;;;;;;;
587104;;;;;25800;309.6;HSJB - IRRF RETIDO EM N.F;
587106;;;;;;;;
587108;;;;;;;;
587109;;;;;;;;
587110;;;;;;;;
587111;;;;;;;;
587112;;;;;;;;
587113;;;;;;;;
587114;;;;;482.97;7.24;IRRF - GESTAO PLENA - SUS;
587114;;;;;482.97;24.15;ISS - GESTAO PLENA;
587115;;;;;;;;
587117;;;;;8890;106.68;HSJB - IRRF RETIDO EM N.F;
587119;;;;;;;;
587121;;;;;55054.13;1030.96;IRRF - GESTAO PLENA - SUS;
587121;;;;;55054.13;3436.53;ISS - GESTAO PLENA;
587122;;;;;50573.28;606.88;IRRF - GESTAO PLENA - SUS;
587122;;;;;50573.28;1011.47;ISS - GESTAO PLENA;
587123;;;;;;;;
587124;;;;;;;;
587125;;;;;4950;59.4;IRRF - GESTAO PLENA - SUS;
587125;;;;;4950;247.5;ISS - GESTAO PLENA;
587126;;;;;;;;
587127;;;;;;;;
587129;;;;;254650;12324.4;ISS - GOV ESTADO  F 193;
587129;;;;;254650;3697.32;IRRF - GOV ESTADO - F 193;
587131;;;;;;;;
587132;;;;;10538;232.37;IRRF - GESTAO PLENA - SUS;
587132;;;;;10538;968.2;ISS - GESTAO PLENA;
587134;;;;;;;;
587135;;;;;13870;665.76;IRRF - PMVR;
587138;;;;;;;;
587142;;;;;8920;107.04;HSJB - IRRF RETIDO EM N.F;
587143;;;;;762;9.14;HSJB - IRRF RETIDO EM N.F;
587148;;;;;89900;1078.8;HSJB - IRRF RETIDO EM N.F;
587152;;;;;;;;
587153;;;;;28000;982.16;RETENC. ISS EM LIQUIDAÇÃO;
587155;;;;;120.8;1.45;HSJB - IRRF RETIDO EM N.F;
587157;;;;;;;;
587159;;;;;28770;1009.16;RETENC. ISS EM LIQUIDAÇÃO;
587162;;;;;2120;101.76;IRRF - PJ PRESTADOR DE SERVIÇOS;
587164;;;;;;;;
587167;;;;;19190;230.28;IRRF SOBRE O TRABALHO PRINCIPAL - PJ;
587168;;;;;;;;
587169;;;;;;;;
587170;;;;;;;;
587171;;;;;8360;100.32;IRRF SOBRE O TRABALHO PRINCIPAL - PJ;
587173;;;;;;;;
587174;;;;;;;;
587175;;;;;;;;
587176;;;;;;;;
587180;;;;;;;;
587181;;;;;4408.22;211.59;HSJB - IRRF RETIDO EM N.F;
587182;;;;;;;;
587183;;;;;46518.84;2325.94;RETENC. ISS EM LIQUIDAÇÃO;
587183;;;;;46518.84;2232.9;IRRF SOBRE O TRABALHO PRINCIPAL - PJ;
587184;;;;;;;;
587186;;;;;;;;
587189;;;;;;;;
587191;;;;;;;;
587193;;;;;10000;120;HSJB - IRRF RETIDO EM N.F;
587198;;;;;;;;
587200;;;;;;;;
587201;;;;;23828;432.39;IRRF - GESTAO PLENA - SUS;
587201;;;;;23828;576.52;ISS - GESTAO PLENA;
587202;;;;;;;;
587203;;;;;660;7.92;HSJB - IRRF RETIDO EM N.F;
587217;;;;;;;;
587218;;;;;;;;
587231;;;;;;;;
587234;;;;;;;;
587236;;;;;24750;297;HSJB - IRRF RETIDO EM N.F;
587241;;;;;;;;
587242;;;;;;;;
587243;;;;;6976;83.72;HSJB - IRRF RETIDO EM N.F;
587244;;;;;42888;728.08;IRRF - GESTAO PLENA - SUS;
587244;;;;;42888;2426.95;ISS - GESTAO PLENA;
587245;;;;;8050;120.75;IRRF - GESTAO PLENA - SUS;
587245;;;;;8050;161;ISS - GESTAO PLENA;
587246;;;;;7320.19;87.84;HSJB - IRRF RETIDO EM N.F;
587248;;;;;5897.22;70.77;HSJB - IRRF RETIDO EM N.F;
587250;;;;;4106;49.28;HSJB - IRRF RETIDO EM N.F;
587251;;;;;1400;16.8;HSJB - IRRF RETIDO EM N.F;
587252;;;;;;;;
587253;;;;;;;;
587254;;;;;900;10.8;HSJB - IRRF RETIDO EM N.F;
587255;;;;;;;;
587256;;;;;;;;
587257;;;;;;;;
587258;;;;;;;;
587259;;;;;;;;
587260;;;;;;;;
587261;;;;;;;;
587262;;;;;;;;
587263;;;;;;;;
587264;;;;;;;;
587265;;;;;;;;
587266;;;;;;;;
587267;;;;;;;;
587268;;;;;4669;56.03;HSJB - IRRF RETIDO EM N.F;
587269;;;;;;;;
587270;;;;;;;;
587271;;;;;;;;
587273;;;;;;;;
587276;;;;;;;;
587277;;;;;;;;
587278;;;;;9425.23;178.48;IRRF - GESTAO PLENA - SUS;
587278;;;;;9425.23;743.64;ISS - GESTAO PLENA;
587282;;;;;498;7.47;IRRF - GESTAO PLENA - SUS;
587282;;;;;498;24.9;ISS - GESTAO PLENA;
587285;;;;;37243.8;1453.62;ISS - GESTAO PLENA;
587290;;;;;;;;
587293;;;;;;;;
587294;;;;;7750;348.82;ISS;
587295;;;;;;;;
587296;;;;;;;;
587297;;;;;;;;
587306;;;;;;;;
587317;;;;;;;;
587318;;;;;;;;
587321;;;;;;;;
587324;;;;;;;;
587325;;;;;;;;
587326;;;;;330;330;INSTITUTO NACIONAL DO SEGURO SOCIAL;
587328;;;;;;;;
587332;;;;;1890;22.68;IRRF - GESTAO PLENA - SUS;
587332;;;;;1890;37.8;ISS - GESTAO PLENA;
587335;;;;;4485;67.28;IRRF - GESTAO PLENA - SUS;
587335;;;;;4485;89.7;ISS - GESTAO PLENA;
587336;;;;;;;;
587337;;;;;7012.5;341.28;ISS - PMVR;
587338;;;;;;;;
587340;;;;;;;;
587342;;;;;109394.19;1640.91;IRRF - GESTAO PLENA - SUS;
587343;;;;;;;;
587345;;;;;;;;
587346;;;;;;;;
587349;;;;;8759.9;105.12;IRRF - GESTAO PLENA - SUS;
587349;;;;;8759.9;438;ISS - GESTAO PLENA;
587351;;;;;;;;
587352;;;;;;;;
587353;;;;;;;;
587354;;;;;;;;
587355;;;;;;;;
587356;;;;;4420;102.24;IRRF - GESTAO PLENA - SUS;
587356;;;;;4420;170.4;ISS - GESTAO PLENA;
587357;;;;;955.43;11.47;HSJB - IRRF RETIDO EM N.F;
587358;;;;;;;;
587359;;;;;20312.67;243.75;IR/PIS/COFINS/CSLL RETIDO N.F;
587360;;;;;;;;
587361;;;;;;;;
587362;;;;;;;;
587363;;;;;45;0.54;IR/PIS/COFINS/CSLL RETIDO N.F;
587364;;;;;;;;
587366;;;;;;;;
587367;;;;;90;1.08;IR/PIS/COFINS/CSLL RETIDO N.F;
587368;;;;;1064.17;24.94;IRRF - PRESTADOR DE SERVIÇOS;
587369;;;;;;;;
587370;;;;;;;;
587371;;;;;4367.2;52.41;IR/PIS/COFINS/CSLL RETIDO N.F;
587373;;;;;;;;
587374;;;;;1688.8;20.26;HSJB - IRRF RETIDO EM N.F;
587375;;;;;;;;
587377;;;;;229.76;2.76;HSJB - IRRF RETIDO EM N.F;
587378;;;;;;;;
587379;;;;;;;;
587380;;;;;;;;
587381;;;;;229.76;2.76;HSJB - IRRF RETIDO EM N.F;
587383;;;;;;;;
587385;;;;;;;;
587386;;;;;;;;
587387;;;;;;;;
587388;;;;;;;;
587390;;;;;;;;
587394;;;;;1575.77;18.89;HSJB - IRRF RETIDO EM N.F;
587396;;;;;;;;
587397;;;;;;;;
587398;;;;;19800;237.6;HSJB - IRRF RETIDO EM N.F;
587399;;;;;229.76;2.76;HSJB - IRRF RETIDO EM N.F;
587400;;;;;;;;
587401;;;;;80;0.96;IR/PIS/COFINS/CSLL RETIDO N.F;
587402;;;;;185.5;2.23;HSJB - IRRF RETIDO EM N.F;
587403;;;;;;;;
587404;;;;;90;1.08;IR/PIS/COFINS/CSLL RETIDO N.F;
587405;;;;;;;;
587406;;;;;;;;
587407;;;;;;;;
587408;;;;;;;;
587409;;;;;;;;
587410;;;;;;;;
587411;;;;;;;;
587412;;;;;;;;
587413;;;;;;;;
587414;;;;;;;;
587415;;;;;;;;
587416;;;;;;;;
587417;;;;;;;;
587418;;;;;;;;
587420;;;;;;;;
587421;;;;;;;;
587423;;;;;;;;
587424;;;;;;;;
587425;;;;;5230;183.05;ISS - PMVR;
587426;;;;;;;;
587427;;;;;4740.75;394.98;IRRF - PMVR;
587428;;;;;;;;
587429;;;;;;;;
587431;;;;;;;;
587432;;;;;;;;
587433;;;;;;;;
587434;;;;;;;;
587435;;;;;9270;259.56;ISS - GESTAO PLENA;
587436;;;;;;;;
587437;;;;;;;;
587438;;;;;;;;
587439;;;;;;;;
587440;;;;;;;;
587441;;;;;;;;
587442;;;;;;;;
587444;;;;;;;;
587445;;;;;;;;
587446;;;;;;;;
587447;;;;;;;;
587448;;;;;2550;51;ISS - PMVR;
587450;;;;;3180;38.16;HSJB - IRRF RETIDO EM N.F;
587451;;;;;1750;79.45;ISS - PMVR;
587452;;;;;1450;65.83;ISS - PMVR;
587453;;;;;2840;34.08;HSJB - IRRF RETIDO EM N.F;
587455;;;;;640;21.38;ISS - PMVR;
587456;;;;;4650;55.8;IRRF - FME FUNDEB;
587458;;;;;2900;145;ISS - PMVR;
587459;;;;;3390;40.68;HSJB - IRRF RETIDO EM N.F;
587461;;;;;;;;
587462;;;;;134901;1618.81;IRRF SOBRE O TRABALHO PRINCIPAL - PJ;
587463;;;;;63360;760.32;IRRF SOBRE O TRABALHO PRINCIPAL - PJ;
587464;;;;;;;;
587466;;;;;;;;
587470;;;;;;;;
587472;;;;;1507;116.04;INSTITUTO NACIONAL DO SEGURO SOCIAL;
587472;;;;;1507;75.35;ISS - PMVR;
587472;;;;;1507;72.34;IRRF RETIDO EM N.F.;
587472;;;;;1507;70.08;PIS/COFINS/CSLL RETIDO N.F;
587473;;;;;38359.38;786.92;IRRF - SALARIO EDUCAÇÃO;
587474;;;;;900;99;INSS - FOLHA PAGTO;
587475;;;;;900;99;INSS - FOLHA PAGTO;
587476;;;;;900;99;INSS - FOLHA PAGTO;
587478;;;;;900;99;INSS - FOLHA PAGTO;
587480;;;;;;;;
587481;;;;;;;;
587482;;;;;;;;
587483;;;;;24600;295.2;HSJB - IRRF RETIDO EM N.F;
587484;;;;;1000;110;INSS - FOLHA PAGTO;
587486;;;;;;;;
587488;;;;;2000;220;INSS - FOLHA PAGTO;
587489;;;;;1000;110;INSS - FOLHA PAGTO;
587493;;;;;;;;
587494;;;;;;;;
587495;;;;;;;;
587496;;;;;;;;
587499;;;;;;;;
587502;;;;;;;;
587503;;;;;;;;
587504;;;;;;;;
587506;;;;;;;;
587507;;;;;1000;110;INSS - FOLHA PAGTO;
587508;;;;;;;;
587509;;;;;;;;
587510;;;;;;;;
587511;;;;;15400;184.8;HSJB - IRRF RETIDO EM N.F;
587512;;;;;;;;
587513;;;;;1000;110;INSS - FOLHA PAGTO;
587515;;;;;1380;151.8;INSS - FOLHA PAGTO;
587516;;;;;;;;
587517;;;;;;;;
587518;;;;;1000;110;INSS - FOLHA PAGTO;
587519;;;;;503851.8;10077.04;ISS - PMVR;
587519;;;;;503851.8;1763.48;INSS PRESTADORES DE SERVIÇO PJ;
587523;;;;;900;99;INSS - FOLHA PAGTO;
587525;;;;;;;;
587527;;;;;176;2.11;HSJB - IRRF RETIDO EM N.F;
587529;;;;;514;6.17;HSJB - IRRF RETIDO EM N.F;
587531;;;;;;;;
587540;;;;;;;;
587542;;;;;750;15;ISS - PMVR;
587542;;;;;750;9;HSJB - IRRF RETIDO EM N.F;
587547;;;;;20921.52;1298.04;ISS - GOV ESTADO  F 193;
587547;;;;;20921.52;389.41;IRRF - GOV ESTADO - F 193;
587548;;;;;;;;
587549;;;;;;;;
587552;;;;;580;7.27;IRRF - GESTAO PLENA - SUS;
587552;;;;;580;30.3;ISS - GESTAO PLENA;
587553;;;;;;;;
587554;;;;;;;;
587555;;;;;;;;
587556;;;;;;;;
587557;;;;;;;;
587558;;;;;15330.81;219.37;IRRF - GESTAO PLENA - SUS;
587558;;;;;15330.81;914.04;ISS - GESTAO PLENA;
587561;;;;;;;;
587563;;;;;;;;
587564;;;;;;;;
587565;;;;;;;;
587566;;;;;1873.63;22.49;HSJB - IRRF RETIDO EM N.F;
587567;;;;;2123.63;25.49;HSJB - IRRF RETIDO EM N.F;
587568;;;;;2273.63;27.29;HSJB - IRRF RETIDO EM N.F;
587570;;;;;1899;22.79;HSJB - IRRF RETIDO EM N.F;
587571;;;;;2480.11;29.77;HSJB - IRRF RETIDO EM N.F;
587572;;;;;2123.63;25.49;HSJB - IRRF RETIDO EM N.F;
587575;;;;;1873.63;22.49;HSJB - IRRF RETIDO EM N.F;
587576;;;;;;;;
587577;;;;;;;;
587578;;;;;;;;
587579;;;;;;;;
587580;;;;;132732.15;6636.61;ISS - SALARIO EDUCACAO;
587580;;;;;132732.15;1592.79;IRRF - SALARIO EDUCAÇÃO;
587580;;;;;132732.15;14600.54;INSS REENÇÃO - SALARIO EDUCAÇÃO;
587581;;;;;428400;5314.44;IRRF - GESTAO PLENA - SUS;
587581;;;;;428400;22143.52;ISS - GESTAO PLENA;
587582;;;;;5398;172.82;ISS - GESTAO PLENA;
587583;;;;;868.15;10.42;HSJB - IRRF RETIDO EM N.F;
587584;;;;;2124.43;25.5;HSJB - IRRF RETIDO EM N.F;
587585;;;;;12848;359.74;ISS - GESTAO PLENA;
587586;;;;;2273.63;27.29;HSJB - IRRF RETIDO EM N.F;
587587;;;;;;;;
587588;;;;;2273.63;27.29;HSJB - IRRF RETIDO EM N.F;
587589;;;;;;;;
587590;;;;;2273.63;27.29;HSJB - IRRF RETIDO EM N.F;
587591;;;;;1656796.27;82839.81;ISS - SALARIO EDUCACAO;
587591;;;;;1656796.27;19881.56;IRRF - SALARIO EDUCAÇÃO;
587591;;;;;1656796.27;182247.59;INSS REENÇÃO - SALARIO EDUCAÇÃO;
587592;;;;;2273.63;27.29;HSJB - IRRF RETIDO EM N.F;
587593;;;;;868.15;10.42;HSJB - IRRF RETIDO EM N.F;
587594;;;;;2123.63;25.49;HSJB - IRRF RETIDO EM N.F;
587595;;;;;;;;
587596;;;;;;;;
587597;;;;;2922.63;35.08;HSJB - IRRF RETIDO EM N.F;
587598;;;;;;;;
587599;;;;;;;;
587600;;;;;2273.63;27.29;HSJB - IRRF RETIDO EM N.F;
587601;;;;;2123.63;25.49;HSJB - IRRF RETIDO EM N.F;
587602;;;;;2273.63;27.29;HSJB - IRRF RETIDO EM N.F;
587603;;;;;;;;
587605;;;;;19277;423.47;IRRF - GESTAO PLENA - SUS;
587605;;;;;19277;705.78;ISS - GESTAO PLENA;
587606;;;;;6200;74.4;HSJB - IRRF RETIDO EM N.F;
587619;;;;;;;;
587621;;;;;;;;
587625;;;;;6755;81.06;HSJB - IRRF RETIDO EM N.F;
587626;;;;;;;;
587632;;;;;;;;
587633;;;;;;;;
587636;;;;;126290;1515.48;IRRF SOBRE O TRABALHO PRINCIPAL - PJ;
587640;;;;;;;;
587645;;;;;;;;
587646;;;;;2293.2;110.07;IRRF - PRESTADOR DE SERVIÇOS;
587656;;;;;86833.45;1449.91;IRRF - GESTAO PLENA - SUS;
587656;;;;;86833.45;4833.03;ISS - GESTAO PLENA;
587658;;;;;262.8;3.15;HSJB - IRRF RETIDO EM N.F;
587659;;;;;;;;
587660;;;;;;;;
587661;;;;;5437.5;65.25;HSJB - IRRF RETIDO EM N.F;
587662;;;;;;;;
587663;;;;;;;;
587664;;;;;;;;
587666;;;;;;;;
587667;;;;;;;;
587668;;;;;;;;
587669;;;;;1450;76.91;ISS - PMVR;
587673;;;;;;;;
587674;;;;;2535;67.23;ISS - PMVR;
587675;;;;;;;;
587676;;;;;1087.5;34.61;ISS - PMVR;
587677;;;;;62.7;0.75;HSJB - IRRF RETIDO EM N.F;
587678;;;;;21900;262.8;HSJB - IRRF RETIDO EM N.F;
587679;;;;;;;;
587680;;;;;;;;
587681;;;;;217.5;7.69;ISS - PMVR;
587684;;;;;125.4;1.5;HSJB - IRRF RETIDO EM N.F;
587686;;;;;;;;
587689;;;;;;;;
587693;;;;;;;;
587694;;;;;;;;
587695;;;;;7425.01;7425.01;INSTITUTO NACIONAL DO SEGURO SOCIAL;
587696;;;;;5291;102.16;IRRF - GESTAO PLENA - SUS;
587696;;;;;5291;340.55;ISS - GESTAO PLENA;
587697;;;;;62.7;0.75;HSJB - IRRF RETIDO EM N.F;
587698;;;;;297539.33;6099.29;ISS - GESTAO PLENA;
587699;;;;;;;;
587700;;;;;;;;
587701;;;;;;;;
587702;;;;;1762036.75;88101.84;RETENC. ISS EM LIQUIDAÇÃO;
587702;;;;;1762036.75;61671.29;INSS - PREST. SERV. PROPRIO;
587702;;;;;1762036.75;84577.76;IRRF SOBRE O TRABALHO PRINCIPAL - PJ;
587704;;;;;;;;
587705;;;;;;;;
587706;;;;;;;;
587707;;;;;;;;
587708;;;;;18722.05;4086.61;IRRF - TRABALHO PRINCIPAL PF PMVR;
587709;;;;;2167;26;IRRF SOBRE O TRABALHO PRINCIPAL - PJ;
587710;;;;;;;;
587711;;;;;;;;
587712;;;;;1010;12.12;HSJB - IRRF RETIDO EM N.F;
587713;;;;;;;;
587714;;;;;230.85;2.77;HSJB - IRRF RETIDO EM N.F;
587715;;;;;5092.2;76.38;IRRF - PMVR;
587716;;;;;10488;125.86;HSJB - IRRF RETIDO EM N.F;
587717;;;;;1400;16.8;HSJB - IRRF RETIDO EM N.F;
587718;;;;;502394.15;25119.7;RETENCAO RELATIVA AO ISS  ROYALTES PETRO;
587718;;;;;502394.15;38684.35;RETENCAO - INSS ROYALTES PETROLEO FONTE;
587718;;;;;502394.15;6028.73;RETENCAO RELATIVA IRRF  ROYALTIES PETROL;
587719;;;;;;;;
587720;;;;;658284.13;32914.2;RETENCAO RELATIVA AO ISS  ROYALTES PETRO;
587720;;;;;658284.13;50687.88;RETENCAO - INSS ROYALTES PETROLEO FONTE;
587720;;;;;658284.13;7899.41;RETENCAO RELATIVA IRRF  ROYALTIES PETROL;
587723;;;;;;;;
587724;;;;;;;;
587725;;;;;14033.37;1360.4;IRRF - GESTAO PLENA - SUS;
587726;;;;;;;;
587727;;;;;;;;
587728;;;;;;;;
587729;;;;;17093.12;205.12;HSJB - IRRF RETIDO EM N.F;
587730;;;;;;;;
587731;;;;;19966.8;998.34;RETENC. ISS EM LIQUIDAÇÃO;
587731;;;;;19966.8;2196.35;INSS - PREST. SERV. PROPRIO;
587731;;;;;19966.8;958.41;IRRF SOBRE O TRABALHO PRINCIPAL - PJ;
587732;;;;;;;;
587733;;;;;10335;169.88;IRRF - GESTAO PLENA - SUS;
587733;;;;;10335;566.25;ISS - GESTAO PLENA;
587734;;;;;230.85;2.77;HSJB - IRRF RETIDO EM N.F;
587735;;;;;;;;
587736;;;;;66938.56;3346.93;RETENC. ISS EM LIQUIDAÇÃO;
587736;;;;;66938.56;3213.04;IRRF SOBRE O TRABALHO PRINCIPAL - PJ;
587737;;;;;;;;
587738;;;;;;;;
587739;;;;;;;;
587740;;;;;2357.75;35.37;IRRF - GESTAO PLENA - SUS;
587740;;;;;2357.75;117.89;ISS - GESTAO PLENA;
587741;;;;;160662.78;8033.14;ISS - FME FUNDEB;
587742;;;;;3231.68;48.48;IRRF - GESTAO PLENA - SUS;
587742;;;;;3231.68;161.58;ISS - GESTAO PLENA;
587743;;;;;700.62;8.41;HSJB - IRRF RETIDO EM N.F;
587744;;;;;;;;
587745;;;;;215000;10750;RETENC. ISS EM LIQUIDAÇÃO;
587745;;;;;215000;16555;INSS - PREST. SERV. PROPRIO;
587745;;;;;215000;2580;IRRF SOBRE O TRABALHO PRINCIPAL - PJ;
587746;;;;;11851.61;177.77;IRRF - GESTAO PLENA - SUS;
587746;;;;;11851.61;592.58;ISS - GESTAO PLENA;
587747;;;;;28617.4;28617.4;RESTITUICAO EMPRÉSTIMO C/ O MINIST. DA S;
587748;;;;;7200;360;ISS - SALARIO EDUCACAO;
587749;;;;;;;;
587750;;;;;;;;
587751;;;;;224253.72;3793.07;IRRF - GESTAO PLENA - SUS;
587751;;;;;224253.72;12643.56;ISS - GESTAO PLENA;
587752;;;;;75101.22;5596.87;HSJB - IRRF RETIDO EM N.F;
587753;;;;;40610.07;2030.5;ISS - SALARIO EDUCACAO;
587756;;;;;129821.58;1557.86;HSJB - IRRF RETIDO EM N.F;
587757;;;;;880;10.56;IRRF SOBRE O TRABALHO PRINCIPAL - PJ;
587758;;;;;;;;
587759;;;;;130872;1570.46;HSJB - IRRF RETIDO EM N.F;
587760;;;;;;;;
587761;;;;;;;;
587762;;;;;6480;317.2;ISS - GESTAO PLENA;
587763;;;;;619.6;7.43;IRRF SOBRE O TRABALHO PRINCIPAL - PJ;
587764;;;;;;;;
587765;;;;;34055.95;408.67;HSJB - IRRF RETIDO EM N.F;
587767;;;;;3415;40.98;HSJB - IRRF RETIDO EM N.F;
587768;;;;;;;;
587769;;;;;;;;
587770;;;;;11730;234.6;IRRF - GESTAO PLENA - SUS;
587770;;;;;11730;782;ISS - GESTAO PLENA;
587772;;;;;25725.79;308.71;HSJB - IRRF RETIDO EM N.F;
587774;;;;;1167.7;14.01;HSJB - IRRF RETIDO EM N.F;
587776;;;;;;;;
587777;;;;;;;;
587778;;;;;;;;
587780;;;;;;;;
587781;;;;;;;;
587782;;;;;195.36;2.34;HSJB - IRRF RETIDO EM N.F;
587783;;;;;;;;
587784;;;;;;;;
587785;;;;;36250;435;HSJB - IRRF RETIDO EM N.F;
587786;;;;;;;;
587787;;;;;;;;
587788;;;;;;;;
587790;;;;;;;;
587791;;;;;1387.25;16.65;HSJB - IRRF RETIDO EM N.F;
587792;;;;;34238.36;34238.36;INSTITUTO NACIONAL DO SEGURO SOCIAL;
587793;;;;;;;;
587794;;;;;67200;2688;ISS - FME;
587796;;;;;;;;
587797;;;;;;;;
587798;;;;;21920;1052.16;IRRF - PRESTADOR DE SERVIÇOS;
587804;;;;;;;;
587805;;;;;;;;
587806;;;;;;;;
587810;;;;;18319.6;915.98;ISS - PMVR;
587810;;;;;18319.6;879.34;IRRF - PRESTADOR DE SERVIÇOS;
587817;;;;;;;;
587818;;;;;;;;
587819;;;;;167652.48;5029.57;ISS - PMVR;
587819;;;;;167652.48;8047.32;IRRF - PRESTADOR DE SERVIÇOS;
587819;;;;;25147.87;2766.27;INSS PRESTADORES DE SERVIÇO PJ;
587821;;;;;;;;
587822;;;;;;;;
587823;;;;;;;;
587824;;;;;;;;
587825;;;;;;;;
587826;;;;;;;;
587827;;;;;107021.6;3210.65;ISS - PMVR;
587827;;;;;107021.6;5137.04;IRRF - PRESTADOR DE SERVIÇOS;
587827;;;;;16053.24;1765.86;INSS PRESTADORES DE SERVIÇO PJ;
587828;;;;;;;;
587829;;;;;;;;
587830;;;;;;51159.62;HSJB - IRRF RETIDO EM N.F;
587831;;;;;;;;
587832;;;;;;;;
587840;;;;;4004.9;308.38;INSTITUTO NACIONAL DO SEGURO SOCIAL;
587840;;;;;4004.9;200.24;ISS - PMVR;
587840;;;;;4004.9;192.24;IRRF RETIDO EM N.F.;
587840;;;;;4004.9;186.23;PIS/COFINS/CSLL RETIDO N.F;
587842;;;;;147879.16;4436.36;ISS - PMVR;
587842;;;;;147879.16;7098.2;IRRF - PRESTADOR DE SERVIÇOS;
587842;;;;;22181.87;2440.01;INSS PRESTADORES DE SERVIÇO PJ;
587843;;;;;6160;336.9;ISS - GESTAO PLENA;
587850;;;;;;;;
587851;;;;;685.5;8.23;HSJB - IRRF RETIDO EM N.F;
587852;;;;;;;;
587853;;;;;;;;
587854;;;;;58811.32;2940.57;RETENC. ISS EM LIQUIDAÇÃO;
587854;;;;;58811.32;2822.94;IRRF SOBRE O TRABALHO PRINCIPAL - PJ;
587855;;;;;8060;96.72;HSJB - IRRF RETIDO EM N.F;
587856;;;;;;;;
587858;;;;;;;;
587861;;;;;;;;
587864;;;;;4571.56;365.83;IRRF - GOV ESTADO - F 193;
587865;;;;;;;;
587866;;;;;9300;111.6;HSJB - IRRF RETIDO EM N.F;
587867;;;;;13000;2983.03;IRRF - PMVR;
587868;;;;;;;;
587870;;;;;;;;
587871;;;;;;;;
587872;;;;;390;15.51;ISS - PMVR;
587874;;;;;;;;
587875;;;;;;;;
587876;;;;;;;;
587877;;;;;;;;
587882;;;;;456.13;21.89;IR/PIS/COFINS/CSLL RETIDO N.F;
587884;;;;;;;;
587890;;;;;15992.68;191.91;IRRF - GESTAO PLENA - SUS;
587893;;;;;1000;20.1;ISS - PMVR;
587894;;;;;;;;
587895;;;;;;;;
587896;;;;;100567.77;5028.39;ISS - FME FUNDEB;
587900;;;;;81632.16;8621.84;INSTITUTO NACIONAL DO SEGURO SOCIAL;
587900;;;;;81632.16;4081.61;ISS - PMVR;
587900;;;;;81632.16;816.32;HSJB - IRRF RETIDO EM N.F;
587904;;;;;12870;279.28;ISS - GESTAO PLENA;
587905;;;;;;;;
587908;;;;;;;;
587910;;;;;2800;60.76;ISS - GESTAO PLENA;
587911;;;;;;;;
587918;;;;;4199.4;282.09;IRRF - GOV ESTADO - F 193;
587919;;;;;;;;
587924;;;;;;;;
587925;;;;;;;;
587927;;;;;;;;
587928;;;;;24748.8;296.99;IR/PIS/COFINS/CSLL RETIDO N.F;
587929;;;;;;;;
587930;;;;;;;;
587932;;;;;;;;
587936;;;;;12029.5;577.41;IR/PIS/COFINS/CSLL RETIDO N.F;
587947;;;;;;;;
587948;;;;;4264.05;4264.05;INSTITUTO NACIONAL DO SEGURO SOCIAL;
587949;;;;;3988.4;3988.4;IRRF - PMVR;
587952;;;;;;;;
587954;;;;;;;;
587955;;;;;;;;
587956;;;;;400;4.8;IR/PIS/COFINS/CSLL RETIDO N.F;
587957;;;;;3863.2;46.36;IR/PIS/COFINS/CSLL RETIDO N.F;
587958;;;;;525.09;6.3;IR/PIS/COFINS/CSLL RETIDO N.F;
587959;;;;;;;;
587965;;;;;;;;
587967;;;;;2050;102.5;ISS - PMVR;
587968;;;;;48877.65;733.16;IRRF - GESTAO PLENA - SUS;
587968;;;;;48877.65;2443.88;ISS - GESTAO PLENA;
587970;;;;;;;;
587971;;;;;;;;
587975;;;;;;;;
587976;;;;;26666.66;1333.33;RETENC. ISS EM LIQUIDAÇÃO;
587976;;;;;26666.66;1026.66;INSS - PREST. SERV. PROPRIO;
587976;;;;;26666.66;1279.99;IRRF SOBRE O TRABALHO PRINCIPAL - PJ;
587977;;;;;;;;
587978;;;;;1090;33.85;ISS - PMVR;
587979;;;;;;;;
587980;;;;;405336.32;21195.54;IRRF - GESTAO PLENA - SUS;
587980;;;;;405336.32;70651.81;ISS - GESTAO PLENA;
587981;;;;;410;8.2;ISS - PMVR;
587983;;;;;2800;56.28;ISS - PMVR;
587984;;;;;1254;15.05;HSJB - IRRF RETIDO EM N.F;
587986;;;;;2800;56.28;ISS - PMVR;
587988;;;;;;;;
587992;;;;;500;6;HSJB - IRRF RETIDO EM N.F;
587997;;;;;;;;
587998;;;;;500;6;HSJB - IRRF RETIDO EM N.F;
587999;;;;;26666.66;1333.33;RETENC. ISS EM LIQUIDAÇÃO;
587999;;;;;26666.66;1026.66;INSS - PREST. SERV. PROPRIO;
587999;;;;;26666.66;1279.99;IRRF SOBRE O TRABALHO PRINCIPAL - PJ;
588005;;;;;;;;
588012;;;;;2000;24;HSJB - IRRF RETIDO EM N.F;
588014;;;;;26666.6;1333.33;RETENC. ISS EM LIQUIDAÇÃO;
588014;;;;;26666.6;1026.66;INSS - PREST. SERV. PROPRIO;
588014;;;;;26666.6;1279.99;IRRF SOBRE O TRABALHO PRINCIPAL - PJ;
588017;;;;;;;;
588023;;;;;;;;
588025;;;;;;;;
588028;;;;;25999.96;1333.33;RETENC. ISS EM LIQUIDAÇÃO;
588028;;;;;25999.96;1026.66;INSS - PREST. SERV. PROPRIO;
588028;;;;;25999.96;1279.99;IRRF SOBRE O TRABALHO PRINCIPAL - PJ;
588030;;;;;8330;99.96;HSJB - IRRF RETIDO EM N.F;
588031;;;;;;;;
588068;;;;;;;;
588069;;;;;;;;
588070;;;;;;;;
588073;;;;;510;6.12;HSJB - IRRF RETIDO EM N.F;
588074;;;;;7500;90;HSJB - IRRF RETIDO EM N.F;
588078;;;;;22620;271.44;HSJB - IRRF RETIDO EM N.F;
588081;;;;;24000;288;HSJB - IRRF RETIDO EM N.F;
588083;;;;;35280;423.36;HSJB - IRRF RETIDO EM N.F;
588084;;;;;1764.09;1764.09;RESTITUI0ES (ANTECIPACAO DE PAGAMENTO) -;
588086;;;;;750;15.38;ISS - PMVR;
588088;;;;;213997.55;6225.16;IRRF - GESTAO PLENA - SUS;
588088;;;;;213997.55;31125.78;ISS - GESTAO PLENA;
588089;;;;;61652.53;739.83;HSJB - IRRF RETIDO EM N.F;
588090;;;;;;;;
588092;;;;;;;;
588095;;;;;937.22;44.99;HSJB - IRRF RETIDO EM N.F;
588096;;;;;;;;
588098;;;;;1539.72;18.48;HSJB - IRRF RETIDO EM N.F;
588104;;;;;3342.66;160.45;HSJB - IRRF RETIDO EM N.F;
588105;;;;;;;;
588108;;;;;30310;702.51;ISS - GESTAO PLENA;
588109;;;;;;;;
588110;;;;;;;;
588111;;;;;5590.9;67.09;HSJB - IRRF RETIDO EM N.F;
588112;;;;;;;;
588113;;;;;;;;
588115;;;;;;;;
588116;;;;;363;4.36;HSJB - IRRF RETIDO EM N.F;
588117;;;;;;;;
588119;;;;;;;;
588120;;;;;;;;
588124;;;;;;;;
588140;;;;;4107.11;261.32;IRRF - GOV ESTADO - F 193;
588145;;;;;2859.28;47.45;IRRF - GOV ESTADO - F 193;
588157;;;;;4400;52.8;HSJB - IRRF RETIDO EM N.F;
588161;;;;;;;;
588167;;;;;1539.72;18.48;HSJB - IRRF RETIDO EM N.F;
588172;;;;;;;;
588173;;;;;;;;
588176;;;;;;;;
588177;;;;;9999;479.95;HSJB - IRRF RETIDO EM N.F;
588180;;;;;4084;153.57;ISS - PMVR;
588188;;;;;;;;
588195;;;;;;;;
588196;;;;;;;;
588197;;;;;;;;
588198;;;;;86.06;1.03;IR/PIS/COFINS/CSLL RETIDO N.F;
588200;;;;;335.65;4.03;IR/PIS/COFINS/CSLL RETIDO N.F;
588201;;;;;;;;
588203;;;;;;;;
588206;;;;;;;;
588209;;;;;530;10.6;ISS - PMVR;
588212;;;;;;;;
588219;;;;;;;;
588220;;;;;260515.51;13025.78;ISS - PMVR;
588220;;;;;260515.51;3126.18;IRRF - PRESTADOR DE SERVIÇOS;
588220;;;;;91180.43;10029.84;INSS PRESTADORES DE SERVIÇO PJ;
588222;;;;;6165;230.04;ISS - GESTAO PLENA;
588226;;;;;;;;
588235;;;;;29400;352.8;HSJB - IRRF RETIDO EM N.F;
588246;;;;;3740;44.88;HSJB - IRRF RETIDO EM N.F;
588257;;;;;;;;
588266;;;;;;;;
588267;;;;;;;;
588275;;;;;;;;
588276;;;;;;;;
588277;;;;;;;;
588279;;;;;;;;
588280;;;;;;;;
588281;;;;;;;;
588282;;;;;;;;
588283;;;;;;;;
588284;;;;;;;;
588285;;;;;;;;
588288;;;;;;;;
588289;;;;;11547.44;173.21;HSJB - IRRF RETIDO EM N.F;
588290;;;;;;;;
588291;;;;;;;;
588293;;;;;;;;
588294;;;;;;;;
588295;;;;;;;;
588296;;;;;;;;
588297;;;;;;;;
588298;;;;;1110;13.32;HSJB - IRRF RETIDO EM N.F;
588299;;;;;;;;
588300;;;;;;;;
588303;;;;;583.85;7.01;HSJB - IRRF RETIDO EM N.F;
588308;;;;;;;;
588311;;;;;;;;
588313;;;;;;;;
588316;;;;;;;;
588319;;;;;;;;
588320;;;;;;;;
588321;;;;;2273.63;27.29;HSJB - IRRF RETIDO EM N.F;
588322;;;;;;;;
588323;;;;;;;;
588324;;;;;;;;
588325;;;;;2273.63;27.29;HSJB - IRRF RETIDO EM N.F;
588326;;;;;1387.25;16.65;HSJB - IRRF RETIDO EM N.F;
588328;;;;;2123.63;25.49;HSJB - IRRF RETIDO EM N.F;
588330;;;;;;;;
588331;;;;;;;;
588333;;;;;3129.11;37.56;HSJB - IRRF RETIDO EM N.F;
588334;;;;;;;;
588335;;;;;;;;
588336;;;;;1281.11;15.38;HSJB - IRRF RETIDO EM N.F;
588339;;;;;2273.63;27.29;HSJB - IRRF RETIDO EM N.F;
588340;;;;;8158.94;122.38;IRRF - GESTAO PLENA - SUS;
588340;;;;;8158.94;407.94;ISS - GESTAO PLENA;
588341;;;;;2273.63;27.29;HSJB - IRRF RETIDO EM N.F;
588342;;;;;2123.63;25.49;HSJB - IRRF RETIDO EM N.F;
588344;;;;;2273.63;27.29;HSJB - IRRF RETIDO EM N.F;
588345;;;;;2123.63;25.49;HSJB - IRRF RETIDO EM N.F;
588346;;;;;1074.63;12.9;HSJB - IRRF RETIDO EM N.F;
588347;;;;;;;;
588348;;;;;2273.63;27.29;HSJB - IRRF RETIDO EM N.F;
588349;;;;;;;;
588350;;;;;2273.63;27.29;HSJB - IRRF RETIDO EM N.F;
588351;;;;;;;;
588352;;;;;;;;
588353;;;;;;;;
588354;;;;;2123.63;25.49;HSJB - IRRF RETIDO EM N.F;
588355;;;;;;;;
588356;;;;;2922.63;35.08;HSJB - IRRF RETIDO EM N.F;
588357;;;;;2922.63;35.08;HSJB - IRRF RETIDO EM N.F;
588358;;;;;;;;
588360;;;;;;;;
588361;;;;;;;;
588367;;;;;;;;
588370;;;;;17150.67;1570.05;IRRF - GESTAO PLENA - SUS;
588376;;;;;8980;107.76;HSJB - IRRF RETIDO EM N.F;
588377;;;;;98452.31;1181.42;IRRF - FORNECIMENTO DE BENS;
588378;;;;;;;;
588379;;;;;;;;
588382;;;;;;;;
588393;;;;;;;;
588396;;;;;;;;
588397;;;;;4638.72;218.48;ISS - PMVR;
588398;;;;;;;;
588399;;;;;;;;
588401;;;;;;;;
588402;;;;;;;;
588404;;;;;;;;
588407;;;;;;;;
588408;;;;;;;;
588411;;;;;;;;
588413;;;;;;;;
588415;;;;;;;;
588416;;;;;;;;
588417;;;;;;;;
588418;;;;;;;;
588422;;;;;8524.24;170.48;ISS - FME FUNDEB;
588422;;;;;8524.24;127.26;IRRF - FME FUNDEB;
588429;;;;;;;;
588431;;;;;;;;
588434;;;;;;;;
588435;;;;;;;;
588442;;;;;50689.95;2433.12;IRRF - PRESTADOR DE SERVIÇOS;
588443;;;;;;;;
588444;;;;;;;;
588445;;;;;;;;
588448;;;;;72033.06;864.39;IRRF - FORNECIMENTO DE BENS;
588449;;;;;58464.24;701.57;IRRF - FORNECIMENTO DE BENS;
588450;;;;;46608.3;559.29;IRRF - FORNECIMENTO DE BENS;
588461;;;;;;;;
588462;;;;;900000;45000;ISS - SALARIO EDUCACAO;
588462;;;;;900000;10800;IRRF - SALARIO EDUCAÇÃO;
588462;;;;;900000;99000;INSS REENÇÃO - SALARIO EDUCAÇÃO;
588473;;;;;;;;
588474;;;;;;;;
588475;;;;;;;;
588476;;;;;;;;
588477;;;;;;;;
588478;;;;;;;;
588479;;;;;;;;
588480;;;;;;;;
588481;;;;;;;;
588482;;;;;;;;
588483;;;;;;;;
588484;;;;;;;;
588485;;;;;;;;
588486;;;;;;;;
588490;;;;;;;;
588494;;;;;;;;
588495;;;;;;;;
588496;;;;;;;;
588498;;;;;;;;
588499;;;;;;;;
588500;;;;;;;;
588501;;;;;;;;
588502;;;;;;;;
588504;;;;;;;;
588505;;;;;;;;
588507;;;;;;;;
588508;;;;;;;;
588509;;;;;1100;13.2;HSJB - IRRF RETIDO EM N.F;
588512;;;;;;;;
588516;;;;;;;;
588520;;;;;;;;
588524;;;;;;;;
588525;;;;;;;;
588526;;;;;;;;
588527;;;;;;;;
588528;;;;;;;;
588529;;;;;;;;
588532;;;;;;;;
588534;;;;;;;;
588536;;;;;;;;
588537;;;;;;;;
588538;;;;;;;;
588539;;;;;;;;
588540;;;;;;;;
588541;;;;;;;;
588542;;;;;;;;
588543;;;;;;;;
588544;;;;;;;;
588545;;;;;;;;
588546;;;;;;;;
588547;;;;;47191.44;566.3;HSJB - IRRF RETIDO EM N.F;
588548;;;;;;;;
588549;;;;;;;;
588552;;;;;65849.08;1323.56;ISS - GESTAO PLENA;
588555;;;;;3597.74;72.31;ISS - GESTAO PLENA;
588556;;;;;;;;
588557;;;;;;;;
588558;;;;;7177.91;337.45;IRRF SOBRE O TRABALHO PRINCIPAL - PJ;
588559;;;;;13104;196.56;IRRF - GESTAO PLENA - SUS;
588559;;;;;13104;655.2;ISS - GESTAO PLENA;
588560;;;;;90;1.8;ISS - PMVR;
588561;;;;;90;1.8;ISS - PMVR;
588562;;;;;;;;
588563;;;;;;;;
588564;;;;;3445;66.37;IRRF - GESTAO PLENA - SUS;
588564;;;;;3445;221.25;ISS - GESTAO PLENA;
588565;;;;;;;;
588566;;;;;;;;
588567;;;;;;;;
588568;;;;;;;;
588569;;;;;;;;
588570;;;;;;;;
588571;;;;;;;;
588574;;;;;77157.61;3857.88;RETENC. ISS EM LIQUIDAÇÃO;
588574;;;;;77157.61;3703.57;IRRF SOBRE O TRABALHO PRINCIPAL - PJ;
588578;;;;;59279.57;2963.98;RETENC. ISS EM LIQUIDAÇÃO;
588578;;;;;59279.57;2845.42;IRRF SOBRE O TRABALHO PRINCIPAL - PJ;
588581;;;;;68845.48;3442.27;RETENC. ISS EM LIQUIDAÇÃO;
588581;;;;;68845.48;3304.58;IRRF SOBRE O TRABALHO PRINCIPAL - PJ;
588582;;;;;;;;
588583;;;;;;;;
588584;;;;;;;;
588586;;;;;;;;
588587;;;;;;;;
588588;;;;;;;;
588589;;;;;;;;
588590;;;;;12.85;12.85;ISS - PMVR;
588595;;;;;7110;85.32;HSJB - IRRF RETIDO EM N.F;
588596;;;;;25320;303.84;HSJB - IRRF RETIDO EM N.F;
588597;;;;;4950;59.4;HSJB - IRRF RETIDO EM N.F;
588598;;;;;2800;33.6;HSJB - IRRF RETIDO EM N.F;
588603;;;;;370.64;17.79;IRRF - SERVIÇOS PRESTADOS PMVR;
588603;;;;;370.64;18.53;ISS;
588604;;;;;;;;
588606;;;;;;;;
588607;;;;;;;;
588608;;;;;;;;
588610;;;;;;;;
588612;;;;;322.12;3.86;IRRF - SERVIÇOS PRESTADOS PMVR;
588615;;;;;;;;
588616;;;;;120;6;ISS;
588617;;;;;;;;
588618;;;;;;;;
588619;;;;;4852.14;232.9;IRRF - SERVIÇOS PRESTADOS PMVR;
588620;;;;;;;;
588623;;;;;;;;
588624;;;;;;;;
588625;;;;;;;;
588626;;;;;874.29;10.49;IR/PIS/COFINS/CSLL RETIDO N.F;
588628;;;;;73283.83;3664.19;RETENC. ISS EM LIQUIDAÇÃO;
588628;;;;;73283.83;3517.62;IRRF SOBRE O TRABALHO PRINCIPAL - PJ;
588629;;;;;;;;
588630;;;;;;;;
588634;;;;;;;;
588635;;;;;;;;
588637;;;;;5110;61.32;HSJB - IRRF RETIDO EM N.F;
588638;;;;;1803.6;21.64;IR/PIS/COFINS/CSLL RETIDO N.F;
588639;;;;;;;;
588640;;;;;5110;61.32;HSJB - IRRF RETIDO EM N.F;
588643;;;;;5000;60;HSJB - IRRF RETIDO EM N.F;
588644;;;;;7490.22;89.9;HSJB - IRRF RETIDO EM N.F;
588649;;;;;;;;
588650;;;;;130.81;8.72;ISS;
588651;;;;;;;;
588652;;;;;5110;61.32;HSJB - IRRF RETIDO EM N.F;
588654;;;;;;;;
588661;;;;;;;;
588662;;;;;;;;
588664;;;;;;;;
588665;;;;;;;;
588666;;;;;;;;
588667;;;;;;;;
588668;;;;;2200;59.4;ISS - PMVR;
588669;;;;;2561.9;2561.9;INSTITUTO NACIONAL DO SEGURO SOCIAL;
588670;;;;;1145.1;23.02;ISS - PMVR;
588671;;;;;60589.41;2328.99;ISS - PMVR;
588672;;;;;;;;
588673;;;;;5110;61.32;HSJB - IRRF RETIDO EM N.F;
588674;;;;;;;;
588675;;;;;25535.37;1276.77;RETENC. ISS EM LIQUIDAÇÃO;
588676;;;;;998.99;47.95;IRRF SOBRE O TRABALHO PRINCIPAL - PJ;
588677;;;;;9240;110.88;HSJB - IRRF RETIDO EM N.F;
588678;;;;;;;;
588679;;;;;2278.1;109.35;IRRF SOBRE O TRABALHO PRINCIPAL - PJ;
588680;;;;;9240;110.88;HSJB - IRRF RETIDO EM N.F;
588681;;;;;9240;110.88;HSJB - IRRF RETIDO EM N.F;
588682;;;;;;;;
588683;;;;;;;;
588684;;;;;23698.13;473.96;RETENC. ISS EM LIQUIDAÇÃO;
588685;;;;;13700.27;188.9;HSJB - IRRF RETIDO EM N.F;
588686;;;;;;;;
588687;;;;;;;;
588689;;;;;9360;112.32;HSJB - IRRF RETIDO EM N.F;
588690;;;;;;;;
588692;;;;;;;;
588694;;;;;26599.12;590.3;RETENC. ISS EM LIQUIDAÇÃO;
588695;;;;;27758.52;1332.41;IRRF - PMVR;
588697;;;;;31741.16;1587.06;RETENC. ISS EM LIQUIDAÇÃO;
588698;;;;;;;;
588700;;;;;;;;
588701;;;;;7261.61;145.23;RETENC. ISS EM LIQUIDAÇÃO;
588702;;;;;;;;
588703;;;;;;;;
588704;;;;;4579.23;210.01;HSJB - IRRF RETIDO EM N.F;
588705;;;;;;;;
588706;;;;;27230;955.15;RETENC. ISS EM LIQUIDAÇÃO;
588707;;;;;;;;
588708;;;;;;;;
588709;;;;;;;;
588710;;;;;1546.2;18.55;HSJB - IRRF RETIDO EM N.F;
588711;;;;;25410;891.31;RETENC. ISS EM LIQUIDAÇÃO;
588712;;;;;;;;
588713;;;;;;;;
588714;;;;;;;;
588716;;;;;;;;
588717;;;;;8301;99.61;IRRF SOBRE O TRABALHO PRINCIPAL - PJ;
588718;;;;;;;;
588719;;;;;;;;
588720;;;;;;;;
588721;;;;;;;;
588727;;;;;;;;
588728;;;;;4000;200;ISS - PMVR;
588729;;;;;;;;
588730;;;;;;;;
588731;;;;;;;;
588732;;;;;;;;
588733;;;;;;;;
588734;;;;;7356.39;147.13;ISS - PMVR;
588735;;;;;;;;
588736;;;;;;;;
588737;;;;;;;;
588738;;;;;;;;
588742;;;;;;;;
588743;;;;;;;;
588745;;;;;;;;
588748;;;;;;;;
588749;;;;;;;;
588750;;;;;;;;
588751;;;;;4400;52.8;HSJB - IRRF RETIDO EM N.F;
588752;;;;;;;;
588753;;;;;;;;
588754;;;;;;;;
588755;;;;;;;;
588756;;;;;;;;
588757;;;;;48.26;0.58;IRRF SOBRE O TRABALHO PRINCIPAL - PJ;
588758;;;;;115789.91;6683.65;IRRF - PMVR;
588759;;;;;48.26;0.58;IRRF SOBRE O TRABALHO PRINCIPAL - PJ;
588760;;;;;;;;
588761;;;;;48.26;0.58;IRRF SOBRE O TRABALHO PRINCIPAL - PJ;
588762;;;;;;;;
588763;;;;;;;;
588764;;;;;;;;
588765;;;;;3590;43.08;HSJB - IRRF RETIDO EM N.F;
588766;;;;;;;;
588767;;;;;;;;
588768;;;;;;;;
588769;;;;;;;;
588770;;;;;16137.12;193.65;IRRF SOBRE O TRABALHO PRINCIPAL - PJ;
588771;;;;;8481;407.88;IRRF SOBRE O TRABALHO PRINCIPAL - PJ;
588772;;;;;8203;393.74;IRRF SOBRE O TRABALHO PRINCIPAL - PJ;
588774;;;;;;;;
588777;;;;;;;;
588779;;;;;4150.6;49.81;IR/PIS/COFINS/CSLL RETIDO N.F;
588780;;;;;;;;
588781;;;;;80;0.96;IR/PIS/COFINS/CSLL RETIDO N.F;
588782;;;;;;;;
588783;;;;;;;;
588784;;;;;;;;
588786;;;;;8850;106.2;IR/PIS/COFINS/CSLL RETIDO N.F;
588787;;;;;;;;
588788;;;;;;;;
588789;;;;;;;;
588791;;;;;6000;72;HSJB - IRRF RETIDO EM N.F;
588792;;;;;1300;65;ISS - PMVR;
588793;;;;;13770;688.5;ISS - PMVR;
588794;;;;;78;1.56;ISS - PMVR;
588795;;;;;2699.7;32.39;IR/PIS/COFINS/CSLL RETIDO N.F;
588796;;;;;46939.84;2346.99;RETENC. ISS EM LIQUIDAÇÃO;
588800;;;;;;;;
588801;;;;;;;;
588802;;;;;;;;
588804;;;;;39285;471.42;IRRF - FORNECIMENTO DE BENS;
588806;;;;;39285;471.42;IRRF - FORNECIMENTO DE BENS;
588807;;;;;25441.2;305.29;IRRF - FORNECIMENTO DE BENS;
588808;;;;;3530.93;42.37;HSJB - IRRF RETIDO EM N.F;
588813;;;;;;;;
588814;;;;;;;;
588816;;;;;;;;
588819;;;;;;;;
588821;;;;;;;;
588822;;;;;;;;
588823;;;;;;;;
588824;;;;;;;;
588825;;;;;5542.55;266.04;IRRF - PRESTADOR DE SERVIÇOS;
588827;;;;;7799.28;311.97;ISS - PMVR;
588827;;;;;7799.28;374.37;IRRF - PRESTADOR DE SERVIÇOS;
588828;;;;;;;;
588829;;;;;16924.6;203.1;HSJB - IRRF RETIDO EM N.F;
588830;;;;;6500;312;IRRF - GESTAO PLENA - SUS;
588831;;;;;;;;
588832;;;;;6800;326.4;IRRF - GESTAO PLENA - SUS;
588833;;;;;6500;312;IRRF - GESTAO PLENA - SUS;
588834;;;;;6500;312;IRRF - GESTAO PLENA - SUS;
588835;;;;;;;;
588837;;;;;;;;
588838;;;;;105701;1268.41;HSJB - IRRF RETIDO EM N.F;
588839;;;;;;;;
588840;;;;;;;;
588841;;;;;15000;301.5;ISS - PMVR;
588842;;;;;;;;
588843;;;;;;;;
588844;;;;;;;;
588845;;;;;;;;
588849;;;;;1400;16.8;HSJB - IRRF RETIDO EM N.F;
588850;;;;;99700;4785.6;IRRF RETIDO EM N.F.;
588851;;;;;39300;1886.4;IRRF RETIDO EM N.F.;
588852;;;;;4857.75;58.29;HSJB - IRRF RETIDO EM N.F;
588854;;;;;49986.57;599.84;IRRF - FME FUNDEB;
588855;;;;;9370.5;112.44;HSJB - IRRF RETIDO EM N.F;
588857;;;;;73763.57;885.16;IRRF - FME FUNDEB;
588858;;;;;49986.57;599.84;IRRF - FME FUNDEB;
588860;;;;;86255.64;1035.07;IRRF - FME FUNDEB;
588862;;;;;100990;1211.88;IRRF SOBRE O TRABALHO PRINCIPAL - PJ;
588865;;;;;2800;33.6;HSJB - IRRF RETIDO EM N.F;
588866;;;;;11912;142.94;HSJB - IRRF RETIDO EM N.F;
588868;;;;;1523.3;18.28;IRRF SOBRE O TRABALHO PRINCIPAL - PJ;
588869;;;;;4512.75;54.15;HSJB - IRRF RETIDO EM N.F;
588870;;;;;4210;50.52;HSJB - IRRF RETIDO EM N.F;
588874;;;;;5362.75;64.35;HSJB - IRRF RETIDO EM N.F;
588875;;;;;;;;
588876;;;;;6557.22;78.69;HSJB - IRRF RETIDO EM N.F;
588877;;;;;6059.22;72.71;HSJB - IRRF RETIDO EM N.F;
588878;;;;;7130.19;85.56;HSJB - IRRF RETIDO EM N.F;
588879;;;;;2600;31.2;HSJB - IRRF RETIDO EM N.F;
588880;;;;;4352.75;52.23;HSJB - IRRF RETIDO EM N.F;
588881;;;;;5016;60.2;HSJB - IRRF RETIDO EM N.F;
588882;;;;;;;;
588883;;;;;;;;
588884;;;;;;;;
588885;;;;;4380;52.56;HSJB - IRRF RETIDO EM N.F;
588886;;;;;2650;31.8;HSJB - IRRF RETIDO EM N.F;
588887;;;;;;;;
588888;;;;;960;11.52;HSJB - IRRF RETIDO EM N.F;
588889;;;;;7496.83;262.39;ISS - FME;
588889;;;;;7496.83;164.93;INSS - PESSOA JURIDICA;
588890;;;;;;;;
588891;;;;;;;;
588892;;;;;;;;
588893;;;;;;;;
588894;;;;;12000;2248.67;IRRF - TRABALHO PRINCIPAL PF PMVR;
588896;;;;;13149.54;631.17;IRRF SOBRE O TRABALHO PRINCIPAL - PJ;
588897;;;;;423978.29;25150.96;IRRF SOBRE O TRABALHO PRINCIPAL - PJ;
588898;;;;;3200;12.3;IRRF - TRABALHO PRINCIPAL PF PMVR;
588899;;;;;;;;
588900;;;;;;;;
588901;;;;;;;;
588902;;;;;;;;
588903;;;;;;;;
588904;;;;;;;;
588905;;;;;;;;
588906;;;;;;;;
588908;;;;;;;;
588909;;;;;33357.49;4072.86;IRRF - TRABALHO PRINCIPAL PF PMVR;
588910;;;;;7356.39;147.13;ISS - PMVR;
588911;;;;;;;;
588912;;;;;9000;108;HSJB - IRRF RETIDO EM N.F;
588913;;;;;33999.68;1699.98;RETENC. ISS EM LIQUIDAÇÃO;
588913;;;;;33999.68;1308.99;INSS - PREST. SERV. PROPRIO;
588913;;;;;33999.68;1631.98;IRRF SOBRE O TRABALHO PRINCIPAL - PJ;
588914;;;;;;;;
588915;;;;;;;;
588916;;;;;;;;
588917;;;;;1454.79;17.46;HSJB - IRRF RETIDO EM N.F;
588918;;;;;;;;
588919;;;;;;;;
588920;;;;;;;;
588921;;;;;1688.8;20.26;HSJB - IRRF RETIDO EM N.F;
588922;;;;;;;;
588923;;;;;556388.07;28479.85;RETENC. ISS EM LIQUIDAÇÃO;
588923;;;;;556388.07;21929.49;INSS - PREST. SERV. PROPRIO;
588923;;;;;556388.07;27340.66;IRRF SOBRE O TRABALHO PRINCIPAL - PJ;
588924;;;;;;;;
588925;;;;;;;;
588926;;;;;;;;
588927;;;;;16745;200.94;IRRF SOBRE O TRABALHO PRINCIPAL - PJ;
588928;;;;;9735;116.82;IRRF SOBRE O TRABALHO PRINCIPAL - PJ;
588929;;;;;;;;
588930;;;;;;;;
588932;;;;;113500;1362;IRRF SOBRE O TRABALHO PRINCIPAL - PJ;
588934;;;;;;;;
588935;;;;;;;;
588937;;;;;;;;
588938;;;;;6600;6600;INSTITUTO NACIONAL DO SEGURO SOCIAL;
588939;;;;;590.7;29.54;RETENC. ISS EM LIQUIDAÇÃO;
588940;;;;;;;;
588943;;;;;;;;
588944;;;;;2541.8;127.09;RETENC. ISS EM LIQUIDAÇÃO;
588945;;;;;3866.4;193.32;ISS PROPRIO;
588946;;;;;71.6;3.58;RETENC. ISS EM LIQUIDAÇÃO;
588947;;;;;71.6;3.58;RETENC. ISS EM LIQUIDAÇÃO;
588948;;;;;25408.87;508.18;ISS - PMVR;
588949;;;;;161.1;8.05;RETENC. ISS EM LIQUIDAÇÃO;
588950;;;;;;;;
588951;;;;;5914.19;118.28;ISS - PMVR;
588954;;;;;6383.86;127.68;ISS - PMVR;
588955;;;;;;;;
588957;;;;;6656.26;133.13;ISS - PMVR;
588959;;;;;179;8.95;RETENC. ISS EM LIQUIDAÇÃO;
588960;;;;;71.6;3.58;RETENC. ISS EM LIQUIDAÇÃO;
588961;;;;;1396.2;69.81;RETENC. ISS EM LIQUIDAÇÃO;
588963;;;;;;;;
588964;;;;;390.16;390.16;RESTITUI0ES (ANTECIPACAO DE PAGAMENTO) -;
588966;;;;;285656.2;5852.93;ISS - GESTAO PLENA;
588967;;;;;3050;82.35;ISS - PMVR;
588968;;;;;;;;
588969;;;;;;;;
588971;;;;;40020;2001;ISS - PMVR;
588972;;;;;6500;312;IRRF - GESTAO PLENA - SUS;
588973;;;;;9640.71;482.04;ISS - PMVR;
588973;;;;;9640.71;462.75;IRRF - PRESTADOR DE SERVIÇOS;
588974;;;;;6500;312;IRRF - GESTAO PLENA - SUS;
588975;;;;;6800;326.4;IRRF - GESTAO PLENA - SUS;
588976;;;;;6500;312;IRRF - GESTAO PLENA - SUS;
588977;;;;;;;;
588978;;;;;;;;
588979;;;;;;;;
588980;;;;;;;;
588982;;;;;;;;
588983;;;;;;;;
588984;;;;;;;;
588986;;;;;;;;
588987;;;;;;;;
588991;;;;;;;;
588993;;;;;;;;
588997;;;;;;;;
589001;;;;;5914.19;118.28;ISS - PMVR;
589002;;;;;25408.87;508.18;ISS - PMVR;
589003;;;;;28440;341.28;HSJB - IRRF RETIDO EM N.F;
589014;;;;;6658.25;332.91;ISS - GESTAO PLENA;
589015;;;;;;;;
589016;;;;;15992.68;191.91;IRRF - GESTAO PLENA - SUS;
589018;;;;;;;;
589019;;;;;;;;
589021;;;;;;;;
589022;;;;;;;;
589023;;;;;;;;
589027;;;;;;;;
589028;;;;;;;;
589031;;;;;;;;
589032;;;;;;;;
589033;;;;;6840;156.87;ISS - GESTAO PLENA;
589035;;;;;;;;
589037;;;;;;;;
589041;;;;;25482;662.65;ISS - GESTAO PLENA;
589042;;;;;1111.35;13.33;IRRF - GESTAO PLENA - SUS;
589042;;;;;1111.35;55.57;ISS - GESTAO PLENA;
589045;;;;;1463.34;17.56;IRRF - GESTAO PLENA - SUS;
589045;;;;;1463.34;73.17;ISS - GESTAO PLENA;
589046;;;;;;;;
589047;;;;;29149.9;349.8;IRRF - GESTAO PLENA - SUS;
589047;;;;;29149.9;1457.5;ISS - GESTAO PLENA;
589050;;;;;5932.46;124.58;ISS - GESTAO PLENA;
589053;;;;;5853.6;70.24;HSJB - IRRF RETIDO EM N.F;
589056;;;;;610.8;7.33;HSJB - IRRF RETIDO EM N.F;
589057;;;;;;;;
589059;;;;;;;;
589060;;;;;230.85;2.77;HSJB - IRRF RETIDO EM N.F;
589061;;;;;;;;
589062;;;;;;;;
589065;;;;;;;;
589066;;;;;;;;
589068;;;;;9330.92;111.97;IRRF - GESTAO PLENA - SUS;
589068;;;;;9330.92;466.55;ISS - GESTAO PLENA;
589069;;;;;;;;
589071;;;;;;;;
589073;;;;;;;;
589074;;;;;;;;
589076;;;;;;;;
589077;;;;;51643.4;1038.03;ISS - PMVR;
589078;;;;;426200.01;29305.91;RETENC. ISS EM LIQUIDAÇÃO;
589078;;;;;426200.01;17341.89;INSS - PREST. SERV. PROPRIO;
589078;;;;;426200.01;23133.67;IRRF SOBRE O TRABALHO PRINCIPAL - PJ;
589079;;;;;;;;
589081;;;;;;;;
589085;;;;;;;;
589088;;;;;;;;
589091;;;;;467.08;5.6;HSJB - IRRF RETIDO EM N.F;
589093;;;;;24876.93;1562.67;ISS - PMVR;
589094;;;;;;;;
589095;;;;;69071.47;663.07;IRRF - SERVIÇOS PRESTADOS PMVR;
589095;;;;;69071.47;1243.73;ISS;
589097;;;;;;;;
589098;;;;;;;;
589101;;;;;34500;414;IRRF - FORNECIMENTO DE BENS;
589106;;;;;;;;
589108;;;;;;;;
589109;;;;;;;;
589110;;;;;;;;
589111;;;;;;;;
589112;;;;;;;;
589113;;;;;3011.45;36.14;IRRF SOBRE O TRABALHO PRINCIPAL - PJ;
589115;;;;;;;;
589116;;;;;;;;
589117;;;;;;;;
589118;;;;;;;;
589120;;;;;;;;
589121;;;;;34211;410.53;IRRF SOBRE O TRABALHO PRINCIPAL - PJ;
589122;;;;;;;;
589123;;;;;;;;
589124;;;;;;;;
589125;;;;;102.66;102.66;INSTITUTO NACIONAL DO SEGURO SOCIAL;
589127;;;;;3988.6;47.86;IRRF - FORNECIMENTO DE BENS;
589128;;;;;6144.6;73.73;IRRF - FORNECIMENTO DE BENS;
589129;;;;;27068.66;1212.68;ISS - GESTAO PLENA;
589130;;;;;15365.12;184.38;HSJB - IRRF RETIDO EM N.F;
589138;;;;;700.62;8.41;HSJB - IRRF RETIDO EM N.F;
589139;;;;;;;;
589140;;;;;;;;
589141;;;;;;;;
589147;;;;;465535.06;9921.87;ISS - PMVR;
589147;;;;;465535.06;23812.49;IRRF - PRESTADOR DE SERVIÇOS;
589148;;;;;623.7;7.48;IR/PIS/COFINS/CSLL RETIDO N.F;
589149;;;;;601.7;7.22;IR/PIS/COFINS/CSLL RETIDO N.F;
589150;;;;;150.66;1.8;IR/PIS/COFINS/CSLL RETIDO N.F;
589151;;;;;;;;
589152;;;;;;;;
589153;;;;;;;;
589154;;;;;;;;
589157;;;;;1387.25;16.65;HSJB - IRRF RETIDO EM N.F;
589157;;;;;1387.25;16.65;HSJB - IRRF RETIDO EM N.F;
589160;;;;;;;;
589161;;;;;;;;
589164;;;;;;;;
589165;;;;;125.4;1.5;HSJB - IRRF RETIDO EM N.F;
589166;;;;;;;;
589170;;;;;4286;205.73;HSJB - IRRF RETIDO EM N.F;
589178;;;;;;;;
589189;;;;;;;;
589190;;;;;;;;
589192;;;;;;;;
589193;;;;;;;;
589195;;;;;167.75;167.75;INSTITUTO NACIONAL DO SEGURO SOCIAL;
589196;;;;;9630;115.56;HSJB - IRRF RETIDO EM N.F;
589197;;;;;1357.25;73.2;IRRF - PMVR;
589198;;;;;1680;20.16;HSJB - IRRF RETIDO EM N.F;
589199;;;;;;;;
589202;;;;;;;;
589206;;;;;2123.63;25.49;HSJB - IRRF RETIDO EM N.F;
589208;;;;;2330.11;27.97;HSJB - IRRF RETIDO EM N.F;
589210;;;;;3129.11;37.56;HSJB - IRRF RETIDO EM N.F;
589211;;;;;;;;
589213;;;;;2123.63;25.49;HSJB - IRRF RETIDO EM N.F;
589214;;;;;2273.63;27.29;HSJB - IRRF RETIDO EM N.F;
589215;;;;;;;;
589216;;;;;2123.63;25.49;HSJB - IRRF RETIDO EM N.F;
589218;;;;;425.63;5.11;HSJB - IRRF RETIDO EM N.F;
589221;;;;;1588;17.39;HSJB - IRRF RETIDO EM N.F;
589225;;;;;;;;
589226;;;;;1802.65;52.5;HSJB - IRRF RETIDO EM N.F;
589228;;;;;;;;
589229;;;;;;;;
589230;;;;;;;;
589235;;;;;2517.1;28.54;HSJB - IRRF RETIDO EM N.F;
589238;;;;;;;;
589240;;;;;1172.75;49;HSJB - IRRF RETIDO EM N.F;
589241;;;;;4939.09;59.27;HSJB - IRRF RETIDO EM N.F;
589242;;;;;;;;
589244;;;;;;;;
589245;;;;;;;;
589246;;;;;;;;
589247;;;;;;;;
589248;;;;;;;;
589249;;;;;;;;
589254;;;;;2000;71.8;ISS - GESTAO PLENA;
589255;;;;;;;;
589256;;;;;;;;
589257;;;;;;;;
589258;;;;;;;;
589259;;;;;;;;
589260;;;;;;;;
589262;;;;;26857.69;15187.7;RETENC. ISS EM LIQUIDAÇÃO;
589262;;;;;26857.69;4556.31;IRRF SOBRE O TRABALHO PRINCIPAL - PJ;
589265;;;;;;;;
589266;;;;;;;;
589267;;;;;;;;
589268;;;;;;;;
589269;;;;;;;;
589270;;;;;;;;
589271;;;;;;;;
589272;;;;;27498.89;1374.94;ISS - SALARIO EDUCACAO;
589273;;;;;;;;
589274;;;;;;;;
589275;;;;;;;;
589276;;;;;20920.9;330.52;IRRF - GESTAO PLENA - SUS;
589276;;;;;20920.9;440.68;ISS - GESTAO PLENA;
589277;;;;;;;;
589279;;;;;;;;
589280;;;;;;;;
589281;;;;;;;;
589283;;;;;5796;202.86;ISS - PMVR;
589283;;;;;5796;127.51;INSS PRESTADORES DE SERVIÇO PJ;
589288;;;;;1688.8;20.26;HSJB - IRRF RETIDO EM N.F;
589289;;;;;119.28;1.43;HSJB - IRRF RETIDO EM N.F;
589290;;;;;1727.08;20.73;HSJB - IRRF RETIDO EM N.F;
589291;;;;;;;;
589293;;;;;701.99;8.42;HSJB - IRRF RETIDO EM N.F;
589294;;;;;1874.3;22.51;HSJB - IRRF RETIDO EM N.F;
589296;;;;;1688.8;20.27;HSJB - IRRF RETIDO EM N.F;
589297;;;;;1575.77;18.9;HSJB - IRRF RETIDO EM N.F;
589298;;;;;;;;
589299;;;;;3733.62;44.8;HSJB - IRRF RETIDO EM N.F;
589300;;;;;;;;
589301;;;;;;;;
589302;;;;;;;;
589303;;;;;12659.51;303.83;IRRF - PRESTADOR DE SERVIÇOS;
589304;;;;;1691.01;20.26;HSJB - IRRF RETIDO EM N.F;
589305;;;;;3733.62;44.8;HSJB - IRRF RETIDO EM N.F;
589306;;;;;9432.88;452.78;IRRF - PRESTADOR DE SERVIÇOS;
589307;;;;;185.5;2.23;HSJB - IRRF RETIDO EM N.F;
589308;;;;;840;16.88;ISS - PMVR;
589309;;;;;;;;
589310;;;;;;;;
589311;;;;;1075.83;1075.83;ISS - PMVR;
589312;;;;;710.04;710.04;INSTITUTO NACIONAL DO SEGURO SOCIAL;
589313;;;;;;;;
589314;;;;;614.88;7.38;HSJB - IRRF RETIDO EM N.F;
589317;;;;;258.2;258.2;IRRF - PMVR;
589319;;;;;;;;
589320;;;;;5903.96;70.84;IR/PIS/COFINS/CSLL RETIDO N.F;
589321;;;;;18819.72;557.06;ISS - PMVR;
589322;;;;;1224;36.56;ISS - PMVR;
589327;;;;;229.76;2.76;HSJB - IRRF RETIDO EM N.F;
589331;;;;;185.5;2.23;HSJB - IRRF RETIDO EM N.F;
589333;;;;;229.76;2.76;HSJB - IRRF RETIDO EM N.F;
589334;;;;;1688.8;20.27;HSJB - IRRF RETIDO EM N.F;
589335;;;;;;;;
589336;;;;;1688.8;20.27;HSJB - IRRF RETIDO EM N.F;
589337;;;;;;;;
589338;;;;;;;;
589340;;;;;6210;74.52;HSJB - IRRF RETIDO EM N.F;
589346;;;;;6594;79.14;HSJB - IRRF RETIDO EM N.F;
589347;;;;;13700.47;411.01;ISS - SALARIO EDUCACAO;
589347;;;;;13700.47;164.41;IRRF - SALARIO EDUCAÇÃO;
589348;;;;;7110;85.32;HSJB - IRRF RETIDO EM N.F;
589349;;;;;;;;
589350;;;;;;;;
589351;;;;;;;;
589352;;;;;;;;
589353;;;;;21658.92;249.96;IRRF - FORNECIMENTO DE BENS;
589354;;;;;;;;
589355;;;;;900;10.8;HSJB - IRRF RETIDO EM N.F;
589357;;;;;2426803.74;26223.72;IRRF - PRESTADOR DE SERVIÇOS;
589357;;;;;2426803.74;11617.48;IRRF - FORNECIMENTO DE BENS;
589358;;;;;2800;33.6;HSJB - IRRF RETIDO EM N.F;
589359;;;;;186007.47;1773.95;IRRF - PRESTADOR DE SERVIÇOS;
589359;;;;;186007.47;1799.08;IRRF - FORNECIMENTO DE BENS;
589361;;;;;6210;74.52;HSJB - IRRF RETIDO EM N.F;
589362;;;;;;;;
589363;;;;;;;;
589364;;;;;930;11.16;HSJB - IRRF RETIDO EM N.F;
589365;;;;;;;;
589366;;;;;;;;
589367;;;;;;;;
589369;;;;;1400;16.8;HSJB - IRRF RETIDO EM N.F;
589370;;;;;;;;
589371;;;;;2576;30.91;HSJB - IRRF RETIDO EM N.F;
589373;;;;;;;;
589374;;;;;;;;
589377;;;;;;;;
589379;;;;;6210;74.52;HSJB - IRRF RETIDO EM N.F;
589389;;;;;;;;
589390;;;;;2627.8;31.53;IR/PIS/COFINS/CSLL RETIDO N.F;
589392;;;;;;;;
589393;;;;;;;;
589394;;;;;;;;
589395;;;;;;;;
589396;;;;;161955.98;1946.99;IRRF SOBRE O TRABALHO PRINCIPAL - PJ;
589399;;;;;;;;
589401;;;;;10341.12;496.37;IRRF - FORNECIMENTO DE BENS;
589402;;;;;107880;5178.24;HSJB - IRRF RETIDO EM N.F;
589403;;;;;5896.36;70.75;IRRF SOBRE O TRABALHO PRINCIPAL - PJ;
589404;;;;;22062.7;661.88;ISS - FME;
589404;;;;;22062.7;364.03;INSS - PESSOA JURIDICA;
589404;;;;;22062.7;1059.01;IRRF - FME;
589405;;;;;87390.95;2091.54;IRRF SOBRE O TRABALHO PRINCIPAL - PJ;
589406;;;;;;;;
589407;;;;;;;;
589408;;;;;;;;
589409;;;;;39555.54;474.67;IRRF SOBRE O TRABALHO PRINCIPAL - PJ;
589410;;;;;;;;
589411;;;;;;;;
589413;;;;;;;;
589415;;;;;;;;
589416;;;;;;;;
589420;;;;;;;;
589421;;;;;365.76;4.39;HSJB - IRRF RETIDO EM N.F;
589422;;;;;;;;
589423;;;;;;;;
589424;;;;;;;;
589425;;;;;;;;
589426;;;;;;;;
589427;;;;;;;;
589428;;;;;;;;
589429;;;;;15910.2;190.92;HSJB - IRRF RETIDO EM N.F;
589430;;;;;2784.8;33.42;HSJB - IRRF RETIDO EM N.F;
589431;;;;;;;;
589432;;;;;1110.9;13.33;HSJB - IRRF RETIDO EM N.F;
589433;;;;;;;;
589434;;;;;790.45;9.48;HSJB - IRRF RETIDO EM N.F;
589437;;;;;;;;
589441;;;;;77155;3363.8;ISS - PMVR;
589443;;;;;23050;1004.93;ISS - PMVR;
589448;;;;;;;;
589449;;;;;720.87;720.87;INSTITUTO NACIONAL DO SEGURO SOCIAL;
589450;;;;;26124.13;1146.85;ISS - GESTAO PLENA;
589451;;;;;;;;
589452;;;;;;;;
589453;;;;;100567.78;5028.39;ISS - FME FUNDEB;
589456;;;;;;;;
589457;;;;;;;;
589458;;;;;;;;
589460;;;;;;;;
589461;;;;;;;;
589464;;;;;640;7.68;HSJB - IRRF RETIDO EM N.F;
589466;;;;;640;7.68;HSJB - IRRF RETIDO EM N.F;
589467;;;;;2840;34.08;HSJB - IRRF RETIDO EM N.F;
589468;;;;;3390;40.68;HSJB - IRRF RETIDO EM N.F;
589471;;;;;2840;34.08;HSJB - IRRF RETIDO EM N.F;
589473;;;;;;;;
589476;;;;;;;;
589477;;;;;23040;276.48;HSJB - IRRF RETIDO EM N.F;
589478;;;;;;;;
589479;;;;;;;;
589481;;;;;;;;
589482;;;;;;;;
589483;;;;;275021.87;3300.26;IRRF SOBRE O TRABALHO PRINCIPAL - PJ;
589484;;;;;74161.46;3708.07;RETENC. ISS EM LIQUIDAÇÃO;
589484;;;;;74161.46;3559.75;IRRF SOBRE O TRABALHO PRINCIPAL - PJ;
589485;;;;;;;;
589486;;;;;;;;
589487;;;;;;;;
589489;;;;;13870;665.76;IRRF - PMVR;
589493;;;;;;;;
589494;;;;;;;;
589495;;;;;1300;65;ISS - PMVR;
589496;;;;;;;;
589497;;;;;7695;92.34;HSJB - IRRF RETIDO EM N.F;
589498;;;;;28125;337.5;HSJB - IRRF RETIDO EM N.F;
589499;;;;;75.74;0.91;HSJB - IRRF RETIDO EM N.F;
589500;;;;;1688.8;20.27;HSJB - IRRF RETIDO EM N.F;
589502;;;;;1144;13.73;HSJB - IRRF RETIDO EM N.F;
589503;;;;;1575.77;18.9;HSJB - IRRF RETIDO EM N.F;
589504;;;;;229.76;2.76;HSJB - IRRF RETIDO EM N.F;
589505;;;;;119.28;1.43;HSJB - IRRF RETIDO EM N.F;
589506;;;;;;;;
589507;;;;;;;;
589508;;;;;6059.22;72.71;HSJB - IRRF RETIDO EM N.F;
589509;;;;;5115;61.38;HSJB - IRRF RETIDO EM N.F;
589510;;;;;459.52;5.52;HSJB - IRRF RETIDO EM N.F;
589511;;;;;271.98;13.05;IRRF - PRESTADOR DE SERVIÇOS;
589512;;;;;;;;
589513;;;;;405.83;19.47;IRRF - PRESTADOR DE SERVIÇOS;
589514;;;;;1688.8;20.27;HSJB - IRRF RETIDO EM N.F;
589515;;;;;100990;1211.88;IRRF SOBRE O TRABALHO PRINCIPAL - PJ;
589516;;;;;374.49;4.49;HSJB - IRRF RETIDO EM N.F;
589517;;;;;31961.68;383.54;HSJB - IRRF RETIDO EM N.F;
589518;;;;;14333.6;172;HSJB - IRRF RETIDO EM N.F;
589519;;;;;1688.8;20.26;HSJB - IRRF RETIDO EM N.F;
589520;;;;;;;;
589521;;;;;;;;
589522;;;;;103281.9;5164.1;ISS - PMVR;
589523;;;;;549.93;6.6;HSJB - IRRF RETIDO EM N.F;
589524;;;;;112;5.38;IRRF - PRESTADOR DE SERVIÇOS;
589525;;;;;;;;
589526;;;;;1688.8;20.27;HSJB - IRRF RETIDO EM N.F;
589527;;;;;62.7;0.75;HSJB - IRRF RETIDO EM N.F;
589528;;;;;1889;22.67;IR/PIS/COFINS/CSLL RETIDO N.F;
589529;;;;;3516;42.19;IR/PIS/COFINS/CSLL RETIDO N.F;
589530;;;;;229.76;2.76;HSJB - IRRF RETIDO EM N.F;
589531;;;;;;;;
589532;;;;;;;;
589533;;;;;;;;
589534;;;;;80;0.96;IR/PIS/COFINS/CSLL RETIDO N.F;
589536;;;;;3834;46.01;IR/PIS/COFINS/CSLL RETIDO N.F;
589537;;;;;;;;
589538;;;;;;;;
589539;;;;;;;;
589540;;;;;;;;
589541;;;;;;;;
589542;;;;;3480;41.76;IR/PIS/COFINS/CSLL RETIDO N.F;
589543;;;;;;;;
589545;;;;;;;;
589546;;;;;583.85;7.01;HSJB - IRRF RETIDO EM N.F;
589547;;;;;;;;
589548;;;;;;;;
589549;;;;;;;;
589552;;;;;;;;
589553;;;;;;;;
589554;;;;;15992.68;191.91;IRRF - GESTAO PLENA - SUS;
589556;;;;;;;;
589557;;;;;;;;
589558;;;;;;;;
589559;;;;;;;;
589563;;;;;;;;
589564;;;;;;;;
589565;;;;;;;;
589566;;;;;850;10.2;IRRF - SERVIÇOS PRESTADOS PMVR;
589568;;;;;;;;
589576;;;;;7750;348.32;ISS;
589577;;;;;230.85;2.77;HSJB - IRRF RETIDO EM N.F;
589582;;;;;;;;
589584;;;;;;;;
589586;;;;;1074.63;12.9;HSJB - IRRF RETIDO EM N.F;
589587;;;;;;;;
589588;;;;;;;;
589589;;;;;;;;
589591;;;;;2273.63;27.29;HSJB - IRRF RETIDO EM N.F;
589592;;;;;1224.63;14.7;HSJB - IRRF RETIDO EM N.F;
589593;;;;;1074.63;12.9;HSJB - IRRF RETIDO EM N.F;
589594;;;;;467.08;5.6;HSJB - IRRF RETIDO EM N.F;
589599;;;;;1899;22.79;HSJB - IRRF RETIDO EM N.F;
589600;;;;;868.15;10.42;HSJB - IRRF RETIDO EM N.F;
589601;;;;;3072.63;36.88;HSJB - IRRF RETIDO EM N.F;
589602;;;;;;;;
589603;;;;;3571.63;42.87;HSJB - IRRF RETIDO EM N.F;
589607;;;;;;;;
589609;;;;;1013.37;1013.37;ISS - PMVR;
589610;;;;;2229.42;2229.42;INSTITUTO NACIONAL DO SEGURO SOCIAL;
589611;;;;;126465.28;303.52;IRRF SOBRE O TRABALHO PRINCIPAL - PJ;
589613;;;;;;;;
589614;;;;;7955;360.09;ISS - PMVR;
589615;;;;;;;;
589616;;;;;;;;
589617;;;;;;;;
589618;;;;;;;;
589619;;;;;;;;
589620;;;;;;;;
589621;;;;;;;;
589622;;;;;;;;
589623;;;;;12085.76;145.03;HSJB - IRRF RETIDO EM N.F;
589624;;;;;808.1;808.1;ISS - PMVR;
589625;;;;;1777.82;1777.82;INSTITUTO NACIONAL DO SEGURO SOCIAL;
589630;;;;;62.7;0.75;HSJB - IRRF RETIDO EM N.F;
589631;;;;;;;;
589632;;;;;;;;
589633;;;;;;;;
589634;;;;;;;;
589635;;;;;7614;380.7;RETENCAO RELATIVA AO ISS  ROYALTES PETRO;
589636;;;;;;;;
589637;;;;;38.28;0.46;HSJB - IRRF RETIDO EM N.F;
589638;;;;;;;;
589639;;;;;2300;27.6;HSJB - IRRF RETIDO EM N.F;
589640;;;;;195.02;2.34;HSJB - IRRF RETIDO EM N.F;
589643;;;;;752;37.6;RETENCAO RELATIVA AO ISS  ROYALTES PETRO;
589644;;;;;;;;
589645;;;;;2300;27.6;HSJB - IRRF RETIDO EM N.F;
589646;;;;;1688.8;20.27;HSJB - IRRF RETIDO EM N.F;
589650;;;;;2300;27.6;HSJB - IRRF RETIDO EM N.F;
589651;;;;;1688.8;20.27;HSJB - IRRF RETIDO EM N.F;
589652;;;;;;;;
589653;;;;;1100;13.2;HSJB - IRRF RETIDO EM N.F;
589654;;;;;1688.8;20.27;HSJB - IRRF RETIDO EM N.F;
589655;;;;;80;0.96;HSJB - IRRF RETIDO EM N.F;
589656;;;;;1688.8;20.28;HSJB - IRRF RETIDO EM N.F;
589657;;;;;1688.8;20.27;HSJB - IRRF RETIDO EM N.F;
589658;;;;;;;;
589659;;;;;1015;26.92;ISS - PMVR;
589660;;;;;4392;52.7;HSJB - IRRF RETIDO EM N.F;
589661;;;;;435;11.54;ISS - PMVR;
589662;;;;;;;;
589663;;;;;;;;
589664;;;;;10060;120.72;HSJB - IRRF RETIDO EM N.F;
589665;;;;;;;;
589667;;;;;;;;
589668;;;;;;;;
589671;;;;;;;;
589673;;;;;2300;27.6;HSJB - IRRF RETIDO EM N.F;
589674;;;;;;;;
589676;;;;;;;;
589677;;;;;;;;
589678;;;;;;;;
589679;;;;;;;;
589680;;;;;;;;
589681;;;;;;;;
589682;;;;;;;;
589683;;;;;;;;
589684;;;;;200442.57;2406.06;IRRF SOBRE O TRABALHO PRINCIPAL - PJ;
589687;;;;;;;;
589688;;;;;;;;
589689;;;;;81870;982.44;HSJB - IRRF RETIDO EM N.F;
589692;;;;;5370;64.44;HSJB - IRRF RETIDO EM N.F;
589693;;;;;;;;
589694;;;;;17250;207;IR/PIS/COFINS/CSLL RETIDO N.F;
589696;;;;;;;;
589697;;;;;;;;
589698;;;;;3727.74;44.73;IRRF SOBRE O TRABALHO PRINCIPAL - PJ;
589699;;;;;;;;
589700;;;;;;;;
589701;;;;;;;;
589702;;;;;;;;
589703;;;;;;;;
589704;;;;;4320;51.84;HSJB - IRRF RETIDO EM N.F;
589705;;;;;15216;182.59;IRRF - FORNECIMENTO DE BENS;
589706;;;;;2553.86;31.12;IR/PIS/COFINS/CSLL RETIDO N.F;
589709;;;;;;;;
589711;;;;;;;;
589712;;;;;;;;
589713;;;;;6051.86;72.62;IRRF SOBRE O TRABALHO PRINCIPAL - PJ;
589714;;;;;;;;
589715;;;;;208450;9359.4;RETENC. ISS EM LIQUIDAÇÃO;
589716;;;;;812.8;9.75;HSJB - IRRF RETIDO EM N.F;
589718;;;;;;;;
589720;;;;;373.1;4.48;HSJB - IRRF RETIDO EM N.F;
589722;;;;;;;;
589723;;;;;;;;
589724;;;;;110110.57;5505.53;RETENC. ISS EM LIQUIDAÇÃO;
589724;;;;;110110.57;5285.31;IRRF SOBRE O TRABALHO PRINCIPAL - PJ;
589725;;;;;;;;
589726;;;;;;;;
589729;;;;;3251.02;3251.02;INSTITUTO NACIONAL DO SEGURO SOCIAL;
589731;;;;;137.76;137.76;RESTITUICOES ANTECIPACAO DE PAGAMENTO -;
589734;;;;;;;;
589736;;;;;;;;
589737;;;;;41190.8;1773.28;ISS - GOV ESTADO  F 193;
589738;;;;;;;;
589739;;;;;;;;
589740;;;;;445;5.34;HSJB - IRRF RETIDO EM N.F;
589741;;;;;;;;
589743;;;;;;;;
589744;;;;;;;;
589745;;;;;;;;
589746;;;;;;;;
589748;;;;;;;;
589749;;;;;;;;
589750;;;;;;;;
589752;;;;;;;;
589765;;;;;;;;
589766;;;;;;;;
589768;;;;;;;;
589769;;;;;;;;
589774;;;;;;;;
589775;;;;;;;;
589779;;;;;;;;
589780;;;;;;;;
589781;;;;;;;;
589783;;;;;;;;
589786;;;;;25600;1228.8;IRRF SOBRE O TRABALHO PRINCIPAL - PJ;
589788;;;;;17066.67;819.2;IRRF SOBRE O TRABALHO PRINCIPAL - PJ;
589790;;;;;6400;307.2;IRRF SOBRE O TRABALHO PRINCIPAL - PJ;
589792;;;;;6400;307.2;IRRF SOBRE O TRABALHO PRINCIPAL - PJ;
589793;;;;;;;;
589794;;;;;26961.84;1294.17;IRRF SOBRE O TRABALHO PRINCIPAL - PJ;
589797;;;;;12299;147.59;HSJB - IRRF RETIDO EM N.F;
589800;;;;;;;;
589803;;;;;;;;
589805;;;;;;;;
589809;;;;;;;;
589810;;;;;;;;
589811;;;;;;;;
589812;;;;;;;;
589813;;;;;;;;
589817;;;;;;;;
589821;;;;;7860;94.32;HSJB - IRRF RETIDO EM N.F;
589823;;;;;;;;
589825;;;;;;;;
589826;;;;;35951.2;431.41;HSJB - IRRF RETIDO EM N.F;
589827;;;;;;;;
589828;;;;;65800;789.6;HSJB - IRRF RETIDO EM N.F;
589833;;;;;43000;516;HSJB - IRRF RETIDO EM N.F;
589837;;;;;;;;
589838;;;;;;;;
589839;;;;;;;;
589840;;;;;98595.09;98595.09;IRRF - PMVR;
589841;;;;;1138051.22;1138051.22;IRRF - PMVR;
589842;;;;;660003.85;660003.85;INSTITUTO NACIONAL DO SEGURO SOCIAL;
589843;;;;;;;;
589844;;;;;;;;
589845;;;;;;;;
589846;;;;;;;;
589847;;;;;;;;
589848;;;;;;;;
589849;;;;;;;;
589850;;;;;2667.95;33.08;IR/PIS/COFINS/CSLL RETIDO N.F;
589851;;;;;;;;
589852;;;;;;;;
589853;;;;;;;;
589854;;;;;;;;
589855;;;;;;;;
589856;;;;;;;;
589858;;;;;;;;
589859;;;;;;;;
589860;;;;;;;;
589861;;;;;;;;
589862;;;;;;;;
589863;;;;;;;;
589864;;;;;;;;
589865;;;;;;;;
589867;;;;;;;;
589869;;;;;;;;
589870;;;;;;;;
589871;;;;;;;;
589872;;;;;1234.8;59.27;IRRF - PRESTADOR DE SERVIÇOS;
589873;;;;;;;;
589874;;;;;;;;
589875;;;;;;;;
589876;;;;;;;;
589877;;;;;;;;
589878;;;;;;;;
589879;;;;;;;;
589880;;;;;;;;
589881;;;;;401467.98;224937.98;IRRF - TRABALHO PRINCIPAL PF PMVR;
589881;;;;;401467.98;86254.14;INSS - PESSOAL PROPRIO;
589882;;;;;;;;
589883;;;;;;;;
589884;;;;;;;;
589885;;;;;;;;
589886;;;;;;;;
589887;;;;;;;;
589888;;;;;;;;
589890;;;;;950;19.1;ISS - PMVR;
589891;;;;;5770.2;206.5;ISS - GESTAO PLENA;
589892;;;;;;;;
589893;;;;;129.8;129.8;INSTITUTO NACIONAL DO SEGURO SOCIAL;
589895;;;;;;;;
589897;;;;;5874.12;70.49;IRRF - GESTAO PLENA - SUS;
589901;;;;;;;;
589906;;;;;;;;
589907;;;;;;;;
589909;;;;;781423.97;26858.08;ISS - PMVR;
589909;;;;;781423.97;85956.47;INSTITUTO NACIONAL DO SEGURO SOCIAL;
589909;;;;;781423.97;302.6;PENSÃO ALIMENTICIA;
589910;;;;;;;;
589911;;;;;94200.2;4710;ISS - PMVR;
589911;;;;;94200.2;10361.98;INSTITUTO NACIONAL DO SEGURO SOCIAL;
589912;;;;;;;;
589913;;;;;;;;
589914;;;;;;;;
589915;;;;;;;;
589916;;;;;953;11.44;IR/PIS/COFINS/CSLL RETIDO N.F;
589917;;;;;;;;
589918;;;;;4464;53.57;IR/PIS/COFINS/CSLL RETIDO N.F;
589919;;;;;80;0.96;IR/PIS/COFINS/CSLL RETIDO N.F;
589920;;;;;;;;
589921;;;;;;;;
589922;;;;;;;;
589923;;;;;;;;
589924;;;;;;;;
589925;;;;;;;;
589926;;;;;;;;
589927;;;;;;;;
589928;;;;;;;;
589929;;;;;;;;
589930;;;;;;;;
589931;;;;;;;;
589932;;;;;;;;
589933;;;;;;;;
589934;;;;;;;;
589935;;;;;;;;
589936;;;;;;;;
589937;;;;;;;;
589938;;;;;;;;
589939;;;;;;;;
589940;;;;;;;;
589941;;;;;;;;
589942;;;;;;;;
589943;;;;;;;;
589944;;;;;;;;
589945;;;;;;;;
589946;;;;;;;;
589947;;;;;;;;
589948;;;;;;;;
589949;;;;;;;;
589950;;;;;;;;
589951;;;;;;;;
589952;;;;;;;;
589953;;;;;;;;
589954;;;;;;;;
589955;;;;;;;;
589956;;;;;;;;
589959;;;;;;;;
589960;;;;;;;;
589961;;;;;;;;
589962;;;;;;;;
589963;;;;;;;;
589970;;;;;;;;
589972;;;;;29642.64;355.71;IRRF - GESTAO PLENA - SUS;
589972;;;;;29642.64;889.28;ISS - GESTAO PLENA;
589973;;;;;;;;
589974;;;;;;;;
589975;;;;;;;;
589976;;;;;;;;
589977;;;;;;;;
589978;;;;;;;;
589979;;;;;;;;
589980;;;;;;;;
589996;;;;;;;;
589999;;;;;;;;
590000;;;;;768;9.22;HSJB - IRRF RETIDO EM N.F;
590003;;;;;753804.64;37690.23;ISS - SALARIO EDUCACAO;
590003;;;;;753804.64;9045.66;IRRF - SALARIO EDUCAÇÃO;
590003;;;;;753804.64;82918.51;INSS REENÇÃO - SALARIO EDUCAÇÃO;
590006;;;;;;;;
590010;;;;;7429;89.15;HSJB - IRRF RETIDO EM N.F;
590011;;;;;;;;
590013;;;;;;;;
590014;;;;;14600;175.2;HSJB - IRRF RETIDO EM N.F;
590016;;;;;;;;
590037;;;;;15520;186.24;HSJB - IRRF RETIDO EM N.F;
590047;;;;;;;;
590071;;;;;1909.2;22.91;HSJB - IRRF RETIDO EM N.F;
590107;;;;;;;;
590108;;;;;;;;
590110;;;;;;;;
590111;;;;;;;;
590112;;;;;;;;
590113;;;;;;;;
590114;;;;;;;;
590115;;;;;;;;
590116;;;;;;;;
590117;;;;;;;;
590118;;;;;;;;
590119;;;;;;;;
590120;;;;;3065;36.78;HSJB - IRRF RETIDO EM N.F;
590121;;;;;;;;
590127;;;;;;;;
590130;;;;;17993.43;629.77;RETENC. ISS EM LIQUIDAÇÃO;
590131;;;;;;;;
590133;;;;;;;;
590134;;;;;650;7.8;HSJB - IRRF RETIDO EM N.F;
590134;;;;;650;13;HSJB - ISS - PMVR;
590139;;;;;;;;
590147;;;;;100990;1211.88;IRRF SOBRE O TRABALHO PRINCIPAL - PJ;
590152;;;;;;;;
590153;;;;;;;;
590154;;;;;;;;
590155;;;;;;;;
590156;;;;;;;;
590157;;;;;;;;
590158;;;;;;;;
590159;;;;;;;;
590160;;;;;;;;
590161;;;;;;;;
590164;;;;;;;;
590165;;;;;;;;
590166;;;;;;;;
590167;;;;;;;;
590169;;;;;;;;
590171;;;;;;;;
590172;;;;;;;;
590173;;;;;;;;
590177;;;;;;;;
590180;;;;;;;;
590184;;;;;;;;
590187;;;;;;;;
590194;;;;;1473.08;17.67;HSJB - IRRF RETIDO EM N.F;
590199;;;;;185.5;2.23;HSJB - IRRF RETIDO EM N.F;
590201;;;;;;;;
590204;;;;;715.35;8.59;HSJB - IRRF RETIDO EM N.F;
590205;;;;;539.87;6.48;HSJB - IRRF RETIDO EM N.F;
590209;;;;;374.88;4.5;HSJB - IRRF RETIDO EM N.F;
590212;;;;;;;;
590214;;;;;1688.8;20.26;HSJB - IRRF RETIDO EM N.F;
590218;;;;;6328;75.96;HSJB - IRRF RETIDO EM N.F;
590219;;;;;;;;
590220;;;;;;;;
590221;;;;;;;;
590223;;;;;;;;
590224;;;;;;;;
590227;;;;;;;;
590228;;;;;;;;
590230;;;;;;;;
590232;;;;;;;;
590234;;;;;;;;
590241;;;;;;;;
590242;;;;;810;9.72;HSJB - IRRF RETIDO EM N.F;
590243;;;;;43284.27;797.84;IRRF - SALARIO EDUCAÇÃO;
590257;;;;;;;;
590264;;;;;;;;
590268;;;;;;;;
590270;;;;;;;;
590271;;;;;;;;
590272;;;;;;;;
590273;;;;;;;;
590275;;;;;;;;
590276;;;;;;;;
590277;;;;;;;;
590279;;;;;;;;
590280;;;;;;;;
590281;;;;;;;;
590283;;;;;;;;
590285;;;;;;;;
590286;;;;;;;;
590287;;;;;;;;
590288;;;;;;;;
590289;;;;;;;;
590290;;;;;;;;
590291;;;;;;;;
590292;;;;;;;;
590293;;;;;;;;
590294;;;;;;;;
590295;;;;;71889.62;3594.48;ISS PROPRIO;
590295;;;;;71889.62;3450.7;IRRF SOBRE O TRABALHO PRINCIPAL - PJ;
590297;;;;;;;;
590298;;;;;;;;
590299;;;;;24587.01;295.04;HSJB - IRRF RETIDO EM N.F;
590300;;;;;;;;
590302;;;;;4564;54.76;IRRF SOBRE O TRABALHO PRINCIPAL - PJ;
590304;;;;;2360;106.83;ISS - PMVR;
590305;;;;;1000;12;IRRF SOBRE O TRABALHO PRINCIPAL - PJ;
590306;;;;;2097;25.16;IRRF SOBRE O TRABALHO PRINCIPAL - PJ;
590307;;;;;;;;
590308;;;;;1000;12;IRRF SOBRE O TRABALHO PRINCIPAL - PJ;
590311;;;;;;;;
590312;;;;;1800;90;RETENC. ISS EM LIQUIDAÇÃO;
590312;;;;;1800;198;INSS - PREST. SERV. PROPRIO;
590313;;;;;;;;
590314;;;;;;;;
590315;;;;;;;;
590332;;;;;;;;
590333;;;;;;;;
590334;;;;;;;;
590335;;;;;;;;
590338;;;;;;;;
590339;;;;;859.2;42.96;RETENC. ISS EM LIQUIDAÇÃO;
590340;;;;;1091.9;54.6;RETENC. ISS EM LIQUIDAÇÃO;
590341;;;;;99.5;4.98;RETENC. ISS EM LIQUIDAÇÃO;
590342;;;;;1396.2;69.81;RETENC. ISS EM LIQUIDAÇÃO;
590345;;;;;966.6;48.33;RETENC. ISS EM LIQUIDAÇÃO;
590346;;;;;841.3;42.06;RETENC. ISS EM LIQUIDAÇÃO;
590348;;;;;268.5;13.42;RETENC. ISS EM LIQUIDAÇÃO;
590349;;;;;71.6;3.58;RETENC. ISS EM LIQUIDAÇÃO;
590350;;;;;769.7;38.48;RETENC. ISS EM LIQUIDAÇÃO;
590352;;;;;;;;
590353;;;;;411.7;20.58;RETENC. ISS EM LIQUIDAÇÃO;
590354;;;;;1575.2;78.76;RETENC. ISS EM LIQUIDAÇÃO;
590355;;;;;1034.8;51.74;RETENC. ISS EM LIQUIDAÇÃO;
590358;;;;;619.6;7.43;IRRF SOBRE O TRABALHO PRINCIPAL - PJ;
590360;;;;;619.6;7.43;IRRF SOBRE O TRABALHO PRINCIPAL - PJ;
590361;;;;;36250;435;HSJB - IRRF RETIDO EM N.F;
590363;;;;;417.9;20.9;RETENC. ISS EM LIQUIDAÇÃO;
590365;;;;;199;9.95;RETENC. ISS EM LIQUIDAÇÃO;
590366;;;;;880;10.56;IRRF SOBRE O TRABALHO PRINCIPAL - PJ;
590369;;;;;880;10.56;IRRF SOBRE O TRABALHO PRINCIPAL - PJ;
590370;;;;;;;;
590373;;;;;619.6;7.43;IRRF SOBRE O TRABALHO PRINCIPAL - PJ;
590377;;;;;220;2.64;IRRF SOBRE O TRABALHO PRINCIPAL - PJ;
590378;;;;;;;;
590380;;;;;619.6;7.43;IRRF SOBRE O TRABALHO PRINCIPAL - PJ;
590381;;;;;179;8.95;RETENC. ISS EM LIQUIDAÇÃO;
590384;;;;;1342.5;67.12;RETENC. ISS EM LIQUIDAÇÃO;
590386;;;;;1772.1;88.6;RETENC. ISS EM LIQUIDAÇÃO;
590387;;;;;242;2.9;IRRF SOBRE O TRABALHO PRINCIPAL - PJ;
590392;;;;;139.3;6.96;RETENC. ISS EM LIQUIDAÇÃO;
590393;;;;;2273.63;27.29;HSJB - IRRF RETIDO EM N.F;
590397;;;;;2123.63;25.49;HSJB - IRRF RETIDO EM N.F;
590399;;;;;;;;
590400;;;;;;;;
590402;;;;;;;;
590403;;;;;;;;
590406;;;;;;;;
590407;;;;;;;;
590409;;;;;;;;
590410;;;;;2750;33;IRRF SOBRE O TRABALHO PRINCIPAL - PJ;
590411;;;;;425.63;5.11;HSJB - IRRF RETIDO EM N.F;
590412;;;;;8698.33;417.51;IRRF SOBRE O TRABALHO PRINCIPAL - PJ;
590413;;;;;24750;297;IRRF SOBRE O TRABALHO PRINCIPAL - PJ;
590414;;;;;138.9;1.67;HSJB - IRRF RETIDO EM N.F;
590416;;;;;2273.63;27.29;HSJB - IRRF RETIDO EM N.F;
590417;;;;;2800;33.6;IRRF SOBRE O TRABALHO PRINCIPAL - PJ;
590419;;;;;2191.5;26.3;HSJB - IRRF RETIDO EM N.F;
590420;;;;;85285;4264.25;RETENC. ISS EM LIQUIDAÇÃO;
590421;;;;;;;;
590423;;;;;2212.5;106.2;IRRF SOBRE O TRABALHO PRINCIPAL - PJ;
590426;;;;;;;;
590428;;;;;;;;
590430;;;;;3179.36;38.15;IRRF SOBRE O TRABALHO PRINCIPAL - PJ;
590431;;;;;;;;
590432;;;;;619.6;7.43;IRRF SOBRE O TRABALHO PRINCIPAL - PJ;
590434;;;;;;;;
590435;;;;;;;;
590437;;;;;;;;
590438;;;;;;;;
590442;;;;;;;;
590443;;;;;;;;
590446;;;;;6270;75.24;HSJB - IRRF RETIDO EM N.F;
590447;;;;;2563.65;30.76;IRRF SOBRE O TRABALHO PRINCIPAL - PJ;
590449;;;;;;;;
590451;;;;;;;;
590453;;;;;2647.25;31.76;IRRF SOBRE O TRABALHO PRINCIPAL - PJ;
590457;;;;;1894.25;22.73;IRRF SOBRE O TRABALHO PRINCIPAL - PJ;
590458;;;;;62.7;0.75;HSJB - IRRF RETIDO EM N.F;
590460;;;;;;;;
590462;;;;;;;;
590464;;;;;;;;
590465;;;;;;;;
590467;;;;;2647.25;31.76;IRRF SOBRE O TRABALHO PRINCIPAL - PJ;
590468;;;;;2400;120;RETENC. ISS EM LIQUIDAÇÃO;
590468;;;;;2400;115.2;IRRF SOBRE O TRABALHO PRINCIPAL - PJ;
590469;;;;;;;;
590470;;;;;1968.05;23.61;IRRF SOBRE O TRABALHO PRINCIPAL - PJ;
590471;;;;;2400;120;RETENC. ISS EM LIQUIDAÇÃO;
590471;;;;;2400;115.2;IRRF SOBRE O TRABALHO PRINCIPAL - PJ;
590472;;;;;;;;
590474;;;;;2400;120;RETENC. ISS EM LIQUIDAÇÃO;
590474;;;;;2400;115.2;IRRF SOBRE O TRABALHO PRINCIPAL - PJ;
590475;;;;;;;;
590476;;;;;9730.56;486.53;RETENC. ISS EM LIQUIDAÇÃO;
590476;;;;;9730.56;467.07;IRRF SOBRE O TRABALHO PRINCIPAL - PJ;
590477;;;;;225;4.52;ISS - PMVR;
590479;;;;;1050.4;21.12;ISS - PMVR;
590481;;;;;2111.9;25.34;IRRF SOBRE O TRABALHO PRINCIPAL - PJ;
590483;;;;;1390.08;69.5;RETENC. ISS EM LIQUIDAÇÃO;
590483;;;;;1390.08;66.72;IRRF SOBRE O TRABALHO PRINCIPAL - PJ;
590484;;;;;;;;
590486;;;;;;;;
590487;;;;;;;;
590488;;;;;6062.79;312.9;IR/PIS/COFINS/CSLL RETIDO N.F;
590489;;;;;;;;
590491;;;;;2561;30.73;IRRF SOBRE O TRABALHO PRINCIPAL - PJ;
590493;;;;;;;;
590497;;;;;1348;16.18;IRRF SOBRE O TRABALHO PRINCIPAL - PJ;
590498;;;;;;;;
590501;;;;;230.85;2.77;HSJB - IRRF RETIDO EM N.F;
590503;;;;;;;;
590504;;;;;674;8.09;IRRF SOBRE O TRABALHO PRINCIPAL - PJ;
590510;;;;;479335.58;23008.11;IRRF SOBRE O TRABALHO PRINCIPAL - PJ;
590517;;;;;;;;
590521;;;;;;;;
590523;;;;;;;;
590526;;;;;6363.1;305.42;IRRF SOBRE O TRABALHO PRINCIPAL - PJ;
590528;;;;;3723;44.67;IRRF SOBRE O TRABALHO PRINCIPAL - PJ;
590530;;;;;350.31;4.2;HSJB - IRRF RETIDO EM N.F;
590532;;;;;30662.7;1471.8;IRRF SOBRE O TRABALHO PRINCIPAL - PJ;
590533;;;;;;;;
590534;;;;;1752;21.02;IRRF SOBRE O TRABALHO PRINCIPAL - PJ;
590536;;;;;;;;
590538;;;;;7140;85.68;IRRF SOBRE O TRABALHO PRINCIPAL - PJ;
590539;;;;;6120;73.44;IRRF SOBRE O TRABALHO PRINCIPAL - PJ;
590540;;;;;6120;73.44;IRRF SOBRE O TRABALHO PRINCIPAL - PJ;
590541;;;;;6120;73.44;IRRF SOBRE O TRABALHO PRINCIPAL - PJ;
590543;;;;;195.36;2.34;HSJB - IRRF RETIDO EM N.F;
590544;;;;;394;4.72;IRRF SOBRE O TRABALHO PRINCIPAL - PJ;
590547;;;;;;;;
590548;;;;;112.4;1.34;IRRF SOBRE O TRABALHO PRINCIPAL - PJ;
590549;;;;;;;;
590551;;;;;4850;58.2;IRRF - FORNECIMENTO DE BENS;
590552;;;;;;;;
590553;;;;;35900;1077;RETENC. ISS EM LIQUIDAÇÃO;
590553;;;;;35900;608.82;INSS - PREST. SERV. PROPRIO;
590553;;;;;35900;538.5;IRRF SOBRE O TRABALHO PRINCIPAL - PJ;
590555;;;;;;;;
590556;;;;;;;;
590557;;;;;;;;
590558;;;;;;;;
590559;;;;;;;;
590560;;;;;;;;
590562;;;;;;;;
590563;;;;;279.3;3.35;IRRF SOBRE O TRABALHO PRINCIPAL - PJ;
590564;;;;;724.5;8.69;IRRF SOBRE O TRABALHO PRINCIPAL - PJ;
590565;;;;;;;;
590566;;;;;;;;
590567;;;;;;;;
590568;;;;;;;;
590569;;;;;;;;
590570;;;;;;;;
590571;;;;;;;;
590572;;;;;;;;
590574;;;;;;;;
590575;;;;;;;;
590576;;;;;;;;
590577;;;;;;;;
590578;;;;;;;;
590579;;;;;76021.37;3801.07;RETENC. ISS EM LIQUIDAÇÃO;
590580;;;;;;;;
590581;;;;;3443.73;172.19;RETENC. ISS EM LIQUIDAÇÃO;
590582;;;;;15193.6;182.32;HSJB - IRRF RETIDO EM N.F;
590583;;;;;;;;
590584;;;;;;;;
590585;;;;;;;;
590586;;;;;;;;
590587;;;;;;;;
590588;;;;;;;;
590589;;;;;;;;
590590;;;;;;;;
590591;;;;;;;;
590592;;;;;;;;
590593;;;;;;;;
590594;;;;;;;;
590597;;;;;;;;
590599;;;;;2045;24.54;IRRF SOBRE O TRABALHO PRINCIPAL - PJ;
590600;;;;;;;;
590601;;;;;;;;
590602;;;;;;;;
590603;;;;;;;;
590604;;;;;674;8.09;IRRF SOBRE O TRABALHO PRINCIPAL - PJ;
590606;;;;;;;;
590612;;;;;;;;
590613;;;;;;;;
590615;;;;;;;;
590617;;;;;;;;
590618;;;;;;;;
590620;;;;;;;;
590621;;;;;;;;
590622;;;;;1530;76.5;RETENC. ISS EM LIQUIDAÇÃO;
590622;;;;;1530;168.3;INSTITUTO NACIONAL DO SEGURO SOCIAL;
590623;;;;;;;;
590624;;;;;;;;
590626;;;;;;;;
590627;;;;;;;;
590628;;;;;;;;
590630;;;;;22569.34;1128.47;RETENC. ISS EM LIQUIDAÇÃO;
590631;;;;;;;;
590633;;;;;;;;
590636;;;;;4400;52.8;IRRF SOBRE O TRABALHO PRINCIPAL - PJ;
590637;;;;;;;;
590639;;;;;;;;
590641;;;;;;;;
590644;;;;;;;;
590647;;;;;13220.07;158.64;IR/PIS/COFINS/CSLL RETIDO N.F;
590650;;;;;;;;
590652;;;;;;;;
590656;;;;;;;;
590658;;;;;;;;
590659;;;;;15164.24;727.88;IRRF - FORNECIMENTO DE BENS;
590662;;;;;;;;
590663;;;;;1888.52;22.66;IR/PIS/COFINS/CSLL RETIDO N.F;
590665;;;;;;;;
590667;;;;;;;;
590668;;;;;;;;
590669;;;;;;;;
590674;;;;;365.76;4.39;HSJB - IRRF RETIDO EM N.F;
590679;;;;;;;;
590681;;;;;;;;
590683;;;;;;;;
590684;;;;;;;;
590685;;;;;;;;
590687;;;;;;;;
590690;;;;;;;;
590692;;;;;;;;
590693;;;;;;;;
590694;;;;;;;;
590695;;;;;26343.73;1317.19;RETENC. ISS EM LIQUIDAÇÃO;
590696;;;;;46900;562.8;IRRF SOBRE O TRABALHO PRINCIPAL - PJ;
590703;;;;;84750;4237.5;RETENC. ISS EM LIQUIDAÇÃO;
590706;;;;;41085.75;2054.29;RETENC. ISS EM LIQUIDAÇÃO;
590707;;;;;;;;
590709;;;;;;;;
590710;;;;;;;;
590711;;;;;;;;
590712;;;;;2120;101.76;IRRF - PJ PRESTADOR DE SERVIÇOS;
590713;;;;;;;;
590714;;;;;;;;
590716;;;;;;;;
590717;;;;;;;;
590720;;;;;;;;
590727;;;;;2443.51;36.65;IRRF - GESTAO PLENA - SUS;
590735;;;;;;;;
590736;;;;;;;;
590737;;;;;900.68;900.68;INSTITUTO NACIONAL DO SEGURO SOCIAL;
590739;;;;;;;;
590740;;;;;;;;
590741;;;;;;;;
590742;;;;;;;;
590744;;;;;;;;
590745;;;;;;;;
590746;;;;;;;;
590748;;;;;;;;
590749;;;;;;;;
590750;;;;;;;;
590751;;;;;;;;
590755;;;;;;;;
590758;;;;;;;;
590759;;;;;;;;
590760;;;;;;;;
590761;;;;;597.6;7.17;HSJB - IRRF RETIDO EM N.F;
590762;;;;;;;;
590767;;;;;;;;
590768;;;;;;;;
590769;;;;;;;;
590772;;;;;;;;
590773;;;;;1953.6;23.44;HSJB - IRRF RETIDO EM N.F;
590775;;;;;;;;
590779;;;;;;;;
590780;;;;;;;;
590782;;;;;;;;
590783;;;;;;;;
590784;;;;;;;;
590785;;;;;;;;
590786;;;;;;;;
590787;;;;;;;;
590788;;;;;;;;
590789;;;;;;;;
590790;;;;;;;;
590791;;;;;;;;
590794;;;;;;;;
590796;;;;;5768.4;69.22;HSJB - IRRF RETIDO EM N.F;
590798;;;;;;;;
590799;;;;;;;;
590800;;;;;2273.63;27.29;HSJB - IRRF RETIDO EM N.F;
590801;;;;;;;;
590802;;;;;;;;
590803;;;;;;;;
590804;;;;;;;;
590805;;;;;;;;
590806;;;;;;;;
590807;;;;;1293.78;15.53;HSJB - IRRF RETIDO EM N.F;
590809;;;;;;;;
590810;;;;;;;;
590813;;;;;3928.11;47.15;HSJB - IRRF RETIDO EM N.F;
590815;;;;;2242.78;26.92;HSJB - IRRF RETIDO EM N.F;
590817;;;;;2123.63;25.49;HSJB - IRRF RETIDO EM N.F;
590818;;;;;649;7.79;HSJB - IRRF RETIDO EM N.F;
590820;;;;;;;;
590821;;;;;1698;20.38;HSJB - IRRF RETIDO EM N.F;
590822;;;;;;;;
590824;;;;;536953.61;6443.44;HSJB - IRRF RETIDO EM N.F;
590825;;;;;2273.63;27.29;HSJB - IRRF RETIDO EM N.F;
590827;;;;;;;;
590832;;;;;2123.63;25.49;HSJB - IRRF RETIDO EM N.F;
590833;;;;;;;;
590834;;;;;2772.63;33.28;HSJB - IRRF RETIDO EM N.F;
590835;;;;;;;;
590836;;;;;2922.63;35.08;HSJB - IRRF RETIDO EM N.F;
590837;;;;;;;;
590841;;;;;;;;
590844;;;;;;;;
590847;;;;;;;;
590849;;;;;;;;
590850;;;;;3200;38.4;HSJB - IRRF RETIDO EM N.F;
590851;;;;;;;;
590852;;;;;1345532;40821.18;RETENC. ISS EM LIQUIDAÇÃO;
590852;;;;;1345532;74838.82;INSS - PREST. SERV. PROPRIO;
590852;;;;;1345532;16328.47;IRRF SOBRE O TRABALHO PRINCIPAL - PJ;
590853;;;;;;;;
590862;;;;;;;;
590865;;;;;;;;
590867;;;;;;;;
590877;;;;;;;;
590878;;;;;;;;
590881;;;;;;;;
590882;;;;;;;;
590884;;;;;;;;
590886;;;;;;;;
590888;;;;;;;;
590889;;;;;;;;
590890;;;;;;;;
590894;;;;;;;;
590895;;;;;1247.7;29.24;IRRF - PRESTADOR DE SERVIÇOS;
590897;;;;;;;;
590900;;;;;39285;471.42;IRRF - FORNECIMENTO DE BENS;
590902;;;;;;;;
590903;;;;;39285;471.42;IRRF - FORNECIMENTO DE BENS;
590904;;;;;;;;
590905;;;;;;;;
590907;;;;;;;;
590910;;;;;;;;
590912;;;;;;;;
590913;;;;;;;;
590915;;;;;;;;
590917;;;;;;;;
590922;;;;;1825.8;91.29;RETENC. ISS EM LIQUIDAÇÃO;
590925;;;;;;;;
590926;;;;;2112.2;105.61;RETENC. ISS EM LIQUIDAÇÃO;
590928;;;;;;;;
590929;;;;;388.08;4.65;IRRF - FORNECIMENTO DE BENS;
590930;;;;;;;;
590933;;;;;2810.3;140.52;RETENC. ISS EM LIQUIDAÇÃO;
590935;;;;;3970.22;198.51;RETENC. ISS EM LIQUIDAÇÃO;
590936;;;;;2774.5;138.72;RETENC. ISS EM LIQUIDAÇÃO;
590938;;;;;2756.6;137.83;RETENC. ISS EM LIQUIDAÇÃO;
590942;;;;;4740.75;394.98;IRRF - PMVR;
590943;;;;;;;;
590946;;;;;;;;
590948;;;;;;;;
590955;;;;;98779.73;1561.25;IRRF - GESTAO PLENA - SUS;
590955;;;;;98779.73;6505.23;ISS - GESTAO PLENA;
590958;;;;;;;;
590959;;;;;;;;
590960;;;;;;;;
590961;;;;;;;;
590962;;;;;;;;
590963;;;;;;;;
590969;;;;;;;;
590973;;;;;;;;
590977;;;;;;;;
590978;;;;;1224.63;14.7;HSJB - IRRF RETIDO EM N.F;
590979;;;;;;;;
590981;;;;;;;;
590982;;;;;2922.63;35.08;HSJB - IRRF RETIDO EM N.F;
590983;;;;;;;;
590984;;;;;2330.11;27.97;HSJB - IRRF RETIDO EM N.F;
590985;;;;;210;2.52;HSJB - IRRF RETIDO EM N.F;
590986;;;;;;;;
590988;;;;;2123.63;25.49;HSJB - IRRF RETIDO EM N.F;
590989;;;;;;;;
590990;;;;;;;;
590992;;;;;1224.63;14.7;HSJB - IRRF RETIDO EM N.F;
590994;;;;;16572.37;360.28;IRRF - GESTAO PLENA - SUS;
590994;;;;;16572.37;1501.18;ISS - GESTAO PLENA;
590997;;;;;2123.63;25.49;HSJB - IRRF RETIDO EM N.F;
590998;;;;;;;;
590999;;;;;10679.75;128.16;IRRF - GESTAO PLENA - SUS;
590999;;;;;10679.75;320.39;ISS - GESTAO PLENA;
591000;;;;;2703.48;32.45;HSJB - IRRF RETIDO EM N.F;
591002;;;;;14668.67;585.28;ISS - GESTAO PLENA;
591005;;;;;3721.63;44.67;HSJB - IRRF RETIDO EM N.F;
591006;;;;;;;;
591007;;;;;219.15;2.63;HSJB - IRRF RETIDO EM N.F;
591008;;;;;;;;
591009;;;;;;;;
591010;;;;;;;;
591012;;;;;15158.67;825.98;IRRF - GESTAO PLENA - SUS;
591013;;;;;2273.63;27.29;HSJB - IRRF RETIDO EM N.F;
591014;;;;;2330.11;27.97;HSJB - IRRF RETIDO EM N.F;
591015;;;;;2123.63;25.49;HSJB - IRRF RETIDO EM N.F;
591018;;;;;10437.1;125.25;HSJB - IRRF RETIDO EM N.F;
591019;;;;;2273.63;27.29;HSJB - IRRF RETIDO EM N.F;
591024;;;;;;;;
591025;;;;;;;;
591026;;;;;3434;41.21;IR/PIS/COFINS/CSLL RETIDO N.F;
591027;;;;;;;;
591031;;;;;;;;
591032;;;;;;;;
591033;;;;;;;;
591034;;;;;3123.71;38.74;IR/PIS/COFINS/CSLL RETIDO N.F;
591050;;;;;;;;
591051;;;;;;;;
591056;;;;;;;;
591059;;;;;;;;
591065;;;;;;;;
591068;;;;;;;;
591070;;;;;;;;
591071;;;;;;;;
591072;;;;;6383.86;127.68;ISS - PMVR;
591073;;;;;;;;
591074;;;;;;;;
591075;;;;;;;;
591076;;;;;;;;
591077;;;;;;;;
591078;;;;;;;;
591079;;;;;6656.26;133.13;ISS - PMVR;
591082;;;;;;;;
591083;;;;;;;;
591084;;;;;;;;
591086;;;;;;;;
591087;;;;;;;;
591088;;;;;;;;
591091;;;;;;;;
591092;;;;;;;;
591094;;;;;900;99;INSS - FOLHA PAGTO;
591095;;;;;500;6;HSJB - IRRF RETIDO EM N.F;
591096;;;;;900;99;INSS - FOLHA PAGTO;
591100;;;;;900;99;INSS - FOLHA PAGTO;
591102;;;;;;;;
591104;;;;;;;;
591106;;;;;900;99;INSS - FOLHA PAGTO;
591108;;;;;;;;
591111;;;;;1600;176;INSS - FOLHA PAGTO;
591115;;;;;;;;
591118;;;;;1000;110;INSS - FOLHA PAGTO;
591122;;;;;1000;20.1;ISS - PMVR;
591124;;;;;;;;
591125;;;;;2000;220;INSS - FOLHA PAGTO;
591127;;;;;1000;110;INSS - FOLHA PAGTO;
591131;;;;;1000;110;INSS - FOLHA PAGTO;
591142;;;;;;;;
591143;;;;;;;;
591146;;;;;1000;110;INSS - FOLHA PAGTO;
591154;;;;;1380;151.8;INSS - FOLHA PAGTO;
591155;;;;;1000;110;INSS - FOLHA PAGTO;
591156;;;;;;;;
591157;;;;;42660;511.92;HSJB - IRRF RETIDO EM N.F;
591159;;;;;;;;
591161;;;;;;;;
591163;;;;;;;;
591174;;;;;;;;
591175;;;;;;;;
591177;;;;;;;;
591178;;;;;;;;
591179;;;;;;;;
591207;;;;;;;;
591222;;;;;;;;
591246;;;;;;;;
591263;;;;;;;;
591288;;;;;;;;
591290;;;;;;;;
591294;;;;;;;;
591309;;;;;400;4.8;IRRF SOBRE O TRABALHO PRINCIPAL - PJ;
591321;;;;;;;;
591324;;;;;;;;
591325;;;;;;;;
591326;;;;;;;;
591327;;;;;;;;
591328;;;;;;;;
591329;;;;;13600;559.86;RETENC. ISS EM LIQUIDAÇÃO;
591330;;;;;;;;
591331;;;;;28630;1004.24;RETENC. ISS EM LIQUIDAÇÃO;
591332;;;;;;;;
591333;;;;;28700;1006.71;RETENC. ISS EM LIQUIDAÇÃO;
591335;;;;;;;;
591336;;;;;12100;145.2;HSJB - IRRF RETIDO EM N.F;
591337;;;;;;;;
591339;;;;;;;;
591340;;;;;5110;61.32;HSJB - IRRF RETIDO EM N.F;
591341;;;;;9240;110.88;HSJB - IRRF RETIDO EM N.F;
591342;;;;;2400;48;ISS - PMVR;
591343;;;;;;;;
591344;;;;;;;;
591345;;;;;;;;
591346;;;;;115789.98;6679.83;IRRF - GESTAO PLENA - SUS;
591347;;;;;;;;
591354;;;;;;;;
591355;;;;;;;;
591356;;;;;;;;
591362;;;;;301431.7;6028.63;RETENC. ISS EM LIQUIDAÇÃO;
591362;;;;;301431.7;7468.15;INSS - PREST. SERV. PROPRIO;
591364;;;;;;;;
591365;;;;;;;;
591371;;;;;120123.77;1441.49;HSJB - IRRF RETIDO EM N.F;
591374;;;;;;;;
591375;;;;;;;;
591376;;;;;27758.52;1332.41;IRRF - GESTAO PLENA - SUS;
591377;;;;;;;;
591378;;;;;3342.66;160.45;HSJB - IRRF RETIDO EM N.F;
591379;;;;;;;;
591381;;;;;81632.16;8694.63;INSTITUTO NACIONAL DO SEGURO SOCIAL;
591381;;;;;81632.16;4081.61;ISS - PMVR;
591381;;;;;81632.16;816.32;HSJB - IRRF RETIDO EM N.F;
591383;;;;;;;;
591384;;;;;95939.38;6758.61;IRRF - GESTAO PLENA - SUS;
591384;;;;;95939.38;13517.21;ISS - GESTAO PLENA;
591385;;;;;42802.38;513.62;IRRF - FORNECIMENTO DE BENS;
591386;;;;;;;;
591387;;;;;;;;
591388;;;;;;;;
591389;;;;;35192.03;422.3;IRRF - FORNECIMENTO DE BENS;
591390;;;;;700000;85231.18;ISS - SALARIO EDUCACAO;
591390;;;;;700000;20455.48;IRRF - SALARIO EDUCAÇÃO;
591390;;;;;700000;187508.6;INSS REENÇÃO - SALARIO EDUCAÇÃO;
591391;;;;;3894.92;194.75;ISS - GESTAO PLENA;
591392;;;;;;;;
591395;;;;;;;;
591396;;;;;;;;
591397;;;;;;;;
591401;;;;;;;;
591402;;;;;;;;
591403;;;;;;;;
591404;;;;;;;;
591405;;;;;8512.1;408.58;IRRF SOBRE O TRABALHO PRINCIPAL - PJ;
591406;;;;;;;;
591407;;;;;;;;
591408;;;;;;;;
591409;;;;;;;;
591410;;;;;;;;
591411;;;;;;;;
591416;;;;;;;;
591420;;;;;;;;
591421;;;;;;;;
591422;;;;;;;;
591423;;;;;;;;
591424;;;;;;;;
591425;;;;;45560;553.08;HSJB - IRRF RETIDO EM N.F;
591426;;;;;;;;
591427;;;;;;;;
591428;;;;;;;;
591429;;;;;;;;
591430;;;;;;;;
591431;;;;;;;;
591432;;;;;;;;
591433;;;;;;;;
591434;;;;;;;;
591435;;;;;;;;
591436;;;;;;;;
591437;;;;;;;;
591438;;;;;2300;27.6;HSJB - IRRF RETIDO EM N.F;
591439;;;;;1100;13.2;HSJB - IRRF RETIDO EM N.F;
591440;;;;;2300;27.6;HSJB - IRRF RETIDO EM N.F;
591441;;;;;2833.33;56.95;ISS - PMVR;
591444;;;;;;;;
591445;;;;;;;;
591447;;;;;;;;
591449;;;;;42500;510;IRRF SOBRE O TRABALHO PRINCIPAL - PJ;
591450;;;;;;;;
591451;;;;;;;;
591452;;;;;;;;
591455;;;;;;;;
591456;;;;;;;;
591457;;;;;;;;
591461;;;;;;;;
591464;;;;;4004.9;308.38;INSTITUTO NACIONAL DO SEGURO SOCIAL;
591464;;;;;4004.9;200.24;ISS - PMVR;
591464;;;;;4004.9;192.24;IRRF RETIDO EM N.F.;
591464;;;;;4004.9;186.23;PIS/COFINS/CSLL RETIDO N.F;
591466;;;;;15888;190.66;HSJB - IRRF RETIDO EM N.F;
591473;;;;;39510;477.72;HSJB - IRRF RETIDO EM N.F;
591480;;;;;;;;
591481;;;;;;;;
591482;;;;;;;;
591483;;;;;;;;
591484;;;;;;;;
591485;;;;;;;;
591486;;;;;14740;176.88;HSJB - IRRF RETIDO EM N.F;
591489;;;;;;;;
591491;;;;;;;;
591492;;;;;;;;
591496;;;;;;;;
591499;;;;;;;;
591502;;;;;302.25;0.72;IRRF - PRESTADOR DE SERVIÇOS;
591503;;;;;;;;
591507;;;;;;;;
591516;;;;;37011.43;444.14;HSJB - IRRF RETIDO EM N.F;
591517;;;;;100567.77;5028.39;ISS - FME FUNDEB;
591518;;;;;1316.4;15.8;HSJB - IRRF RETIDO EM N.F;
591522;;;;;;;;
591523;;;;;;;;
591529;;;;;;;;
591536;;;;;4250;51;HSJB - IRRF RETIDO EM N.F;
591544;;;;;17210.53;17210.53;INSTITUTO NACIONAL DO SEGURO SOCIAL;
591546;;;;;237433.84;13410.8;ISS - GOV ESTADO  F 193;
591546;;;;;237433.84;5364.32;IRRF - GOV ESTADO - F 193;
591549;;;;;;;;
591550;;;;;;;;
591552;;;;;;;;
591553;;;;;;;;
591554;;;;;;;;
591555;;;;;;;;
591556;;;;;;;;
591558;;;;;426.89;20.49;IRRF SOBRE O TRABALHO PRINCIPAL - PJ;
591561;;;;;;;;
591562;;;;;;;;
591564;;;;;9999;479.95;HSJB - IRRF RETIDO EM N.F;
591565;;;;;;;;
591566;;;;;;;;
591570;;;;;34280;34280;INSTITUTO NACIONAL DO SEGURO SOCIAL;
591571;;;;;4286;205.73;HSJB - IRRF RETIDO EM N.F;
591572;;;;;1973.91;1973.91;RESTITUI0ES (ANTECIPACAO DE PAGAMENTO) -;
591573;;;;;215000;10750;RETENC. ISS EM LIQUIDAÇÃO;
591573;;;;;215000;16555;INSS - PREST. SERV. PROPRIO;
591573;;;;;215000;2580;IRRF SOBRE O TRABALHO PRINCIPAL - PJ;
591576;;;;;560746.65;6232.73;IRRF - GESTAO PLENA - SUS;
591576;;;;;560746.65;31163.64;ISS - GESTAO PLENA;
591582;;;;;118070.66;3542.12;ISS - PMVR;
591582;;;;;118070.66;5667.39;IRRF - PRESTADOR DE SERVIÇOS;
591582;;;;;17710.6;1948.17;INSS PRESTADORES DE SERVIÇO PJ;
591583;;;;;;;;
591584;;;;;;;;
591585;;;;;;;;
591591;;;;;;;;
591592;;;;;1248;14.98;IR/PIS/COFINS/CSLL RETIDO N.F;
591594;;;;;;;;
591596;;;;;;;;
591599;;;;;;;;
591600;;;;;;;;
591601;;;;;;;;
591602;;;;;;;;
591603;;;;;;;;
591604;;;;;230.85;2.77;HSJB - IRRF RETIDO EM N.F;
591605;;;;;15000;180;IR/PIS/COFINS/CSLL RETIDO N.F;
591606;;;;;5359.62;64.32;IR/PIS/COFINS/CSLL RETIDO N.F;
591607;;;;;6084.72;73.02;IR/PIS/COFINS/CSLL RETIDO N.F;
591608;;;;;;;;
591609;;;;;1131.6;16.97;IRRF - PMVR;
591610;;;;;;;;
591611;;;;;;;;
591612;;;;;;;;
591615;;;;;;;;
591616;;;;;650;32.5;ISS - PMVR;
591621;;;;;;;;
591622;;;;;;;;
591623;;;;;;;;
591624;;;;;;;;
591625;;;;;;;;
591626;;;;;1540539.7;87026.98;RETENC. ISS EM LIQUIDAÇÃO;
591626;;;;;1540539.7;60918.89;INSS - PREST. SERV. PROPRIO;
591626;;;;;1540539.7;83545.91;IRRF SOBRE O TRABALHO PRINCIPAL - PJ;
591627;;;;;;;;
591628;;;;;;;;
591629;;;;;3218.42;38.62;HSJB - IRRF RETIDO EM N.F;
591630;;;;;;;;
591631;;;;;;;;
591632;;;;;4864;58.37;IRRF - GESTAO PLENA - SUS;
591632;;;;;4864;243.2;ISS - GESTAO PLENA;
591633;;;;;;;;
591634;;;;;;;;
591635;;;;;;;;
591636;;;;;;;;
591637;;;;;;;;
591639;;;;;583.85;7.01;HSJB - IRRF RETIDO EM N.F;
591641;;;;;23780;404.7;IRRF - GESTAO PLENA - SUS;
591641;;;;;23780;539.6;ISS - GESTAO PLENA;
591642;;;;;;;;
591643;;;;;965059.15;65000;ISS - FME;
591643;;;;;965059.15;143000;INSS - PESSOA JURIDICA;
591643;;;;;965059.15;15600;IRRF - FME;
591644;;;;;;;;
591645;;;;;;;;
591646;;;;;;;;
591647;;;;;6160;231.62;ISS - GESTAO PLENA;
591648;;;;;296600;3559.2;IRRF SOBRE O TRABALHO PRINCIPAL - PJ;
591649;;;;;299268;3591.21;IRRF SOBRE O TRABALHO PRINCIPAL - PJ;
591650;;;;;240842;2890.1;IRRF SOBRE O TRABALHO PRINCIPAL - PJ;
591651;;;;;12602.7;491.88;ISS - GESTAO PLENA;
591652;;;;;4200;63;IRRF - GESTAO PLENA - SUS;
591652;;;;;4200;84;ISS - GESTAO PLENA;
591655;;;;;85.5;1.03;HSJB - IRRF RETIDO EM N.F;
591656;;;;;7110;85.32;IRRF - GESTAO PLENA - SUS;
591656;;;;;7110;142.2;ISS - GESTAO PLENA;
591657;;;;;28120;1097.52;ISS - GESTAO PLENA;
591658;;;;;996;14.94;IRRF - GESTAO PLENA - SUS;
591658;;;;;996;49.8;ISS - GESTAO PLENA;
591659;;;;;1520;78.57;IRRF - GESTAO PLENA - SUS;
591659;;;;;1520;261.9;ISS - GESTAO PLENA;
591660;;;;;;;;
591670;;;;;17207.53;206.49;IRRF - GESTAO PLENA - SUS;
591670;;;;;17207.53;860.38;ISS - GESTAO PLENA;
591671;;;;;44020;528.24;IRRF - FORNECIMENTO DE BENS;
591672;;;;;38502;462.02;IRRF - FORNECIMENTO DE BENS;
591673;;;;;40944.8;491.33;IRRF - FORNECIMENTO DE BENS;
591674;;;;;47665.6;571.98;IRRF - FORNECIMENTO DE BENS;
591675;;;;;38849.2;466.19;IRRF - FORNECIMENTO DE BENS;
591676;;;;;337024.76;6740.5;ISS - PMVR;
591676;;;;;337024.76;1179.59;INSS PRESTADORES DE SERVIÇO PJ;
591677;;;;;3500;52.5;IRRF - GESTAO PLENA - SUS;
591677;;;;;3500;175;ISS - GESTAO PLENA;
591678;;;;;;;;
591679;;;;;;;;
591680;;;;;102.6;2.05;HSJB - IRRF RETIDO EM N.F;
591681;;;;;8970;134.55;IRRF - GESTAO PLENA - SUS;
591681;;;;;8970;179.4;ISS - GESTAO PLENA;
591682;;;;;;;;
591683;;;;;;;;
591684;;;;;3600;43.2;IRRF - PMVR;
591685;;;;;30910;370.92;IRRF - FORNECIMENTO DE BENS;
591686;;;;;;;;
591687;;;;;;;;
591688;;;;;;;;
591689;;;;;;;;
591691;;;;;1320;15.84;HSJB - IRRF RETIDO EM N.F;
591692;;;;;;;;
591693;;;;;1320;15.84;HSJB - IRRF RETIDO EM N.F;
591694;;;;;2093.8;25.13;IRRF - GESTAO PLENA - SUS;
591694;;;;;2093.8;104.69;ISS - GESTAO PLENA;
591696;;;;;1320;15.84;HSJB - IRRF RETIDO EM N.F;
591697;;;;;;;;
591698;;;;;;;;
591699;;;;;;;;
591700;;;;;1320;15.84;HSJB - IRRF RETIDO EM N.F;
591703;;;;;;;;
591704;;;;;;;;
591705;;;;;;;;
591706;;;;;7820;117.3;IRRF - GESTAO PLENA - SUS;
591706;;;;;7820;391;ISS - GESTAO PLENA;
591707;;;;;;;;
591708;;;;;472609.4;28615.51;RETENC. ISS EM LIQUIDAÇÃO;
591708;;;;;472609.4;22033.94;INSS - PREST. SERV. PROPRIO;
591708;;;;;472609.4;27470.89;IRRF SOBRE O TRABALHO PRINCIPAL - PJ;
591709;;;;;;;;
591710;;;;;;;;
591711;;;;;;;;
591712;;;;;;;;
591713;;;;;;;;
591714;;;;;8520;348.15;ISS - GESTAO PLENA;
591715;;;;;;;;
591716;;;;;;;;
591718;;;;;;;;
591719;;;;;;;;
591720;;;;;10890;198.74;ISS - GESTAO PLENA;
591722;;;;;2659.74;53.19;ISS - PMVR;
591724;;;;;;;;
591726;;;;;;;;
591727;;;;;;;;
591728;;;;;;;;
591729;;;;;2870;34.44;IRRF - GESTAO PLENA - SUS;
591729;;;;;2870;143.5;ISS - GESTAO PLENA;
591730;;;;;2520;30.24;IRRF - GESTAO PLENA - SUS;
591730;;;;;2520;126;ISS - GESTAO PLENA;
591731;;;;;;;;
591732;;;;;;;;
591733;;;;;2800;126.6;ISS - PMVR;
591735;;;;;;;;
591736;;;;;6390;178.92;ISS - GESTAO PLENA;
591737;;;;;3650;73;ISS - PMVR;
591738;;;;;;;;
591739;;;;;1310;65.5;ISS - PMVR;
591741;;;;;9800;117.6;IRRF - GESTAO PLENA - SUS;
591741;;;;;9800;490;ISS - GESTAO PLENA;
591758;;;;;;;;
591759;;;;;;;;
591760;;;;;;;;
591761;;;;;49376.21;49376.21;HSJB - IRRF RETIDO EM N.F;
591762;;;;;;;;
591764;;;;;;;;
591766;;;;;;;;
591767;;;;;;;;
591768;;;;;;;;
591769;;;;;8460;108.72;IRRF - GESTAO PLENA - SUS;
591769;;;;;8460;181.2;ISS - GESTAO PLENA;
591770;;;;;;;;
591771;;;;;1157.1;17.36;IRRF - GESTAO PLENA - SUS;
591771;;;;;1157.1;57.86;ISS - GESTAO PLENA;
591772;;;;;;;;
591773;;;;;2273.63;27.29;HSJB - IRRF RETIDO EM N.F;
591774;;;;;2273.63;27.29;HSJB - IRRF RETIDO EM N.F;
591775;;;;;2922.63;35.08;HSJB - IRRF RETIDO EM N.F;
591776;;;;;3721.63;44.67;HSJB - IRRF RETIDO EM N.F;
591777;;;;;16155.93;242.34;IRRF - GESTAO PLENA - SUS;
591777;;;;;16155.93;807.8;ISS - GESTAO PLENA;
591778;;;;;2123.63;25.49;HSJB - IRRF RETIDO EM N.F;
591779;;;;;2123.63;25.49;HSJB - IRRF RETIDO EM N.F;
591780;;;;;;;;
591781;;;;;1873.63;22.49;HSJB - IRRF RETIDO EM N.F;
591782;;;;;1224.63;14.7;HSJB - IRRF RETIDO EM N.F;
591786;;;;;;;;
591793;;;;;;;;
591794;;;;;;;;
591797;;;;;1727.62;81.37;ISS - PMVR;
591798;;;;;;;;
591802;;;;;;;;
591803;;;;;;;;
591804;;;;;9159.8;457.99;ISS - PMVR;
591804;;;;;9159.8;439.67;IRRF - PRESTADOR DE SERVIÇOS;
591805;;;;;17012.6;366.84;IRRF - GESTAO PLENA - SUS;
591805;;;;;17012.6;489.12;ISS - GESTAO PLENA;
591806;;;;;;;;
591807;;;;;;;;
591808;;;;;;;;
591809;;;;;;;;
591810;;;;;;;;
591811;;;;;;;;
591815;;;;;726.75;8.72;HSJB - IRRF RETIDO EM N.F;
591828;;;;;;;;
591830;;;;;;;;
591831;;;;;;;;
591836;;;;;;;;
591837;;;;;;;;
591838;;;;;;;;
591840;;;;;;;;
591841;;;;;;;;
591843;;;;;;;;
591844;;;;;;;;
591845;;;;;;;;
591847;;;;;7790;93.5;HSJB - IRRF RETIDO EM N.F;
591848;;;;;;;;
591852;;;;;61.1;3.06;RETENCAO RELATIVA AO ISS  ROYALTES PETRO;
591854;;;;;1034;51.7;RETENCAO RELATIVA AO ISS  ROYALTES PETRO;
591859;;;;;4572.16;228.61;RETENCAO RELATIVA AO ISS  ROYALTES PETRO;
591862;;;;;3948;197.4;RETENCAO RELATIVA AO ISS  ROYALTES PETRO;
591864;;;;;61.1;3.06;RETENCAO RELATIVA AO ISS  ROYALTES PETRO;
591865;;;;;143913.48;7195.67;ISS - PMVR;
591865;;;;;143913.48;1726.96;IRRF - PRESTADOR DE SERVIÇOS;
591865;;;;;143913.48;5540.66;INSS PRESTADORES DE SERVIÇO PJ;
591871;;;;;109140.02;1309.68;IRRF - FORNECIMENTO DE BENS;
591872;;;;;;;;
591874;;;;;660;7.92;HSJB - IRRF RETIDO EM N.F;
591876;;;;;660;7.92;HSJB - IRRF RETIDO EM N.F;
591877;;;;;180;2.16;HSJB - IRRF RETIDO EM N.F;
591878;;;;;180;2.16;HSJB - IRRF RETIDO EM N.F;
591880;;;;;;;;
591883;;;;;3050;82.96;INSS - PESSOA JURIDICA;
591885;;;;;;;;
591887;;;;;;;;
591891;;;;;;;;
591894;;;;;;;;
591895;;;;;;;;
591897;;;;;;;;
591898;;;;;;;;
591899;;;;;;;;
591900;;;;;4501.25;1038.75;IRRF - GESTAO PLENA - SUS;
591900;;;;;4501.25;3462.5;ISS - GESTAO PLENA;
591901;;;;;80;0.96;IR/PIS/COFINS/CSLL RETIDO N.F;
591902;;;;;;;;
591903;;;;;22.5;0.27;IR/PIS/COFINS/CSLL RETIDO N.F;
591904;;;;;5815.5;69.79;HSJB - IRRF RETIDO EM N.F;
591905;;;;;1748.2;20.98;IR/PIS/COFINS/CSLL RETIDO N.F;
591906;;;;;2123.63;25.49;HSJB - IRRF RETIDO EM N.F;
591908;;;;;1891.8;22.7;IR/PIS/COFINS/CSLL RETIDO N.F;
591909;;;;;2922.63;35.08;HSJB - IRRF RETIDO EM N.F;
591910;;;;;;;;
591912;;;;;929.1;11.15;HSJB - IRRF RETIDO EM N.F;
591914;;;;;3515.1;40.52;HSJB - IRRF RETIDO EM N.F;
591916;;;;;116119.6;26796.83;IRRF - GESTAO PLENA - SUS;
591916;;;;;116119.6;89322.77;ISS - GESTAO PLENA;
591917;;;;;2273.63;27.29;HSJB - IRRF RETIDO EM N.F;
591918;;;;;;;;
591919;;;;;2922.63;35.08;HSJB - IRRF RETIDO EM N.F;
591920;;;;;;;;
591921;;;;;10836.29;2500.68;IRRF - GESTAO PLENA - SUS;
591921;;;;;10836.29;8335.61;ISS - GESTAO PLENA;
591922;;;;;;;;
591923;;;;;;;;
591924;;;;;;;;
591925;;;;;4572.75;1055.25;IRRF - GESTAO PLENA - SUS;
591925;;;;;4572.75;3517.5;ISS - GESTAO PLENA;
591926;;;;;;;;
591927;;;;;5160.58;1190.9;IRRF - GESTAO PLENA - SUS;
591927;;;;;5160.58;3969.68;ISS - GESTAO PLENA;
591928;;;;;;;;
591929;;;;;44928.25;10368.06;IRRF - GESTAO PLENA - SUS;
591929;;;;;44928.25;34560.19;ISS - GESTAO PLENA;
591946;;;;;;;;
591947;;;;;;;;
591948;;;;;11666.48;7777.65;ISS - GOV ESTADO  F 193;
591948;;;;;11666.48;3888.83;IRRF - GOV ESTADO - F 193;
591949;;;;;;;;
591950;;;;;3957.76;2638.51;ISS - GOV ESTADO  F 193;
591950;;;;;3957.76;1319.25;IRRF - GOV ESTADO - F 193;
591951;;;;;;;;
591952;;;;;;;;
591953;;;;;2800;126.5;ISS - PMVR;
591954;;;;;2914.84;1943.23;ISS - GOV ESTADO  F 193;
591954;;;;;2914.84;971.61;IRRF - GOV ESTADO - F 193;
591955;;;;;9297.35;238.98;RETENC. ISS EM LIQUIDAÇÃO;
591956;;;;;2107;42.14;ISS - PMVR;
591956;;;;;2107;25.28;HSJB - IRRF RETIDO EM N.F;
591957;;;;;;;;
591958;;;;;2800;126.5;ISS - PMVR;
591961;;;;;;;;
591962;;;;;;;;
591963;;;;;;;;
591964;;;;;912.47;260.71;IRRF - GESTAO PLENA - SUS;
591964;;;;;912.47;651.76;ISS - GESTAO PLENA;
591965;;;;;6036.88;120.74;RETENC. ISS EM LIQUIDAÇÃO;
591966;;;;;;;;
591967;;;;;2304.31;658.37;IRRF - GESTAO PLENA - SUS;
591967;;;;;2304.31;1645.94;ISS - GESTAO PLENA;
591968;;;;;193.67;2.33;IRRF SOBRE O TRABALHO PRINCIPAL - PJ;
591969;;;;;96244.44;2215.63;IRRF SOBRE O TRABALHO PRINCIPAL - PJ;
591970;;;;;48438.53;581.26;IRRF SOBRE O TRABALHO PRINCIPAL - PJ;
591971;;;;;;;;
591972;;;;;;;;
591973;;;;;;;;
591974;;;;;;;;
591975;;;;;;;;
591978;;;;;;;;
591979;;;;;;;;
591981;;;;;2172;26.07;HSJB - IRRF RETIDO EM N.F;
591982;;;;;4638.72;211.53;ISS - PMVR;
591983;;;;;19500;234;HSJB - IRRF RETIDO EM N.F;
591986;;;;;97;1.16;HSJB - IRRF RETIDO EM N.F;
591990;;;;;4200;50.4;IRRF - FORNECIMENTO DE BENS;
591998;;;;;4571.56;365.83;IRRF - GOV ESTADO - F 193;
591999;;;;;17856.27;892.81;ISS - FME;
592001;;;;;10206;122.47;HSJB - IRRF RETIDO EM N.F;
592002;;;;;7425.01;7425.01;INSTITUTO NACIONAL DO SEGURO SOCIAL;
592003;;;;;6099.29;6099.29;ISS - GESTAO PLENA;
592005;;;;;;;;
592009;;;;;49500;594;HSJB - IRRF RETIDO EM N.F;
592010;;;;;2250.63;108.03;IRRF - PRESTADOR DE SERVIÇOS;
592011;;;;;3268.65;156.9;IRRF - PRESTADOR DE SERVIÇOS;
592013;;;;;;;;
592015;;;;;;;;
592017;;;;;13000;2983.03;IRRF - PMVR;
592018;;;;;14079;168.95;HSJB - IRRF RETIDO EM N.F;
592019;;;;;;;;
592020;;;;;;;;
592021;;;;;41987.02;503.84;HSJB - IRRF RETIDO EM N.F;
592022;;;;;;;;
592023;;;;;451.3;5.42;HSJB - IRRF RETIDO EM N.F;
592024;;;;;490;5.88;HSJB - IRRF RETIDO EM N.F;
592025;;;;;4107.11;261.32;IRRF - GOV ESTADO - F 193;
592026;;;;;;;;
592027;;;;;4199.4;282.09;IRRF - GOV ESTADO - F 193;
592029;;;;;;;;
592031;;;;;;;;
592032;;;;;;;;
592033;;;;;;;;
592036;;;;;;;;
592048;;;;;;;;
592049;;;;;;;;
592050;;;;;;;;
592051;;;;;;;;
592052;;;;;;;;
592053;;;;;;;;
592057;;;;;;;;
592061;;;;;;;;
592062;;;;;;;;
592063;;;;;;;;
592064;;;;;;;;
592065;;;;;;;;
592066;;;;;1005.45;12.07;HSJB - IRRF RETIDO EM N.F;
592070;;;;;;;;
592073;;;;;;;;
592075;;;;;8095.31;8095.31;IRRF - PMVR;
592077;;;;;6634.79;6634.79;INSTITUTO NACIONAL DO SEGURO SOCIAL;
592082;;;;;;;;
592083;;;;;1128.8;13.55;HSJB - IRRF RETIDO EM N.F;
592084;;;;;;;;
592085;;;;;92669.3;302.55;IRRF SOBRE O TRABALHO PRINCIPAL - PJ;
592086;;;;;725;8.7;HSJB - IRRF RETIDO EM N.F;
592092;;;;;;;;
592094;;;;;;;;
592098;;;;;1395.6;16.75;HSJB - IRRF RETIDO EM N.F;
592099;;;;;;;;
592100;;;;;;;;
592101;;;;;;;;
592103;;;;;;;;
592104;;;;;;;;
592105;;;;;;;;
592106;;;;;995.5;11.94;HSJB - IRRF RETIDO EM N.F;
592107;;;;;68;0.82;HSJB - IRRF RETIDO EM N.F;
592108;;;;;475;5.7;HSJB - IRRF RETIDO EM N.F;
592109;;;;;100977;1211.72;HSJB - IRRF RETIDO EM N.F;
592110;;;;;;;;
592111;;;;;4410;52.92;HSJB - IRRF RETIDO EM N.F;
592112;;;;;70400;2816;ISS - FME;
592114;;;;;;;;
592115;;;;;;;;
592116;;;;;1619.93;1619.93;IRRF - GESTAO PLENA - SUS;
592117;;;;;;;;
592118;;;;;972.21;972.21;IRRF - GESTAO PLENA - SUS;
592119;;;;;;;;
592120;;;;;10260;123.12;HSJB - IRRF RETIDO EM N.F;
592122;;;;;12346.7;148.16;HSJB - IRRF RETIDO EM N.F;
592126;;;;;;;;
592128;;;;;;;;
592134;;;;;20700;248.4;HSJB - IRRF RETIDO EM N.F;
592140;;;;;;;;
592141;;;;;;;;
592143;;;;;;;;
592144;;;;;;;;
592146;;;;;;;;
592148;;;;;;;;
592150;;;;;;;;
592151;;;;;;;;
592152;;;;;;;;
592153;;;;;;;;
592154;;;;;1624.56;19.49;HSJB - IRRF RETIDO EM N.F;
592155;;;;;;;;
592166;;;;;;;;
592168;;;;;;;;
592169;;;;;;;;
592170;;;;;2208.77;427.49;IRRF - GESTAO PLENA - SUS;
592170;;;;;2208.77;1781.28;ISS - GESTAO PLENA;
592171;;;;;;;;
592172;;;;;;;;
592173;;;;;;;;
592174;;;;;;;;
592176;;;;;;;;
592177;;;;;;;;
592179;;;;;;;;
592180;;;;;;;;
592184;;;;;;;;
592185;;;;;;;;
592186;;;;;;;;
592187;;;;;;;;
592188;;;;;;;;
592189;;;;;;;;
592190;;;;;;;;
592191;;;;;;;;
592193;;;;;;;;
592194;;;;;;;;
592195;;;;;;;;
592196;;;;;;;;
592197;;;;;;;;
592198;;;;;;;;
592199;;;;;;;;
592203;;;;;4400;52.8;HSJB - IRRF RETIDO EM N.F;
592204;;;;;;;;
592205;;;;;;;;
592206;;;;;;;;
592207;;;;;;;;
592208;;;;;208.8;2.51;HSJB - IRRF RETIDO EM N.F;
592209;;;;;;;;
592210;;;;;;;;
592211;;;;;;;;
592212;;;;;;;;
592213;;;;;;;;
592214;;;;;;;;
592215;;;;;;;;
592216;;;;;;;;
592217;;;;;7680.75;307.23;ISS - PMVR;
592217;;;;;7680.75;368.68;IRRF - PRESTADOR DE SERVIÇOS;
592221;;;;;24000;288;HSJB - IRRF RETIDO EM N.F;
592223;;;;;;;;
592225;;;;;;;;
592227;;;;;2719.54;627.59;IRRF - GESTAO PLENA - SUS;
592227;;;;;2719.54;2091.95;ISS - GESTAO PLENA;
592229;;;;;22.5;0.27;IR/PIS/COFINS/CSLL RETIDO N.F;
592230;;;;;2274.3;109.17;IRRF SOBRE O TRABALHO PRINCIPAL - PJ;
592231;;;;;;;;
592235;;;;;;;;
592236;;;;;;;;
592237;;;;;;;;
592238;;;;;5833;69.99;HSJB - IRRF RETIDO EM N.F;
592239;;;;;122306.82;3669.2;ISS - PMVR;
592239;;;;;122306.82;5870.73;IRRF - PRESTADOR DE SERVIÇOS;
592239;;;;;122306.82;2018.06;INSS PRESTADORES DE SERVIÇO PJ;
592240;;;;;;;;
592241;;;;;;;;
592242;;;;;663.82;33.19;ISS - PMVR;
592242;;;;;663.82;31.86;IRRF - PRESTADOR DE SERVIÇOS;
592243;;;;;;;;
592244;;;;;2051;24.61;IR/PIS/COFINS/CSLL RETIDO N.F;
592245;;;;;27000;623.7;ISS - PMVR;
592246;;;;;;;;
592247;;;;;;;;
592248;;;;;663.82;33.19;ISS - PMVR;
592248;;;;;663.82;31.86;IRRF - PRESTADOR DE SERVIÇOS;
592249;;;;;;;;
592250;;;;;;;;
592251;;;;;;;;
592252;;;;;34055.95;408.67;HSJB - IRRF RETIDO EM N.F;
592253;;;;;98718.2;2961.55;ISS - PMVR;
592253;;;;;98718.2;4738.47;IRRF - PRESTADOR DE SERVIÇOS;
592253;;;;;14807.73;1628.85;INSS PRESTADORES DE SERVIÇO PJ;
592254;;;;;;;;
592256;;;;;9076;108.91;IR/PIS/COFINS/CSLL RETIDO N.F;
592257;;;;;;;;
592258;;;;;;;;
592259;;;;;44.06;10.17;IRRF - GESTAO PLENA - SUS;
592259;;;;;44.06;33.89;ISS - GESTAO PLENA;
592260;;;;;;;;
592261;;;;;;;;
592262;;;;;;;;
592263;;;;;106.57;24.59;IRRF - GESTAO PLENA - SUS;
592263;;;;;106.57;81.98;ISS - GESTAO PLENA;
592264;;;;;;;;
592265;;;;;;;;
592266;;;;;191.52;44.2;IRRF - GESTAO PLENA - SUS;
592266;;;;;191.52;147.32;ISS - GESTAO PLENA;
592268;;;;;934.16;11.21;HSJB - IRRF RETIDO EM N.F;
592269;;;;;13.9;3.21;IRRF - GESTAO PLENA - SUS;
592269;;;;;13.9;10.69;ISS - GESTAO PLENA;
592270;;;;;;;;
592271;;;;;15921.27;3674.14;IRRF - GESTAO PLENA - SUS;
592271;;;;;15921.27;12247.13;ISS - GESTAO PLENA;
592273;;;;;;;;
592274;;;;;;;;
592275;;;;;;;;
592276;;;;;;;;
592277;;;;;;;;
592278;;;;;;;;
592279;;;;;;;;
592280;;;;;15884.8;190.62;HSJB - IRRF RETIDO EM N.F;
592281;;;;;;;;
592282;;;;;;;;
592283;;;;;;;;
592284;;;;;;;;
592285;;;;;279.3;119.7;IRRF - GESTAO PLENA - SUS;
592285;;;;;279.3;159.6;ISS - GESTAO PLENA;
592286;;;;;;;;
592287;;;;;;;;
592288;;;;;990;49.5;ISS - PMVR;
592289;;;;;;;;
592290;;;;;;;;
592291;;;;;461.7;5.54;HSJB - IRRF RETIDO EM N.F;
592292;;;;;;;;
592293;;;;;;;;
592294;;;;;;;;
592295;;;;;69279.36;2078.38;RETENC. ISS EM LIQUIDAÇÃO;
592295;;;;;69279.36;2667.26;INSS - PREST. SERV. PROPRIO;
592295;;;;;69279.36;831.35;IRRF SOBRE O TRABALHO PRINCIPAL - PJ;
592296;;;;;;;;
592303;;;;;1387.25;16.65;HSJB - IRRF RETIDO EM N.F;
592304;;;;;;;;
592307;;;;;;;;
592308;;;;;;;;
592311;;;;;1407.43;16.89;IRRF SOBRE O TRABALHO PRINCIPAL - PJ;
592312;;;;;;;;
592315;;;;;;;;
592317;;;;;;;;
592319;;;;;;;;
592321;;;;;1125.95;13.51;IRRF SOBRE O TRABALHO PRINCIPAL - PJ;
592324;;;;;;;;
592325;;;;;1125.95;13.51;IRRF SOBRE O TRABALHO PRINCIPAL - PJ;
592326;;;;;;;;
592327;;;;;;;;
592328;;;;;;;;
592329;;;;;703.7;8.44;IRRF SOBRE O TRABALHO PRINCIPAL - PJ;
592330;;;;;13927.68;3214.08;IRRF - GESTAO PLENA - SUS;
592330;;;;;13927.68;10713.6;ISS - GESTAO PLENA;
592331;;;;;703.7;8.44;IRRF SOBRE O TRABALHO PRINCIPAL - PJ;
592332;;;;;;;;
592333;;;;;1125.95;13.51;IRRF SOBRE O TRABALHO PRINCIPAL - PJ;
592334;;;;;;;;
592335;;;;;;;;
592336;;;;;;;;
592337;;;;;1407.43;16.89;IRRF SOBRE O TRABALHO PRINCIPAL - PJ;
592338;;;;;;;;
592339;;;;;;;;
592340;;;;;;;;
592341;;;;;;;;
592342;;;;;703.7;8.44;IRRF SOBRE O TRABALHO PRINCIPAL - PJ;
592343;;;;;233.54;2.8;HSJB - IRRF RETIDO EM N.F;
592344;;;;;;;;
592345;;;;;;;;
592347;;;;;703.7;8.44;IRRF SOBRE O TRABALHO PRINCIPAL - PJ;
592348;;;;;;;;
592349;;;;;1125.95;13.51;IRRF SOBRE O TRABALHO PRINCIPAL - PJ;
592350;;;;;;;;
592352;;;;;;;;
592353;;;;;1407.43;16.89;IRRF SOBRE O TRABALHO PRINCIPAL - PJ;
592354;;;;;;;;
592355;;;;;;;;
592356;;;;;1125.95;13.51;IRRF SOBRE O TRABALHO PRINCIPAL - PJ;
592357;;;;;;;;
592358;;;;;;;;
592359;;;;;;;;
592360;;;;;;;;
592361;;;;;;;;
592362;;;;;;;;
592363;;;;;;;;
592364;;;;;809.94;809.94;ISS - GESTAO PLENA;
592365;;;;;;;;
592366;;;;;;;;
592367;;;;;2132.17;412.68;IRRF - GESTAO PLENA - SUS;
592367;;;;;2132.17;1719.49;ISS - GESTAO PLENA;
592373;;;;;;;;
592374;;;;;;;;
592375;;;;;;;;
592378;;;;;274.77;274.77;ISS - GESTAO PLENA;
592385;;;;;;;;
592396;;;;;;;;
592397;;;;;;;;
592408;;;;;14250;171;HSJB - IRRF RETIDO EM N.F;
592411;;;;;149.74;149.74;ISS - GESTAO PLENA;
592412;;;;;99700;4785.6;IRRF RETIDO EM N.F.;
592415;;;;;39300;1886.4;IRRF RETIDO EM N.F.;
592418;;;;;465456.47;9959.42;ISS - PMVR;
592418;;;;;465456.47;23902.6;IRRF - PRESTADOR DE SERVIÇOS;
592421;;;;;62.7;0.75;HSJB - IRRF RETIDO EM N.F;
592423;;;;;;;;
592425;;;;;;;;
592426;;;;;;;;
592427;;;;;;;;
592429;;;;;200.65;46.3;IRRF - GESTAO PLENA - SUS;
592429;;;;;200.65;154.35;ISS - GESTAO PLENA;
592437;;;;;62.7;0.75;HSJB - IRRF RETIDO EM N.F;
592444;;;;;5100;255;ISS - PMVR;
592444;;;;;5100;61.2;HSJB - IRRF RETIDO EM N.F;
592447;;;;;195.3;195.3;ISS - GESTAO PLENA;
592449;;;;;;;;
592450;;;;;;;;
592456;;;;;363;4.36;HSJB - IRRF RETIDO EM N.F;
592463;;;;;13509.87;324.24;IRRF - PRESTADOR DE SERVIÇOS;
592480;;;;;;;;
592481;;;;;70433.99;845.21;HSJB - IRRF RETIDO EM N.F;
592482;;;;;;;;
592487;;;;;;;;
592488;;;;;;;;
592491;;;;;;;;
592492;;;;;10163.53;121.96;IRRF SOBRE O TRABALHO PRINCIPAL - PJ;
592494;;;;;;;;
592496;;;;;5352.1;267.6;RETENC. ISS EM LIQUIDAÇÃO;
592500;;;;;71.6;3.58;RETENC. ISS EM LIQUIDAÇÃO;
592501;;;;;196.9;9.84;RETENC. ISS EM LIQUIDAÇÃO;
592502;;;;;3275.7;163.78;RETENC. ISS EM LIQUIDAÇÃO;
592503;;;;;119.4;5.97;RETENC. ISS EM LIQUIDAÇÃO;
592504;;;;;378.1;18.9;RETENC. ISS EM LIQUIDAÇÃO;
592505;;;;;;;;
592506;;;;;;;;
592507;;;;;;;;
592508;;;;;;;;
592509;;;;;25640.6;25640.6;ISS - GESTAO PLENA;
592510;;;;;;;;
592511;;;;;1127.1;260.1;IRRF - GESTAO PLENA - SUS;
592511;;;;;1127.1;867;ISS - GESTAO PLENA;
592512;;;;;;;;
592513;;;;;43654.83;10074.19;IRRF - GESTAO PLENA - SUS;
592513;;;;;43654.83;33580.64;ISS - GESTAO PLENA;
592514;;;;;137.6;1.65;HSJB - IRRF RETIDO EM N.F;
592516;;;;;6153.75;6153.75;IRRF - GESTAO PLENA - SUS;
592517;;;;;435;5.22;HSJB - IRRF RETIDO EM N.F;
592518;;;;;;;;
592519;;;;;;;;
592520;;;;;16339;196.07;HSJB - IRRF RETIDO EM N.F;
592521;;;;;;;;
592522;;;;;;;;
592523;;;;;2590.74;597.86;IRRF - GESTAO PLENA - SUS;
592523;;;;;2590.74;1992.88;ISS - GESTAO PLENA;
592528;;;;;;;;
592533;;;;;;;;
592535;;;;;;;;
592537;;;;;;;;
592540;;;;;;;;
592542;;;;;;;;
592544;;;;;;;;
592545;;;;;;;;
592547;;;;;20400;867;RETENC. ISS EM LIQUIDAÇÃO;
592548;;;;;;;;
592549;;;;;1475.61;553.35;IRRF - GESTAO PLENA - SUS;
592549;;;;;1475.61;922.26;ISS - GESTAO PLENA;
592550;;;;;;;;
592551;;;;;36400;1820;RETENC. ISS EM LIQUIDAÇÃO;
592551;;;;;36400;1747.2;IRRF SOBRE O TRABALHO PRINCIPAL - PJ;
592552;;;;;;;;
592554;;;;;;;;
592556;;;;;;;;
592557;;;;;;;;
592559;;;;;;;;
592561;;;;;;;;
592562;;;;;;;;
592563;;;;;;;;
592564;;;;;;;;
592565;;;;;;;;
592566;;;;;114816;5740;RETENC. ISS EM LIQUIDAÇÃO;
592567;;;;;;;;
592568;;;;;;;;
592570;;;;;61440;3072;RETENC. ISS EM LIQUIDAÇÃO;
592570;;;;;61440;2949.12;IRRF SOBRE O TRABALHO PRINCIPAL - PJ;
592571;;;;;;;;
592572;;;;;;;;
592574;;;;;23239.55;1161.98;RETENC. ISS EM LIQUIDAÇÃO;
592576;;;;;;;;
592577;;;;;;;;
592579;;;;;;;;
592580;;;;;682.75;157.55;IRRF - GESTAO PLENA - SUS;
592580;;;;;682.75;525.2;ISS - GESTAO PLENA;
592581;;;;;26600;952.69;RETENC. ISS EM LIQUIDAÇÃO;
592582;;;;;;;;
592583;;;;;;;;
592584;;;;;2340;28.08;HSJB - IRRF RETIDO EM N.F;
592589;;;;;;;;
592591;;;;;167.09;167.09;ISS - GESTAO PLENA;
592593;;;;;;;;
592594;;;;;;;;
592596;;;;;;;;
592600;;;;;;;;
592601;;;;;;;;
592602;;;;;;;;
592604;;;;;5115;61.38;HSJB - IRRF RETIDO EM N.F;
592605;;;;;;;;
592606;;;;;;;;
592607;;;;;;;;
592608;;;;;11719.56;585.98;RETENC. ISS EM LIQUIDAÇÃO;
592609;;;;;;;;
592611;;;;;;;;
592612;;;;;;;;
592614;;;;;;;;
592615;;;;;;;;
592617;;;;;;;;
592618;;;;;;;;
592619;;;;;;;;
592620;;;;;;;;
592621;;;;;;;;
592622;;;;;;;;
592623;;;;;;;;
592624;;;;;;;;
592625;;;;;;;;
592626;;;;;;;;
592628;;;;;;;;
592630;;;;;2762.09;34.25;IR/PIS/COFINS/CSLL RETIDO N.F;
592631;;;;;29316;647.88;ISS - PMVR;
592634;;;;;;;;
592636;;;;;3581.68;3581.68;INSTITUTO NACIONAL DO SEGURO SOCIAL;
592637;;;;;3256.07;3256.07;ISS - PMVR;
592638;;;;;289.12;289.12;OUTRAS RESTITUICOES - F 200 - FMS;
592639;;;;;;;;
592641;;;;;;;;
592645;;;;;;;;
592654;;;;;;;;
592655;;;;;;;;
592659;;;;;31490;377.88;IRRF - FORNECIMENTO DE BENS;
592660;;;;;114026;1368.31;IRRF - FORNECIMENTO DE BENS;
592672;;;;;;;;
592679;;;;;;;;
592683;;;;;;;;
592685;;;;;2231.48;26.78;IRRF - FORNECIMENTO DE BENS;
592687;;;;;26791;309.19;IRRF - FORNECIMENTO DE BENS;
592694;;;;;;;;
592695;;;;;2546208.41;11968.99;IRRF - PRESTADOR DE SERVIÇOS;
592695;;;;;2546208.41;27243.53;IRRF - FORNECIMENTO DE BENS;
592696;;;;;;;;
592697;;;;;130;1.56;HSJB - IRRF RETIDO EM N.F;
592701;;;;;;;;
592703;;;;;;;;
592704;;;;;124705.6;1829.88;IRRF - PRESTADOR DE SERVIÇOS;
592704;;;;;124705.6;1809.51;IRRF - FORNECIMENTO DE BENS;
592707;;;;;;;;
592709;;;;;;;;
592710;;;;;;;;
592712;;;;;8018.67;96.22;IRRF - FORNECIMENTO DE BENS;
592713;;;;;;;;
592714;;;;;;;;
592715;;;;;;;;
592716;;;;;;;;
592717;;;;;;;;
592718;;;;;;;;
592719;;;;;;;;
592721;;;;;3859.04;1102.58;IRRF - GESTAO PLENA - SUS;
592721;;;;;3859.04;2756.46;ISS - GESTAO PLENA;
592722;;;;;;;;
592725;;;;;;;;
592726;;;;;;;;
592729;;;;;;;;
592731;;;;;;;;
592732;;;;;1339.2;1339.2;IRRF - GESTAO PLENA - SUS;
592733;;;;;;;;
592734;;;;;2267.68;1744.37;ISS - GOV ESTADO  F 193;
592734;;;;;2267.68;523.31;IRRF - GOV ESTADO - F 193;
592735;;;;;;;;
592736;;;;;;;;
592737;;;;;;;;
592738;;;;;;;;
592739;;;;;;;;
592740;;;;;;;;
592741;;;;;;;;
592742;;;;;;;;
592743;;;;;;;;
592744;;;;;998;12.94;IR/PIS/COFINS/CSLL RETIDO N.F;
592745;;;;;;;;
592746;;;;;;;;
592747;;;;;;;;
592748;;;;;2794.4;35.57;IR/PIS/COFINS/CSLL RETIDO N.F;
592749;;;;;;;;
592750;;;;;;;;
592752;;;;;;;;
592753;;;;;;;;
592754;;;;;;;;
592756;;;;;;;;
592758;;;;;6000;72;HSJB - IRRF RETIDO EM N.F;
592759;;;;;;;;
592763;;;;;;;;
592764;;;;;;;;
592767;;;;;697.5;8.37;HSJB - IRRF RETIDO EM N.F;
592768;;;;;;;;
592769;;;;;;;;
592772;;;;;;;;
592777;;;;;;;;
592778;;;;;;;;
592780;;;;;;;;
592781;;;;;3739.2;44.87;HSJB - IRRF RETIDO EM N.F;
592782;;;;;;;;
592784;;;;;3520;42.24;HSJB - IRRF RETIDO EM N.F;
592786;;;;;;;;
592787;;;;;2760;33.12;HSJB - IRRF RETIDO EM N.F;
592795;;;;;;;;
592796;;;;;;;;
592797;;;;;6975.1;83.7;IRRF SOBRE O TRABALHO PRINCIPAL - PJ;
592798;;;;;;;;
592799;;;;;101814.94;5090.75;RETENC. ISS EM LIQUIDAÇÃO;
592799;;;;;101814.94;4887.11;IRRF SOBRE O TRABALHO PRINCIPAL - PJ;
592800;;;;;;;;
592801;;;;;178789.08;9162.12;RETENC. ISS EM LIQUIDAÇÃO;
592802;;;;;;;;
592803;;;;;;;;
592804;;;;;;;;
592805;;;;;;;;
592806;;;;;;;;
592807;;;;;;;;
592808;;;;;3200;12.3;IRRF - TRABALHO PRINCIPAL PF PMVR;
592809;;;;;;;;
592810;;;;;;;;
592811;;;;;;;;
592812;;;;;;;;
592813;;;;;;;;
592814;;;;;18722.05;4072.86;IRRF - TRABALHO PRINCIPAL PF PMVR;
592815;;;;;;;;
592816;;;;;;;;
592817;;;;;12000;2248.67;IRRF - TRABALHO PRINCIPAL PF PMVR;
592818;;;;;;;;
592819;;;;;;;;
592820;;;;;13149.54;631.17;IRRF SOBRE O TRABALHO PRINCIPAL - PJ;
592821;;;;;;;;
592822;;;;;;;;
592823;;;;;;;;
592824;;;;;;;;
592826;;;;;;;;
592827;;;;;;;;
592829;;;;;8698.33;417.51;IRRF SOBRE O TRABALHO PRINCIPAL - PJ;
592830;;;;;;;;
592831;;;;;;;;
592832;;;;;;;;
592843;;;;;;;;
592844;;;;;;;;
592851;;;;;;;;
592852;;;;;2922.63;35.08;HSJB - IRRF RETIDO EM N.F;
592853;;;;;2273.63;27.29;HSJB - IRRF RETIDO EM N.F;
592854;;;;;3924.66;47.67;IRRF SOBRE O TRABALHO PRINCIPAL - PJ;
592855;;;;;2273.63;27.29;HSJB - IRRF RETIDO EM N.F;
592856;;;;;;;;
592857;;;;;679021.32;8148.25;IRRF SOBRE O TRABALHO PRINCIPAL - PJ;
592860;;;;;171114.11;2056.57;IRRF SOBRE O TRABALHO PRINCIPAL - PJ;
592861;;;;;15883.68;190.6;IRRF SOBRE O TRABALHO PRINCIPAL - PJ;
592865;;;;;;;;
592867;;;;;;;;
592868;;;;;;;;
592872;;;;;;;;
592891;;;;;;;;
592892;;;;;;;;
592893;;;;;15216;182.59;IRRF - FORNECIMENTO DE BENS;
592894;;;;;15216;182.59;IRRF - FORNECIMENTO DE BENS;
592895;;;;;8089.66;8089.66;INSTITUTO NACIONAL DO SEGURO SOCIAL;
592896;;;;;;;;
592898;;;;;5765.73;2941.7;IRRF - PMVR;
592898;;;;;5765.73;2824.03;ISS - PMVR;
592900;;;;;;;;
592902;;;;;;;;
592903;;;;;1249;14.99;HSJB - IRRF RETIDO EM N.F;
592904;;;;;;;;
592905;;;;;;;;
592906;;;;;;;;
592907;;;;;;;;
592908;;;;;;;;
592909;;;;;;;;
592910;;;;;73042.5;7566.76;INSS - PESSOAL PROPRIO;
592910;;;;;73042.5;17874.64;IRRF SOBRE O TRABALHO PRINCIPAL - PJ;
592911;;;;;;;;
592913;;;;;4401.25;4401.25;IRRF - GESTAO PLENA - SUS;
592914;;;;;992;11.9;HSJB - IRRF RETIDO EM N.F;
592915;;;;;;;;
592916;;;;;1073;12.88;HSJB - IRRF RETIDO EM N.F;
592919;;;;;;;;
592920;;;;;;;;
592922;;;;;;;;
592924;;;;;;;;
592925;;;;;;;;
592927;;;;;;;;
592928;;;;;;;;
592929;;;;;;;;
592931;;;;;;;;
592935;;;;;;;;
592937;;;;;2833.33;56.95;ISS - PMVR;
592955;;;;;;;;
592957;;;;;;;;
592958;;;;;;;;
592959;;;;;;;;
592960;;;;;;;;
592961;;;;;;;;
592962;;;;;;;;
592963;;;;;;;;
592964;;;;;;;;
592965;;;;;;;;
592966;;;;;;;;
592967;;;;;;;;
592968;;;;;;;;
592971;;;;;;;;
592972;;;;;;;;
592973;;;;;6854.4;6854.4;IRRF - GESTAO PLENA - SUS;
592974;;;;;17600;880;ISS - SALARIO EDUCACAO;
592984;;;;;35404.88;1416.2;ISS - SALARIO EDUCACAO;
592994;;;;;;;;
592997;;;;;229961.98;2755.03;IRRF SOBRE O TRABALHO PRINCIPAL - PJ;
593000;;;;;;;;
593002;;;;;;;;
593003;;;;;;;;
593004;;;;;;;;
593007;;;;;640;7.68;HSJB - IRRF RETIDO EM N.F;
593008;;;;;;;;
593009;;;;;;;;
593011;;;;;640;7.68;HSJB - IRRF RETIDO EM N.F;
593013;;;;;640;7.68;HSJB - IRRF RETIDO EM N.F;
593015;;;;;640;7.68;HSJB - IRRF RETIDO EM N.F;
593017;;;;;4980;59.76;HSJB - IRRF RETIDO EM N.F;
593018;;;;;;;;
593024;;;;;;;;
593025;;;;;;;;
593029;;;;;;;;
593030;;;;;;;;
593032;;;;;;;;
593036;;;;;;;;
593037;;;;;;;;
593038;;;;;;;;
593041;;;;;1326.7;17.96;IR/PIS/COFINS/CSLL RETIDO N.F;
593043;;;;;;;;
593044;;;;;1526.52;18.32;IR/PIS/COFINS/CSLL RETIDO N.F;
593045;;;;;;;;
593047;;;;;;;;
593048;;;;;;;;
593050;;;;;;;;
593051;;;;;;;;
593052;;;;;;;;
593053;;;;;24197.33;247.11;IR/PIS/COFINS/CSLL RETIDO N.F;
593055;;;;;;;;
593056;;;;;312;312;IRRF - GESTAO PLENA - SUS;
593057;;;;;;;;
593061;;;;;312;312;IRRF - GESTAO PLENA - SUS;
593063;;;;;;;;
593064;;;;;312;312;IRRF - GESTAO PLENA - SUS;
593065;;;;;;;;
593066;;;;;;;;
593067;;;;;326.4;326.4;IRRF - GESTAO PLENA - SUS;
593068;;;;;;;;
593069;;;;;;;;
593071;;;;;10094.6;121.14;HSJB - IRRF RETIDO EM N.F;
593072;;;;;;;;
593073;;;;;;;;
593077;;;;;7155.4;121.82;HSJB - IRRF RETIDO EM N.F;
593079;;;;;;;;
593081;;;;;;;;
593083;;;;;8427.08;404.5;IRRF - SERVIÇOS PRESTADOS PMVR;
593084;;;;;16.72;0.8;IRRF - SERVIÇOS PRESTADOS PMVR;
593085;;;;;1560;41.37;ISS - PMVR;
593087;;;;;;;;
593089;;;;;;;;
593091;;;;;;;;
593093;;;;;725;28.84;ISS - PMVR;
593095;;;;;;;;
593096;;;;;;;;
593099;;;;;;;;
593102;;;;;10463.3;125.56;HSJB - IRRF RETIDO EM N.F;
593103;;;;;870;23.07;ISS - PMVR;
593105;;;;;;;;
593106;;;;;290;7.69;ISS - PMVR;
593107;;;;;;;;
593108;;;;;;;;
593109;;;;;;;;
593110;;;;;;;;
593111;;;;;;;;
593113;;;;;;;;
593114;;;;;12320.5;147.85;HSJB - IRRF RETIDO EM N.F;
593116;;;;;288705.16;19191.07;RETENC. ISS EM LIQUIDAÇÃO;
593116;;;;;288705.16;5757.32;IRRF SOBRE O TRABALHO PRINCIPAL - PJ;
593120;;;;;11022.62;11022.62;ISS - GOV ESTADO  F 193;
593121;;;;;890;17.89;ISS;
593124;;;;;12320.5;147.85;HSJB - IRRF RETIDO EM N.F;
593127;;;;;;;;
593129;;;;;5511.31;5511.31;IRRF - GOV ESTADO - F 193;
593130;;;;;;;;
593133;;;;;;;;
593137;;;;;;;;
593138;;;;;;;;
593139;;;;;3899;78.37;ISS;
593141;;;;;;;;
593143;;;;;;;;
593144;;;;;13378.86;315.8;IRRF - SERVIÇOS PRESTADOS PMVR;
593148;;;;;;;;
593150;;;;;;;;
593162;;;;;;;;
593168;;;;;70850.21;3753.34;IRRF - SERVIÇOS PRESTADOS PMVR;
593168;;;;;70850.21;1563.89;ISS;
593171;;;;;2750;137.5;ISS - PMVR;
593173;;;;;;;;
593182;;;;;;;;
593183;;;;;116609.71;1399.31;IRRF - FORNECIMENTO DE BENS;
593185;;;;;680.4;8.16;HSJB - IRRF RETIDO EM N.F;
593189;;;;;;;;
593194;;;;;;;;
593195;;;;;;;;
593196;;;;;42300;2115;ISS - FME;
593196;;;;;42300;1395.9;INSS - PESSOA JURIDICA;
593196;;;;;42300;2030.4;IRRF - FME;
593204;;;;;2273.63;27.29;HSJB - IRRF RETIDO EM N.F;
593206;;;;;2273.63;27.29;HSJB - IRRF RETIDO EM N.F;
593209;;;;;2273.63;27.29;HSJB - IRRF RETIDO EM N.F;
593210;;;;;1074.63;12.9;HSJB - IRRF RETIDO EM N.F;
593212;;;;;2273.63;27.29;HSJB - IRRF RETIDO EM N.F;
593213;;;;;2123.63;25.49;HSJB - IRRF RETIDO EM N.F;
593215;;;;;2922.63;35.08;HSJB - IRRF RETIDO EM N.F;
593217;;;;;2123.63;25.49;HSJB - IRRF RETIDO EM N.F;
593219;;;;;;;;
593220;;;;;;;;
593221;;;;;13479;161.75;HSJB - IRRF RETIDO EM N.F;
593222;;;;;2480.11;29.77;HSJB - IRRF RETIDO EM N.F;
593223;;;;;;;;
593224;;;;;2123.63;25.49;HSJB - IRRF RETIDO EM N.F;
593226;;;;;2123.63;25.49;HSJB - IRRF RETIDO EM N.F;
593229;;;;;;;;
593232;;;;;399;4.79;HSJB - IRRF RETIDO EM N.F;
593233;;;;;2191.5;26.3;HSJB - IRRF RETIDO EM N.F;
593234;;;;;;;;
593235;;;;;;;;
593236;;;;;;;;
593237;;;;;;;;
593238;;;;;187439.91;9372;ISS - SALARIO EDUCACAO;
593239;;;;;1074.63;12.9;HSJB - IRRF RETIDO EM N.F;
593240;;;;;1474.63;17.7;HSJB - IRRF RETIDO EM N.F;
593242;;;;;40500;486;IRRF - SALARIO EDUCAÇÃO;
593243;;;;;;;;
593244;;;;;;;;
593245;;;;;;;;
593246;;;;;;;;
593247;;;;;109.8;1.32;HSJB - IRRF RETIDO EM N.F;
593248;;;;;;;;
593249;;;;;;;;
593250;;;;;;;;
593251;;;;;;;;
593252;;;;;;;;
593253;;;;;;;;
593254;;;;;;;;
593255;;;;;;;;
593257;;;;;;;;
593258;;;;;1618.35;606.88;IRRF - GESTAO PLENA - SUS;
593258;;;;;1618.35;1011.47;ISS - GESTAO PLENA;
593259;;;;;;;;
593260;;;;;142.53;27.58;IRRF - GESTAO PLENA - SUS;
593260;;;;;142.53;114.95;ISS - GESTAO PLENA;
593261;;;;;;;;
593262;;;;;;;;
593263;;;;;;;;
593264;;;;;;;;
593265;;;;;;;;
593266;;;;;;;;
593267;;;;;927.88;44.53;IRRF - SERVIÇOS PRESTADOS PMVR;
593268;;;;;;;;
593269;;;;;2568;6.16;IRRF - SERVIÇOS PRESTADOS PMVR;
593273;;;;;;;;
593274;;;;;;;;
593275;;;;;;;;
593276;;;;;;;;
593277;;;;;120;6;ISS;
593278;;;;;;;;
593287;;;;;174852.39;25119.7;RETENCAO RELATIVA AO ISS  ROYALTES PETRO;
593287;;;;;174852.39;38684.35;RETENCAO - INSS ROYALTES PETROLEO FONTE;
593287;;;;;174852.39;6028.73;RETENCAO RELATIVA IRRF  ROYALTIES PETROL;
593293;;;;;;;;
593296;;;;;;;;
593302;;;;;;;;
593303;;;;;;;;
593306;;;;;;;;
593308;;;;;73958.59;3974.69;IRRF - SERVIÇOS PRESTADOS PMVR;
593308;;;;;73958.59;1656.12;ISS;
593313;;;;;;;;
593314;;;;;;;;
593316;;;;;;;;
593317;;;;;;;;
593318;;;;;6750;81;HSJB - IRRF RETIDO EM N.F;
593319;;;;;;;;
593323;;;;;6272;301.05;IRRF - GESTAO PLENA - SUS;
593326;;;;;;;;
593332;;;;;11222;134.66;HSJB - IRRF RETIDO EM N.F;
593346;;;;;2355.43;28.27;HSJB - IRRF RETIDO EM N.F;
593363;;;;;;;;
593365;;;;;90;1.8;ISS - PMVR;
593366;;;;;;;;
593368;;;;;10887.3;130.65;HSJB - IRRF RETIDO EM N.F;
593372;;;;;525052.4;6300.63;HSJB - IRRF RETIDO EM N.F;
593373;;;;;;;;
593374;;;;;604.5;1.45;IRRF - FORNECIMENTO DE BENS;
593375;;;;;4570;54.84;HSJB - IRRF RETIDO EM N.F;
593376;;;;;112;5.38;IRRF - PRESTADOR DE SERVIÇOS;
593377;;;;;;;;
593378;;;;;;;;
593383;;;;;547000;6564;IRRF - FORNECIMENTO DE BENS;
593390;;;;;;;;
593398;;;;;;;;
593402;;;;;;;;
593403;;;;;;;;
593409;;;;;;;;
593414;;;;;10170;122.04;IRRF - FORNECIMENTO DE BENS;
593421;;;;;;;;
593424;;;;;;;;
593425;;;;;;;;
593426;;;;;658284.13;32914.2;RETENCAO RELATIVA AO ISS  ROYALTES PETRO;
593426;;;;;658284.13;50687.88;RETENCAO - INSS ROYALTES PETROLEO FONTE;
593426;;;;;658284.13;7899.41;RETENCAO RELATIVA IRRF  ROYALTIES PETROL;
593427;;;;;5740;68.88;HSJB - IRRF RETIDO EM N.F;
593430;;;;;1580;18.96;HSJB - IRRF RETIDO EM N.F;
593432;;;;;5600;67.2;HSJB - IRRF RETIDO EM N.F;
593433;;;;;;;;
593438;;;;;;;;
593441;;;;;485782.32;24289.12;ISS - SALARIO EDUCACAO;
593441;;;;;485782.32;5829.39;IRRF - SALARIO EDUCAÇÃO;
593441;;;;;485782.32;53436.06;INSS REENÇÃO - SALARIO EDUCAÇÃO;
593443;;;;;3788;45.46;IRRF - FORNECIMENTO DE BENS;
593446;;;;;12029.5;577.41;IR/PIS/COFINS/CSLL RETIDO N.F;
593449;;;;;;;;
593452;;;;;23329;279.95;HSJB - IRRF RETIDO EM N.F;
593453;;;;;20000;230.67;ISS - PMVR;
593453;;;;;20000;2200;INSS PRESTADORES DE SERVIÇO PJ;
593456;;;;;;;;
593457;;;;;;;;
593460;;;;;;;;
593461;;;;;;;;
593463;;;;;39285;471.42;IRRF - FORNECIMENTO DE BENS;
593464;;;;;39285;471.42;IRRF - FORNECIMENTO DE BENS;
593465;;;;;39285;471.42;IRRF - FORNECIMENTO DE BENS;
593468;;;;;;;;
593473;;;;;3100;37.2;HSJB - IRRF RETIDO EM N.F;
593474;;;;;716.17;34.37;IRRF - PRESTADOR DE SERVIÇOS;
593476;;;;;4739.68;227.5;IRRF - PRESTADOR DE SERVIÇOS;
593478;;;;;;;;
593479;;;;;5418.55;260.09;IRRF - PRESTADOR DE SERVIÇOS;
593481;;;;;;;;
593483;;;;;;;;
593485;;;;;;;;
593490;;;;;5082;60.98;IRRF - FORNECIMENTO DE BENS;
593492;;;;;1600;19.2;IRRF - FORNECIMENTO DE BENS;
593495;;;;;;;;
593499;;;;;;;;
593500;;;;;;;;
593502;;;;;;;;
593509;;;;;;;;
593511;;;;;100567.78;5028.39;ISS - FME FUNDEB;
593514;;;;;1727.62;78.78;ISS - PMVR;
593515;;;;;21193.85;1059.69;ISS - PMVR;
593515;;;;;21193.85;1017.3;IRRF - PRESTADOR DE SERVIÇOS;
593516;;;;;;;;
593518;;;;;;;;
593519;;;;;;;;
593521;;;;;;;;
593522;;;;;;;;
593524;;;;;;;;
593525;;;;;;;;
593526;;;;;;;;
593528;;;;;350;4.2;HSJB - IRRF RETIDO EM N.F;
593529;;;;;33999.68;1699.98;RETENC. ISS EM LIQUIDAÇÃO;
593529;;;;;33999.68;1308.99;INSS - PREST. SERV. PROPRIO;
593529;;;;;33999.68;1631.98;IRRF SOBRE O TRABALHO PRINCIPAL - PJ;
593530;;;;;;;;
593532;;;;;;;;
593533;;;;;;;;
593534;;;;;;;;
593536;;;;;951.04;47.95;IRRF SOBRE O TRABALHO PRINCIPAL - PJ;
593540;;;;;;;;
593541;;;;;;;;
593542;;;;;;;;
593543;;;;;9450;113.4;IRRF SOBRE O TRABALHO PRINCIPAL - PJ;
593544;;;;;;;;
593545;;;;;;;;
593547;;;;;2212.5;106.2;IRRF SOBRE O TRABALHO PRINCIPAL - PJ;
593548;;;;;2212.5;106.2;IRRF SOBRE O TRABALHO PRINCIPAL - PJ;
593549;;;;;;;;
593550;;;;;;;;
593551;;;;;2252;27.02;IRRF SOBRE O TRABALHO PRINCIPAL - PJ;
593553;;;;;;;;
593554;;;;;7027.99;337.34;IRRF SOBRE O TRABALHO PRINCIPAL - PJ;
593556;;;;;;;;
593557;;;;;;;;
593558;;;;;;;;
593559;;;;;125.4;1.5;HSJB - IRRF RETIDO EM N.F;
593561;;;;;5967;71.6;IRRF SOBRE O TRABALHO PRINCIPAL - PJ;
593562;;;;;16306;195.67;HSJB - IRRF RETIDO EM N.F;
593563;;;;;;;;
593565;;;;;91156;5282.8;RETENC. ISS EM LIQUIDAÇÃO;
593566;;;;;700.5;8.41;IRRF SOBRE O TRABALHO PRINCIPAL - PJ;
593567;;;;;;;;
593568;;;;;;;;
593569;;;;;;;;
593570;;;;;9590;115.08;IRRF SOBRE O TRABALHO PRINCIPAL - PJ;
593571;;;;;;;;
593572;;;;;;;;
593573;;;;;;;;
593574;;;;;;;;
593575;;;;;;;;
593577;;;;;85.5;1.03;HSJB - IRRF RETIDO EM N.F;
593579;;;;;;;;
593581;;;;;319127.02;6960;HSJB - IRRF RETIDO EM N.F;
593582;;;;;;;;
593588;;;;;;;;
593591;;;;;8960;405.58;RETENC. ISS EM LIQUIDAÇÃO;
593595;;;;;;;;
593597;;;;;;;;
593598;;;;;;;;
593602;;;;;;;;
593603;;;;;;;;
593604;;;;;700.62;8.41;HSJB - IRRF RETIDO EM N.F;
593606;;;;;;;;
593607;;;;;139.8;1.67;IRRF SOBRE O TRABALHO PRINCIPAL - PJ;
593608;;;;;358.8;4.3;IRRF SOBRE O TRABALHO PRINCIPAL - PJ;
593609;;;;;;;;
593610;;;;;;;;
593612;;;;;;;;
593620;;;;;9323.52;111.88;HSJB - IRRF RETIDO EM N.F;
593623;;;;;;;;
593625;;;;;;;;
593626;;;;;230.85;2.77;HSJB - IRRF RETIDO EM N.F;
593628;;;;;579;6.95;HSJB - IRRF RETIDO EM N.F;
593630;;;;;;;;
593631;;;;;;;;
593634;;;;;;;;
593635;;;;;;;;
593636;;;;;;;;
593637;;;;;;;;
593639;;;;;;;;
593640;;;;;284.16;3.41;HSJB - IRRF RETIDO EM N.F;
593641;;;;;;;;
593642;;;;;975;25.86;ISS - GOV ESTADO  F 193;
593644;;;;;18000;216;IRRF SOBRE O TRABALHO PRINCIPAL - PJ;
593645;;;;;1450;38.45;ISS - GOV ESTADO  F 193;
593646;;;;;;;;
593647;;;;;1387.25;16.65;HSJB - IRRF RETIDO EM N.F;
593648;;;;;1015;26.92;ISS - GOV ESTADO  F 193;
593649;;;;;;;;
593650;;;;;934.16;11.21;HSJB - IRRF RETIDO EM N.F;
593651;;;;;;;;
593652;;;;;;;;
593653;;;;;;;;
593654;;;;;8392;100.7;IRRF SOBRE O TRABALHO PRINCIPAL - PJ;
593655;;;;;8765;105.18;IRRF SOBRE O TRABALHO PRINCIPAL - PJ;
593657;;;;;8872;106.46;IRRF SOBRE O TRABALHO PRINCIPAL - PJ;
593658;;;;;;;;
593659;;;;;;;;
593661;;;;;340.12;16.33;IRRF - SERVIÇOS PRESTADOS PMVR;
593661;;;;;340.12;17.01;ISS;
593662;;;;;322.12;3.87;IRRF - SERVIÇOS PRESTADOS PMVR;
593664;;;;;90937.8;1091.25;IRRF SOBRE O TRABALHO PRINCIPAL - PJ;
593665;;;;;333438.6;4001.26;IRRF SOBRE O TRABALHO PRINCIPAL - PJ;
593666;;;;;80833.6;970;IRRF SOBRE O TRABALHO PRINCIPAL - PJ;
593670;;;;;;;;
593671;;;;;120;6;ISS;
593672;;;;;;;;
593673;;;;;;;;
593674;;;;;;;;
593676;;;;;;;;
593677;;;;;;;;
593678;;;;;;;;
593679;;;;;;;;
