28|126,75|12,675|114,075
34|42,25|4,225|38,025
37|84,5|8,45|76,05
38|126,75|12,675|114,075
44|126,75|12,675|114,075
53|126,75|12,675|114,075
67|37,5|3,75|33,75
68|37,5|3,75|33,75
69|7,5|0,75|6,75
105|704,925|70,4925|634,4325
212|719,94|71,994|647,946
231|7,5|0,75|6,75
232|5|0,5|4,5
240|7,5|0,75|6,75
264|7,5|0,75|6,75
332|7,5|0,75|6,75
356|7,5|0,75|6,75
357|7,5|0,75|6,75
359|7,5|0,75|6,75
362|7,5|0,75|6,75
363|7,5|0,75|6,75
364|7,5|0,75|6,75
365|7,5|0,75|6,75
367|7,5|0,75|6,75
368|7,5|0,75|6,75
369|7,5|0,75|6,75
370|7,5|0,75|6,75
372|7,5|0,75|6,75
373|7,5|0,75|6,75
374|7,5|0,75|6,75
375|7,5|0,75|6,75
377|7,5|0,75|6,75
381|7,5|0,75|6,75
383|7,5|0,75|6,75
390|7,5|0,75|6,75
435|7,5|0,75|6,75
439|2700|270|2430
441|2700|270|2430
443|7,5|0,75|6,75
448|7,5|0,75|6,75
450|7,5|0,75|6,75
451|7,5|0,75|6,75
462|7,5|0,75|6,75
468|7,5|0,75|6,75
470|7,5|0,75|6,75
474|7,5|0,75|6,75
475|7,5|0,75|6,75
476|7,5|0,75|6,75
477|7,5|0,75|6,75
478|7,5|0,75|6,75
479|7,5|0,75|6,75
480|7,5|0,75|6,75
483|7,5|0,75|6,75
484|7,5|0,75|6,75
486|7,5|0,75|6,75
487|7,5|0,75|6,75
488|7,5|0,75|6,75
489|7,5|0,75|6,75
490|7,5|0,75|6,75
491|7,5|0,75|6,75
492|7,5|0,75|6,75
494|2,5|0,25|2,25
498|7,5|0,75|6,75
499|7,5|0,75|6,75
500|7,5|0,75|6,75
502|7,5|0,75|6,75
504|7,5|0,75|6,75
509|7,5|0,75|6,75
510|7,5|0,75|6,75
512|7,5|0,75|6,75
513|7,5|0,75|6,75
514|7,5|0,75|6,75
515|7,5|0,75|6,75
516|7,5|0,75|6,75
517|7,5|0,75|6,75
518|7,5|0,75|6,75
521|7,5|0,75|6,75
522|334,95|33,495|301,455
611|126,75|12,675|114,075
671|126,75|12,675|114,075
691|147,5|14,75|132,75
708|335,8425|33,58425|302,25825
732|502,425|50,2425|452,1825
772|84,5|8,45|76,05
817|126,75|12,675|114,075
901|150|15|135
918|310|31|279
929|214,95|21,495|193,455
932|84,5|8,45|76,05
933|126,75|12,675|114,075
936|126,75|12,675|114,075
940|126,75|12,675|114,075
954|141,75|14,175|127,575
1073|84,5|8,45|76,05
1088|193,335|19,3335|174,0015
1142|224,25|22,425|201,825
1166|2509,3125|250,93125|2258,38125
1184|103,5|10,35|93,15
1185|103,5|10,35|93,15
1187|103,5|10,35|93,15
1188|103,5|10,35|93,15
1191|103,5|10,35|93,15
1203|103,5|10,35|93,15
1204|103,5|10,35|93,15
1205|103,5|10,35|93,15
1209|103,5|10,35|93,15
1212|103,5|10,35|93,15
1213|103,5|10,35|93,15
1214|103,5|10,35|93,15
1215|103,5|10,35|93,15
1217|103,5|10,35|93,15
1219|103,5|10,35|93,15
1220|103,5|10,35|93,15
1231|225|22,5|202,5
1234|1650|165|1485
1279|465|46,5|418,5
1280|310|31|279
1302|214,95|21,495|193,455
1309|3355,74|335,574|3020,166
1313|300|30|270
1335|100|10|90
1359|187,4975|18,74975|168,74775
1360|1891,545|189,1545|1702,3905
1368|72|7,2|64,8
1394|266,4675|26,64675|239,82075
1395|177,645|17,7645|159,8805
1417|368,6175|36,86175|331,75575
1418|186,13|18,613|167,517
1421|246,2175|24,62175|221,59575
1432|242,5|24,25|218,25
1497|2249,25|224,925|2024,325
1498|1124,25|112,425|1011,825
1502|787,5|78,75|708,75
1504|1414,125|141,4125|1272,7125
1506|1414,125|141,4125|1272,7125
1544|1467,5|146,75|1320,75
1567|3355,74|335,574|3020,166
1573|75|7,5|67,5
1588|839,79|83,979|755,811
1589|5500|550|4950
1610|2809,7175|280,97175|2528,74575
1611|27150|2715|24435
1612|27150|2715|24435
1625|2265|226,5|2038,5
1626|933,9975|93,39975|840,59775
1627|2951,43|295,143|2656,287
1643|8250|825|7425
1644|8250|825|7425
1666|24999,9975|2499,99975|22499,99775
1667|24999,9975|2499,99975|22499,99775
1697|1162,425|116,2425|1046,1825
1735|5248,3875|524,83875|4723,54875
1766|224,25|22,425|201,825
1768|46,985|4,6985|42,2865
1780|304,395|30,4395|273,9555
1813|87,45|8,745|78,705
1815|43,725|4,3725|39,3525
1874|5000,0025|500,00025|4500,00225
1876|33441,18|3344,118|30097,062
1896|1014,975|101,4975|913,4775
1897|1014,9975|101,49975|913,49775
1898|11000,25|1100,025|9900,225
1899|11000,25|1100,025|9900,225
1904|1850,25|185,025|1665,225
1962|10425|1042,5|9382,5
1963|10425|1042,5|9382,5
2060|126,75|12,675|114,075
2065|2447,43|244,743|2202,687
2068|332,9025|33,29025|299,61225
2136|3446,25|344,625|3101,625
2211|7783,725|778,3725|7005,3525
2218|210|21|189
2219|210|21|189
2296|213,335|21,3335|192,0015
2311|363,75|36,375|327,375
2356|17250|1725|15525
2463|10425|1042,5|9382,5
2464|10425|1042,5|9382,5
2481|1000|100|900
2482|1000|100|900
2483|1000|100|900
2488|5992,5|599,25|5393,25
2524|202,425|20,2425|182,1825
2526|367,5|36,75|330,75
2527|216|21,6|194,4
2565|214,95|21,495|193,455
2658|4361,0025|436,10025|3924,90225
2659|7,5|0,75|6,75
2660|37,5|3,75|33,75
2668|84,5|8,45|76,05
2698|166,455|16,6455|149,8095
2699|166,455|16,6455|149,8095
2700|166,455|16,6455|149,8095
2701|110,97|11,097|99,873
2732|3000|300|2700
2775|465|46,5|418,5
2816|36000|3600|32400
2822|195|19,5|175,5
2824|57|5,7|51,3
2834|126000|12600|113400
2948|9306,2325|930,62325|8375,60925
2958|290,0025|29,00025|261,00225
2985|223,5|22,35|201,15
3011|1350|135|1215
3033|99,99|9,999|89,991
3062|6498|649,8|5848,2
3068|1014|101,4|912,6
3075|135|13,5|121,5
3078|6498|649,8|5848,2
3079|6498|649,8|5848,2
3080|702,75|70,275|632,475
3085|499,75|49,975|449,775
3093|357,75|35,775|321,975
3094|373,5|37,35|336,15
3095|468,5|46,85|421,65
3105|990|99|891
3132|186,75|18,675|168,075
3148|23383,2675|2338,32675|21044,94075
3149|23383,2675|2338,32675|21044,94075
3150|8790|879|7911
3163|103,5|10,35|93,15
3167|103,5|10,35|93,15
3169|103,5|10,35|93,15
3170|155,25|15,525|139,725
3175|155,25|15,525|139,725
3179|600|60|540
3180|180,675|18,0675|162,6075
3181|4045,155|404,5155|3640,6395
3182|3446,25|344,625|3101,625
3183|2621,16|262,116|2359,044
3184|3723|372,3|3350,7
3185|3723|372,3|3350,7
3186|6498|649,8|5848,2
3187|6498|649,8|5848,2
3188|10500|1050|9450
3189|154,425|15,4425|138,9825
3190|2621,16|262,116|2359,044
3191|4418,475|441,8475|3976,6275
3192|4418,475|441,8475|3976,6275
3193|7310,625|731,0625|6579,5625
3196|6498|649,8|5848,2
3197|4045,155|404,5155|3640,6395
3198|4045,155|404,5155|3640,6395
3200|103,5|10,35|93,15
3206|373,5|37,35|336,15
3207|357,75|35,775|321,975
3225|336,75|33,675|303,075
3228|336,75|33,675|303,075
3239|7100|710|6390
3267|2250|225|2025
3268|624|62,4|561,6
3269|223,5|22,35|201,15
3273|64,9875|6,49875|58,48875
3315|4418,475|441,8475|3976,6275
3335|562,4925|56,24925|506,24325
3348|747,675|74,7675|672,9075
3354|129,975|12,9975|116,9775
3355|64,9875|6,49875|58,48875
3356|114,75|11,475|103,275
3357|64,9875|6,49875|58,48875
3358|64,9875|6,49875|58,48875
3359|99,5|9,95|89,55
3360|129,975|12,9975|116,9775
3361|64,9875|6,49875|58,48875
3372|33130,5|3313,05|29817,45
3383|367|36,7|330,3
3415|725,25|72,525|652,725
3416|702,75|70,275|632,475
3417|702,75|70,275|632,475
3419|357,75|35,775|321,975
3445|19852,9425|1985,29425|17867,64825
3446|19852,9425|1985,29425|17867,64825
3449|7636,2525|763,62525|6872,62725
3450|9306,2325|930,62325|8375,60925
3451|1642,5|164,25|1478,25
3473|270|27|243
3479|12320,25|1232,025|11088,225
3480|12320,25|1232,025|11088,225
3521|375|37,5|337,5
3531|357,75|35,775|321,975
3534|702,75|70,275|632,475
3535|373,5|37,35|336,15
3542|637,425|63,7425|573,6825
3570|26250|2625|23625
3584|25801,5|2580,15|23221,35
3586|75|7,5|67,5
3587|189,9975|18,99975|170,99775
3592|75|7,5|67,5
3593|75|7,5|67,5
3600|189,9975|18,99975|170,99775
3602|117|11,7|105,3
3605|22000,5|2200,05|19800,45
3609|875|87,5|787,5
3610|875|87,5|787,5
3616|55|5,5|49,5
3619|2696,77|269,677|2427,093
3620|3446,25|344,625|3101,625
3621|1000|100|900
3622|1000|100|900
3646|34642,5|3464,25|31178,25
3647|34642,5|3464,25|31178,25
3650|11000,0025|1100,00025|9900,00225
3667|790,4325|79,04325|711,38925
3675|434,25|43,425|390,825
3676|144,75|14,475|130,275
3678|129,975|12,9975|116,9775
3698|487,425|48,7425|438,6825
3700|1000|100|900
3703|934,2825|93,42825|840,85425
3717|7191,75|719,175|6472,575
3718|3291,96|329,196|2962,764
3720|367,5|36,75|330,75
3725|9861,75|986,175|8875,575
3726|10674,375|1067,4375|9606,9375
3733|1309,5|130,95|1178,55
3738|434,25|43,425|390,825
3740|434,25|43,425|390,825
3741|13,8075|1,38075|12,42675
3742|4875|487,5|4387,5
3747|10425|1042,5|9382,5
3756|2102,25|210,225|1892,025
3762|214,08|21,408|192,672
3763|322,425|32,2425|290,1825
3794|75|7,5|67,5
3796|50|5|45
3800|50|5|45
3802|50|5|45
3804|75|7,5|67,5
3805|75|7,5|67,5
3811|4140|414|3726
3812|4140|414|3726
3813|112,5|11,25|101,25
3817|112,5|11,25|101,25
3819|55|5,5|49,5
3828|13,8075|1,38075|12,42675
3829|10490,535|1049,0535|9441,4815
3830|6993,69|699,369|6294,321
3831|10674,375|1067,4375|9606,9375
3832|3615|361,5|3253,5
3842|9861,75|986,175|8875,575
3843|9861,75|986,175|8875,575
3849|499,75|49,975|449,775
3850|499,75|49,975|449,775
3851|876,78|87,678|789,102
3968|5826,875|582,6875|5244,1875
3974|46743,75|4674,375|42069,375
4001|165|16,5|148,5
4003|224,25|22,425|201,825
4004|165|16,5|148,5
4005|112,5|11,25|101,25
4007|10674,375|1067,4375|9606,9375
4022|114|11,4|102,6
4037|158,25|15,825|142,425
4038|304,395|30,4395|273,9555
4039|112,5|11,25|101,25
4051|440|44|396
4052|440|44|396
4064|7,5|0,75|6,75
4065|7,5|0,75|6,75
4066|7,5|0,75|6,75
4067|7,5|0,75|6,75
4068|7,5|0,75|6,75
4069|7,5|0,75|6,75
4070|7,5|0,75|6,75
4071|7,5|0,75|6,75
4072|7,5|0,75|6,75
4076|1300,875|130,0875|1170,7875
4084|60|6|54
4085|60|6|54
4089|266,665|26,6665|239,9985
4095|20344,5|2034,45|18310,05
4097|270|27|243
4101|165|16,5|148,5
4116|75|7,5|67,5
4118|75|7,5|67,5
4119|75|7,5|67,5
4120|75|7,5|67,5
4121|75|7,5|67,5
4122|75|7,5|67,5
4123|50|5|45
4124|50|5|45
4125|75|7,5|67,5
4126|50|5|45
4127|75|7,5|67,5
4129|75|7,5|67,5
4136|3678,75|367,875|3310,875
4141|38172|3817,2|34354,8
4152|180,45|18,045|162,405
4153|37,4975|3,74975|33,74775
4154|112,4925|11,24925|101,24325
4157|9861,75|986,175|8875,575
4158|9861,75|986,175|8875,575
4162|186,75|18,675|168,075
4166|11250|1125|10125
4174|66,75|6,675|60,075
4187|2645,7525|264,57525|2381,17725
4199|465|46,5|418,5
4200|465|46,5|418,5
4218|613,335|61,3335|552,0015
4219|2999,925|299,9925|2699,9325
4238|276,805|27,6805|249,1245
4247|112,5|11,25|101,25
4249|165|16,5|148,5
4250|112,5|11,25|101,25
4251|165|16,5|148,5
4254|112,5|11,25|101,25
4255|165|16,5|148,5
4256|165|16,5|148,5
4259|165|16,5|148,5
4267|9861,75|986,175|8875,575
4268|6498|649,8|5848,2
4298|51,75|5,175|46,575
4302|103,5|10,35|93,15
4303|103,5|10,35|93,15
4307|155,25|15,525|139,725
4313|160|16|144
4330|2387,97|238,797|2149,173
4331|2387,97|238,797|2149,173
4334|1745,7375|174,57375|1571,16375
4336|90|9|81
4337|114,9975|11,49975|103,49775
4341|76,665|7,6665|68,9985
4344|114,9975|11,49975|103,49775
4356|20192,5|2019,25|18173,25
4358|270|27|243
4359|405|40,5|364,5
4360|405|40,5|364,5
4361|405|40,5|364,5
4371|322,4925|32,24925|290,24325
4376|379,425|37,9425|341,4825
4384|14250|1425|12825
4388|6481,8825|648,18825|5833,69425
4396|213,75|21,375|192,375
4398|251,58|25,158|226,422
4402|224,25|22,425|201,825
4404|224,25|22,425|201,825
4406|337,5|33,75|303,75
4412|17250|1725|15525
4414|2999,925|299,9925|2699,9325
4425|89,25|8,925|80,325
4438|2499,9975|249,99975|2249,99775
4454|660|66|594
4462|2506,5975|250,65975|2255,93775
4466|24999,9975|2499,99975|22499,99775
4468|775,335|77,5335|697,8015
4469|33,5|3,35|30,15
4470|100,5|10,05|90,45
4471|112,5|11,25|101,25
4472|165|16,5|148,5
4473|165|16,5|148,5
4474|165|16,5|148,5
4512|38172|3817,2|34354,8
4538|117|11,7|105,3
4546|1755,75|175,575|1580,175
4547|560|56|504
4553|129,975|12,9975|116,9775
4554|194,9625|19,49625|175,46625
4555|194,9625|19,49625|175,46625
4556|194,9625|19,49625|175,46625
4557|194,9625|19,49625|175,46625
4558|194,9625|19,49625|175,46625
4559|194,9625|19,49625|175,46625
4560|194,9625|19,49625|175,46625
4561|194,9625|19,49625|175,46625
4562|194,9625|19,49625|175,46625
4564|223,5|22,35|201,15
4565|223,5|22,35|201,15
4566|7034,295|703,4295|6330,8655
4567|3446,25|344,625|3101,625
4581|2765,8125|276,58125|2489,23125
4584|166,9275|16,69275|150,23475
4585|313,045|31,3045|281,7405
4586|469,5675|46,95675|422,61075
4587|389,94|38,994|350,946
4588|513,5|51,35|462,15
4589|373,5|37,35|336,15
4598|206,55|20,655|185,895
4600|128,235|12,8235|115,4115
4601|5910|591|5319
4605|12603,375|1260,3375|11343,0375
4617|3938,4|393,84|3544,56
4629|862,5|86,25|776,25
4630|434,25|43,425|390,825
4631|330|33|297
4632|434,25|43,425|390,825
4633|434,25|43,425|390,825
4636|112,5|11,25|101,25
4637|112,5|11,25|101,25
4650|335|33,5|301,5
4652|97,135|9,7135|87,4215
4653|194,27|19,427|174,843
4654|97,135|9,7135|87,4215
4656|5200,9725|520,09725|4680,87525
4657|10124,25|1012,425|9111,825
4658|10124,25|1012,425|9111,825
4659|12701,25|1270,125|11431,125
4660|217,88|21,788|196,092
4661|742,5|74,25|668,25
4672|12701,25|1270,125|11431,125
4673|12701,25|1270,125|11431,125
4681|800|80|720
4688|24999,9975|2499,99975|22499,99775
4715|55,6425|5,56425|50,07825
4716|171,75|17,175|154,575
4717|194,25|19,425|174,825
4731|704,925|70,4925|634,4325
4743|270|27|243
4744|405|40,5|364,5
4745|284|28,4|255,6
4746|284|28,4|255,6
4748|405|40,5|364,5
4751|1087,875|108,7875|979,0875
4752|262,5|26,25|236,25
4764|149,5|14,95|134,55
4768|286,5|28,65|257,85
4769|1275,375|127,5375|1147,8375
4771|166,9275|16,69275|150,23475
4772|166,9275|16,69275|150,23475
4773|166,9275|16,69275|150,23475
4774|6993,69|699,369|6294,321
4786|92|9,2|82,8
4789|28,4475|2,84475|25,60275
4790|18,965|1,8965|17,0685
4802|149,5|14,95|134,55
4807|2387,97|238,797|2149,173
4808|464,25|46,425|417,825
4814|872,5|87,25|785,25
4816|39,9|3,99|35,91
4825|2118,93|211,893|1907,037
4826|10378,5|1037,85|9340,65
4834|6498|649,8|5848,2
4835|10378,5|1037,85|9340,65
4836|675|67,5|607,5
4837|4586,25|458,625|4127,625
4838|4586,25|458,625|4127,625
4842|2387,97|238,797|2149,173
4848|389,28|38,928|350,352
4849|2565|256,5|2308,5
4850|1280,0025|128,00025|1152,00225
4851|4380,75|438,075|3942,675
4856|434,25|43,425|390,825
4857|434,25|43,425|390,825
4859|289,5|28,95|260,55
4861|5136,2475|513,62475|4622,62275
4862|3399,9975|339,99975|3059,99775
4864|2499,9975|249,99975|2249,99775
4866|1350|135|1215
4867|1748,25|174,825|1573,425
4868|1200|120|1080
4870|525|52,5|472,5
4881|6500,25|650,025|5850,225
4886|59,85|5,985|53,865
4888|59,85|5,985|53,865
4889|2109|210,9|1898,1
4892|427,425|42,7425|384,6825
4904|779,8425|77,98425|701,85825
4911|420,3|42,03|378,27
4934|115,5|11,55|103,95
4953|75|7,5|67,5
4957|2912,055|291,2055|2620,8495
4958|405|40,5|364,5
4962|2547,255|254,7255|2292,5295
4963|10490,535|1049,0535|9441,4815
4964|202,425|20,2425|182,1825
4965|202,425|20,2425|182,1825
4970|284,95|28,495|256,455
4971|1484,925|148,4925|1336,4325
4980|10490,535|1049,0535|9441,4815
4992|135|13,5|121,5
5016|39,9975|3,99975|35,99775
5036|166,455|16,6455|149,8095
5039|500,25|50,025|450,225
5040|329,85|32,985|296,865
5073|2969,25|296,925|2672,325
5074|2969,25|296,925|2672,325
5077|405|40,5|364,5
5079|270|27|243
5087|13048,4625|1304,84625|11743,61625
5097|1457,355|145,7355|1311,6195
5098|1243,5825|124,35825|1119,22425
5099|1243,5825|124,35825|1119,22425
5105|6699,2625|669,92625|6029,33625
5106|6699,2625|669,92625|6029,33625
5108|2138,58|213,858|1924,722
5109|329,25|32,925|296,325
5110|7034,295|703,4295|6330,8655
5111|2895,675|289,5675|2606,1075
5118|2969,25|296,925|2672,325
5119|2969,25|296,925|2672,325
5121|876,78|87,678|789,102
5134|75|7,5|67,5
5137|75|7,5|67,5
5139|4500|450|4050
5209|2226,75|222,675|2004,075
5248|35349|3534,9|31814,1
5249|36038,25|3603,825|32434,425
5253|2696,77|269,677|2427,093
5256|514,875|51,4875|463,3875
5257|97,135|9,7135|87,4215
5258|194,27|19,427|174,843
5259|97,135|9,7135|87,4215
5263|2250|225|2025
5264|1500|150|1350
5268|5940|594|5346
5277|7398|739,8|6658,2
5294|1620|162|1458
5296|2025|202,5|1822,5
5303|1005|100,5|904,5
5310|66,75|6,675|60,075
5311|22,25|2,225|20,025
5322|110,97|11,097|99,873
5326|166,455|16,6455|149,8095
5327|166,455|16,6455|149,8095
5328|166,455|16,6455|149,8095
5329|166,455|16,6455|149,8095
5330|2373,3325|237,33325|2135,99925
5331|293,7675|29,37675|264,39075
5340|96862,5|9686,25|87176,25
5371|23375|2337,5|21037,5
5372|23375|2337,5|21037,5
5387|22,25|2,225|20,025
5390|50,3925|5,03925|45,35325
5391|50,3925|5,03925|45,35325
5392|50,3925|5,03925|45,35325
5393|33,595|3,3595|30,2355
5397|2025|202,5|1822,5
5399|2499,9975|249,99975|2249,99775
5404|2547,255|254,7255|2292,5295
5413|1215|121,5|1093,5
5417|142,425|14,2425|128,1825
5443|80,0025|8,00025|72,00225
5448|262,5|26,25|236,25
5449|6881,8575|688,18575|6193,67175
5450|166,455|16,6455|149,8095
5451|166,455|16,6455|149,8095
5454|5136,2475|513,62475|4622,62275
5455|5136,2475|513,62475|4622,62275
5456|427,425|42,7425|384,6825
5458|75|7,5|67,5
5459|84,4875|8,44875|76,03875
5477|66,75|6,675|60,075
5478|66,75|6,675|60,075
5490|567|56,7|510,3
5491|261,75|26,175|235,575
5493|702,75|70,275|632,475
5494|702,75|70,275|632,475
5495|725,25|72,525|652,725
5496|702,75|70,275|632,475
5510|5850|585|5265
5511|4500|450|4050
5521|427,425|42,7425|384,6825
5524|648,75|64,875|583,875
5528|1727,2475|172,72475|1554,52275
5530|159,9975|15,99975|143,99775
5531|106,665|10,6665|95,9985
5535|391,395|39,1395|352,2555
5536|254,25|25,425|228,825
5538|391,395|39,1395|352,2555
5539|130,465|13,0465|117,4185
5540|391,395|39,1395|352,2555
5548|50,3925|5,03925|45,35325
5551|33,595|3,3595|30,2355
5552|117|11,7|105,3
5559|22,25|2,225|20,025
5573|367|36,7|330,3
5586|968,625|96,8625|871,7625
5589|55|5,5|49,5
5591|70,4775|7,04775|63,42975
5593|55|5,5|49,5
5610|389,28|38,928|350,352
5611|389,28|38,928|350,352
5612|482,25|48,225|434,025
5615|133,3325|13,33325|119,99925
5620|142,5|14,25|128,25
5625|224,25|22,425|201,825
5626|16285,23|1628,523|14656,707
5632|75000|7500|67500
5633|11000,0025|1100,00025|9900,00225
5635|1860|186|1674
5638|926,25|92,625|833,625
5640|6000|600|5400
5642|7310,625|731,0625|6579,5625
5643|5691|569,1|5121,9
5644|5691|569,1|5121,9
5645|13972,5|1397,25|12575,25
5646|17250|1725|15525
5648|15036,25|1503,625|13532,625
5649|22554,375|2255,4375|20298,9375
5650|16285,23|1628,523|14656,707
5651|16285,23|1628,523|14656,707
5652|16285,23|1628,523|14656,707
5655|16285,23|1628,523|14656,707
5656|16285,23|1628,523|14656,707
5658|97,135|9,7135|87,4215
5659|16285,23|1628,523|14656,707
5661|16285,23|1628,523|14656,707
5663|16285,23|1628,523|14656,707
5664|16285,23|1628,523|14656,707
5666|146,16|14,616|131,544
5671|2547,255|254,7255|2292,5295
5672|6563,49|656,349|5907,141
5675|2565|256,5|2308,5
5685|550,5|55,05|495,45
5686|750|75|675
5687|398,3025|39,83025|358,47225
5692|319,0125|31,90125|287,11125
5693|114,75|11,475|103,275
5694|114,75|11,475|103,275
5695|114,75|11,475|103,275
5700|99,75|9,975|89,775
5701|99,75|9,975|89,775
5705|200|20|180
5706|275|27,5|247,5
5708|2528,9025|252,89025|2276,01225
5724|830,25|83,025|747,225
5728|18765,1575|1876,51575|16888,64175
5729|16378,5|1637,85|14740,65
5732|224,0625|22,40625|201,65625
5733|224,0625|22,40625|201,65625
5737|35,175|3,5175|31,6575
5738|176,13|17,613|158,517
5739|96,75|9,675|87,075
5744|74,75|7,475|67,275
5750|224,25|22,425|201,825
5751|100,5|10,05|90,45
5753|100,5|10,05|90,45
5756|13,7475|1,37475|12,37275
5757|41,2425|4,12425|37,11825
5758|13,7475|1,37475|12,37275
5760|800,0025|80,00025|720,00225
5761|800,0025|80,00025|720,00225
5772|800,0025|80,00025|720,00225
5776|1243,5825|124,35825|1119,22425
5777|145|14,5|130,5
5778|1243,5825|124,35825|1119,22425
5781|800,0025|80,00025|720,00225
5783|143,97|14,397|129,573
5784|199,5|19,95|179,55
5786|830,25|83,025|747,225
5798|166,665|16,6665|149,9985
5802|147,5|14,75|132,75
5804|500,0025|50,00025|450,00225
5805|159|15,9|143,1
5806|159|15,9|143,1
5812|402|40,2|361,8
5813|166,455|16,6455|149,8095
5844|165|16,5|148,5
5845|46,985|4,6985|42,2865
5846|165|16,5|148,5
5847|84,5|8,45|76,05
5848|165|16,5|148,5
5849|74,75|7,475|67,275
5850|149,5|14,95|134,55
5851|149,5|14,95|134,55
5852|87,2775|8,72775|78,54975
5853|87,2775|8,72775|78,54975
5854|224,25|22,425|201,825
5855|225|22,5|202,5
5856|427,425|42,7425|384,6825
5865|159|15,9|143,1
5867|159|15,9|143,1
5868|159|15,9|143,1
5869|159|15,9|143,1
5870|159|15,9|143,1
5872|107,1675|10,71675|96,45075
5875|449,25|44,925|404,325
5894|178,5|17,85|160,65
5895|159|15,9|143,1
5901|126,75|12,675|114,075
5903|50,0025|5,00025|45,00225
5904|50,0025|5,00025|45,00225
5905|50,0025|5,00025|45,00225
5906|50,0025|5,00025|45,00225
5907|50,0025|5,00025|45,00225
5908|50,0025|5,00025|45,00225
5911|50,0025|5,00025|45,00225
5912|50,0025|5,00025|45,00225
5913|50,0025|5,00025|45,00225
5914|72,99|7,299|65,691
5915|50,0025|5,00025|45,00225
5916|50,0025|5,00025|45,00225
5917|50,0025|5,00025|45,00225
5921|50,0025|5,00025|45,00225
5922|50,0025|5,00025|45,00225
5925|249,9975|24,99975|224,99775
5926|249,9975|24,99975|224,99775
5927|50,0025|5,00025|45,00225
5928|50,0025|5,00025|45,00225
5929|50,0025|5,00025|45,00225
5930|50,0025|5,00025|45,00225
5935|71,445|7,1445|64,3005
5936|107,1675|10,71675|96,45075
5938|107,1675|10,71675|96,45075
5940|107,1675|10,71675|96,45075
5942|107,1675|10,71675|96,45075
5947|4418,475|441,8475|3976,6275
5948|2526,6|252,66|2273,94
5949|434,25|43,425|390,825
5951|262,5|26,25|236,25
5952|253,5725|25,35725|228,21525
5955|107,1675|10,71675|96,45075
5958|16,7975|1,67975|15,11775
5959|50,3925|5,03925|45,35325
5960|116,475|11,6475|104,8275
5962|29,4075|2,94075|26,46675
5967|66,75|6,675|60,075
5968|66,75|6,675|60,075
5972|22,25|2,225|20,025
5977|224,975|22,4975|202,4775
5987|107,1675|10,71675|96,45075
5988|107,1675|10,71675|96,45075
5989|107,1675|10,71675|96,45075
5990|107,1675|10,71675|96,45075
5991|107,1675|10,71675|96,45075
5993|107,1675|10,71675|96,45075
5994|107,1675|10,71675|96,45075
5996|107,1675|10,71675|96,45075
6000|107,1675|10,71675|96,45075
6001|107,1675|10,71675|96,45075
6002|223,5|22,35|201,15
6003|114|11,4|102,6
6004|114|11,4|102,6
6005|114|11,4|102,6
6006|92|9,2|82,8
6010|520,2|52,02|468,18
6011|1942,5|194,25|1748,25
6014|97,135|9,7135|87,4215
6015|97,135|9,7135|87,4215
6016|97,135|9,7135|87,4215
6021|574,4925|57,44925|517,04325
6024|1326,345|132,6345|1193,7105
6025|1326,345|132,6345|1193,7105
6026|434,25|43,425|390,825
6027|434,25|43,425|390,825
6028|350,0025|35,00025|315,00225
6032|10500|1050|9450
6033|2174,25|217,425|1956,825
6035|4274,2875|427,42875|3846,85875
6036|1757,985|175,7985|1582,1865
6038|33,5|3,35|30,15
6040|11493|1149,3|10343,7
6043|606,75|60,675|546,075
6044|223,4475|22,34475|201,10275
6045|199,95|19,995|179,955
6047|107,1675|10,71675|96,45075
6048|140,0025|14,00025|126,00225
6049|279,195|27,9195|251,2755
6050|427,425|42,7425|384,6825
6051|536,175|53,6175|482,5575
6052|536,175|53,6175|482,5575
6053|600|60|540
6054|600|60|540
6055|600|60|540
6056|200|20|180
6057|284,925|28,4925|256,4325
6058|107,1675|10,71675|96,45075
6059|279,195|27,9195|251,2755
6060|427,425|42,7425|384,6825
6061|1136,6775|113,66775|1023,00975
6064|40|4|36
6085|120|12|108
6086|16285,23|1628,523|14656,707
6087|16285,23|1628,523|14656,707
6088|1424,25|142,425|1281,825
6089|107,1675|10,71675|96,45075
6092|107,1675|10,71675|96,45075
6093|107,1675|10,71675|96,45075
6094|107,1675|10,71675|96,45075
6095|107,1675|10,71675|96,45075
6096|107,1675|10,71675|96,45075
6099|33,675|3,3675|30,3075
6100|22,25|2,225|20,025
6101|66,75|6,675|60,075
6104|66,75|6,675|60,075
6110|7406,5875|740,65875|6665,92875
6111|2258,265|225,8265|2032,4385
6112|2258,265|225,8265|2032,4385
6114|7725|772,5|6952,5
6115|7725|772,5|6952,5
6116|7725|772,5|6952,5
6117|7725|772,5|6952,5
6118|7725|772,5|6952,5
6119|7406,5875|740,65875|6665,92875
6120|2258,265|225,8265|2032,4385
6125|219,9975|21,99975|197,99775
6126|219,9975|21,99975|197,99775
6128|219,9975|21,99975|197,99775
6133|219,9975|21,99975|197,99775
6134|107,1675|10,71675|96,45075
6135|107,1675|10,71675|96,45075
6137|107,1675|10,71675|96,45075
6146|387|38,7|348,3
6147|387|38,7|348,3
6154|107,1675|10,71675|96,45075
6155|69,75|6,975|62,775
6159|107,1675|10,71675|96,45075
6161|107,1675|10,71675|96,45075
6163|107,1675|10,71675|96,45075
6165|119,925|11,9925|107,9325
6166|1050|105|945
6169|50,0025|5,00025|45,00225
6170|50,0025|5,00025|45,00225
6171|50,0025|5,00025|45,00225
6172|50,0025|5,00025|45,00225
6174|50,0025|5,00025|45,00225
6175|1579,5|157,95|1421,55
6176|1579,5|157,95|1421,55
6177|900|90|810
6178|284,925|28,4925|256,4325
6179|284,925|28,4925|256,4325
6180|284,925|28,4925|256,4325
6181|284,925|28,4925|256,4325
6182|284,925|28,4925|256,4325
6183|284,925|28,4925|256,4325
6193|224,0625|22,40625|201,65625
6194|224,0625|22,40625|201,65625
6196|224,0625|22,40625|201,65625
6197|224,0625|22,40625|201,65625
6198|224,0625|22,40625|201,65625
6199|224,0625|22,40625|201,65625
6200|139|13,9|125,1
6201|50,0025|5,00025|45,00225
6202|50,0025|5,00025|45,00225
6203|50,0025|5,00025|45,00225
6204|50,0025|5,00025|45,00225
6206|2547,255|254,7255|2292,5295
6207|2547,255|254,7255|2292,5295
6209|502,5|50,25|452,25
6210|502,5|50,25|452,25
6211|502,5|50,25|452,25
6212|502,5|50,25|452,25
6213|99,75|9,975|89,775
6214|99,75|9,975|89,775
6220|460|46|414
6221|344,925|34,4925|310,4325
6223|54,675|5,4675|49,2075
6224|54,675|5,4675|49,2075
6225|112,5|11,25|101,25
6226|131,25|13,125|118,125
6227|194,25|19,425|174,825
6228|194,25|19,425|174,825
6229|279,195|27,9195|251,2755
6230|368,6175|36,86175|331,75575
6234|427,425|42,7425|384,6825
6235|427,425|42,7425|384,6825
6236|330|33|297
6237|330|33|297
6238|330|33|297
6239|330|33|297
6241|330|33|297
6242|71,445|7,1445|64,3005
6243|35,7225|3,57225|32,15025
6244|107,1675|10,71675|96,45075
6247|107,1675|10,71675|96,45075
6248|224,0625|22,40625|201,65625
6249|390|39|351
6250|219,9975|21,99975|197,99775
6251|72,99|7,299|65,691
6252|502,5|50,25|452,25
6253|502,5|50,25|452,25
6254|9861,75|986,175|8875,575
6256|720,945|72,0945|648,8505
6257|720,945|72,0945|648,8505
6261|208,5|20,85|187,65
6262|386,25|38,625|347,625
6264|208,5|20,85|187,65
6265|225|22,5|202,5
6266|77,5|7,75|69,75
6270|482,25|48,225|434,025
6274|107,1675|10,71675|96,45075
6275|107,1675|10,71675|96,45075
6276|71,445|7,1445|64,3005
6280|464,25|46,425|417,825
6293|491,5|49,15|442,35
6294|737,25|73,725|663,525
6300|34,5|3,45|31,05
6301|59,175|5,9175|53,2575
6305|58,5|5,85|52,65
6306|58,5|5,85|52,65
6307|58,5|5,85|52,65
6308|1062,6|106,26|956,34
6309|502,5|50,25|452,25
6310|502,5|50,25|452,25
6312|131,25|13,125|118,125
6313|525|52,5|472,5
6314|850,23|85,023|765,207
6319|850,23|85,023|765,207
6320|850,23|85,023|765,207
6321|249|24,9|224,1
6322|249|24,9|224,1
6323|249|24,9|224,1
6324|83|8,3|74,7
6325|249|24,9|224,1
6326|249|24,9|224,1
6327|249|24,9|224,1
6328|72,99|7,299|65,691
6330|72,99|7,299|65,691
6333|50,0025|5,00025|45,00225
6335|116,475|11,6475|104,8275
6336|116,475|11,6475|104,8275
6337|116,475|11,6475|104,8275
6341|116,475|11,6475|104,8275
6342|124,5|12,45|112,05
6345|190,5|19,05|171,45
6348|99,9975|9,99975|89,99775
6349|2547,255|254,7255|2292,5295
6350|2547,255|254,7255|2292,5295
6351|2547,255|254,7255|2292,5295
6353|3454,495|345,4495|3109,0455
6354|5181,7425|518,17425|4663,56825
6358|375|37,5|337,5
6361|412,5|41,25|371,25
6362|412,5|41,25|371,25
6364|3690,075|369,0075|3321,0675
6368|6881,8575|688,18575|6193,67175
6369|575|57,5|517,5
6375|749,75|74,975|674,775
6376|850,23|85,023|765,207
6378|273,3|27,33|245,97
6380|850,23|85,023|765,207
6382|850,23|85,023|765,207
6385|387,45|38,745|348,705
6386|387,45|38,745|348,705
6387|387,45|38,745|348,705
6388|387,45|38,745|348,705
6389|387,45|38,745|348,705
6391|387,45|38,745|348,705
6394|15540|1554|13986
6395|116,475|11,6475|104,8275
6399|50,3925|5,03925|45,35325
6400|116,475|11,6475|104,8275
6401|116,475|11,6475|104,8275
6402|116,475|11,6475|104,8275
6405|50,0025|5,00025|45,00225
6406|50,0025|5,00025|45,00225
6410|50,0025|5,00025|45,00225
6411|7500|750|6750
6416|200,995|20,0995|180,8955
6418|116,475|11,6475|104,8275
6419|90|9|81
6420|116,475|11,6475|104,8275
6421|438,15|43,815|394,335
6422|438,15|43,815|394,335
6423|438,15|43,815|394,335
6425|899,0025|89,90025|809,10225
6426|899,0025|89,90025|809,10225
6428|72,99|7,299|65,691
6429|72,99|7,299|65,691
6433|16378,5|1637,85|14740,65
6435|13078,5|1307,85|11770,65
6436|13078,5|1307,85|11770,65
6437|13078,5|1307,85|11770,65
6438|284,925|28,4925|256,4325
6439|284,925|28,4925|256,4325
6440|194,25|19,425|174,825
6441|194,25|19,425|174,825
6448|864,8775|86,48775|778,38975
6451|427,425|42,7425|384,6825
6452|1050|105|945
6463|1417,5|141,75|1275,75
6464|1417,5|141,75|1275,75
6465|4736,265|473,6265|4262,6385
6466|4736,265|473,6265|4262,6385
6467|1531,4925|153,14925|1378,34325
6470|149,25|14,925|134,325
6471|1680,75|168,075|1512,675
6473|1424,25|142,425|1281,825
6474|1424,25|142,425|1281,825
6477|51,675|5,1675|46,5075
6478|181,5|18,15|163,35
6479|469,5|46,95|422,55
6482|16358,25|1635,825|14722,425
6483|16358,25|1635,825|14722,425
6485|10905,5|1090,55|9814,95
6490|37,5|3,75|33,75
6493|66,75|6,675|60,075
6501|224,85|22,485|202,365
6502|5174,25|517,425|4656,825
6503|5174,25|517,425|4656,825
6504|5174,25|517,425|4656,825
6505|5174,25|517,425|4656,825
6506|5174,25|517,425|4656,825
6509|224,85|22,485|202,365
6511|11309,0625|1130,90625|10178,15625
6515|2999,25|299,925|2699,325
6516|2999,25|299,925|2699,325
6517|2999,25|299,925|2699,325
6518|2999,25|299,925|2699,325
6519|2999,25|299,925|2699,325
6520|2999,25|299,925|2699,325
6522|158,25|15,825|142,425
6523|73,75|7,375|66,375
6525|16,365|1,6365|14,7285
6527|78,75|7,875|70,875
6529|401,925|40,1925|361,7325
6535|284,925|28,4925|256,4325
6536|284,925|28,4925|256,4325
6537|284,925|28,4925|256,4325
6538|194,25|19,425|174,825
6539|194,25|19,425|174,825
6540|194,25|19,425|174,825
6541|427,425|42,7425|384,6825
6545|189,9|18,99|170,91
6546|189,9|18,99|170,91
6548|171,9975|17,19975|154,79775
6549|171,9975|17,19975|154,79775
6550|171,9975|17,19975|154,79775
6552|819,9|81,99|737,91
6554|819,9|81,99|737,91
6556|819,9|81,99|737,91
6557|819,9|81,99|737,91
6558|72,99|7,299|65,691
6560|72,99|7,299|65,691
6562|72,99|7,299|65,691
6563|72,99|7,299|65,691
6564|65121|6512,1|58608,9
6565|36000|3600|32400
6566|124,95|12,495|112,455
6568|487,5|48,75|438,75
6587|462|46,2|415,8
6607|32903,25|3290,325|29612,925
6609|9600|960|8640
6611|1049,25|104,925|944,325
6612|8579,595|857,9595|7721,6355
6613|5590,4625|559,04625|5031,41625
6621|5351,25|535,125|4816,125
6622|5351,25|535,125|4816,125
6625|5764,875|576,4875|5188,3875
6626|937,5|93,75|843,75
6627|937,5|93,75|843,75
6629|15750|1575|14175
6630|15750|1575|14175
6631|15750|1575|14175
6632|107,1675|10,71675|96,45075
6633|107,1675|10,71675|96,45075
6637|367,5|36,75|330,75
6638|4923,75|492,375|4431,375
6639|3282,5|328,25|2954,25
6640|142,425|14,2425|128,1825
6641|214,95|21,495|193,455
6643|1468,5|146,85|1321,65
6644|6502,365|650,2365|5852,1285
6645|15979,14|1597,914|14381,226
6648|3067,52|306,752|2760,768
6649|13017,9525|1301,79525|11716,15725
6653|620,5575|62,05575|558,50175
6654|119,5|11,95|107,55
6664|33,675|3,3675|30,3075
6678|33,675|3,3675|30,3075
6681|33,675|3,3675|30,3075
6684|33,675|3,3675|30,3075
6707|9537,525|953,7525|8583,7725
6712|66,75|6,675|60,075
6714|22,25|2,225|20,025
6717|66,75|6,675|60,075
6721|494,25|49,425|444,825
6722|249,9975|24,99975|224,99775
6724|249,9975|24,99975|224,99775
6725|249,9975|24,99975|224,99775
6726|224,0625|22,40625|201,65625
6728|116,475|11,6475|104,8275
6729|116,475|11,6475|104,8275
6730|38,825|3,8825|34,9425
6731|90|9|81
6732|800,0025|80,00025|720,00225
6734|14902,5|1490,25|13412,25
6736|7186,7025|718,67025|6468,03225
6737|75|7,5|67,5
6738|1055,8525|105,58525|950,26725
6740|684,75|68,475|616,275
6741|47,25|4,725|42,525
6744|719,9025|71,99025|647,91225
6746|719,9025|71,99025|647,91225
6747|719,9025|71,99025|647,91225
6748|719,9025|71,99025|647,91225
6749|719,9025|71,99025|647,91225
6750|36,885|3,6885|33,1965
6751|36,885|3,6885|33,1965
6753|36,885|3,6885|33,1965
6755|36,885|3,6885|33,1965
6760|19125|1912,5|17212,5
6761|105|10,5|94,5
6762|29452,5|2945,25|26507,25
6764|570|57|513
6765|1196,625|119,6625|1076,9625
6766|1196,625|119,6625|1076,9625
6767|16922,25|1692,225|15230,025
6769|11281,5|1128,15|10153,35
6771|16922,25|1692,225|15230,025
6773|16922,25|1692,225|15230,025
6774|16922,25|1692,225|15230,025
6780|10725,75|1072,575|9653,175
6781|379,425|37,9425|341,4825
6782|379,425|37,9425|341,4825
6784|900|90|810
6789|5859,84|585,984|5273,856
6790|22,25|2,225|20,025
6791|66,75|6,675|60,075
6792|66,75|6,675|60,075
6798|252,45|25,245|227,205
6799|252,45|25,245|227,205
6800|252,45|25,245|227,205
6801|252,45|25,245|227,205
6802|252,45|25,245|227,205
6803|252,45|25,245|227,205
6804|252,45|25,245|227,205
6805|234|23,4|210,6
6806|234|23,4|210,6
6807|252,45|25,245|227,205
6808|252,45|25,245|227,205
6809|252,45|25,245|227,205
6810|252,45|25,245|227,205
6811|252,45|25,245|227,205
6812|252,45|25,245|227,205
6813|252,45|25,245|227,205
6814|252,45|25,245|227,205
6815|252,45|25,245|227,205
6816|252,45|25,245|227,205
6817|252,45|25,245|227,205
6824|1927,5|192,75|1734,75
6832|164,25|16,425|147,825
6834|201,7425|20,17425|181,56825
6835|499,75|49,975|449,775
6838|181,5|18,15|163,35
6840|536,175|53,6175|482,5575
6841|536,175|53,6175|482,5575
6842|536,175|53,6175|482,5575
6846|41,25|4,125|37,125
6847|1687,5|168,75|1518,75
6849|4175,4675|417,54675|3757,92075
6853|986,7075|98,67075|888,03675
6859|252,45|25,245|227,205
6860|252,45|25,245|227,205
6861|252,45|25,245|227,205
6863|252,45|25,245|227,205
6864|252,45|25,245|227,205
6865|252,45|25,245|227,205
6866|252,45|25,245|227,205
6867|252,45|25,245|227,205
6868|224,0625|22,40625|201,65625
6869|224,0625|22,40625|201,65625
6870|224,0625|22,40625|201,65625
6871|224,0625|22,40625|201,65625
6872|224,0625|22,40625|201,65625
6873|224,0625|22,40625|201,65625
6874|233,95|23,395|210,555
6875|224,0625|22,40625|201,65625
6876|224,0625|22,40625|201,65625
6877|224,0625|22,40625|201,65625
6878|719,9025|71,99025|647,91225
6879|719,9025|71,99025|647,91225
6880|719,9025|71,99025|647,91225
6881|719,9025|71,99025|647,91225
6882|719,9025|71,99025|647,91225
6883|719,9025|71,99025|647,91225
6884|719,9025|71,99025|647,91225
6885|719,9025|71,99025|647,91225
6886|719,9025|71,99025|647,91225
6887|719,9025|71,99025|647,91225
6888|36,885|3,6885|33,1965
6889|36,885|3,6885|33,1965
6891|36,885|3,6885|33,1965
6895|72,99|7,299|65,691
6896|36,885|3,6885|33,1965
6897|36,885|3,6885|33,1965
6900|33,675|3,3675|30,3075
6901|33,675|3,3675|30,3075
6905|124,95|12,495|112,455
6906|107,1675|10,71675|96,45075
6908|107,1675|10,71675|96,45075
6910|107,1675|10,71675|96,45075
6912|16,365|1,6365|14,7285
6913|78,75|7,875|70,875
6914|78,75|7,875|70,875
6915|319,975|31,9975|287,9775
6916|900|90|810
6917|900|90|810
6918|300|30|270
6921|87,7175|8,77175|78,94575
6922|87,7175|8,77175|78,94575
6928|644,25|64,425|579,825
6936|77,2425|7,72425|69,51825
6939|221,25|22,125|199,125
6944|221,25|22,125|199,125
6948|4362|436,2|3925,8
6953|67512,75|6751,275|60761,475
6954|20499,9975|2049,99975|18449,99775
6955|13666,665|1366,6665|12299,9985
6956|10725,75|1072,575|9653,175
6957|687,5|68,75|618,75
6958|687,5|68,75|618,75
6959|687,5|68,75|618,75
6960|687,5|68,75|618,75
6961|687,5|68,75|618,75
6962|687,5|68,75|618,75
6963|687,5|68,75|618,75
6964|687,5|68,75|618,75
6965|687,5|68,75|618,75
6966|687,5|68,75|618,75
6967|900|90|810
6970|952,2|95,22|856,98
6999|33,675|3,3675|30,3075
7000|5925,925|592,5925|5333,3325
7003|405|40,5|364,5
7006|2074,5|207,45|1867,05
7008|45|4,5|40,5
7013|1050|105|945
7014|200,25|20,025|180,225
7015|697,3575|69,73575|627,62175
7016|10378,5|1037,85|9340,65
7017|1024,975|102,4975|922,4775
7019|1024,975|102,4975|922,4775
7020|1051,5|105,15|946,35
7022|570|57|513
7023|59332,5|5933,25|53399,25
7024|11,225|1,1225|10,1025
7025|115,75|11,575|104,175
7026|514,35|51,435|462,915
7027|771,525|77,1525|694,3725
7031|3096,75|309,675|2787,075
7032|2248,5|224,85|2023,65
7038|216,8625|21,68625|195,17625
7040|3893,76|389,376|3504,384
7043|1823,175|182,3175|1640,8575
7044|1823,175|182,3175|1640,8575
7047|41,2425|4,12425|37,11825
7048|27,495|2,7495|24,7455
7049|41,2425|4,12425|37,11825
7050|41,2425|4,12425|37,11825
7051|41,2425|4,12425|37,11825
7052|41,2425|4,12425|37,11825
7053|41,2425|4,12425|37,11825
7054|41,2425|4,12425|37,11825
7056|41,2425|4,12425|37,11825
7057|41,2425|4,12425|37,11825
7058|41,2425|4,12425|37,11825
7059|41,2425|4,12425|37,11825
7060|13,7475|1,37475|12,37275
7062|11736,45|1173,645|10562,805
7064|1799,25|179,925|1619,325
7069|53,175|5,3175|47,8575
7070|3577,5|357,75|3219,75
7071|3577,5|357,75|3219,75
7072|3577,5|357,75|3219,75
7074|33,675|3,3675|30,3075
7077|52,5|5,25|47,25
7078|17,5|1,75|15,75
7085|67245|6724,5|60520,5
7088|41,2425|4,12425|37,11825
7089|4350|435|3915
7090|1349,25|134,925|1214,325
7091|59,925|5,9925|53,9325
7092|59,925|5,9925|53,9325
7093|64,3125|6,43125|57,88125
7094|687,5|68,75|618,75
7095|687,5|68,75|618,75
7096|1031,25|103,125|928,125
7097|687,5|68,75|618,75
7098|687,5|68,75|618,75
7099|687,5|68,75|618,75
7100|1031,25|103,125|928,125
7101|687,5|68,75|618,75
7102|1031,25|103,125|928,125
7103|687,5|68,75|618,75
7105|1531,4925|153,14925|1378,34325
7108|183,9975|18,39975|165,59775
7109|183,9975|18,39975|165,59775
7110|183,9975|18,39975|165,59775
7111|183,9975|18,39975|165,59775
7112|183,9975|18,39975|165,59775
7115|183,9975|18,39975|165,59775
7116|61,3325|6,13325|55,19925
7118|111,75|11,175|100,575
7120|183,9975|18,39975|165,59775
7121|183,9975|18,39975|165,59775
7123|899,25|89,925|809,325
7124|261,75|26,175|235,575
7125|415,2075|41,52075|373,68675
7126|415,2075|41,52075|373,68675
7127|298,4625|29,84625|268,61625
7128|44588,24|4458,824|40129,416
7129|3600|360|3240
7130|3600|360|3240
7131|1071|107,1|963,9
7132|349|34,9|314,1
7133|349|34,9|314,1
7134|349|34,9|314,1
7135|349|34,9|314,1
7136|349|34,9|314,1
7137|349|34,9|314,1
7138|349|34,9|314,1
7139|349|34,9|314,1
7140|349|34,9|314,1
7142|7725|772,5|6952,5
7143|5272,5|527,25|4745,25
7144|298,4625|29,84625|268,61625
7145|199,995|19,9995|179,9955
7152|10658,3625|1065,83625|9592,52625
7153|1874,25|187,425|1686,825
7154|1349,25|134,925|1214,325
7155|1531,4925|153,14925|1378,34325
7156|64,3125|6,43125|57,88125
7157|21,4375|2,14375|19,29375
7158|304,395|30,4395|273,9555
7159|64,9875|6,49875|58,48875
7160|64,9875|6,49875|58,48875
7161|427,425|42,7425|384,6825
7162|427,425|42,7425|384,6825
7163|42,25|4,225|38,025
7164|90|9|81
7169|221,25|22,125|199,125
7170|221,25|22,125|199,125
7172|73,75|7,375|66,375
7174|2547,255|254,7255|2292,5295
7175|2547,255|254,7255|2292,5295
7177|53892|5389,2|48502,8
7178|53892|5389,2|48502,8
7179|53892|5389,2|48502,8
7180|53892|5389,2|48502,8
7181|53892|5389,2|48502,8
7182|53892|5389,2|48502,8
7183|53892|5389,2|48502,8
7184|53892|5389,2|48502,8
7185|53892|5389,2|48502,8
7186|56543,25|5654,325|50888,925
7188|45000|4500|40500
7189|304,395|30,4395|273,9555
7190|54,675|5,4675|49,2075
7191|112,5|11,25|101,25
7192|194,25|19,425|174,825
7193|194,25|19,425|174,825
7194|368,6175|36,86175|331,75575
7195|221,25|22,125|199,125
7196|171|17,1|153,9
7197|213,75|21,375|192,375
7199|221,25|22,125|199,125
7200|427,425|42,7425|384,6825
7201|70,4775|7,04775|63,42975
7202|67,4775|6,74775|60,72975
7203|67,4775|6,74775|60,72975
7205|53250|5325|47925
7206|142,5|14,25|128,25
7212|320,0025|32,00025|288,00225
7213|320,0025|32,00025|288,00225
7214|320,0025|32,00025|288,00225
7215|320,0025|32,00025|288,00225
7216|320,0025|32,00025|288,00225
7217|320,0025|32,00025|288,00225
7218|320,0025|32,00025|288,00225
7219|320,0025|32,00025|288,00225
7220|320,0025|32,00025|288,00225
7221|320,0025|32,00025|288,00225
7222|320,0025|32,00025|288,00225
7223|320,0025|32,00025|288,00225
7225|44588,24|4458,824|40129,416
7227|12999,9975|1299,99975|11699,99775
7228|849,9975|84,99975|764,99775
7230|750|75|675
7231|750|75|675
7232|750|75|675
7233|750|75|675
7234|750|75|675
7235|750|75|675
7236|750|75|675
7237|750|75|675
7238|750|75|675
7240|750|75|675
7241|750|75|675
7242|750|75|675
7243|750|75|675
7244|750|75|675
7245|750|75|675
7246|1371,99|137,199|1234,791
7247|36,885|3,6885|33,1965
7248|36,885|3,6885|33,1965
7249|36,885|3,6885|33,1965
7250|36,885|3,6885|33,1965
7251|36,885|3,6885|33,1965
7252|36,885|3,6885|33,1965
7253|36,885|3,6885|33,1965
7255|36,885|3,6885|33,1965
7256|36,885|3,6885|33,1965
7257|36,885|3,6885|33,1965
7258|36,885|3,6885|33,1965
7259|36,885|3,6885|33,1965
7260|36,885|3,6885|33,1965
7261|36,885|3,6885|33,1965
7262|36,885|3,6885|33,1965
7263|36,885|3,6885|33,1965
7264|2625|262,5|2362,5
7265|2625|262,5|2362,5
7267|249,9|24,99|224,91
7268|284,925|28,4925|256,4325
7269|249,9|24,99|224,91
7270|249,9|24,99|224,91
7271|249,9|24,99|224,91
7272|249,9|24,99|224,91
7273|249,9|24,99|224,91
7274|249,9|24,99|224,91
7275|249,9|24,99|224,91
7276|83,3|8,33|74,97
7277|284,925|28,4925|256,4325
7278|284,925|28,4925|256,4325
7279|249,9|24,99|224,91
7280|83,3|8,33|74,97
7281|83,3|8,33|74,97
7282|284,925|28,4925|256,4325
7283|249,9|24,99|224,91
7284|83,3|8,33|74,97
7285|249,9|24,99|224,91
7286|249,9|24,99|224,91
7287|249,9|24,99|224,91
7288|249,9|24,99|224,91
7289|249,9|24,99|224,91
7290|249,9|24,99|224,91
7291|249,9|24,99|224,91
7292|249,9|24,99|224,91
7293|249,9|24,99|224,91
7294|262,4925|26,24925|236,24325
7295|262,4925|26,24925|236,24325
7296|262,4925|26,24925|236,24325
7297|262,4925|26,24925|236,24325
7298|262,4925|26,24925|236,24325
7299|262,4925|26,24925|236,24325
7301|262,4925|26,24925|236,24325
7302|262,4925|26,24925|236,24325
7304|262,4925|26,24925|236,24325
7305|262,4925|26,24925|236,24325
7306|262,4925|26,24925|236,24325
7307|262,4925|26,24925|236,24325
7308|262,4925|26,24925|236,24325
7309|262,4925|26,24925|236,24325
7310|262,4925|26,24925|236,24325
7311|514,0725|51,40725|462,66525
7312|3577,5|357,75|3219,75
7313|3577,5|357,75|3219,75
7314|3577,5|357,75|3219,75
7316|6825|682,5|6142,5
7329|26,175|2,6175|23,5575
7335|1386,75|138,675|1248,075
7336|4161,2475|416,12475|3745,12275
7338|841,725|84,1725|757,5525
7345|841,725|84,1725|757,5525
7348|841,725|84,1725|757,5525
7351|517,5|51,75|465,75
7352|434,25|43,425|390,825
7353|19191,75|1919,175|17272,575
7354|11100,75|1110,075|9990,675
7355|7400,5|740,05|6660,45
7356|1386,75|138,675|1248,075
7357|3446,25|344,625|3101,625
7359|147,5|14,75|132,75
7362|221,25|22,125|199,125
7363|221,25|22,125|199,125
7364|221,25|22,125|199,125
7365|73,75|7,375|66,375
7366|261,75|26,175|235,575
7368|221,25|22,125|199,125
7369|162750|16275|146475
7370|599,9925|59,99925|539,99325
7371|599,9925|59,99925|539,99325
7372|599,9925|59,99925|539,99325
7373|599,9925|59,99925|539,99325
7376|33441,18|3344,118|30097,062
7377|4873,47|487,347|4386,123
7378|4873,47|487,347|4386,123
7379|4873,47|487,347|4386,123
7380|4873,47|487,347|4386,123
7381|4873,47|487,347|4386,123
7382|4873,47|487,347|4386,123
7383|4873,47|487,347|4386,123
7384|4873,47|487,347|4386,123
7385|4873,47|487,347|4386,123
7386|1496,25|149,625|1346,625
7387|2244,375|224,4375|2019,9375
7388|41,2425|4,12425|37,11825
7389|41,2425|4,12425|37,11825
7390|41,2425|4,12425|37,11825
7391|41,2425|4,12425|37,11825
7392|41,2425|4,12425|37,11825
7393|41,2425|4,12425|37,11825
7395|41,2425|4,12425|37,11825
7396|41,2425|4,12425|37,11825
7397|41,2425|4,12425|37,11825
7398|27,495|2,7495|24,7455
7399|41,2425|4,12425|37,11825
7400|41,2425|4,12425|37,11825
7402|41,2425|4,12425|37,11825
7403|41,2425|4,12425|37,11825
7404|41,2425|4,12425|37,11825
7405|41,2425|4,12425|37,11825
7406|41,2425|4,12425|37,11825
7407|41,2425|4,12425|37,11825
7408|41,2425|4,12425|37,11825
7409|41,2425|4,12425|37,11825
7411|221,25|22,125|199,125
7412|221,25|22,125|199,125
7415|221,25|22,125|199,125
7416|24800,0025|2480,00025|22320,00225
7417|14925|1492,5|13432,5
7418|8790|879|7911
7419|849,9975|84,99975|764,99775
7423|221,25|22,125|199,125
7424|221,25|22,125|199,125
7425|147,5|14,75|132,75
7427|212,25|21,225|191,025
7430|8250|825|7425
7432|849,9975|84,99975|764,99775
7433|849,9975|84,99975|764,99775
7435|849,9975|84,99975|764,99775
7437|849,9975|84,99975|764,99775
7438|849,9975|84,99975|764,99775
7440|849,9975|84,99975|764,99775
7441|566,665|56,6665|509,9985
7442|849,9975|84,99975|764,99775
7443|1190,4825|119,04825|1071,43425
7444|849,9975|84,99975|764,99775
7446|1321,5|132,15|1189,35
7448|221,25|22,125|199,125
7449|221,25|22,125|199,125
7451|142,5|14,25|128,25
7452|221,25|22,125|199,125
7453|147,5|14,75|132,75
7455|357,75|35,775|321,975
7456|357,75|35,775|321,975
7458|257,5|25,75|231,75
7459|367|36,7|330,3
7460|257,5|25,75|231,75
7461|357,75|35,775|321,975
7462|357,75|35,775|321,975
7463|528,8475|52,88475|475,96275
7465|161,775|16,1775|145,5975
7466|60|6|54
7469|221,25|22,125|199,125
7470|221,25|22,125|199,125
7471|221,25|22,125|199,125
7473|221,25|22,125|199,125
7474|221,25|22,125|199,125
7475|221,25|22,125|199,125
7478|221,25|22,125|199,125
7479|73,75|7,375|66,375
7480|221,25|22,125|199,125
7481|221,25|22,125|199,125
7482|221,25|22,125|199,125
7483|73,75|7,375|66,375
7484|221,25|22,125|199,125
7485|73,75|7,375|66,375
7488|474,9825|47,49825|427,48425
7489|1874,25|187,425|1686,825
7490|12250|1225|11025
7492|221,25|22,125|199,125
7493|357,45|35,745|321,705
7494|124,95|12,495|112,455
7495|368,6175|36,86175|331,75575
7496|279,195|27,9195|251,2755
7497|427,425|42,7425|384,6825
7498|427,425|42,7425|384,6825
7499|277,425|27,7425|249,6825
7501|96,75|9,675|87,075
7502|1506,855|150,6855|1356,1695
7503|150|15|135
7504|3600|360|3240
7505|44,95|4,495|40,455
7506|33441,18|3344,118|30097,062
7511|162750|16275|146475
7516|3921|392,1|3528,9
7517|941,55|94,155|847,395
7519|11111,115|1111,1115|10000,0035
7526|171|17,1|153,9
7527|221,25|22,125|199,125
7528|221,25|22,125|199,125
7530|221,25|22,125|199,125
7531|221,25|22,125|199,125
7532|221,25|22,125|199,125
7533|221,25|22,125|199,125
7535|221,25|22,125|199,125
7539|53892|5389,2|48502,8
7541|239,7975|23,97975|215,81775
7542|239,7975|23,97975|215,81775
7544|147,5|14,75|132,75
7545|73,75|7,375|66,375
7547|176250|17625|158625
7551|41,2425|4,12425|37,11825
7552|41,2425|4,12425|37,11825
7553|41,2425|4,12425|37,11825
7554|41,2425|4,12425|37,11825
7557|24990|2499|22491
7558|1020,995|102,0995|918,8955
7559|875|87,5|787,5
7560|2625|262,5|2362,5
7561|41,2425|4,12425|37,11825
7562|41,2425|4,12425|37,11825
7563|41,2425|4,12425|37,11825
7564|41,2425|4,12425|37,11825
7565|41,2425|4,12425|37,11825
7566|41,2425|4,12425|37,11825
7567|41,2425|4,12425|37,11825
7568|41,2425|4,12425|37,11825
7569|41,2425|4,12425|37,11825
7570|41,2425|4,12425|37,11825
7571|1275|127,5|1147,5
7573|633,825|63,3825|570,4425
7574|5100|510|4590
7576|2197,5|219,75|1977,75
7577|1848|184,8|1663,2
7602|1321,5|132,15|1189,35
7605|307,515|30,7515|276,7635
7606|307,515|30,7515|276,7635
7607|307,515|30,7515|276,7635
7608|307,515|30,7515|276,7635
7609|307,515|30,7515|276,7635
7610|307,515|30,7515|276,7635
7613|307,515|30,7515|276,7635
7614|307,515|30,7515|276,7635
7615|307,515|30,7515|276,7635
7616|307,515|30,7515|276,7635
7617|307,515|30,7515|276,7635
7618|307,515|30,7515|276,7635
7619|30591,75|3059,175|27532,575
7620|221,25|22,125|199,125
7628|1075|107,5|967,5
7634|94,475|9,4475|85,0275
7635|224,95|22,495|202,455
7636|10912,5|1091,25|9821,25
7637|30,02|3,002|27,018
7638|132,09|13,209|118,881
7641|132,09|13,209|118,881
7642|132,09|13,209|118,881
7643|132,09|13,209|118,881
7644|132,09|13,209|118,881
7645|132,09|13,209|118,881
7646|132,09|13,209|118,881
7647|132,09|13,209|118,881
7648|132,09|13,209|118,881
7650|60,04|6,004|54,036
7651|36,885|3,6885|33,1965
7652|1190,4825|119,04825|1071,43425
7653|1190,4825|119,04825|1071,43425
7654|1190,4825|119,04825|1071,43425
7655|1190,4825|119,04825|1071,43425
7656|396,8275|39,68275|357,14475
7657|750|75|675
7658|750|75|675
7659|750|75|675
7660|750|75|675
7661|750|75|675
7662|750|75|675
7663|750|75|675
7664|750|75|675
7665|750|75|675
7666|750|75|675
7667|750|75|675
7668|750|75|675
7669|750|75|675
7670|750|75|675
7671|750|75|675
7674|1799,25|179,925|1619,325
7678|427,425|42,7425|384,6825
7679|419,25|41,925|377,325
7680|37,5|3,75|33,75
7681|357,5|35,75|321,75
7683|4873,47|487,347|4386,123
7685|1650|165|1485
7686|7500,6075|750,06075|6750,54675
7687|33,675|3,3675|30,3075
7691|11,225|1,1225|10,1025
7692|11,225|1,1225|10,1025
7695|223,5|22,35|201,15
7696|223,5|22,35|201,15
7697|37,5|3,75|33,75
7698|37,5|3,75|33,75
7700|3225|322,5|2902,5
7701|3225|322,5|2902,5
7702|3225|322,5|2902,5
7703|444,6375|44,46375|400,17375
7705|841,725|84,1725|757,5525
7707|3494,73|349,473|3145,257
7725|3021,775|302,1775|2719,5975
7730|1709,2875|170,92875|1538,35875
7731|933,33|93,333|839,997
7732|933,33|93,333|839,997
7733|699,9975|69,99975|629,99775
7734|5181,7425|518,17425|4663,56825
7735|5181,7425|518,17425|4663,56825
7736|5181,7425|518,17425|4663,56825
7737|1079,925|107,9925|971,9325
7738|24,5|2,45|22,05
7739|24,5|2,45|22,05
7740|24,5|2,45|22,05
7745|29100|2910|26190
7746|29100|2910|26190
7748|1190,4825|119,04825|1071,43425
7749|614,2425|61,42425|552,81825
7750|711,75|71,175|640,575
7751|614,2425|61,42425|552,81825
7752|614,2425|61,42425|552,81825
7753|614,2425|61,42425|552,81825
7754|614,2425|61,42425|552,81825
7755|614,2425|61,42425|552,81825
7756|614,2425|61,42425|552,81825
7760|329,8875|32,98875|296,89875
7761|221,25|22,125|199,125
7762|221,25|22,125|199,125
7763|221,25|22,125|199,125
7764|536,175|53,6175|482,5575
7765|221,25|22,125|199,125
7766|221,25|22,125|199,125
7767|221,25|22,125|199,125
7768|427,425|42,7425|384,6825
7769|348,75|34,875|313,875
7770|419,925|41,9925|377,9325
7771|419,925|41,9925|377,9325
7772|165|16,5|148,5
7773|165|16,5|148,5
7774|487,5|48,75|438,75
7778|2787,945|278,7945|2509,1505
7779|2787,945|278,7945|2509,1505
7780|278,175|27,8175|250,3575
7781|278,175|27,8175|250,3575
7782|278,175|27,8175|250,3575
7783|278,175|27,8175|250,3575
7784|278,175|27,8175|250,3575
7785|278,175|27,8175|250,3575
7786|278,175|27,8175|250,3575
7787|278,175|27,8175|250,3575
7788|278,175|27,8175|250,3575
7789|278,175|27,8175|250,3575
7790|278,175|27,8175|250,3575
7791|278,175|27,8175|250,3575
7792|278,175|27,8175|250,3575
7793|278,175|27,8175|250,3575
7794|278,175|27,8175|250,3575
7795|278,175|27,8175|250,3575
7796|278,175|27,8175|250,3575
7797|278,175|27,8175|250,3575
7798|278,175|27,8175|250,3575
7799|278,175|27,8175|250,3575
7800|278,175|27,8175|250,3575
7801|278,175|27,8175|250,3575
7802|278,175|27,8175|250,3575
7803|278,175|27,8175|250,3575
7804|33,675|3,3675|30,3075
7807|87,45|8,745|78,705
7809|704,925|70,4925|634,4325
7811|542,45|54,245|488,205
7812|813,675|81,3675|732,3075
7813|813,675|81,3675|732,3075
7814|813,675|81,3675|732,3075
7815|307,515|30,7515|276,7635
7816|307,515|30,7515|276,7635
7817|307,515|30,7515|276,7635
7818|307,515|30,7515|276,7635
7819|307,515|30,7515|276,7635
7820|307,515|30,7515|276,7635
7821|307,515|30,7515|276,7635
7822|307,515|30,7515|276,7635
7823|307,515|30,7515|276,7635
7824|307,515|30,7515|276,7635
7825|307,515|30,7515|276,7635
7826|307,515|30,7515|276,7635
7828|307,515|30,7515|276,7635
7829|307,515|30,7515|276,7635
7830|307,515|30,7515|276,7635
7831|307,515|30,7515|276,7635
7832|307,515|30,7515|276,7635
7833|307,515|30,7515|276,7635
7834|307,515|30,7515|276,7635
7835|262,4925|26,24925|236,24325
7836|307,515|30,7515|276,7635
7837|307,515|30,7515|276,7635
7838|307,515|30,7515|276,7635
7839|33,675|3,3675|30,3075
7843|11,225|1,1225|10,1025
7844|11,225|1,1225|10,1025
7845|33,675|3,3675|30,3075
7852|1531,4925|153,14925|1378,34325
7853|1531,4925|153,14925|1378,34325
7854|1531,4925|153,14925|1378,34325
7855|1531,4925|153,14925|1378,34325
7856|30000|3000|27000
7860|952,2|95,22|856,98
7861|952,2|95,22|856,98
7862|109,9625|10,99625|98,96625
7863|26,75|2,675|24,075
7864|1227,6525|122,76525|1104,88725
7865|1227,6525|122,76525|1104,88725
7866|1227,6525|122,76525|1104,88725
7867|1227,6525|122,76525|1104,88725
7868|1227,6525|122,76525|1104,88725
7869|1227,6525|122,76525|1104,88725
7870|1227,6525|122,76525|1104,88725
7871|1227,6525|122,76525|1104,88725
7872|1227,6525|122,76525|1104,88725
7874|1227,6525|122,76525|1104,88725
7875|1227,6525|122,76525|1104,88725
7876|1227,6525|122,76525|1104,88725
7877|1227,6525|122,76525|1104,88725
7878|1227,6525|122,76525|1104,88725
7879|1227,6525|122,76525|1104,88725
7880|1227,6525|122,76525|1104,88725
7881|1227,6525|122,76525|1104,88725
7882|1227,6525|122,76525|1104,88725
7883|1227,6525|122,76525|1104,88725
7884|1227,6525|122,76525|1104,88725
7885|1227,6525|122,76525|1104,88725
7886|1227,6525|122,76525|1104,88725
7887|1227,6525|122,76525|1104,88725
7889|1227,6525|122,76525|1104,88725
7890|1227,6525|122,76525|1104,88725
7891|107,1675|10,71675|96,45075
7892|126,75|12,675|114,075
7893|126,75|12,675|114,075
7894|126,75|12,675|114,075
7895|126,75|12,675|114,075
7896|126,75|12,675|114,075
7897|126,75|12,675|114,075
7898|126,75|12,675|114,075
7899|126,75|12,675|114,075
7901|126,75|12,675|114,075
7902|126,75|12,675|114,075
7903|126,75|12,675|114,075
7904|126,75|12,675|114,075
7906|126,75|12,675|114,075
7909|126,75|12,675|114,075
7910|126,75|12,675|114,075
7912|126,75|12,675|114,075
7913|42,25|4,225|38,025
7914|126,75|12,675|114,075
7915|126,75|12,675|114,075
7916|126,75|12,675|114,075
7918|126,75|12,675|114,075
7919|126,75|12,675|114,075
7920|7034,295|703,4295|6330,8655
7921|1321,5|132,15|1189,35
7922|675|67,5|607,5
7923|569,0025|56,90025|512,10225
7924|569,0025|56,90025|512,10225
7925|7666,6675|766,66675|6900,00075
7928|2976,57|297,657|2678,913
7930|806,6475|80,66475|725,98275
7931|806,6475|80,66475|725,98275
7932|806,6475|80,66475|725,98275
7935|1197,4975|119,74975|1077,74775
7936|299,0025|29,90025|269,10225
7939|200,25|20,025|180,225
7943|33,675|3,3675|30,3075
7944|33,675|3,3675|30,3075
7948|33,675|3,3675|30,3075
7949|33,675|3,3675|30,3075
7950|33,675|3,3675|30,3075
7956|1481,28|148,128|1333,152
7957|493,76|49,376|444,384
7958|10658,3625|1065,83625|9592,52625
7960|7366,5|736,65|6629,85
7962|946,425|94,6425|851,7825
7963|735|73,5|661,5
7964|502,5|50,25|452,25
7965|23000,0025|2300,00025|20700,00225
7966|23000,0025|2300,00025|20700,00225
7967|367|36,7|330,3
7971|100|10|90
7972|1321,5|132,15|1189,35
7974|9862,5|986,25|8876,25
7975|616,5|61,65|554,85
7976|360,39|36,039|324,351
7977|44,9975|4,49975|40,49775
7978|1597,4925|159,74925|1437,74325
7979|284,925|28,4925|256,4325
7980|284,925|28,4925|256,4325
7981|284,925|28,4925|256,4325
7982|284,925|28,4925|256,4325
7983|284,925|28,4925|256,4325
7984|284,925|28,4925|256,4325
7985|284,925|28,4925|256,4325
7986|284,925|28,4925|256,4325
7987|284,925|28,4925|256,4325
7988|284,925|28,4925|256,4325
7989|284,925|28,4925|256,4325
7992|284,925|28,4925|256,4325
7993|284,925|28,4925|256,4325
7994|284,925|28,4925|256,4325
7995|284,925|28,4925|256,4325
7996|284,925|28,4925|256,4325
7997|284,925|28,4925|256,4325
7998|284,925|28,4925|256,4325
7999|284,925|28,4925|256,4325
8000|284,925|28,4925|256,4325
8001|284,925|28,4925|256,4325
8002|284,925|28,4925|256,4325
8003|284,925|28,4925|256,4325
8004|284,925|28,4925|256,4325
8005|284,925|28,4925|256,4325
8006|284,925|28,4925|256,4325
8007|284,925|28,4925|256,4325
8008|284,925|28,4925|256,4325
8009|284,925|28,4925|256,4325
8010|284,925|28,4925|256,4325
8011|284,925|28,4925|256,4325
8012|284,925|28,4925|256,4325
8013|284,925|28,4925|256,4325
8015|284,925|28,4925|256,4325
8016|284,925|28,4925|256,4325
8017|52,5|5,25|47,25
8018|52,5|5,25|47,25
8019|52,5|5,25|47,25
8020|52,5|5,25|47,25
8021|52,5|5,25|47,25
8022|52,5|5,25|47,25
8023|52,5|5,25|47,25
8024|52,5|5,25|47,25
8025|52,5|5,25|47,25
8026|52,5|5,25|47,25
8027|52,5|5,25|47,25
8028|52,5|5,25|47,25
8029|52,5|5,25|47,25
8030|52,5|5,25|47,25
8031|52,5|5,25|47,25
8032|52,5|5,25|47,25
8033|52,5|5,25|47,25
8034|52,5|5,25|47,25
8035|52,5|5,25|47,25
8036|52,5|5,25|47,25
8037|52,5|5,25|47,25
8038|52,5|5,25|47,25
8039|52,5|5,25|47,25
8040|52,5|5,25|47,25
8041|52,5|5,25|47,25
8042|52,5|5,25|47,25
8043|52,5|5,25|47,25
8044|52,5|5,25|47,25
8045|52,5|5,25|47,25
8046|52,5|5,25|47,25
8047|52,5|5,25|47,25
8048|52,5|5,25|47,25
8049|52,5|5,25|47,25
8050|52,5|5,25|47,25
8051|52,5|5,25|47,25
8052|52,5|5,25|47,25
8053|52,5|5,25|47,25
8054|52,5|5,25|47,25
8055|52,5|5,25|47,25
8056|52,5|5,25|47,25
8057|52,5|5,25|47,25
8058|52,5|5,25|47,25
8059|52,5|5,25|47,25
8060|52,5|5,25|47,25
8061|52,5|5,25|47,25
8062|52,5|5,25|47,25
8063|52,5|5,25|47,25
8064|52,5|5,25|47,25
8065|52,5|5,25|47,25
8066|52,5|5,25|47,25
8067|52,5|5,25|47,25
8068|52,5|5,25|47,25
8069|52,5|5,25|47,25
8070|52,5|5,25|47,25
8071|52,5|5,25|47,25
8072|52,5|5,25|47,25
8073|52,5|5,25|47,25
8074|52,5|5,25|47,25
8075|52,5|5,25|47,25
8076|52,5|5,25|47,25
8077|52,5|5,25|47,25
8078|52,5|5,25|47,25
8079|52,5|5,25|47,25
8080|52,5|5,25|47,25
8081|52,5|5,25|47,25
8082|52,5|5,25|47,25
8083|52,5|5,25|47,25
8084|52,5|5,25|47,25
8085|52,5|5,25|47,25
8086|52,5|5,25|47,25
8087|52,5|5,25|47,25
8088|52,5|5,25|47,25
8089|52,5|5,25|47,25
8090|52,5|5,25|47,25
8091|52,5|5,25|47,25
8092|52,5|5,25|47,25
8093|52,5|5,25|47,25
8094|52,5|5,25|47,25
8095|52,5|5,25|47,25
8096|52,5|5,25|47,25
8097|52,5|5,25|47,25
8098|52,5|5,25|47,25
8099|52,5|5,25|47,25
8100|52,5|5,25|47,25
8101|330|33|297
8102|330|33|297
8103|330|33|297
8104|330|33|297
8105|330|33|297
8106|330|33|297
8107|330|33|297
8108|220|22|198
8109|330|33|297
8110|330|33|297
8111|330|33|297
8112|330|33|297
8113|330|33|297
8114|330|33|297
8115|330|33|297
8116|330|33|297
8117|330|33|297
8118|330|33|297
8119|330|33|297
8120|330|33|297
8121|330|33|297
8122|330|33|297
8123|330|33|297
8124|330|33|297
8125|330|33|297
8126|330|33|297
8127|330|33|297
8128|330|33|297
8129|330|33|297
8130|330|33|297
8131|330|33|297
8132|330|33|297
8133|330|33|297
8134|330|33|297
8135|330|33|297
8136|330|33|297
8137|330|33|297
8138|330|33|297
8139|348,75|34,875|313,875
8140|348,75|34,875|313,875
8141|162|16,2|145,8
8142|162|16,2|145,8
8143|162|16,2|145,8
8144|162|16,2|145,8
8145|162|16,2|145,8
8146|162|16,2|145,8
8147|162|16,2|145,8
8148|162|16,2|145,8
8149|162|16,2|145,8
8150|162|16,2|145,8
8151|162|16,2|145,8
8152|162|16,2|145,8
8153|162|16,2|145,8
8154|162|16,2|145,8
8155|162|16,2|145,8
8156|162|16,2|145,8
8157|162|16,2|145,8
8158|135|13,5|121,5
8159|135|13,5|121,5
8160|135|13,5|121,5
8161|135|13,5|121,5
8162|135|13,5|121,5
8163|135|13,5|121,5
8164|135|13,5|121,5
8165|135|13,5|121,5
8166|135|13,5|121,5
8167|135|13,5|121,5
8168|135|13,5|121,5
8169|135|13,5|121,5
8170|135|13,5|121,5
8171|135|13,5|121,5
8172|135|13,5|121,5
8174|135|13,5|121,5
8175|135|13,5|121,5
8176|135|13,5|121,5
8177|135|13,5|121,5
8178|135|13,5|121,5
8179|284,925|28,4925|256,4325
8180|284,925|28,4925|256,4325
8181|284,925|28,4925|256,4325
8182|284,925|28,4925|256,4325
8183|284,925|28,4925|256,4325
8184|284,925|28,4925|256,4325
8185|284,925|28,4925|256,4325
8186|284,925|28,4925|256,4325
8187|284,925|28,4925|256,4325
8189|284,925|28,4925|256,4325
8190|284,925|28,4925|256,4325
8191|284,925|28,4925|256,4325
8192|284,925|28,4925|256,4325
8193|284,925|28,4925|256,4325
8195|284,925|28,4925|256,4325
8196|284,925|28,4925|256,4325
8197|284,925|28,4925|256,4325
8198|284,925|28,4925|256,4325
8199|284,925|28,4925|256,4325
8200|284,925|28,4925|256,4325
8201|284,925|28,4925|256,4325
8202|284,925|28,4925|256,4325
8203|284,925|28,4925|256,4325
8204|284,925|28,4925|256,4325
8205|284,925|28,4925|256,4325
8206|284,925|28,4925|256,4325
8207|224,25|22,425|201,825
8208|224,25|22,425|201,825
8209|224,25|22,425|201,825
8210|224,25|22,425|201,825
8211|52,5|5,25|47,25
8212|52,5|5,25|47,25
8213|52,5|5,25|47,25
8214|52,5|5,25|47,25
8215|52,5|5,25|47,25
8216|52,5|5,25|47,25
8217|52,5|5,25|47,25
8218|52,5|5,25|47,25
8219|52,5|5,25|47,25
8220|52,5|5,25|47,25
8221|52,5|5,25|47,25
8222|52,5|5,25|47,25
8223|52,5|5,25|47,25
8224|52,5|5,25|47,25
8225|52,5|5,25|47,25
8226|52,5|5,25|47,25
8227|52,5|5,25|47,25
8228|52,5|5,25|47,25
8229|52,5|5,25|47,25
8230|52,5|5,25|47,25
8231|52,5|5,25|47,25
8232|52,5|5,25|47,25
8233|52,5|5,25|47,25
8234|52,5|5,25|47,25
8235|52,5|5,25|47,25
8236|52,5|5,25|47,25
8237|52,5|5,25|47,25
8238|52,5|5,25|47,25
8239|52,5|5,25|47,25
8240|52,5|5,25|47,25
8241|52,5|5,25|47,25
8242|52,5|5,25|47,25
8243|52,5|5,25|47,25
8244|52,5|5,25|47,25
8245|52,5|5,25|47,25
8246|52,5|5,25|47,25
8247|52,5|5,25|47,25
8248|52,5|5,25|47,25
8249|52,5|5,25|47,25
8250|52,5|5,25|47,25
8251|52,5|5,25|47,25
8252|52,5|5,25|47,25
8253|52,5|5,25|47,25
8254|52,5|5,25|47,25
8255|52,5|5,25|47,25
8256|52,5|5,25|47,25
8257|52,5|5,25|47,25
8258|52,5|5,25|47,25
8259|52,5|5,25|47,25
8260|52,5|5,25|47,25
8261|52,5|5,25|47,25
8262|52,5|5,25|47,25
8263|52,5|5,25|47,25
8264|52,5|5,25|47,25
8265|52,5|5,25|47,25
8266|52,5|5,25|47,25
8267|52,5|5,25|47,25
8268|52,5|5,25|47,25
8269|52,5|5,25|47,25
8270|52,5|5,25|47,25
8271|52,5|5,25|47,25
8272|52,5|5,25|47,25
8273|52,5|5,25|47,25
8274|1136,6775|113,66775|1023,00975
8275|864,8775|86,48775|778,38975
8276|864,8775|86,48775|778,38975
8277|864,8775|86,48775|778,38975
8278|864,8775|86,48775|778,38975
8279|864,8775|86,48775|778,38975
8280|864,8775|86,48775|778,38975
8281|73,75|7,375|66,375
8282|221,25|22,125|199,125
8283|221,25|22,125|199,125
8284|221,25|22,125|199,125
8285|221,25|22,125|199,125
8286|221,25|22,125|199,125
8287|73,75|7,375|66,375
8288|73,75|7,375|66,375
8289|221,25|22,125|199,125
8290|221,25|22,125|199,125
8291|221,25|22,125|199,125
8292|221,25|22,125|199,125
8293|221,25|22,125|199,125
8294|221,25|22,125|199,125
8295|221,25|22,125|199,125
8296|221,25|22,125|199,125
8297|221,25|22,125|199,125
8298|221,25|22,125|199,125
8299|221,25|22,125|199,125
8300|221,25|22,125|199,125
8301|221,25|22,125|199,125
8302|221,25|22,125|199,125
8303|221,25|22,125|199,125
8304|221,25|22,125|199,125
8305|73,75|7,375|66,375
8306|221,25|22,125|199,125
8307|147,5|14,75|132,75
8308|221,25|22,125|199,125
8309|221,25|22,125|199,125
8310|221,25|22,125|199,125
8311|221,25|22,125|199,125
8312|221,25|22,125|199,125
8314|221,25|22,125|199,125
8315|73,75|7,375|66,375
8316|221,25|22,125|199,125
8317|221,25|22,125|199,125
8318|221,25|22,125|199,125
8319|221,25|22,125|199,125
8320|221,25|22,125|199,125
8321|221,25|22,125|199,125
8322|221,25|22,125|199,125
8323|221,25|22,125|199,125
8324|73,75|7,375|66,375
8326|221,25|22,125|199,125
8327|221,25|22,125|199,125
8328|221,25|22,125|199,125
8329|221,25|22,125|199,125
8330|221,25|22,125|199,125
8331|221,25|22,125|199,125
8332|221,25|22,125|199,125
8333|221,25|22,125|199,125
8334|221,25|22,125|199,125
8335|147,5|14,75|132,75
8336|221,25|22,125|199,125
8337|221,25|22,125|199,125
8338|221,25|22,125|199,125
8339|221,25|22,125|199,125
8340|221,25|22,125|199,125
8341|221,25|22,125|199,125
8342|221,25|22,125|199,125
8343|221,25|22,125|199,125
8344|221,25|22,125|199,125
8345|221,25|22,125|199,125
8346|221,25|22,125|199,125
8347|221,25|22,125|199,125
8348|221,25|22,125|199,125
8349|221,25|22,125|199,125
8350|221,25|22,125|199,125
8351|221,25|22,125|199,125
8352|221,25|22,125|199,125
8353|147,5|14,75|132,75
8354|221,25|22,125|199,125
8355|147,5|14,75|132,75
8356|147,5|14,75|132,75
8357|221,25|22,125|199,125
8358|221,25|22,125|199,125
8359|221,25|22,125|199,125
8360|221,25|22,125|199,125
8361|221,25|22,125|199,125
8363|221,25|22,125|199,125
8364|221,25|22,125|199,125
8365|221,25|22,125|199,125
8366|221,25|22,125|199,125
8367|221,25|22,125|199,125
8368|221,25|22,125|199,125
8369|221,25|22,125|199,125
8370|221,25|22,125|199,125
8371|221,25|22,125|199,125
8372|221,25|22,125|199,125
8373|221,25|22,125|199,125
8374|221,25|22,125|199,125
8375|147,5|14,75|132,75
8376|221,25|22,125|199,125
8377|221,25|22,125|199,125
8378|221,25|22,125|199,125
8379|221,25|22,125|199,125
8380|221,25|22,125|199,125
8381|221,25|22,125|199,125
8383|221,25|22,125|199,125
8384|221,25|22,125|199,125
8385|221,25|22,125|199,125
8386|221,25|22,125|199,125
8387|221,25|22,125|199,125
8388|221,25|22,125|199,125
8389|221,25|22,125|199,125
8390|221,25|22,125|199,125
8391|147,5|14,75|132,75
8392|536,175|53,6175|482,5575
8393|251,58|25,158|226,422
8394|357,45|35,745|321,705
8396|330|33|297
8397|330|33|297
8398|330|33|297
8399|330|33|297
8400|330|33|297
8401|330|33|297
8402|330|33|297
8403|330|33|297
8404|330|33|297
8405|330|33|297
8406|330|33|297
8407|330|33|297
8408|330|33|297
8409|330|33|297
8410|332,9025|33,29025|299,61225
8411|330|33|297
8412|330|33|297
8413|330|33|297
8414|330|33|297
8416|330|33|297
8417|330|33|297
8418|330|33|297
8419|330|33|297
8420|330|33|297
8421|330|33|297
8422|330|33|297
8423|330|33|297
8424|330|33|297
8425|330|33|297
8426|330|33|297
8427|330|33|297
8428|330|33|297
8429|330|33|297
8430|330|33|297
8431|330|33|297
8432|330|33|297
8433|330|33|297
8434|427,425|42,7425|384,6825
8435|427,425|42,7425|384,6825
8436|427,425|42,7425|384,6825
8437|427,425|42,7425|384,6825
8438|427,425|42,7425|384,6825
8439|427,425|42,7425|384,6825
8440|427,425|42,7425|384,6825
8441|427,425|42,7425|384,6825
8442|427,425|42,7425|384,6825
8443|427,425|42,7425|384,6825
8444|427,425|42,7425|384,6825
8445|427,425|42,7425|384,6825
8446|427,425|42,7425|384,6825
8447|427,425|42,7425|384,6825
8448|427,425|42,7425|384,6825
8449|427,425|42,7425|384,6825
8450|427,425|42,7425|384,6825
8451|427,425|42,7425|384,6825
8452|427,425|42,7425|384,6825
8453|427,425|42,7425|384,6825
8454|427,425|42,7425|384,6825
8456|427,425|42,7425|384,6825
8457|427,425|42,7425|384,6825
8458|427,425|42,7425|384,6825
8459|427,425|42,7425|384,6825
8460|427,425|42,7425|384,6825
8461|427,425|42,7425|384,6825
8462|712,5|71,25|641,25
8463|712,5|71,25|641,25
8464|712,5|71,25|641,25
8465|348,75|34,875|313,875
8466|348,75|34,875|313,875
8467|348,75|34,875|313,875
8468|348,75|34,875|313,875
8469|348,75|34,875|313,875
8470|348,75|34,875|313,875
8471|348,75|34,875|313,875
8472|348,75|34,875|313,875
8473|348,75|34,875|313,875
8474|348,75|34,875|313,875
8475|348,75|34,875|313,875
8476|348,75|34,875|313,875
8477|348,75|34,875|313,875
8478|348,75|34,875|313,875
8479|348,75|34,875|313,875
8480|348,75|34,875|313,875
8481|348,75|34,875|313,875
8482|348,75|34,875|313,875
8483|348,75|34,875|313,875
8484|348,75|34,875|313,875
8485|348,75|34,875|313,875
8486|348,75|34,875|313,875
8487|348,75|34,875|313,875
8488|348,75|34,875|313,875
8489|348,75|34,875|313,875
8490|348,75|34,875|313,875
8491|348,75|34,875|313,875
8492|348,75|34,875|313,875
8493|348,75|34,875|313,875
8494|348,75|34,875|313,875
8495|348,75|34,875|313,875
8496|348,75|34,875|313,875
8497|348,75|34,875|313,875
8498|348,75|34,875|313,875
8499|348,75|34,875|313,875
8500|348,75|34,875|313,875
8501|348,75|34,875|313,875
8502|348,75|34,875|313,875
8503|348,75|34,875|313,875
8504|348,75|34,875|313,875
8505|348,75|34,875|313,875
8506|348,75|34,875|313,875
8507|348,75|34,875|313,875
8508|348,75|34,875|313,875
8509|374,925|37,4925|337,4325
8510|299,925|29,9925|269,9325
8511|3954,805|395,4805|3559,3245
8512|749,115|74,9115|674,2035
8513|998,82|99,882|898,938
8514|998,82|99,882|898,938
8515|332,9025|33,29025|299,61225
8516|332,9025|33,29025|299,61225
8517|332,9025|33,29025|299,61225
8518|332,9025|33,29025|299,61225
8519|332,9025|33,29025|299,61225
8520|111,75|11,175|100,575
8521|300|30|270
8522|416,5|41,65|374,85
8523|48,9675|4,89675|44,07075
8525|48,9675|4,89675|44,07075
8526|116,475|11,6475|104,8275
8527|48,9675|4,89675|44,07075
8528|48,9675|4,89675|44,07075
8532|48,9675|4,89675|44,07075
8533|283,605|28,3605|255,2445
8534|32903,25|3290,325|29612,925
8535|1798,7325|179,87325|1618,85925
8536|1798,7325|179,87325|1618,85925
8539|24,5|2,45|22,05
8540|24,5|2,45|22,05
8541|24,5|2,45|22,05
8542|835,2375|83,52375|751,71375
8543|835,2375|83,52375|751,71375
8544|835,2375|83,52375|751,71375
8545|1113,65|111,365|1002,285
8546|835,2375|83,52375|751,71375
8547|835,2375|83,52375|751,71375
8549|835,2375|83,52375|751,71375
8550|835,2375|83,52375|751,71375
8551|835,2375|83,52375|751,71375
8552|19852,9425|1985,29425|17867,64825
8553|806,6475|80,66475|725,98275
8554|268,8825|26,88825|241,99425
8555|4916,25|491,625|4424,625
8556|4916,25|491,625|4424,625
8557|4916,25|491,625|4424,625
8558|4916,25|491,625|4424,625
8559|4916,25|491,625|4424,625
8560|4916,25|491,625|4424,625
8561|4916,25|491,625|4424,625
8562|4916,25|491,625|4424,625
8563|1529,25|152,925|1376,325
8565|1679,925|167,9925|1511,9325
8566|2624,25|262,425|2361,825
8568|435|43,5|391,5
8569|7035|703,5|6331,5
8570|3225|322,5|2902,5
8571|3225|322,5|2902,5
8572|3225|322,5|2902,5
8573|3225|322,5|2902,5
8574|500|50|450
8575|149,75|14,975|134,775
8576|12701,25|1270,125|11431,125
8577|616|61,6|554,4
8578|187,5|18,75|168,75
8580|282,825|28,2825|254,5425
8582|19,75|1,975|17,775
8583|1481,28|148,128|1333,152
8585|44,9|4,49|40,41
8586|33,675|3,3675|30,3075
8587|33,675|3,3675|30,3075
8588|189,6675|18,96675|170,70075
8590|1709,1|170,91|1538,19
8591|1709,1|170,91|1538,19
8592|2278,8|227,88|2050,92
8593|1709,1|170,91|1538,19
8594|1177,5|117,75|1059,75
8595|1177,5|117,75|1059,75
8596|45,03|4,503|40,527
8597|45,03|4,503|40,527
8598|1353,75|135,375|1218,375
8599|771,75|77,175|694,575
8600|1353,75|135,375|1218,375
8601|1353,75|135,375|1218,375
8602|7274,25|727,425|6546,825
8603|7274,25|727,425|6546,825
8604|7274,25|727,425|6546,825
8605|615,75|61,575|554,175
8606|459,9225|45,99225|413,93025
8607|9689,5125|968,95125|8720,56125
8609|7687,575|768,7575|6918,8175
8610|7687,575|768,7575|6918,8175
8611|367,5|36,75|330,75
8612|367,5|36,75|330,75
8613|367,5|36,75|330,75
8614|367,5|36,75|330,75
8615|20908,5|2090,85|18817,65
8616|24415,5|2441,55|21973,95
8617|60|6|54
8618|60|6|54
8619|60|6|54
8620|72,5|7,25|65,25
8622|33441,18|3344,118|30097,062
8625|83,25|8,325|74,925
8626|83,25|8,325|74,925
8629|398,07|39,807|358,263
8630|2547,255|254,7255|2292,5295
8631|2547,255|254,7255|2292,5295
8634|952,2|95,22|856,98
8636|216,8625|21,68625|195,17625
8639|952,2|95,22|856,98
8640|2856,6|285,66|2570,94
8641|2856,6|285,66|2570,94
8642|952,2|95,22|856,98
8643|2856,6|285,66|2570,94
8644|952,2|95,22|856,98
8661|33,5|3,35|30,15
8664|33,5|3,35|30,15
8665|459,9225|45,99225|413,93025
8666|162750|16275|146475
8667|217000|21700|195300
8668|162750|16275|146475
8669|639,885|63,9885|575,8965
8670|454,5|45,45|409,05
8672|1379,31|137,931|1241,379
8673|284,925|28,4925|256,4325
8674|284,925|28,4925|256,4325
8676|284,925|28,4925|256,4325
8677|284,925|28,4925|256,4325
8678|284,925|28,4925|256,4325
8679|284,925|28,4925|256,4325
8680|284,925|28,4925|256,4325
8681|284,925|28,4925|256,4325
8682|284,925|28,4925|256,4325
8683|284,925|28,4925|256,4325
8684|284,925|28,4925|256,4325
8685|284,925|28,4925|256,4325
8686|284,925|28,4925|256,4325
8687|284,925|28,4925|256,4325
8688|284,925|28,4925|256,4325
8689|284,925|28,4925|256,4325
8690|284,925|28,4925|256,4325
8691|284,925|28,4925|256,4325
8692|284,925|28,4925|256,4325
8693|284,925|28,4925|256,4325
8694|284,925|28,4925|256,4325
8695|284,925|28,4925|256,4325
8696|284,925|28,4925|256,4325
8697|52,5|5,25|47,25
8698|52,5|5,25|47,25
8699|52,5|5,25|47,25
8700|52,5|5,25|47,25
8701|52,5|5,25|47,25
8702|52,5|5,25|47,25
8703|52,5|5,25|47,25
8704|52,5|5,25|47,25
8705|52,5|5,25|47,25
8706|52,5|5,25|47,25
8707|52,5|5,25|47,25
8708|52,5|5,25|47,25
8709|52,5|5,25|47,25
8710|52,5|5,25|47,25
8711|52,5|5,25|47,25
8712|52,5|5,25|47,25
8713|52,5|5,25|47,25
8714|52,5|5,25|47,25
8715|52,5|5,25|47,25
8716|52,5|5,25|47,25
8717|52,5|5,25|47,25
8718|52,5|5,25|47,25
8719|52,5|5,25|47,25
8720|52,5|5,25|47,25
8721|52,5|5,25|47,25
8722|52,5|5,25|47,25
8723|52,5|5,25|47,25
8724|52,5|5,25|47,25
8725|52,5|5,25|47,25
8726|52,5|5,25|47,25
8727|52,5|5,25|47,25
8728|52,5|5,25|47,25
8729|52,5|5,25|47,25
8730|52,5|5,25|47,25
8731|52,5|5,25|47,25
8732|52,5|5,25|47,25
8733|52,5|5,25|47,25
8734|52,5|5,25|47,25
8735|52,5|5,25|47,25
8736|52,5|5,25|47,25
8737|52,5|5,25|47,25
8738|52,5|5,25|47,25
8739|52,5|5,25|47,25
8740|52,5|5,25|47,25
8741|52,5|5,25|47,25
8742|52,5|5,25|47,25
8743|52,5|5,25|47,25
8744|52,5|5,25|47,25
8745|52,5|5,25|47,25
8746|52,5|5,25|47,25
8747|52,5|5,25|47,25
8748|52,5|5,25|47,25
8749|52,5|5,25|47,25
8750|52,5|5,25|47,25
8751|52,5|5,25|47,25
8752|52,5|5,25|47,25
8753|52,5|5,25|47,25
8754|52,5|5,25|47,25
8755|52,5|5,25|47,25
8756|52,5|5,25|47,25
8757|52,5|5,25|47,25
8758|52,5|5,25|47,25
8759|52,5|5,25|47,25
8760|52,5|5,25|47,25
8761|52,5|5,25|47,25
8762|52,5|5,25|47,25
8763|52,5|5,25|47,25
8764|52,5|5,25|47,25
8765|52,5|5,25|47,25
8766|52,5|5,25|47,25
8767|52,5|5,25|47,25
8768|52,5|5,25|47,25
8769|52,5|5,25|47,25
8770|52,5|5,25|47,25
8771|52,5|5,25|47,25
8772|52,5|5,25|47,25
8773|52,5|5,25|47,25
8774|52,5|5,25|47,25
8775|52,5|5,25|47,25
8776|52,5|5,25|47,25
8777|52,5|5,25|47,25
8778|52,5|5,25|47,25
8779|52,5|5,25|47,25
8780|52,5|5,25|47,25
8781|52,5|5,25|47,25
8782|52,5|5,25|47,25
8783|52,5|5,25|47,25
8784|52,5|5,25|47,25
8785|52,5|5,25|47,25
8786|52,5|5,25|47,25
8787|52,5|5,25|47,25
8788|52,5|5,25|47,25
8789|52,5|5,25|47,25
8790|52,5|5,25|47,25
8791|52,5|5,25|47,25
8792|52,5|5,25|47,25
8793|330|33|297
8794|330|33|297
8795|330|33|297
8796|330|33|297
8797|330|33|297
8798|330|33|297
8799|330|33|297
8800|330|33|297
8801|330|33|297
8802|330|33|297
8803|330|33|297
8804|330|33|297
8805|330|33|297
8806|330|33|297
8807|330|33|297
8808|330|33|297
8809|330|33|297
8810|330|33|297
8811|330|33|297
8812|330|33|297
8813|330|33|297
8814|330|33|297
8815|330|33|297
8816|330|33|297
8817|330|33|297
8818|348,75|34,875|313,875
8819|348,75|34,875|313,875
8820|348,75|34,875|313,875
8821|348,75|34,875|313,875
8822|348,75|34,875|313,875
8823|348,75|34,875|313,875
8824|348,75|34,875|313,875
8825|348,75|34,875|313,875
8826|348,75|34,875|313,875
8827|232,5|23,25|209,25
8828|348,75|34,875|313,875
8829|348,75|34,875|313,875
8830|348,75|34,875|313,875
8831|348,75|34,875|313,875
8832|348,75|34,875|313,875
8833|348,75|34,875|313,875
8834|348,75|34,875|313,875
8835|348,75|34,875|313,875
8836|348,75|34,875|313,875
8837|330|33|297
8838|330|33|297
8839|330|33|297
8840|330|33|297
8841|330|33|297
8842|330|33|297
8843|330|33|297
8844|330|33|297
8845|330|33|297
8846|330|33|297
8847|330|33|297
8848|330|33|297
8849|330|33|297
8850|330|33|297
8851|220|22|198
8852|330|33|297
8853|330|33|297
8854|330|33|297
8855|330|33|297
8856|330|33|297
8857|330|33|297
8858|330|33|297
8859|330|33|297
8860|330|33|297
8862|330|33|297
8863|330|33|297
8864|330|33|297
8865|330|33|297
8866|330|33|297
8867|330|33|297
8868|330|33|297
8869|330|33|297
8870|330|33|297
8871|330|33|297
8872|330|33|297
8873|330|33|297
8874|330|33|297
8875|330|33|297
8876|330|33|297
8877|330|33|297
8878|330|33|297
8879|330|33|297
8880|330|33|297
8881|330|33|297
8882|330|33|297
8883|330|33|297
8884|330|33|297
8885|330|33|297
8886|330|33|297
8887|330|33|297
8888|330|33|297
8889|330|33|297
8890|330|33|297
8891|330|33|297
8892|330|33|297
8893|330|33|297
8894|330|33|297
8895|330|33|297
8896|330|33|297
8897|330|33|297
8898|348,75|34,875|313,875
8899|348,75|34,875|313,875
8900|284,925|28,4925|256,4325
8902|284,925|28,4925|256,4325
8903|284,925|28,4925|256,4325
8904|284,925|28,4925|256,4325
8905|284,925|28,4925|256,4325
8906|284,925|28,4925|256,4325
8907|284,925|28,4925|256,4325
8908|284,925|28,4925|256,4325
8909|284,925|28,4925|256,4325
8910|284,925|28,4925|256,4325
8911|284,925|28,4925|256,4325
8912|284,925|28,4925|256,4325
8914|284,925|28,4925|256,4325
8915|284,925|28,4925|256,4325
8917|284,925|28,4925|256,4325
8918|284,925|28,4925|256,4325
8919|221,25|22,125|199,125
8921|147,5|14,75|132,75
8922|221,25|22,125|199,125
8924|221,25|22,125|199,125
8925|221,25|22,125|199,125
8926|221,25|22,125|199,125
8927|221,25|22,125|199,125
8928|221,25|22,125|199,125
8929|221,25|22,125|199,125
8930|73,75|7,375|66,375
8931|221,25|22,125|199,125
8932|221,25|22,125|199,125
8933|147,5|14,75|132,75
8934|221,25|22,125|199,125
8935|73,75|7,375|66,375
8936|221,25|22,125|199,125
8937|221,25|22,125|199,125
8938|73,75|7,375|66,375
8939|221,25|22,125|199,125
8940|221,25|22,125|199,125
8941|221,25|22,125|199,125
8942|221,25|22,125|199,125
8943|221,25|22,125|199,125
8944|221,25|22,125|199,125
8945|221,25|22,125|199,125
8946|221,25|22,125|199,125
8947|147,5|14,75|132,75
8948|221,25|22,125|199,125
8949|221,25|22,125|199,125
8950|221,25|22,125|199,125
8952|221,25|22,125|199,125
8953|221,25|22,125|199,125
8955|221,25|22,125|199,125
8956|221,25|22,125|199,125
8957|73,75|7,375|66,375
8958|221,25|22,125|199,125
8959|221,25|22,125|199,125
8960|221,25|22,125|199,125
8961|221,25|22,125|199,125
8962|221,25|22,125|199,125
8963|221,25|22,125|199,125
8964|221,25|22,125|199,125
8965|221,25|22,125|199,125
8966|221,25|22,125|199,125
8967|221,25|22,125|199,125
8968|221,25|22,125|199,125
8969|221,25|22,125|199,125
8970|221,25|22,125|199,125
8971|221,25|22,125|199,125
8975|147,5|14,75|132,75
8976|73,75|7,375|66,375
8977|147,5|14,75|132,75
8978|221,25|22,125|199,125
8979|221,25|22,125|199,125
8980|73,75|7,375|66,375
8981|147,5|14,75|132,75
8982|221,25|22,125|199,125
8983|147,5|14,75|132,75
8984|221,25|22,125|199,125
8986|147,5|14,75|132,75
8988|73,75|7,375|66,375
8989|221,25|22,125|199,125
8990|427,425|42,7425|384,6825
8991|427,425|42,7425|384,6825
8992|427,425|42,7425|384,6825
8993|427,425|42,7425|384,6825
8994|427,425|42,7425|384,6825
8995|427,425|42,7425|384,6825
8996|427,425|42,7425|384,6825
8997|427,425|42,7425|384,6825
8998|427,425|42,7425|384,6825
8999|427,425|42,7425|384,6825
9000|427,425|42,7425|384,6825
9001|427,425|42,7425|384,6825
9002|427,425|42,7425|384,6825
9003|427,425|42,7425|384,6825
9004|712,5|71,25|641,25
9005|712,5|71,25|641,25
9006|712,5|71,25|641,25
9007|348,75|34,875|313,875
9008|348,75|34,875|313,875
9009|348,75|34,875|313,875
9010|348,75|34,875|313,875
9011|348,75|34,875|313,875
9012|348,75|34,875|313,875
9013|348,75|34,875|313,875
9014|348,75|34,875|313,875
9015|348,75|34,875|313,875
9016|348,75|34,875|313,875
9017|348,75|34,875|313,875
9018|348,75|34,875|313,875
9019|52,5|5,25|47,25
9020|52,5|5,25|47,25
9021|52,5|5,25|47,25
9022|52,5|5,25|47,25
9023|52,5|5,25|47,25
9024|52,5|5,25|47,25
9025|52,5|5,25|47,25
9026|52,5|5,25|47,25
9027|52,5|5,25|47,25
9028|52,5|5,25|47,25
9029|52,5|5,25|47,25
9030|52,5|5,25|47,25
9031|52,5|5,25|47,25
9032|52,5|5,25|47,25
9033|52,5|5,25|47,25
9034|52,5|5,25|47,25
9035|52,5|5,25|47,25
9036|284,925|28,4925|256,4325
9037|284,925|28,4925|256,4325
9038|284,925|28,4925|256,4325
9039|284,925|28,4925|256,4325
9042|237,255|23,7255|213,5295
9043|1875|187,5|1687,5
9044|143|14,3|128,7
9045|907,5|90,75|816,75
9046|907,5|90,75|816,75
9047|907,5|90,75|816,75
9048|907,5|90,75|816,75
9049|907,5|90,75|816,75
9050|907,5|90,75|816,75
9051|227,925|22,7925|205,1325
9052|227,925|22,7925|205,1325
9053|227,925|22,7925|205,1325
9054|227,925|22,7925|205,1325
9055|227,925|22,7925|205,1325
9056|227,925|22,7925|205,1325
9057|227,925|22,7925|205,1325
9058|65,55|6,555|58,995
9059|65,55|6,555|58,995
9060|65,55|6,555|58,995
9061|65,55|6,555|58,995
9062|65,55|6,555|58,995
9063|65,55|6,555|58,995
9064|65,55|6,555|58,995
9065|65,55|6,555|58,995
9066|65,55|6,555|58,995
9067|41,25|4,125|37,125
9068|344,925|34,4925|310,4325
9071|73,75|7,375|66,375
9072|73,75|7,375|66,375
9073|147,5|14,75|132,75
9074|73,75|7,375|66,375
9076|221,25|22,125|199,125
9077|221,25|22,125|199,125
9078|162|16,2|145,8
9080|162|16,2|145,8
9081|162|16,2|145,8
9082|162|16,2|145,8
9083|108|10,8|97,2
9084|162|16,2|145,8
9085|162|16,2|145,8
9086|162|16,2|145,8
9087|162|16,2|145,8
9089|54|5,4|48,6
9090|162|16,2|145,8
9091|162|16,2|145,8
9092|438,675|43,8675|394,8075
9094|721,425|72,1425|649,2825
9095|2295|229,5|2065,5
9096|52,5|5,25|47,25
9097|473,4|47,34|426,06
9098|298,5525|29,85525|268,69725
9099|4418,475|441,8475|3976,6275
9100|4418,475|441,8475|3976,6275
9101|3999,75|399,975|3599,775
9103|1835,9925|183,59925|1652,39325
9104|2646|264,6|2381,4
9105|2646|264,6|2381,4
9106|2646|264,6|2381,4
9107|2646|264,6|2381,4
9108|3749,925|374,9925|3374,9325
9109|3749,925|374,9925|3374,9325
9110|3749,925|374,9925|3374,9325
9111|4175,4675|417,54675|3757,92075
9113|7687,575|768,7575|6918,8175
9114|7687,575|768,7575|6918,8175
9115|7687,575|768,7575|6918,8175
9116|7687,575|768,7575|6918,8175
9117|7687,575|768,7575|6918,8175
9118|7687,575|768,7575|6918,8175
9119|7687,575|768,7575|6918,8175
9120|614,2425|61,42425|552,81825
9121|689,25|68,925|620,325
9122|689,25|68,925|620,325
9123|89,25|8,925|80,325
9124|79946,25|7994,625|71951,625
9125|33,675|3,3675|30,3075
9126|33,675|3,3675|30,3075
9127|33,675|3,3675|30,3075
9129|33,675|3,3675|30,3075
9130|11,225|1,1225|10,1025
9131|33,675|3,3675|30,3075
9132|33,675|3,3675|30,3075
9133|33,675|3,3675|30,3075
9136|33,675|3,3675|30,3075
9137|33,675|3,3675|30,3075
9138|33,675|3,3675|30,3075
9139|33,675|3,3675|30,3075
9140|33,675|3,3675|30,3075
9141|11,225|1,1225|10,1025
9142|11,225|1,1225|10,1025
9145|33,675|3,3675|30,3075
9146|33,675|3,3675|30,3075
9147|33,675|3,3675|30,3075
9148|33,675|3,3675|30,3075
9149|33,675|3,3675|30,3075
9151|11,225|1,1225|10,1025
9152|33,675|3,3675|30,3075
9153|993,435|99,3435|894,0915
9154|427,5|42,75|384,75
9155|67,5|6,75|60,75
9156|3893,76|389,376|3504,384
9157|81748,5|8174,85|73573,65
9159|20908,5|2090,85|18817,65
9160|24415,5|2441,55|21973,95
9161|16277|1627,7|14649,3
9162|24415,5|2441,55|21973,95
9163|72,4975|7,24975|65,24775
9164|864,8775|86,48775|778,38975
9165|864,8775|86,48775|778,38975
9166|864,8775|86,48775|778,38975
9167|864,8775|86,48775|778,38975
9168|550,71|55,071|495,639
9169|550,71|55,071|495,639
9170|550,71|55,071|495,639
9171|550,71|55,071|495,639
9172|550,71|55,071|495,639
9173|550,71|55,071|495,639
9174|215,6925|21,56925|194,12325
9175|215,6925|21,56925|194,12325
9176|215,6925|21,56925|194,12325
9177|215,6925|21,56925|194,12325
9178|215,6925|21,56925|194,12325
9180|663,09|66,309|596,781
9181|1612,62|161,262|1451,358
9182|1612,5|161,25|1451,25
9183|795|79,5|715,5
9184|94,975|9,4975|85,4775
9187|284,925|28,4925|256,4325
9190|94,975|9,4975|85,4775
9191|284,925|28,4925|256,4325
9192|284,925|28,4925|256,4325
9198|284,925|28,4925|256,4325
9204|807,45|80,745|726,705
9205|229,5|22,95|206,55
9206|873,66|87,366|786,294
9207|438,75|43,875|394,875
9208|101,25|10,125|91,125
9209|61785,75|6178,575|55607,175
9210|427,425|42,7425|384,6825
9211|224,25|22,425|201,825
9212|3774,705|377,4705|3397,2345
9213|3774,705|377,4705|3397,2345
9214|4827,93|482,793|4345,137
9215|4827,93|482,793|4345,137
9216|3774,705|377,4705|3397,2345
9217|4827,93|482,793|4345,137
9218|4827,93|482,793|4345,137
9219|3824,235|382,4235|3441,8115
9220|680,175|68,0175|612,1575
9221|149,25|14,925|134,325
9222|114,81|11,481|103,329
9224|141|14,1|126,9
9225|164,25|16,425|147,825
9226|164,25|16,425|147,825
9227|24,5|2,45|22,05
9228|164,25|16,425|147,825
9229|54,75|5,475|49,275
9230|164,25|16,425|147,825
9232|149,25|14,925|134,325
9233|149,25|14,925|134,325
9234|79946,25|7994,625|71951,625
9235|79946,25|7994,625|71951,625
9237|34642,5|3464,25|31178,25
9238|34642,5|3464,25|31178,25
9239|34642,5|3464,25|31178,25
9240|246,75|24,675|222,075
9241|3112,425|311,2425|2801,1825
9242|2023,5|202,35|1821,15
9243|614,2425|61,42425|552,81825
9244|1273,275|127,3275|1145,9475
9245|1273,275|127,3275|1145,9475
9246|1273,275|127,3275|1145,9475
9247|1522,3425|152,23425|1370,10825
9248|1745,7375|174,57375|1571,16375
9253|16717,5|1671,75|15045,75
9254|16717,5|1671,75|15045,75
9255|10423,51|1042,351|9381,159
9256|15635,265|1563,5265|14071,7385
9257|32,925|3,2925|29,6325
9258|120|12|108
9259|29655,3825|2965,53825|26689,84425
9260|29655,3825|2965,53825|26689,84425
9261|179,9|17,99|161,91
9262|769,45|76,945|692,505
9263|269,85|26,985|242,865
9264|674,9925|67,49925|607,49325
9265|148,5|14,85|133,65
9266|427,425|42,7425|384,6825
9267|1154,175|115,4175|1038,7575
9268|13964,5725|1396,45725|12568,11525
9269|1177,5|117,75|1059,75
9270|1177,5|117,75|1059,75
9271|1177,5|117,75|1059,75
9272|1177,5|117,75|1059,75
9273|1177,5|117,75|1059,75
9274|1177,5|117,75|1059,75
9275|1177,5|117,75|1059,75
9276|1177,5|117,75|1059,75
9277|1177,5|117,75|1059,75
9278|1177,5|117,75|1059,75
9279|1177,5|117,75|1059,75
9280|1177,5|117,75|1059,75
9281|1177,5|117,75|1059,75
9282|1177,5|117,75|1059,75
9283|1177,5|117,75|1059,75
9284|1177,5|117,75|1059,75
9285|1177,5|117,75|1059,75
9286|1177,5|117,75|1059,75
9287|1177,5|117,75|1059,75
9288|1177,5|117,75|1059,75
9289|1177,5|117,75|1059,75
9290|1177,5|117,75|1059,75
9291|1177,5|117,75|1059,75
9292|1177,5|117,75|1059,75
9293|1177,5|117,75|1059,75
9294|1177,5|117,75|1059,75
9295|1177,5|117,75|1059,75
9296|1177,5|117,75|1059,75
9297|1177,5|117,75|1059,75
9298|1227,6525|122,76525|1104,88725
9299|42,9825|4,29825|38,68425
9300|45,03|4,503|40,527
9301|36,885|3,6885|33,1965
9302|72,99|7,299|65,691
9304|45,03|4,503|40,527
9305|45,03|4,503|40,527
9306|45,03|4,503|40,527
9308|42,9825|4,29825|38,68425
9309|45,03|4,503|40,527
9310|42,9825|4,29825|38,68425
9311|45,03|4,503|40,527
9312|42,9825|4,29825|38,68425
9313|42,9825|4,29825|38,68425
9314|45,03|4,503|40,527
9315|42,9825|4,29825|38,68425
9316|45,03|4,503|40,527
9317|45,03|4,503|40,527
9318|45,03|4,503|40,527
9319|45,03|4,503|40,527
9320|45,03|4,503|40,527
9321|45,03|4,503|40,527
9322|45,03|4,503|40,527
9323|45,03|4,503|40,527
9324|45,03|4,503|40,527
9325|42,9825|4,29825|38,68425
9326|45,03|4,503|40,527
9327|45,03|4,503|40,527
9328|72,99|7,299|65,691
9329|42,9825|4,29825|38,68425
9330|126000|12600|113400
9331|126000|12600|113400
9333|11000,25|1100,025|9900,225
9334|7274,25|727,425|6546,825
9335|7274,25|727,425|6546,825
9336|7274,25|727,425|6546,825
9337|1589,25|158,925|1430,325
9338|849,9975|84,99975|764,99775
9339|1589,25|158,925|1430,325
9340|1589,25|158,925|1430,325
9341|529,75|52,975|476,775
9342|1589,25|158,925|1430,325
9344|2249,9925|224,99925|2024,99325
9346|282,825|28,2825|254,5425
9347|464,25|46,425|417,825
9348|464,25|46,425|417,825
9349|464,25|46,425|417,825
9350|464,25|46,425|417,825
9351|464,25|46,425|417,825
9352|464,25|46,425|417,825
9353|464,25|46,425|417,825
9354|813,675|81,3675|732,3075
9355|464,25|46,425|417,825
9356|464,25|46,425|417,825
9357|464,25|46,425|417,825
9359|464,25|46,425|417,825
9360|464,25|46,425|417,825
9361|464,25|46,425|417,825
9362|464,25|46,425|417,825
9363|464,25|46,425|417,825
9364|464,25|46,425|417,825
9365|464,25|46,425|417,825
9366|464,25|46,425|417,825
9367|464,25|46,425|417,825
9368|464,25|46,425|417,825
9369|464,25|46,425|417,825
9370|464,25|46,425|417,825
9371|464,25|46,425|417,825
9372|464,25|46,425|417,825
9373|464,25|46,425|417,825
9374|464,25|46,425|417,825
9375|464,25|46,425|417,825
9376|464,25|46,425|417,825
9377|5932,2075|593,22075|5338,98675
9380|249,75|24,975|224,775
9381|32,925|3,2925|29,6325
9382|120|12|108
9383|1482|148,2|1333,8
9384|699,75|69,975|629,775
9385|731|73,1|657,9
9386|27,5|2,75|24,75
9387|41,25|4,125|37,125
9388|41,25|4,125|37,125
9389|41,25|4,125|37,125
9390|41,25|4,125|37,125
9391|66|6,6|59,4
9392|26714,91|2671,491|24043,419
9393|33,675|3,3675|30,3075
9394|33,675|3,3675|30,3075
9395|33,675|3,3675|30,3075
9396|33,675|3,3675|30,3075
9397|33,675|3,3675|30,3075
9398|33,675|3,3675|30,3075
9399|11,225|1,1225|10,1025
9400|33,675|3,3675|30,3075
9401|33,675|3,3675|30,3075
9402|33,675|3,3675|30,3075
9403|33,675|3,3675|30,3075
9404|33,675|3,3675|30,3075
9405|11,225|1,1225|10,1025
9406|33,675|3,3675|30,3075
9407|33,675|3,3675|30,3075
9408|33,675|3,3675|30,3075
9409|33,675|3,3675|30,3075
9410|33,675|3,3675|30,3075
9413|33,675|3,3675|30,3075
9415|11,225|1,1225|10,1025
9417|33,675|3,3675|30,3075
9418|33,675|3,3675|30,3075
9419|33,675|3,3675|30,3075
9420|11,225|1,1225|10,1025
9421|33,675|3,3675|30,3075
9422|33,675|3,3675|30,3075
9423|162750|16275|146475
9424|7191,75|719,175|6472,575
9425|7191,75|719,175|6472,575
9426|72047,25|7204,725|64842,525
9427|348,75|34,875|313,875
9428|348,75|34,875|313,875
9429|348,75|34,875|313,875
9430|348,75|34,875|313,875
9431|348,75|34,875|313,875
9432|427,425|42,7425|384,6825
9433|427,425|42,7425|384,6825
9434|427,425|42,7425|384,6825
9435|427,425|42,7425|384,6825
9436|427,425|42,7425|384,6825
9437|142,4925|14,24925|128,24325
9438|142,4925|14,24925|128,24325
9439|142,4925|14,24925|128,24325
9440|142,4925|14,24925|128,24325
9441|142,4925|14,24925|128,24325
9442|165|16,5|148,5
9443|165|16,5|148,5
9444|194,25|19,425|174,825
9445|194,25|19,425|174,825
9446|194,25|19,425|174,825
9447|194,25|19,425|174,825
9448|221,25|22,125|199,125
9449|221,25|22,125|199,125
9450|221,25|22,125|199,125
9451|3225|322,5|2902,5
9452|3225|322,5|2902,5
9453|3225|322,5|2902,5
9454|3225|322,5|2902,5
9456|1998,75|199,875|1798,875
9457|1581,75|158,175|1423,575
9458|41,2425|4,12425|37,11825
9459|41,2425|4,12425|37,11825
9460|41,2425|4,12425|37,11825
9461|41,2425|4,12425|37,11825
9462|82,25|8,225|74,025
9463|3690,075|369,0075|3321,0675
9464|435|43,5|391,5
9465|435|43,5|391,5
9466|435|43,5|391,5
9467|435|43,5|391,5
9468|435|43,5|391,5
9470|5036,325|503,6325|4532,6925
9471|5036,325|503,6325|4532,6925
9472|9828|982,8|8845,2
9473|8415|841,5|7573,5
9474|682,5|68,25|614,25
9475|682,5|68,25|614,25
9476|1581,75|158,175|1423,575
9477|299,25|29,925|269,325
9478|2370|237|2133
9480|5454,75|545,475|4909,275
9481|5454,75|545,475|4909,275
9482|5454,75|545,475|4909,275
9483|5454,75|545,475|4909,275
9484|5664|566,4|5097,6
9485|5454,75|545,475|4909,275
9486|710,52|71,052|639,468
9487|710,52|71,052|639,468
9488|710,52|71,052|639,468
9489|710,52|71,052|639,468
9490|710,52|71,052|639,468
9491|890,25|89,025|801,225
9492|890,25|89,025|801,225
9496|192,25|19,225|173,025
9497|374,25|37,425|336,825
9500|1308|130,8|1177,2
9501|1971,75|197,175|1774,575
9502|1971,75|197,175|1774,575
9503|657,25|65,725|591,525
9504|1971,75|197,175|1774,575
9505|657,25|65,725|591,525
9506|33441,18|3344,118|30097,062
9507|162750|16275|146475
9508|33441,18|3344,118|30097,062
9509|4045,155|404,5155|3640,6395
9510|4045,155|404,5155|3640,6395
9512|32517|3251,7|29265,3
9514|32517|3251,7|29265,3
9515|26646|2664,6|23981,4
9516|32517|3251,7|29265,3
9517|23665,5|2366,55|21298,95
9518|4300,005|430,0005|3870,0045
9519|4125|412,5|3712,5
9520|4125|412,5|3712,5
9524|4125|412,5|3712,5
9525|4125|412,5|3712,5
9526|4125|412,5|3712,5
9528|841,725|84,1725|757,5525
9530|9865,7025|986,57025|8879,13225
9531|8400,075|840,0075|7560,0675
9532|8400,075|840,0075|7560,0675
9533|2842,5|284,25|2558,25
9534|2392,5|239,25|2153,25
9535|3224,25|322,425|2901,825
9536|2617,5|261,75|2355,75
9537|3292,5|329,25|2963,25
9538|1912,5|191,25|1721,25
9539|5092,5|509,25|4583,25
9540|427,1175|42,71175|384,40575
9541|359,25|35,925|323,325
9542|34581,1875|3458,11875|31123,06875
9543|2293,92|229,392|2064,528
9544|1050,675|105,0675|945,6075
9545|570|57|513
9547|1356,39|135,639|1220,751
9548|2490|249|2241
9549|2490|249|2241
9550|2490|249|2241
9551|2490|249|2241
9552|2490|249|2241
9553|2490|249|2241
9554|2490|249|2241
9555|156,75|15,675|141,075
9556|45,03|4,503|40,527
9557|156,75|15,675|141,075
9558|45,03|4,503|40,527
9559|45,03|4,503|40,527
9560|156,75|15,675|141,075
9561|156,75|15,675|141,075
9562|1977,4025|197,74025|1779,66225
9563|357,75|35,775|321,975
9564|357,75|35,775|321,975
9565|357,75|35,775|321,975
9566|357,75|35,775|321,975
9567|357,75|35,775|321,975
9568|357,75|35,775|321,975
9569|357,75|35,775|321,975
9570|357,75|35,775|321,975
9571|357,75|35,775|321,975
9572|357,75|35,775|321,975
9573|337,5|33,75|303,75
9574|337,5|33,75|303,75
9575|337,5|33,75|303,75
9576|337,5|33,75|303,75
9577|337,5|33,75|303,75
9578|427,1175|42,71175|384,40575
9579|537|53,7|483,3
9580|600|60|540
9581|1183,275|118,3275|1064,9475
9582|1183,275|118,3275|1064,9475
9583|1183,275|118,3275|1064,9475
9584|624,75|62,475|562,275
9585|624,75|62,475|562,275
9586|186,75|18,675|168,075
9587|186,75|18,675|168,075
9588|108,75|10,875|97,875
9591|841,725|84,1725|757,5525
9592|841,725|84,1725|757,5525
9595|841,725|84,1725|757,5525
9597|841,725|84,1725|757,5525
9598|841,725|84,1725|757,5525
9599|1683,45|168,345|1515,105
9600|841,725|84,1725|757,5525
9601|841,725|84,1725|757,5525
9603|841,725|84,1725|757,5525
9604|2792,07|279,207|2512,863
9605|94,975|9,4975|85,4775
9606|94,975|9,4975|85,4775
9607|284,925|28,4925|256,4325
9608|94,975|9,4975|85,4775
9609|94,975|9,4975|85,4775
9610|284,925|28,4925|256,4325
9611|83,3|8,33|74,97
9612|94,975|9,4975|85,4775
9620|112,5|11,25|101,25
9621|2025|202,5|1822,5
9622|2025|202,5|1822,5
9626|21390,7425|2139,07425|19251,66825
9627|186|18,6|167,4
9628|186|18,6|167,4
9630|386,25|38,625|347,625
9632|2999,925|299,9925|2699,9325
9649|1701,75|170,175|1531,575
9650|1701,75|170,175|1531,575
9651|1701,75|170,175|1531,575
9652|69,3675|6,93675|62,43075
9653|69,3675|6,93675|62,43075
9655|6875,25|687,525|6187,725
9656|6875,25|687,525|6187,725
9657|2795,6475|279,56475|2516,08275
9658|2795,6475|279,56475|2516,08275
9660|91058,25|9105,825|81952,425
9661|1095,45|109,545|985,905
9665|3224,925|322,4925|2902,4325
9666|3946,9525|394,69525|3552,25725
9668|74,25|7,425|66,825
9669|861,0375|86,10375|774,93375
9670|850,5|85,05|765,45
9671|850,5|85,05|765,45
9672|7500,6075|750,06075|6750,54675
9673|771,525|77,1525|694,3725
9674|1029,675|102,9675|926,7075
9675|1071|107,1|963,9
9676|1983,75|198,375|1785,375
9677|1983,75|198,375|1785,375
9678|1983,75|198,375|1785,375
9679|1425|142,5|1282,5
9680|2574,8625|257,48625|2317,37625
9681|3177|317,7|2859,3
9682|3177|317,7|2859,3
9685|547,725|54,7725|492,9525
9686|34642,5|3464,25|31178,25
9687|8790|879|7911
9688|9828|982,8|8845,2
9689|12669,9825|1266,99825|11402,98425
9690|12669,9825|1266,99825|11402,98425
9691|3382,935|338,2935|3044,6415
9692|3382,935|338,2935|3044,6415
9695|24525|2452,5|22072,5
9696|24525|2452,5|22072,5
9697|12000|1200|10800
9698|12000|1200|10800
9700|2499,9975|249,99975|2249,99775
9703|918,75|91,875|826,875
9704|918,75|91,875|826,875
9705|918,75|91,875|826,875
9706|918,75|91,875|826,875
9707|918,75|91,875|826,875
9708|918,75|91,875|826,875
9709|918,75|91,875|826,875
9710|918,75|91,875|826,875
9711|918,75|91,875|826,875
9712|918,75|91,875|826,875
9713|918,75|91,875|826,875
9714|918,75|91,875|826,875
9715|918,75|91,875|826,875
9716|918,75|91,875|826,875
9717|918,75|91,875|826,875
9718|918,75|91,875|826,875
9719|918,75|91,875|826,875
9720|918,75|91,875|826,875
9721|918,75|91,875|826,875
9722|918,75|91,875|826,875
9723|918,75|91,875|826,875
9724|918,75|91,875|826,875
9725|918,75|91,875|826,875
9726|918,75|91,875|826,875
9727|918,75|91,875|826,875
9728|918,75|91,875|826,875
9729|918,75|91,875|826,875
9730|918,75|91,875|826,875
9731|918,75|91,875|826,875
9732|918,75|91,875|826,875
9733|918,75|91,875|826,875
9734|918,75|91,875|826,875
9735|918,75|91,875|826,875
9736|918,75|91,875|826,875
9737|918,75|91,875|826,875
9738|918,75|91,875|826,875
9739|918,75|91,875|826,875
9740|918,75|91,875|826,875
9741|918,75|91,875|826,875
9742|918,75|91,875|826,875
9743|918,75|91,875|826,875
9744|918,75|91,875|826,875
9745|918,75|91,875|826,875
9746|918,75|91,875|826,875
9747|918,75|91,875|826,875
9748|918,75|91,875|826,875
9749|918,75|91,875|826,875
9750|918,75|91,875|826,875
9751|121620|12162|109458
9752|121620|12162|109458
9753|23616,75|2361,675|21255,075
9754|23616,75|2361,675|21255,075
9755|60|6|54
9756|511,875|51,1875|460,6875
9757|511,875|51,1875|460,6875
9759|1044,75|104,475|940,275
9760|2700|270|2430
9761|787,5|78,75|708,75
9763|375|37,5|337,5
9765|446,25|44,625|401,625
9766|276,75|27,675|249,075
9767|785,91|78,591|707,319
9768|550,5|55,05|495,45
9769|550,5|55,05|495,45
9771|4060,0575|406,00575|3654,05175
9772|1050|105|945
9773|2547,255|254,7255|2292,5295
9777|3261,75|326,175|2935,575
9781|8547|854,7|7692,3
9782|8547|854,7|7692,3
9783|8547|854,7|7692,3
9785|8547|854,7|7692,3
9786|8547|854,7|7692,3
9787|8547|854,7|7692,3
9788|8547|854,7|7692,3
9789|8547|854,7|7692,3
9790|8547|854,7|7692,3
9791|1498,5|149,85|1348,65
9792|2970|297|2673
9793|2970|297|2673
9794|1176,75|117,675|1059,075
9795|1176,75|117,675|1059,075
9796|787,5|78,75|708,75
9797|326,385|32,6385|293,7465
9798|108,795|10,8795|97,9155
9799|326,385|32,6385|293,7465
9800|326,385|32,6385|293,7465
9801|326,385|32,6385|293,7465
9802|284,925|28,4925|256,4325
9803|284,925|28,4925|256,4325
9804|326,385|32,6385|293,7465
9805|108,795|10,8795|97,9155
9806|284,925|28,4925|256,4325
9807|284,925|28,4925|256,4325
9808|284,925|28,4925|256,4325
9809|284,925|28,4925|256,4325
9810|326,385|32,6385|293,7465
9811|326,385|32,6385|293,7465
9812|108,795|10,8795|97,9155
9813|108,795|10,8795|97,9155
9814|108,795|10,8795|97,9155
9815|326,385|32,6385|293,7465
9816|284,925|28,4925|256,4325
9817|19852,9425|1985,29425|17867,64825
9818|19852,9425|1985,29425|17867,64825
9819|1491,7575|149,17575|1342,58175
9820|2046,7125|204,67125|1842,04125
9821|1847,2425|184,72425|1662,51825
9822|5849,25|584,925|5264,325
9823|3299,95|329,995|2969,955
9824|2046,7125|204,67125|1842,04125
9825|11,225|1,1225|10,1025
9826|33,675|3,3675|30,3075
9827|33,675|3,3675|30,3075
9828|33,675|3,3675|30,3075
9829|33,675|3,3675|30,3075
9830|33,675|3,3675|30,3075
9831|33,675|3,3675|30,3075
9832|33,675|3,3675|30,3075
9833|33,675|3,3675|30,3075
9834|33,675|3,3675|30,3075
9835|875|87,5|787,5
9836|875|87,5|787,5
9837|875|87,5|787,5
9838|2625|262,5|2362,5
9839|643,5|64,35|579,15
9841|476,25|47,625|428,625
9842|158,75|15,875|142,875
9843|1657,5|165,75|1491,75
9844|1657,5|165,75|1491,75
9845|2565|256,5|2308,5
9846|15059,25|1505,925|13553,325
9847|9382,5|938,25|8444,25
9848|2116,5|211,65|1904,85
9849|7423,5|742,35|6681,15
9850|261,75|26,175|235,575
9851|1501,875|150,1875|1351,6875
9852|569,0025|56,90025|512,10225
9853|6000|600|5400
9854|15999,9975|1599,99975|14399,99775
9855|15999,9975|1599,99975|14399,99775
9856|15999,9975|1599,99975|14399,99775
9857|66000|6600|59400
9858|66000|6600|59400
9860|12000|1200|10800
9861|12000|1200|10800
9862|2700,9675|270,09675|2430,87075
9863|474,75|47,475|427,275
9864|367|36,7|330,3
9865|712,5|71,25|641,25
9866|1297,92|129,792|1168,128
9869|434,25|43,425|390,825
9871|2525,175|252,5175|2272,6575
9872|2525,175|252,5175|2272,6575
9873|2525,175|252,5175|2272,6575
9874|1683,45|168,345|1515,105
9875|841,725|84,1725|757,5525
9876|2525,175|252,5175|2272,6575
9877|2525,175|252,5175|2272,6575
9878|2525,175|252,5175|2272,6575
9879|2525,175|252,5175|2272,6575
9880|2525,175|252,5175|2272,6575
9881|2525,175|252,5175|2272,6575
9883|1683,45|168,345|1515,105
9884|2525,175|252,5175|2272,6575
9885|2625|262,5|2362,5
9886|3893,76|389,376|3504,384
9887|5100|510|4590
9888|16299,9975|1629,99975|14669,99775
9889|34431,75|3443,175|30988,575
9890|34431,75|3443,175|30988,575
9891|34431,75|3443,175|30988,575
9892|42058,5|4205,85|37852,65
9893|42058,5|4205,85|37852,65
9894|42058,5|4205,85|37852,65
9895|7890|789|7101
9896|7890|789|7101
9897|93000|9300|83700
9898|494,925|49,4925|445,4325
9899|494,925|49,4925|445,4325
9900|269274,345|26927,4345|242346,9105
9902|3551,4975|355,14975|3196,34775
9903|3938,4|393,84|3544,56
9904|3600|360|3240
9905|11126,1375|1112,61375|10013,52375
9906|1200|120|1080
9907|6037,5|603,75|5433,75
9908|39000|3900|35100
9909|129000|12900|116100
9910|15750|1575|14175
9911|7812|781,2|7030,8
9912|16800|1680|15120
9913|149,9775|14,99775|134,97975
9914|221,25|22,125|199,125
9915|253,5|25,35|228,15
9916|253,5|25,35|228,15
9917|221,25|22,125|199,125
9918|449,9925|44,99925|404,99325
9919|299,25|29,925|269,325
9920|299,25|29,925|269,325
9921|130,4625|13,04625|117,41625
9922|243|24,3|218,7
9923|600|60|540
9924|600|60|540
9925|600|60|540
9926|600|60|540
9927|600|60|540
9928|600|60|540
9929|400|40|360
9930|600|60|540
9931|427,425|42,7425|384,6825
9932|427,425|42,7425|384,6825
9933|427,425|42,7425|384,6825
9934|427,425|42,7425|384,6825
9935|284,925|28,4925|256,4325
9936|3822,6|382,26|3440,34
9937|17250|1725|15525
9938|27000|2700|24300
9939|27000|2700|24300
9940|41,2425|4,12425|37,11825
9941|41,2425|4,12425|37,11825
9942|41,2425|4,12425|37,11825
9943|41,2425|4,12425|37,11825
9944|41,2425|4,12425|37,11825
9945|41,2425|4,12425|37,11825
9946|41,2425|4,12425|37,11825
9947|41,2425|4,12425|37,11825
9948|41,2425|4,12425|37,11825
9949|41,2425|4,12425|37,11825
9950|41,2425|4,12425|37,11825
9951|41,2425|4,12425|37,11825
9952|41,2425|4,12425|37,11825
9953|41,2425|4,12425|37,11825
9954|41,2425|4,12425|37,11825
9955|41,2425|4,12425|37,11825
9956|41,2425|4,12425|37,11825
9957|41,2425|4,12425|37,11825
9958|41,2425|4,12425|37,11825
9959|41,2425|4,12425|37,11825
9960|69,75|6,975|62,775
9961|69,75|6,975|62,775
9962|69,75|6,975|62,775
9964|107,1675|10,71675|96,45075
9965|69,75|6,975|62,775
9966|69,75|6,975|62,775
9967|69,75|6,975|62,775
9969|69,75|6,975|62,775
9970|69,75|6,975|62,775
9971|67,425|6,7425|60,6825
9972|67,425|6,7425|60,6825
9974|67,425|6,7425|60,6825
9975|67,425|6,7425|60,6825
9976|67,425|6,7425|60,6825
9977|67,425|6,7425|60,6825
9978|67,425|6,7425|60,6825
9979|67,425|6,7425|60,6825
9980|67,425|6,7425|60,6825
9981|67,425|6,7425|60,6825
9982|67,425|6,7425|60,6825
9983|67,425|6,7425|60,6825
9984|67,425|6,7425|60,6825
9985|67,425|6,7425|60,6825
9986|67,425|6,7425|60,6825
9988|67,425|6,7425|60,6825
9989|67,425|6,7425|60,6825
9990|67,425|6,7425|60,6825
9991|3822,6|382,26|3440,34
9992|2358,75|235,875|2122,875
9993|2358,75|235,875|2122,875
9994|3449,415|344,9415|3104,4735
9997|1477|147,7|1329,3
10000|930|93|837
10001|930|93|837
10002|930|93|837
10003|930|93|837
10004|930|93|837
10005|611,8875|61,18875|550,69875
10006|203,9625|20,39625|183,56625
10007|611,8875|61,18875|550,69875
10009|611,8875|61,18875|550,69875
10010|4048,5|404,85|3643,65
10011|1049,925|104,9925|944,9325
10012|407,925|40,7925|367,1325
10013|611,8875|61,18875|550,69875
10014|611,8875|61,18875|550,69875
10015|4048,5|404,85|3643,65
10016|4048,5|404,85|3643,65
10017|4048,5|404,85|3643,65
10018|4048,5|404,85|3643,65
10019|5398|539,8|4858,2
10020|4048,5|404,85|3643,65
10023|2286|228,6|2057,4
10024|762|76,2|685,8
10025|1800|180|1620
10026|1800|180|1620
10027|1800|180|1620
10028|1200|120|1080
10029|1200|120|1080
10031|1140|114|1026
10032|1140|114|1026
10034|21,15|2,115|19,035
10035|21,15|2,115|19,035
10036|1768,5|176,85|1591,65
10037|1768,5|176,85|1591,65
10038|3037,5|303,75|2733,75
10041|3037,5|303,75|2733,75
10042|4350|435|3915
10043|4350|435|3915
10046|5635,5|563,55|5071,95
10047|1799,25|179,925|1619,325
10048|1799,25|179,925|1619,325
10049|1799,25|179,925|1619,325
10050|1199,5|119,95|1079,55
10051|1799,25|179,925|1619,325
10052|598,5|59,85|538,65
10053|1799,25|179,925|1619,325
10054|1799,25|179,925|1619,325
10056|1799,25|179,925|1619,325
10057|1799,25|179,925|1619,325
10058|1799,25|179,925|1619,325
10059|1799,25|179,925|1619,325
10060|1799,25|179,925|1619,325
10061|1799,25|179,925|1619,325
10062|449,25|44,925|404,325
10063|598,5|59,85|538,65
10064|598,5|59,85|538,65
10065|598,5|59,85|538,65
10066|598,5|59,85|538,65
10067|598,5|59,85|538,65
10069|598,5|59,85|538,65
10070|598,5|59,85|538,65
10071|598,5|59,85|538,65
10072|598,5|59,85|538,65
10073|598,5|59,85|538,65
10074|598,5|59,85|538,65
10075|598,5|59,85|538,65
10076|598,5|59,85|538,65
10077|81,75|8,175|73,575
10078|81,75|8,175|73,575
10079|81,75|8,175|73,575
10080|126,75|12,675|114,075
10081|81,75|8,175|73,575
10082|81,75|8,175|73,575
10083|81,75|8,175|73,575
10084|81,75|8,175|73,575
10085|81,75|8,175|73,575
10086|81,75|8,175|73,575
10087|81,75|8,175|73,575
10088|81,75|8,175|73,575
10089|81,75|8,175|73,575
10090|81,75|8,175|73,575
10091|81,75|8,175|73,575
10092|2804,9175|280,49175|2524,42575
10093|4300|430|3870
10097|867,63|86,763|780,867
10098|867,63|86,763|780,867
10099|867,63|86,763|780,867
10100|289,21|28,921|260,289
10101|867,63|86,763|780,867
10102|2250|225|2025
10103|2250|225|2025
10104|1274,175|127,4175|1146,7575
10105|890,25|89,025|801,225
10106|890,25|89,025|801,225
10107|162|16,2|145,8
10108|162|16,2|145,8
10109|162|16,2|145,8
10110|162|16,2|145,8
10111|162|16,2|145,8
10112|221,25|22,125|199,125
10113|221,25|22,125|199,125
10114|221,25|22,125|199,125
10115|221,25|22,125|199,125
10116|221,25|22,125|199,125
10117|221,25|22,125|199,125
10118|221,25|22,125|199,125
10119|221,25|22,125|199,125
10120|221,25|22,125|199,125
10121|221,25|22,125|199,125
10122|221,25|22,125|199,125
10123|221,25|22,125|199,125
10124|221,25|22,125|199,125
10125|221,25|22,125|199,125
10127|679,5525|67,95525|611,59725
10128|582,5025|58,25025|524,25225
10129|787,5|78,75|708,75
10130|787,5|78,75|708,75
10131|2547,255|254,7255|2292,5295
10132|160,5|16,05|144,45
10133|53,5|5,35|48,15
10134|160,5|16,05|144,45
10135|160,5|16,05|144,45
10136|160,5|16,05|144,45
10137|53,5|5,35|48,15
10138|160,5|16,05|144,45
10139|53,5|5,35|48,15
10140|1140|114|1026
10141|19852,9425|1985,29425|17867,64825
10142|19852,9425|1985,29425|17867,64825
10143|19852,9425|1985,29425|17867,64825
10144|57750|5775|51975
10145|34642,5|3464,25|31178,25
10146|11000,25|1100,025|9900,225
10147|11000,25|1100,025|9900,225
10148|123,75|12,375|111,375
10149|33,675|3,3675|30,3075
10150|33,675|3,3675|30,3075
10151|33,675|3,3675|30,3075
10152|33,675|3,3675|30,3075
10153|33,675|3,3675|30,3075
10154|11,225|1,1225|10,1025
10155|33,675|3,3675|30,3075
10157|33,675|3,3675|30,3075
10158|33,675|3,3675|30,3075
10159|33,675|3,3675|30,3075
10160|33,675|3,3675|30,3075
10161|33,675|3,3675|30,3075
10162|11,225|1,1225|10,1025
10163|33,675|3,3675|30,3075
10164|33,675|3,3675|30,3075
10165|33,675|3,3675|30,3075
10166|33,675|3,3675|30,3075
10167|33,675|3,3675|30,3075
10168|33,675|3,3675|30,3075
10169|7128|712,8|6415,2
10170|227,505|22,7505|204,7545
10171|227,505|22,7505|204,7545
10172|227,505|22,7505|204,7545
10173|1800|180|1620
10174|1800|180|1620
10175|1621,2|162,12|1459,08
10176|3074,25|307,425|2766,825
10177|3074,25|307,425|2766,825
10178|2547,255|254,7255|2292,5295
10179|2745,5925|274,55925|2471,03325
10180|2745,5925|274,55925|2471,03325
10181|2745,5925|274,55925|2471,03325
10182|2745,5925|274,55925|2471,03325
10183|2745,5925|274,55925|2471,03325
10184|2745,5925|274,55925|2471,03325
10185|2745,5925|274,55925|2471,03325
10186|3261,75|326,175|2935,575
10187|3261,75|326,175|2935,575
10188|5184,24|518,424|4665,816
10189|5184,24|518,424|4665,816
10190|5184,24|518,424|4665,816
10192|5184,24|518,424|4665,816
10194|5184,24|518,424|4665,816
10195|5184,24|518,424|4665,816
10196|5184,24|518,424|4665,816
10197|5184,24|518,424|4665,816
10198|5184,24|518,424|4665,816
10199|5184,24|518,424|4665,816
10202|1556,235|155,6235|1400,6115
10203|2074,98|207,498|1867,482
10204|210|21|189
10205|210|21|189
10206|210|21|189
10207|210|21|189
10208|2054,25|205,425|1848,825
10209|2054,25|205,425|1848,825
10210|2054,25|205,425|1848,825
10211|2054,25|205,425|1848,825
10212|2114,25|211,425|1902,825
10213|8547|854,7|7692,3
10214|8547|854,7|7692,3
10215|8547|854,7|7692,3
10216|1477|147,7|1329,3
10217|930|93|837
10218|1477|147,7|1329,3
10219|1107,75|110,775|996,975
10220|1477|147,7|1329,3
10221|930|93|837
10222|153,165|15,3165|137,8485
10223|3261,75|326,175|2935,575
10224|3261,75|326,175|2935,575
10226|3261,75|326,175|2935,575
10227|3261,75|326,175|2935,575
10228|407,925|40,7925|367,1325
10230|5398|539,8|4858,2
10231|5398|539,8|4858,2
10232|304,875|30,4875|274,3875
10233|304,875|30,4875|274,3875
10234|304,875|30,4875|274,3875
10235|304,395|30,4395|273,9555
10236|304,395|30,4395|273,9555
10237|4045,155|404,5155|3640,6395
10238|4045,155|404,5155|3640,6395
10239|750|75|675
10240|4418,475|441,8475|3976,6275
10241|4418,475|441,8475|3976,6275
10242|711,3825|71,13825|640,24425
10243|4048,5|404,85|3643,65
10244|4048,5|404,85|3643,65
10245|4048,5|404,85|3643,65
10246|3261,75|326,175|2935,575
10247|1049,925|104,9925|944,9325
10248|407,925|40,7925|367,1325
10249|611,8875|61,18875|550,69875
10251|2054,25|205,425|1848,825
10252|2054,25|205,425|1848,825
10253|8547|854,7|7692,3
10254|8547|854,7|7692,3
10256|385|38,5|346,5
10257|385|38,5|346,5
10259|294,99|29,499|265,491
10261|294,99|29,499|265,491
10262|294,99|29,499|265,491
10263|73,7475|7,37475|66,37275
10264|294,99|29,499|265,491
10266|294,99|29,499|265,491
10267|294,99|29,499|265,491
10268|73,7475|7,37475|66,37275
10269|294,99|29,499|265,491
10270|294,99|29,499|265,491
10271|294,99|29,499|265,491
10272|73,7475|7,37475|66,37275
10273|221,2425|22,12425|199,11825
10274|294,99|29,499|265,491
10276|221,2425|22,12425|199,11825
10277|294,99|29,499|265,491
10278|73,7475|7,37475|66,37275
10280|294,99|29,499|265,491
10283|221,2425|22,12425|199,11825
10284|294,99|29,499|265,491
10286|294,99|29,499|265,491
10287|294,99|29,499|265,491
10289|294,99|29,499|265,491
10290|294,99|29,499|265,491
10291|294,99|29,499|265,491
10292|294,99|29,499|265,491
10293|294,99|29,499|265,491
10294|32,0475|3,20475|28,84275
10295|239,25|23,925|215,325
10296|239,25|23,925|215,325
10297|239,25|23,925|215,325
10298|239,25|23,925|215,325
10299|239,25|23,925|215,325
10302|239,25|23,925|215,325
10303|239,25|23,925|215,325
10304|239,25|23,925|215,325
10305|239,25|23,925|215,325
10306|239,25|23,925|215,325
10307|239,25|23,925|215,325
10308|239,25|23,925|215,325
10309|239,25|23,925|215,325
10310|239,25|23,925|215,325
10311|249,9|24,99|224,91
10312|239,25|23,925|215,325
10313|239,25|23,925|215,325
10315|5932,2075|593,22075|5338,98675
10317|1059,36|105,936|953,424
10318|379,425|37,9425|341,4825
10323|5212,5|521,25|4691,25
10324|2967,75|296,775|2670,975
10325|2360,175|236,0175|2124,1575
10326|182,5|18,25|164,25
10327|2720,88|272,088|2448,792
10328|4499,9925|449,99925|4049,99325
10329|3177|317,7|2859,3
10330|171|17,1|153,9
10331|36368|3636,8|32731,2
10332|2249,25|224,925|2024,325
10333|2249,25|224,925|2024,325
10334|2249,25|224,925|2024,325
10335|2249,25|224,925|2024,325
10336|2249,25|224,925|2024,325
10337|2249,25|224,925|2024,325
10338|2249,25|224,925|2024,325
10339|2249,25|224,925|2024,325
10340|2249,25|224,925|2024,325
10341|2249,25|224,925|2024,325
10342|2249,25|224,925|2024,325
10344|2249,25|224,925|2024,325
10345|2249,25|224,925|2024,325
10346|2249,25|224,925|2024,325
10347|2249,25|224,925|2024,325
10348|2249,25|224,925|2024,325
10349|2249,25|224,925|2024,325
10350|2249,25|224,925|2024,325
10351|2249,25|224,925|2024,325
10352|2249,25|224,925|2024,325
10353|2249,25|224,925|2024,325
10354|2249,25|224,925|2024,325
10355|557,25|55,725|501,525
10356|743|74,3|668,7
10357|557,25|55,725|501,525
10358|557,25|55,725|501,525
10359|557,25|55,725|501,525
10360|557,25|55,725|501,525
10361|557,25|55,725|501,525
10362|557,25|55,725|501,525
10363|743|74,3|668,7
10364|557,25|55,725|501,525
10365|743|74,3|668,7
10366|557,25|55,725|501,525
10367|557,25|55,725|501,525
10369|557,25|55,725|501,525
10370|557,25|55,725|501,525
10371|557,25|55,725|501,525
10372|557,25|55,725|501,525
10373|557,25|55,725|501,525
10374|557,25|55,725|501,525
10375|557,25|55,725|501,525
10376|557,25|55,725|501,525
10377|557,25|55,725|501,525
10378|57,405|5,7405|51,6645
10379|57,405|5,7405|51,6645
10380|57,405|5,7405|51,6645
10381|57,405|5,7405|51,6645
10382|57,405|5,7405|51,6645
10383|57,405|5,7405|51,6645
10384|57,405|5,7405|51,6645
10385|57,405|5,7405|51,6645
10386|57,405|5,7405|51,6645
10387|57,405|5,7405|51,6645
10388|57,405|5,7405|51,6645
10389|57,405|5,7405|51,6645
10390|57,405|5,7405|51,6645
10391|57,405|5,7405|51,6645
10392|57,405|5,7405|51,6645
10393|57,405|5,7405|51,6645
10394|57,405|5,7405|51,6645
10395|57,405|5,7405|51,6645
10396|57,405|5,7405|51,6645
10397|57,405|5,7405|51,6645
10398|57,405|5,7405|51,6645
10399|57,405|5,7405|51,6645
10400|19,135|1,9135|17,2215
10401|2249,25|224,925|2024,325
10402|2249,25|224,925|2024,325
10403|2249,25|224,925|2024,325
10404|2249,25|224,925|2024,325
10405|2249,25|224,925|2024,325
10406|2249,25|224,925|2024,325
10407|2249,25|224,925|2024,325
10408|557,25|55,725|501,525
10409|557,25|55,725|501,525
10410|557,25|55,725|501,525
10411|557,25|55,725|501,525
10412|557,25|55,725|501,525
10413|557,25|55,725|501,525
10414|557,25|55,725|501,525
10415|57,405|5,7405|51,6645
10417|57,405|5,7405|51,6645
10418|57,405|5,7405|51,6645
10419|76,54|7,654|68,886
10420|57,405|5,7405|51,6645
10421|76,54|7,654|68,886
10423|32587,5|3258,75|29328,75
10424|46,02|4,602|41,418
10425|15,34|1,534|13,806
10426|46,02|4,602|41,418
10427|46,02|4,602|41,418
10428|46,02|4,602|41,418
10429|46,02|4,602|41,418
10430|46,02|4,602|41,418
10431|46,02|4,602|41,418
10432|46,02|4,602|41,418
10433|46,02|4,602|41,418
10434|61,36|6,136|55,224
10435|46,02|4,602|41,418
10436|46,02|4,602|41,418
10437|46,02|4,602|41,418
10438|46,02|4,602|41,418
10439|46,02|4,602|41,418
10440|46,02|4,602|41,418
10441|61,36|6,136|55,224
10442|46,02|4,602|41,418
10443|46,02|4,602|41,418
10444|61,36|6,136|55,224
10445|46,02|4,602|41,418
10446|61,36|6,136|55,224
10447|46,02|4,602|41,418
10448|46,02|4,602|41,418
10449|46,02|4,602|41,418
10450|46,02|4,602|41,418
10451|46,02|4,602|41,418
10453|46,02|4,602|41,418
10454|41,2425|4,12425|37,11825
10455|41,2425|4,12425|37,11825
10457|41,2425|4,12425|37,11825
10458|41,2425|4,12425|37,11825
10459|41,2425|4,12425|37,11825
10460|41,2425|4,12425|37,11825
10461|41,2425|4,12425|37,11825
10462|41,2425|4,12425|37,11825
10463|27,495|2,7495|24,7455
10464|27,495|2,7495|24,7455
10465|41,2425|4,12425|37,11825
10466|41,2425|4,12425|37,11825
10467|41,2425|4,12425|37,11825
10468|41,2425|4,12425|37,11825
10469|41,2425|4,12425|37,11825
10470|41,2425|4,12425|37,11825
10471|41,2425|4,12425|37,11825
10472|27,495|2,7495|24,7455
10473|41,2425|4,12425|37,11825
10474|41,2425|4,12425|37,11825
10475|41,2425|4,12425|37,11825
10476|41,2425|4,12425|37,11825
10477|41,2425|4,12425|37,11825
10478|41,2425|4,12425|37,11825
10479|41,2425|4,12425|37,11825
10480|41,2425|4,12425|37,11825
10481|41,2425|4,12425|37,11825
10482|41,2425|4,12425|37,11825
10483|41,2425|4,12425|37,11825
10484|41,2425|4,12425|37,11825
10485|41,2425|4,12425|37,11825
10486|41,2425|4,12425|37,11825
10487|41,2425|4,12425|37,11825
10488|41,2425|4,12425|37,11825
10489|41,2425|4,12425|37,11825
10490|27,495|2,7495|24,7455
10491|41,2425|4,12425|37,11825
10492|41,2425|4,12425|37,11825
10493|41,2425|4,12425|37,11825
10494|41,2425|4,12425|37,11825
10495|41,2425|4,12425|37,11825
10496|41,2425|4,12425|37,11825
10497|41,2425|4,12425|37,11825
10498|54,99|5,499|49,491
10499|54,99|5,499|49,491
10500|54,99|5,499|49,491
10501|54,99|5,499|49,491
10502|54,99|5,499|49,491
10503|54,99|5,499|49,491
10504|54,99|5,499|49,491
10505|54,99|5,499|49,491
10506|54,99|5,499|49,491
10507|54,99|5,499|49,491
10508|54,99|5,499|49,491
10509|54,99|5,499|49,491
10510|54,99|5,499|49,491
10511|54,99|5,499|49,491
10512|54,99|5,499|49,491
10513|54,99|5,499|49,491
10514|54,99|5,499|49,491
10515|54,99|5,499|49,491
10516|54,99|5,499|49,491
10517|54,99|5,499|49,491
10518|54,99|5,499|49,491
10519|54,99|5,499|49,491
10520|54,99|5,499|49,491
10521|54,99|5,499|49,491
10522|41,2425|4,12425|37,11825
10523|41,2425|4,12425|37,11825
10524|41,2425|4,12425|37,11825
10525|41,2425|4,12425|37,11825
10526|41,2425|4,12425|37,11825
10527|41,2425|4,12425|37,11825
10528|41,2425|4,12425|37,11825
10529|41,2425|4,12425|37,11825
10530|41,2425|4,12425|37,11825
10531|41,2425|4,12425|37,11825
10532|41,2425|4,12425|37,11825
10533|41,2425|4,12425|37,11825
10534|41,2425|4,12425|37,11825
10535|41,2425|4,12425|37,11825
10536|41,2425|4,12425|37,11825
10537|41,2425|4,12425|37,11825
10538|41,2425|4,12425|37,11825
10539|41,2425|4,12425|37,11825
10540|41,2425|4,12425|37,11825
10541|41,2425|4,12425|37,11825
10542|41,2425|4,12425|37,11825
10543|41,2425|4,12425|37,11825
10544|41,2425|4,12425|37,11825
10545|41,2425|4,12425|37,11825
10546|41,2425|4,12425|37,11825
10547|41,2425|4,12425|37,11825
10548|41,2425|4,12425|37,11825
10549|41,2425|4,12425|37,11825
10550|67,425|6,7425|60,6825
10551|67,425|6,7425|60,6825
10552|67,425|6,7425|60,6825
10554|67,425|6,7425|60,6825
10555|67,425|6,7425|60,6825
10556|67,425|6,7425|60,6825
10557|67,425|6,7425|60,6825
10558|67,425|6,7425|60,6825
10559|67,425|6,7425|60,6825
10560|67,425|6,7425|60,6825
10561|67,425|6,7425|60,6825
10562|67,425|6,7425|60,6825
10563|67,425|6,7425|60,6825
10564|67,425|6,7425|60,6825
10565|67,425|6,7425|60,6825
10566|67,425|6,7425|60,6825
10567|67,425|6,7425|60,6825
10568|67,425|6,7425|60,6825
10570|67,425|6,7425|60,6825
10571|67,425|6,7425|60,6825
10572|67,425|6,7425|60,6825
10573|67,425|6,7425|60,6825
10574|67,425|6,7425|60,6825
10575|67,425|6,7425|60,6825
10576|67,425|6,7425|60,6825
10577|67,425|6,7425|60,6825
10578|67,425|6,7425|60,6825
10579|67,425|6,7425|60,6825
10580|67,425|6,7425|60,6825
10581|67,425|6,7425|60,6825
10582|67,425|6,7425|60,6825
10583|67,425|6,7425|60,6825
10584|67,425|6,7425|60,6825
10585|67,425|6,7425|60,6825
10586|67,425|6,7425|60,6825
10587|67,425|6,7425|60,6825
10588|67,425|6,7425|60,6825
10589|67,425|6,7425|60,6825
10590|67,425|6,7425|60,6825
10591|67,425|6,7425|60,6825
10592|67,425|6,7425|60,6825
10593|67,425|6,7425|60,6825
10594|67,425|6,7425|60,6825
10595|67,425|6,7425|60,6825
10596|67,425|6,7425|60,6825
10597|67,425|6,7425|60,6825
10598|67,425|6,7425|60,6825
10599|67,425|6,7425|60,6825
10600|67,425|6,7425|60,6825
10601|67,425|6,7425|60,6825
10603|67,425|6,7425|60,6825
10604|67,425|6,7425|60,6825
10605|67,425|6,7425|60,6825
10606|67,425|6,7425|60,6825
10607|67,425|6,7425|60,6825
10608|67,425|6,7425|60,6825
10609|67,425|6,7425|60,6825
10610|67,425|6,7425|60,6825
10611|67,425|6,7425|60,6825
10612|67,425|6,7425|60,6825
10613|67,425|6,7425|60,6825
10614|67,425|6,7425|60,6825
10615|67,425|6,7425|60,6825
10616|67,425|6,7425|60,6825
10617|67,425|6,7425|60,6825
10619|67,425|6,7425|60,6825
10620|67,425|6,7425|60,6825
10621|67,425|6,7425|60,6825
10622|67,425|6,7425|60,6825
10623|67,425|6,7425|60,6825
10624|67,425|6,7425|60,6825
10625|44,95|4,495|40,455
10626|67,425|6,7425|60,6825
10627|67,425|6,7425|60,6825
10628|67,425|6,7425|60,6825
10629|67,425|6,7425|60,6825
10630|67,425|6,7425|60,6825
10631|67,425|6,7425|60,6825
10632|67,425|6,7425|60,6825
10633|67,425|6,7425|60,6825
10634|67,425|6,7425|60,6825
10635|67,425|6,7425|60,6825
10636|67,425|6,7425|60,6825
10637|67,425|6,7425|60,6825
10638|67,425|6,7425|60,6825
10639|78,99|7,899|71,091
10640|41,2425|4,12425|37,11825
10641|59,2425|5,92425|53,31825
10642|78,99|7,899|71,091
10643|78,99|7,899|71,091
10644|78,99|7,899|71,091
10645|78,99|7,899|71,091
10646|78,99|7,899|71,091
10647|78,99|7,899|71,091
10648|78,99|7,899|71,091
10649|78,99|7,899|71,091
10650|78,99|7,899|71,091
10651|78,99|7,899|71,091
10652|711,3825|71,13825|640,24425
10653|356,52|35,652|320,868
10654|221,25|22,125|199,125
10655|221,25|22,125|199,125
10656|221,25|22,125|199,125
10657|221,25|22,125|199,125
10658|221,25|22,125|199,125
10659|221,25|22,125|199,125
10660|221,25|22,125|199,125
10661|221,25|22,125|199,125
10662|221,25|22,125|199,125
10663|221,25|22,125|199,125
10665|221,25|22,125|199,125
10666|221,25|22,125|199,125
10667|221,25|22,125|199,125
10668|221,25|22,125|199,125
10669|162|16,2|145,8
10670|144|14,4|129,6
10671|126,75|12,675|114,075
10672|162|16,2|145,8
10673|162|16,2|145,8
10674|126,75|12,675|114,075
10675|447,475|44,7475|402,7275
10676|1342,425|134,2425|1208,1825
10677|86,25|8,625|77,625
10678|86,25|8,625|77,625
10679|86,25|8,625|77,625
10680|86,25|8,625|77,625
10681|86,25|8,625|77,625
10682|86,25|8,625|77,625
10683|86,25|8,625|77,625
10684|86,25|8,625|77,625
10685|6450|645|5805
10686|5448,675|544,8675|4903,8075
10687|5448,675|544,8675|4903,8075
10688|292,425|29,2425|263,1825
10690|292,425|29,2425|263,1825
10691|441,165|44,1165|397,0485
10692|441,165|44,1165|397,0485
10693|389,9|38,99|350,91
10694|292,425|29,2425|263,1825
10695|441,165|44,1165|397,0485
10696|389,9|38,99|350,91
10697|389,9|38,99|350,91
10698|292,425|29,2425|263,1825
10699|90|9|81
10700|292,425|29,2425|263,1825
10701|292,425|29,2425|263,1825
10702|292,425|29,2425|263,1825
10703|292,425|29,2425|263,1825
10704|292,425|29,2425|263,1825
10705|292,425|29,2425|263,1825
10706|292,425|29,2425|263,1825
10707|389,9|38,99|350,91
10708|848,0625|84,80625|763,25625
10709|848,0625|84,80625|763,25625
10710|848,0625|84,80625|763,25625
10711|848,0625|84,80625|763,25625
10712|1130,75|113,075|1017,675
10713|1130,75|113,075|1017,675
10714|1130,75|113,075|1017,675
10715|1130,75|113,075|1017,675
10716|1130,75|113,075|1017,675
10717|1130,75|113,075|1017,675
10718|1892,4525|189,24525|1703,20725
10719|1499,25|149,925|1349,325
10720|1999|199,9|1799,1
10722|3612|361,2|3250,8
10723|2709|270,9|2438,1
10724|2418,9525|241,89525|2177,05725
10725|10500|1050|9450
10726|129|12,9|116,1
10727|96,75|9,675|87,075
10728|711,3825|71,13825|640,24425
10729|129,9975|12,99975|116,99775
10730|129,9975|12,99975|116,99775
10731|129,9975|12,99975|116,99775
10732|129,9975|12,99975|116,99775
10733|4349|434,9|3914,1
10734|3261,75|326,175|2935,575
10736|3261,75|326,175|2935,575
10738|2262|226,2|2035,8
10739|658,5675|65,85675|592,71075
10740|3900|390|3510
10741|5200|520|4680
10742|5200|520|4680
10743|5200|520|4680
10746|253,5|25,35|228,15
10747|9828|982,8|8845,2
10748|9306,2325|930,62325|8375,60925
10749|2992,5|299,25|2693,25
10750|2547,255|254,7255|2292,5295
10751|3396,34|339,634|3056,706
10755|6412,8525|641,28525|5771,56725
10761|1450|145|1305
10762|1450|145|1305
10763|2547,255|254,7255|2292,5295
10764|3396,34|339,634|3056,706
10765|3396,34|339,634|3056,706
10766|1557,75|155,775|1401,975
10767|1557,75|155,775|1401,975
10768|1557,75|155,775|1401,975
10769|1557,75|155,775|1401,975
10770|1557,75|155,775|1401,975
10771|1557,75|155,775|1401,975
10772|1557,75|155,775|1401,975
10773|1557,75|155,775|1401,975
10774|1557,75|155,775|1401,975
10775|1557,75|155,775|1401,975
10776|3937,5|393,75|3543,75
10777|3937,5|393,75|3543,75
10778|2625|262,5|2362,5
10781|999|99,9|899,1
10782|999|99,9|899,1
10783|999|99,9|899,1
10784|3366,9|336,69|3030,21
10785|3366,9|336,69|3030,21
10786|3366,9|336,69|3030,21
10787|3366,9|336,69|3030,21
10788|3366,9|336,69|3030,21
10789|3366,9|336,69|3030,21
10790|3366,9|336,69|3030,21
10791|3366,9|336,69|3030,21
10792|3366,9|336,69|3030,21
10793|3366,9|336,69|3030,21
10794|3366,9|336,69|3030,21
10795|3366,9|336,69|3030,21
10796|2525,175|252,5175|2272,6575
10797|2525,175|252,5175|2272,6575
7268|249,9|24,99|224,91
9498|537,765|53,7765|483,9885
9499|537,765|53,7765|483,9885
4908|74,75|7,475|67,275
5636|2677,5|267,75|2409,75
5637|892,5|89,25|803,25
7420|1757,5|175,75|1581,75
10314|239,25|23,925|215,325
10300|239,25|23,925|215,325
8194|284,925|28,4925|256,4325
8675|284,925|28,4925|256,4325
10288|221,2425|22,12425|199,11825
10260|221,2425|22,12425|199,11825
10275|221,2425|22,12425|199,11825
10279|221,2425|22,12425|199,11825
10281|221,2425|22,12425|199,11825
10282|221,2425|22,12425|199,11825
10288|221,2425|22,12425|199,11825
10255|288,75|28,875|259,875
5368|29,9975|2,99975|26,99775
6430|450|45|405
5341|33000|3300|29700
7500|541,5825|54,15825|487,42425
102|216|21,6|194,4
5335|397,5|39,75|357,75
2147|223,5|22,35|201,15
2146|223,5|22,35|201,15